dataset,zip_entry,date_folder,scene_folder,indoor_outdoor,lat,lon,alt_m,camera_heading_deg,camera_model,datetime_local,datetime_utc,error
cali_hdr,20230521/pano/coda320_16:56/R0010926.JPG,20230521,pano,indoor,40.458275,-79.93205,286.0,265.4,RICOH THETA Z1,2023:05:21 16:56:25,2023-05-21T20:55:40Z,
cali_hdr,20230521/pano/coda320_16:56/R0010921.JPG,20230521,pano,indoor,40.458275,-79.93205,286.0,263.8,RICOH THETA Z1,2023:05:21 16:55:52,2023-05-21T20:55:40Z,
cali_hdr,20230521/pano/coda320_16:56/R0010928.JPG,20230521,pano,indoor,40.458275,-79.93205,286.0,261.4,RICOH THETA Z1,2023:05:21 16:56:38,2023-05-21T20:55:40Z,
cali_hdr,20230521/pano/coda320_16:56/R0010927.JPG,20230521,pano,indoor,40.458275,-79.93205,286.0,263.8,RICOH THETA Z1,2023:05:21 16:56:32,2023-05-21T20:55:40Z,
cali_hdr,20230521/pano/coda320_16:56/R0010922.JPG,20230521,pano,indoor,40.458275,-79.93205,286.0,267.8,RICOH THETA Z1,2023:05:21 16:55:59,2023-05-21T20:55:40Z,
cali_hdr,20230521/pano/coda320_16:56/R0010923.JPG,20230521,pano,indoor,40.458275,-79.93205,286.0,265.4,RICOH THETA Z1,2023:05:21 16:56:06,2023-05-21T20:55:40Z,
cali_hdr,20230521/pano/coda320_16:56/R0010929.JPG,20230521,pano,indoor,40.458275,-79.93205,286.0,261.0,RICOH THETA Z1,2023:05:21 16:56:43,2023-05-21T20:55:40Z,
cali_hdr,20230521/pano/coda320_16:56/R0010925.JPG,20230521,pano,indoor,40.458275,-79.93205,286.0,261.2,RICOH THETA Z1,2023:05:21 16:56:19,2023-05-21T20:55:40Z,
cali_hdr,20230521/pano/coda320_16:56/R0010924.JPG,20230521,pano,indoor,40.458275,-79.93205,286.0,262.4,RICOH THETA Z1,2023:05:21 16:56:12,2023-05-21T20:55:40Z,
cali_hdr,20230521/pano/coda320_13:59/R0010898.JPG,20230521,pano,indoor,40.458256,-79.93205,284.4,267.9,RICOH THETA Z1,2023:05:21 13:59:18,2023-05-21T17:58:39Z,
cali_hdr,20230521/pano/coda320_13:59/R0010896.JPG,20230521,pano,indoor,40.458256,-79.93205,284.4,265.1,RICOH THETA Z1,2023:05:21 13:59:06,2023-05-21T17:58:39Z,
cali_hdr,20230521/pano/coda320_13:59/R0010895.JPG,20230521,pano,indoor,40.458256,-79.93205,284.4,265.6,RICOH THETA Z1,2023:05:21 13:58:59,2023-05-21T17:58:39Z,
cali_hdr,20230521/pano/coda320_13:59/R0010902.JPG,20230521,pano,indoor,40.458256,-79.93205,284.4,265.1,RICOH THETA Z1,2023:05:21 13:59:45,2023-05-21T17:58:39Z,
cali_hdr,20230521/pano/coda320_13:59/R0010894.JPG,20230521,pano,indoor,40.458256,-79.93205,284.4,269.4,RICOH THETA Z1,2023:05:21 13:58:52,2023-05-21T17:58:39Z,
cali_hdr,20230521/pano/coda320_13:59/R0010901.JPG,20230521,pano,indoor,40.458256,-79.93205,284.4,268.6,RICOH THETA Z1,2023:05:21 13:59:38,2023-05-21T17:58:39Z,
cali_hdr,20230521/pano/coda320_13:59/R0010899.JPG,20230521,pano,indoor,40.458256,-79.93205,284.4,265.2,RICOH THETA Z1,2023:05:21 13:59:25,2023-05-21T17:58:39Z,
cali_hdr,20230521/pano/coda320_13:59/R0010897.JPG,20230521,pano,indoor,40.458256,-79.93205,284.4,260.8,RICOH THETA Z1,2023:05:21 13:59:12,2023-05-21T17:58:39Z,
cali_hdr,20230521/pano/coda320_13:59/R0010900.JPG,20230521,pano,indoor,40.458256,-79.93205,284.4,265.9,RICOH THETA Z1,2023:05:21 13:59:32,2023-05-21T17:58:39Z,
cali_hdr,20230521/pano/coda320_14:59/R0010908.JPG,20230521,pano,indoor,40.458256,-79.932053,287.2,263.1,RICOH THETA Z1,2023:05:21 14:59:48,2023-05-21T18:59:04Z,
cali_hdr,20230521/pano/coda320_14:59/R0010911.JPG,20230521,pano,indoor,40.458256,-79.932053,287.2,260.8,RICOH THETA Z1,2023:05:21 15:00:08,2023-05-21T18:59:04Z,
cali_hdr,20230521/pano/coda320_14:59/R0010907.JPG,20230521,pano,indoor,40.458256,-79.932053,287.2,259.2,RICOH THETA Z1,2023:05:21 14:59:41,2023-05-21T18:59:04Z,
cali_hdr,20230521/pano/coda320_14:59/R0010909.JPG,20230521,pano,indoor,40.458256,-79.932053,287.2,266.0,RICOH THETA Z1,2023:05:21 14:59:55,2023-05-21T18:59:04Z,
cali_hdr,20230521/pano/coda320_14:59/R0010910.JPG,20230521,pano,indoor,40.458256,-79.932053,287.2,263.3,RICOH THETA Z1,2023:05:21 15:00:02,2023-05-21T18:59:04Z,
cali_hdr,20230521/pano/coda320_14:59/R0010904.JPG,20230521,pano,indoor,40.458256,-79.932053,287.2,262.4,RICOH THETA Z1,2023:05:21 14:59:22,2023-05-21T18:59:04Z,
cali_hdr,20230521/pano/coda320_14:59/R0010905.JPG,20230521,pano,indoor,40.458256,-79.932053,287.2,268.5,RICOH THETA Z1,2023:05:21 14:59:29,2023-05-21T18:59:04Z,
cali_hdr,20230521/pano/coda320_14:59/R0010903.JPG,20230521,pano,indoor,40.458256,-79.932053,287.2,258.6,RICOH THETA Z1,2023:05:21 14:59:15,2023-05-21T18:59:04Z,
cali_hdr,20230521/pano/coda320_14:59/R0010906.JPG,20230521,pano,indoor,40.458256,-79.932053,287.2,265.7,RICOH THETA Z1,2023:05:21 14:59:35,2023-05-21T18:59:04Z,
cali_hdr,20230521/pano/coda320_12:00/R0010884.JPG,20230521,pano,indoor,40.458258,-79.932044,286.0,274.0,RICOH THETA Z1,2023:05:21 12:00:24,2023-05-21T15:59:20Z,
cali_hdr,20230521/pano/coda320_12:00/R0010876.JPG,20230521,pano,indoor,40.458258,-79.932044,286.0,265.1,RICOH THETA Z1,2023:05:21 11:59:32,2023-05-21T15:59:20Z,
cali_hdr,20230521/pano/coda320_12:00/R0010880.JPG,20230521,pano,indoor,40.458258,-79.932044,286.0,268.2,RICOH THETA Z1,2023:05:21 11:59:58,2023-05-21T15:59:20Z,
cali_hdr,20230521/pano/coda320_12:00/R0010879.JPG,20230521,pano,indoor,40.458258,-79.932044,286.0,262.9,RICOH THETA Z1,2023:05:21 11:59:52,2023-05-21T15:59:20Z,
cali_hdr,20230521/pano/coda320_12:00/R0010883.JPG,20230521,pano,indoor,40.458258,-79.932044,286.0,264.4,RICOH THETA Z1,2023:05:21 12:00:18,2023-05-21T15:59:20Z,
cali_hdr,20230521/pano/coda320_12:00/R0010878.JPG,20230521,pano,indoor,40.458258,-79.932044,286.0,261.7,RICOH THETA Z1,2023:05:21 11:59:46,2023-05-21T15:59:20Z,
cali_hdr,20230521/pano/coda320_12:00/R0010881.JPG,20230521,pano,indoor,40.458258,-79.932044,286.0,261.1,RICOH THETA Z1,2023:05:21 12:00:05,2023-05-21T15:59:20Z,
cali_hdr,20230521/pano/coda320_12:00/R0010877.JPG,20230521,pano,indoor,40.458258,-79.932044,286.0,263.9,RICOH THETA Z1,2023:05:21 11:59:39,2023-05-21T15:59:20Z,
cali_hdr,20230521/pano/coda320_12:00/R0010882.JPG,20230521,pano,indoor,40.458258,-79.932044,286.0,263.4,RICOH THETA Z1,2023:05:21 12:00:12,2023-05-21T15:59:20Z,
cali_hdr,20230521/pano/coda320_10:00/R0010865.JPG,20230521,pano,indoor,40.458258,-79.932044,285.0,262.8,RICOH THETA Z1,2023:05:21 10:01:00,2023-05-21T14:00:01Z,
cali_hdr,20230521/pano/coda320_10:00/R0010866.JPG,20230521,pano,indoor,40.458258,-79.932044,285.0,265.7,RICOH THETA Z1,2023:05:21 10:01:07,2023-05-21T14:00:01Z,
cali_hdr,20230521/pano/coda320_10:00/R0010859.JPG,20230521,pano,indoor,40.458258,-79.932044,285.0,265.5,RICOH THETA Z1,2023:05:21 10:00:21,2023-05-21T14:00:01Z,
cali_hdr,20230521/pano/coda320_10:00/R0010863.JPG,20230521,pano,indoor,40.458258,-79.932044,285.0,265.2,RICOH THETA Z1,2023:05:21 10:00:48,2023-05-21T14:00:01Z,
cali_hdr,20230521/pano/coda320_10:00/R0010861.JPG,20230521,pano,indoor,40.458258,-79.932044,285.0,267.7,RICOH THETA Z1,2023:05:21 10:00:35,2023-05-21T14:00:01Z,
cali_hdr,20230521/pano/coda320_10:00/R0010864.JPG,20230521,pano,indoor,40.458258,-79.932044,285.0,264.8,RICOH THETA Z1,2023:05:21 10:00:54,2023-05-21T14:00:01Z,
cali_hdr,20230521/pano/coda320_10:00/R0010860.JPG,20230521,pano,indoor,40.458258,-79.932044,285.0,265.4,RICOH THETA Z1,2023:05:21 10:00:28,2023-05-21T14:00:01Z,
cali_hdr,20230521/pano/coda320_10:00/R0010858.JPG,20230521,pano,indoor,40.458258,-79.932044,285.0,267.9,RICOH THETA Z1,2023:05:21 10:00:13,2023-05-21T14:00:01Z,
cali_hdr,20230521/pano/coda320_10:00/R0010862.JPG,20230521,pano,indoor,40.458258,-79.932044,285.0,264.6,RICOH THETA Z1,2023:05:21 10:00:41,2023-05-21T14:00:01Z,
cali_hdr,20230521/pano/coda320_13:00/R0010885.JPG,20230521,pano,indoor,40.458253,-79.932047,284.9,265.9,RICOH THETA Z1,2023:05:21 12:59:52,2023-05-21T16:59:40Z,
cali_hdr,20230521/pano/coda320_13:00/R0010887.JPG,20230521,pano,indoor,40.458253,-79.932047,284.9,268.3,RICOH THETA Z1,2023:05:21 13:00:06,2023-05-21T16:59:40Z,
cali_hdr,20230521/pano/coda320_13:00/R0010886.JPG,20230521,pano,indoor,40.458253,-79.932047,284.9,257.7,RICOH THETA Z1,2023:05:21 12:59:59,2023-05-21T16:59:40Z,
cali_hdr,20230521/pano/coda320_13:00/R0010891.JPG,20230521,pano,indoor,40.458253,-79.932047,284.9,260.3,RICOH THETA Z1,2023:05:21 13:00:31,2023-05-21T16:59:40Z,
cali_hdr,20230521/pano/coda320_13:00/R0010893.JPG,20230521,pano,indoor,40.458253,-79.932047,284.9,262.8,RICOH THETA Z1,2023:05:21 13:00:43,2023-05-21T16:59:40Z,
cali_hdr,20230521/pano/coda320_13:00/R0010888.JPG,20230521,pano,indoor,40.458253,-79.932047,284.9,258.8,RICOH THETA Z1,2023:05:21 13:00:12,2023-05-21T16:59:40Z,
cali_hdr,20230521/pano/coda320_13:00/R0010889.JPG,20230521,pano,indoor,40.458253,-79.932047,284.9,267.1,RICOH THETA Z1,2023:05:21 13:00:19,2023-05-21T16:59:40Z,
cali_hdr,20230521/pano/coda320_13:00/R0010890.JPG,20230521,pano,indoor,40.458253,-79.932047,284.9,262.6,RICOH THETA Z1,2023:05:21 13:00:25,2023-05-21T16:59:40Z,
cali_hdr,20230521/pano/coda320_13:00/R0010892.JPG,20230521,pano,indoor,40.458253,-79.932047,284.9,264.7,RICOH THETA Z1,2023:05:21 13:00:37,2023-05-21T16:59:40Z,
cali_hdr,20230521/pano/coda320_11:00/R0010870.JPG,20230521,pano,indoor,40.458247,-79.932053,286.9,266.6,RICOH THETA Z1,2023:05:21 11:00:13,2023-05-21T14:59:40Z,
cali_hdr,20230521/pano/coda320_11:00/R0010867.JPG,20230521,pano,indoor,40.458247,-79.932053,286.9,265.1,RICOH THETA Z1,2023:05:21 10:59:52,2023-05-21T14:59:40Z,
cali_hdr,20230521/pano/coda320_11:00/R0010875.JPG,20230521,pano,indoor,40.458247,-79.932053,286.9,268.5,RICOH THETA Z1,2023:05:21 11:00:44,2023-05-21T14:59:40Z,
cali_hdr,20230521/pano/coda320_11:00/R0010874.JPG,20230521,pano,indoor,40.458247,-79.932053,286.9,268.2,RICOH THETA Z1,2023:05:21 11:00:38,2023-05-21T14:59:40Z,
cali_hdr,20230521/pano/coda320_11:00/R0010869.JPG,20230521,pano,indoor,40.458247,-79.932053,286.9,264.3,RICOH THETA Z1,2023:05:21 11:00:07,2023-05-21T14:59:40Z,
cali_hdr,20230521/pano/coda320_11:00/R0010872.JPG,20230521,pano,indoor,40.458247,-79.932053,286.9,263.9,RICOH THETA Z1,2023:05:21 11:00:26,2023-05-21T14:59:40Z,
cali_hdr,20230521/pano/coda320_11:00/R0010871.JPG,20230521,pano,indoor,40.458247,-79.932053,286.9,267.0,RICOH THETA Z1,2023:05:21 11:00:19,2023-05-21T14:59:40Z,
cali_hdr,20230521/pano/coda320_11:00/R0010873.JPG,20230521,pano,indoor,40.458247,-79.932053,286.9,264.9,RICOH THETA Z1,2023:05:21 11:00:32,2023-05-21T14:59:40Z,
cali_hdr,20230521/pano/coda320_11:00/R0010868.JPG,20230521,pano,indoor,40.458247,-79.932053,286.9,266.5,RICOH THETA Z1,2023:05:21 11:00:00,2023-05-21T14:59:40Z,
cali_hdr,20230521/pano/coda320_15:59/R0010920.JPG,20230521,pano,indoor,40.458253,-79.932067,286.7,267.0,RICOH THETA Z1,2023:05:21 15:59:51,2023-05-21T19:58:48Z,
cali_hdr,20230521/pano/coda320_15:59/R0010913.JPG,20230521,pano,indoor,40.458253,-79.932067,286.7,259.9,RICOH THETA Z1,2023:05:21 15:59:06,2023-05-21T19:58:48Z,
cali_hdr,20230521/pano/coda320_15:59/R0010917.JPG,20230521,pano,indoor,40.458253,-79.932067,286.7,265.0,RICOH THETA Z1,2023:05:21 15:59:32,2023-05-21T19:58:48Z,
cali_hdr,20230521/pano/coda320_15:59/R0010918.JPG,20230521,pano,indoor,40.458253,-79.932067,286.7,268.7,RICOH THETA Z1,2023:05:21 15:59:39,2023-05-21T19:58:48Z,
cali_hdr,20230521/pano/coda320_15:59/R0010916.JPG,20230521,pano,indoor,40.458253,-79.932067,286.7,263.5,RICOH THETA Z1,2023:05:21 15:59:26,2023-05-21T19:58:48Z,
cali_hdr,20230521/pano/coda320_15:59/R0010912.JPG,20230521,pano,indoor,40.458253,-79.932067,286.7,261.1,RICOH THETA Z1,2023:05:21 15:58:59,2023-05-21T19:58:48Z,
cali_hdr,20230521/pano/coda320_15:59/R0010915.JPG,20230521,pano,indoor,40.458253,-79.932067,286.7,270.5,RICOH THETA Z1,2023:05:21 15:59:19,2023-05-21T19:58:48Z,
cali_hdr,20230521/pano/coda320_15:59/R0010919.JPG,20230521,pano,indoor,40.458253,-79.932067,286.7,269.3,RICOH THETA Z1,2023:05:21 15:59:46,2023-05-21T19:58:48Z,
cali_hdr,20230521/pano/coda320_15:59/R0010914.JPG,20230521,pano,indoor,40.458253,-79.932067,286.7,266.6,RICOH THETA Z1,2023:05:21 15:59:12,2023-05-21T19:58:48Z,
cali_hdr,20221006/theta/1f_bed_14:14/R0010216.JPG,20221006,theta,indoor,40.363522,-80.187117,377.0,,RICOH THETA Z1,2022:10:06 14:13:43,2022-10-06T18:08:59Z,
cali_hdr,20221006/theta/1f_bed_14:14/R0010209.JPG,20221006,theta,indoor,40.363522,-80.187117,377.0,,RICOH THETA Z1,2022:10:06 14:12:56,2022-10-06T18:08:59Z,
cali_hdr,20221006/theta/1f_bed_14:14/R0010217.JPG,20221006,theta,indoor,40.363522,-80.187117,377.0,,RICOH THETA Z1,2022:10:06 14:13:48,2022-10-06T18:08:59Z,
cali_hdr,20221006/theta/1f_bed_14:14/R0010214.JPG,20221006,theta,indoor,40.363522,-80.187117,377.0,,RICOH THETA Z1,2022:10:06 14:13:30,2022-10-06T18:08:59Z,
cali_hdr,20221006/theta/1f_bed_14:14/R0010212.JPG,20221006,theta,indoor,40.363522,-80.187117,377.0,,RICOH THETA Z1,2022:10:06 14:13:17,2022-10-06T18:08:59Z,
cali_hdr,20221006/theta/1f_bed_14:14/R0010211.JPG,20221006,theta,indoor,40.363522,-80.187117,377.0,,RICOH THETA Z1,2022:10:06 14:13:11,2022-10-06T18:08:59Z,
cali_hdr,20221006/theta/1f_bed_14:14/R0010215.JPG,20221006,theta,indoor,40.363522,-80.187117,377.0,,RICOH THETA Z1,2022:10:06 14:13:36,2022-10-06T18:08:59Z,
cali_hdr,20221006/theta/1f_bed_14:14/R0010213.JPG,20221006,theta,indoor,40.363522,-80.187117,377.0,,RICOH THETA Z1,2022:10:06 14:13:23,2022-10-06T18:08:59Z,
cali_hdr,20221006/theta/1f_bed_14:14/R0010210.JPG,20221006,theta,indoor,40.363522,-80.187117,377.0,,RICOH THETA Z1,2022:10:06 14:13:04,2022-10-06T18:08:59Z,
cali_hdr,20221006/theta/1f_bed_13:33/R0010155.JPG,20221006,theta,indoor,,,,,,,,no_exif
cali_hdr,20221006/theta/1f_bed_13:33/R0010153.JPG,20221006,theta,indoor,,,,,,,,no_exif
cali_hdr,20221006/theta/1f_bed_13:33/R0010158.JPG,20221006,theta,indoor,,,,,,,,no_exif
cali_hdr,20221006/theta/1f_bed_13:33/R0010154.JPG,20221006,theta,indoor,,,,,,,,no_exif
cali_hdr,20221006/theta/1f_bed_13:33/R0010161.JPG,20221006,theta,indoor,,,,,,,,no_exif
cali_hdr,20221006/theta/1f_bed_13:33/R0010160.JPG,20221006,theta,indoor,,,,,,,,no_exif
cali_hdr,20221006/theta/1f_bed_13:33/R0010157.JPG,20221006,theta,indoor,,,,,,,,no_exif
cali_hdr,20221006/theta/1f_bed_13:33/R0010156.JPG,20221006,theta,indoor,,,,,,,,no_exif
cali_hdr,20221006/theta/1f_bed_13:33/R0010159.JPG,20221006,theta,indoor,,,,,,,,no_exif
cali_hdr,20221006/theta/1f_bed_16:05/R0010308.JPG,20221006,theta,indoor,40.363517,-80.187389,377.8,,RICOH THETA Z1,2022:10:06 16:04:55,2022-10-06T20:03:58Z,
cali_hdr,20221006/theta/1f_bed_16:05/R0010305.JPG,20221006,theta,indoor,40.363517,-80.187389,377.8,,RICOH THETA Z1,2022:10:06 16:04:36,2022-10-06T20:03:58Z,
cali_hdr,20221006/theta/1f_bed_16:05/R0010306.JPG,20221006,theta,indoor,40.363517,-80.187389,377.8,,RICOH THETA Z1,2022:10:06 16:04:43,2022-10-06T20:03:58Z,
cali_hdr,20221006/theta/1f_bed_16:05/R0010307.JPG,20221006,theta,indoor,40.363517,-80.187389,377.8,,RICOH THETA Z1,2022:10:06 16:04:49,2022-10-06T20:03:58Z,
cali_hdr,20221006/theta/1f_bed_16:05/R0010302.JPG,20221006,theta,indoor,40.363517,-80.187389,377.8,,RICOH THETA Z1,2022:10:06 16:04:17,2022-10-06T20:03:58Z,
cali_hdr,20221006/theta/1f_bed_16:05/R0010304.JPG,20221006,theta,indoor,40.363517,-80.187389,377.8,,RICOH THETA Z1,2022:10:06 16:04:30,2022-10-06T20:03:58Z,
cali_hdr,20221006/theta/1f_bed_16:05/R0010301.JPG,20221006,theta,indoor,40.363517,-80.187389,377.8,,RICOH THETA Z1,2022:10:06 16:04:09,2022-10-06T20:03:58Z,
cali_hdr,20221006/theta/1f_bed_16:05/R0010309.JPG,20221006,theta,indoor,40.363517,-80.187389,377.8,,RICOH THETA Z1,2022:10:06 16:05:01,2022-10-06T20:03:58Z,
cali_hdr,20221006/theta/1f_bed_16:05/R0010303.JPG,20221006,theta,indoor,40.363517,-80.187389,377.8,,RICOH THETA Z1,2022:10:06 16:04:24,2022-10-06T20:03:58Z,
cali_hdr,20221006/theta/1f_bed_17:13/R0010416.JPG,20221006,theta,indoor,40.363697,-80.187658,382.6,,RICOH THETA Z1,2022:10:06 17:12:15,2022-10-06T21:07:26Z,
cali_hdr,20221006/theta/1f_bed_17:13/R0010412.JPG,20221006,theta,indoor,40.363697,-80.187658,382.6,,RICOH THETA Z1,2022:10:06 17:11:49,2022-10-06T21:07:26Z,
cali_hdr,20221006/theta/1f_bed_17:13/R0010409.JPG,20221006,theta,indoor,40.363697,-80.187658,382.6,,RICOH THETA Z1,2022:10:06 17:11:29,2022-10-06T21:07:26Z,
cali_hdr,20221006/theta/1f_bed_17:13/R0010413.JPG,20221006,theta,indoor,40.363697,-80.187658,382.6,,RICOH THETA Z1,2022:10:06 17:11:56,2022-10-06T21:07:26Z,
cali_hdr,20221006/theta/1f_bed_17:13/R0010414.JPG,20221006,theta,indoor,40.363697,-80.187658,382.6,,RICOH THETA Z1,2022:10:06 17:12:02,2022-10-06T21:07:26Z,
cali_hdr,20221006/theta/1f_bed_17:13/R0010411.JPG,20221006,theta,indoor,40.363697,-80.187658,382.6,,RICOH THETA Z1,2022:10:06 17:11:43,2022-10-06T21:07:26Z,
cali_hdr,20221006/theta/1f_bed_17:13/R0010410.JPG,20221006,theta,indoor,40.363697,-80.187658,382.6,,RICOH THETA Z1,2022:10:06 17:11:36,2022-10-06T21:07:26Z,
cali_hdr,20221006/theta/1f_bed_17:13/R0010415.JPG,20221006,theta,indoor,40.363697,-80.187658,382.6,,RICOH THETA Z1,2022:10:06 17:12:09,2022-10-06T21:07:26Z,
cali_hdr,20221006/theta/1f_bed_17:13/R0010417.JPG,20221006,theta,indoor,40.363697,-80.187658,382.6,,RICOH THETA Z1,2022:10:06 17:12:21,2022-10-06T21:07:26Z,
cali_hdr,20230519/theta/coda320_15:54/R0010839.JPG,20230519,theta,indoor,40.458247,-79.932056,286.1,266.3,RICOH THETA Z1,2023:05:19 15:54:57,2023-05-19T19:54:44Z,
cali_hdr,20230519/theta/coda320_15:54/R0010845.JPG,20230519,theta,indoor,40.458247,-79.932056,286.1,261.1,RICOH THETA Z1,2023:05:19 15:55:37,2023-05-19T19:54:44Z,
cali_hdr,20230519/theta/coda320_15:54/R0010842.JPG,20230519,theta,indoor,40.458247,-79.932056,286.1,260.9,RICOH THETA Z1,2023:05:19 15:55:17,2023-05-19T19:54:44Z,
cali_hdr,20230519/theta/coda320_15:54/R0010846.JPG,20230519,theta,indoor,40.458247,-79.932056,286.1,264.9,RICOH THETA Z1,2023:05:19 15:55:43,2023-05-19T19:54:44Z,
cali_hdr,20230519/theta/coda320_15:54/R0010843.JPG,20230519,theta,indoor,40.458247,-79.932056,286.1,263.4,RICOH THETA Z1,2023:05:19 15:55:24,2023-05-19T19:54:44Z,
cali_hdr,20230519/theta/coda320_15:54/R0010847.JPG,20230519,theta,indoor,40.458247,-79.932056,286.1,263.9,RICOH THETA Z1,2023:05:19 15:55:49,2023-05-19T19:54:44Z,
cali_hdr,20230519/theta/coda320_15:54/R0010840.JPG,20230519,theta,indoor,40.458247,-79.932056,286.1,263.8,RICOH THETA Z1,2023:05:19 15:55:04,2023-05-19T19:54:44Z,
cali_hdr,20230519/theta/coda320_15:54/R0010841.JPG,20230519,theta,indoor,40.458247,-79.932056,286.1,263.6,RICOH THETA Z1,2023:05:19 15:55:11,2023-05-19T19:54:44Z,
cali_hdr,20230519/theta/coda320_15:54/R0010844.JPG,20230519,theta,indoor,40.458247,-79.932056,286.1,267.8,RICOH THETA Z1,2023:05:19 15:55:30,2023-05-19T19:54:44Z,
cali_hdr,20230519/theta/coda320_10:02/R0010788.JPG,20230519,theta,indoor,40.458258,-79.932072,286.9,271.3,RICOH THETA Z1,2023:05:19 10:01:43,2023-05-19T14:01:06Z,
cali_hdr,20230519/theta/coda320_10:02/R0010789.JPG,20230519,theta,indoor,40.458258,-79.932072,286.9,269.0,RICOH THETA Z1,2023:05:19 10:01:50,2023-05-19T14:01:06Z,
cali_hdr,20230519/theta/coda320_10:02/R0010793.JPG,20230519,theta,indoor,40.458258,-79.932072,286.9,268.1,RICOH THETA Z1,2023:05:19 10:02:14,2023-05-19T14:01:06Z,
cali_hdr,20230519/theta/coda320_10:02/R0010787.JPG,20230519,theta,indoor,40.458258,-79.932072,286.9,268.0,RICOH THETA Z1,2023:05:19 10:01:37,2023-05-19T14:01:06Z,
cali_hdr,20230519/theta/coda320_10:02/R0010785.JPG,20230519,theta,indoor,40.458258,-79.932072,286.9,270.1,RICOH THETA Z1,2023:05:19 10:01:22,2023-05-19T14:01:06Z,
cali_hdr,20230519/theta/coda320_10:02/R0010791.JPG,20230519,theta,indoor,40.458258,-79.932072,286.9,262.0,RICOH THETA Z1,2023:05:19 10:02:02,2023-05-19T14:01:06Z,
cali_hdr,20230519/theta/coda320_10:02/R0010792.JPG,20230519,theta,indoor,40.458258,-79.932072,286.9,266.7,RICOH THETA Z1,2023:05:19 10:02:08,2023-05-19T14:01:06Z,
cali_hdr,20230519/theta/coda320_10:02/R0010786.JPG,20230519,theta,indoor,40.458258,-79.932072,286.9,272.9,RICOH THETA Z1,2023:05:19 10:01:29,2023-05-19T14:01:06Z,
cali_hdr,20230519/theta/coda320_10:02/R0010790.JPG,20230519,theta,indoor,40.458258,-79.932072,286.9,266.5,RICOH THETA Z1,2023:05:19 10:01:56,2023-05-19T14:01:06Z,
cali_hdr,20230519/theta/coda320_15:00/R0010832.JPG,20230519,theta,indoor,40.458253,-79.932056,287.0,258.8,RICOH THETA Z1,2023:05:19 15:00:08,2023-05-19T18:59:43Z,
cali_hdr,20230519/theta/coda320_15:00/R0010837.JPG,20230519,theta,indoor,40.458253,-79.932056,287.0,264.8,RICOH THETA Z1,2023:05:19 15:00:40,2023-05-19T18:59:43Z,
cali_hdr,20230519/theta/coda320_15:00/R0010834.JPG,20230519,theta,indoor,40.458253,-79.932056,287.0,258.8,RICOH THETA Z1,2023:05:19 15:00:21,2023-05-19T18:59:43Z,
cali_hdr,20230519/theta/coda320_15:00/R0010831.JPG,20230519,theta,indoor,40.458253,-79.932056,287.0,264.9,RICOH THETA Z1,2023:05:19 15:00:01,2023-05-19T18:59:43Z,
cali_hdr,20230519/theta/coda320_15:00/R0010835.JPG,20230519,theta,indoor,40.458253,-79.932056,287.0,266.2,RICOH THETA Z1,2023:05:19 15:00:27,2023-05-19T18:59:43Z,
cali_hdr,20230519/theta/coda320_15:00/R0010838.JPG,20230519,theta,indoor,40.458253,-79.932056,287.0,269.0,RICOH THETA Z1,2023:05:19 15:00:45,2023-05-19T18:59:43Z,
cali_hdr,20230519/theta/coda320_15:00/R0010833.JPG,20230519,theta,indoor,40.458253,-79.932056,287.0,268.2,RICOH THETA Z1,2023:05:19 15:00:14,2023-05-19T18:59:43Z,
cali_hdr,20230519/theta/coda320_15:00/R0010830.JPG,20230519,theta,indoor,40.458253,-79.932056,287.0,270.1,RICOH THETA Z1,2023:05:19 14:59:53,2023-05-19T18:59:43Z,
cali_hdr,20230519/theta/coda320_15:00/R0010836.JPG,20230519,theta,indoor,40.458253,-79.932056,287.0,263.1,RICOH THETA Z1,2023:05:19 15:00:33,2023-05-19T18:59:43Z,
cali_hdr,20230519/theta/coda320_11:01/R0010801.JPG,20230519,theta,indoor,40.45825,-79.932047,287.1,268.0,RICOH THETA Z1,2023:05:19 11:01:08,2023-05-19T15:00:09Z,
cali_hdr,20230519/theta/coda320_11:01/R0010798.JPG,20230519,theta,indoor,40.45825,-79.932047,287.1,266.5,RICOH THETA Z1,2023:05:19 11:00:50,2023-05-19T15:00:09Z,
cali_hdr,20230519/theta/coda320_11:01/R0010795.JPG,20230519,theta,indoor,40.45825,-79.932047,287.1,266.7,RICOH THETA Z1,2023:05:19 11:00:29,2023-05-19T15:00:09Z,
cali_hdr,20230519/theta/coda320_11:01/R0010800.JPG,20230519,theta,indoor,40.45825,-79.932047,287.1,267.7,RICOH THETA Z1,2023:05:19 11:01:02,2023-05-19T15:00:09Z,
cali_hdr,20230519/theta/coda320_11:01/R0010802.JPG,20230519,theta,indoor,40.45825,-79.932047,287.1,269.0,RICOH THETA Z1,2023:05:19 11:01:14,2023-05-19T15:00:09Z,
cali_hdr,20230519/theta/coda320_11:01/R0010797.JPG,20230519,theta,indoor,40.45825,-79.932047,287.1,268.1,RICOH THETA Z1,2023:05:19 11:00:43,2023-05-19T15:00:09Z,
cali_hdr,20230519/theta/coda320_11:01/R0010796.JPG,20230519,theta,indoor,40.45825,-79.932047,287.1,270.0,RICOH THETA Z1,2023:05:19 11:00:36,2023-05-19T15:00:09Z,
cali_hdr,20230519/theta/coda320_11:01/R0010799.JPG,20230519,theta,indoor,40.45825,-79.932047,287.1,269.2,RICOH THETA Z1,2023:05:19 11:00:56,2023-05-19T15:00:09Z,
cali_hdr,20230519/theta/coda320_11:01/R0010794.JPG,20230519,theta,indoor,40.45825,-79.932047,287.1,266.4,RICOH THETA Z1,2023:05:19 11:00:21,2023-05-19T15:00:09Z,
cali_hdr,20230519/theta/coda320_12:00/R0010810.JPG,20230519,theta,indoor,40.458208,-79.932067,286.5,268.1,RICOH THETA Z1,2023:05:19 12:00:37,2023-05-19T15:59:38Z,
cali_hdr,20230519/theta/coda320_12:00/R0010807.JPG,20230519,theta,indoor,40.458208,-79.932067,286.5,273.2,RICOH THETA Z1,2023:05:19 12:00:19,2023-05-19T15:59:38Z,
cali_hdr,20230519/theta/coda320_12:00/R0010809.JPG,20230519,theta,indoor,40.458208,-79.932067,286.5,265.0,RICOH THETA Z1,2023:05:19 12:00:31,2023-05-19T15:59:38Z,
cali_hdr,20230519/theta/coda320_12:00/R0010804.JPG,20230519,theta,indoor,40.458208,-79.932067,286.5,267.7,RICOH THETA Z1,2023:05:19 11:59:59,2023-05-19T15:59:38Z,
cali_hdr,20230519/theta/coda320_12:00/R0010803.JPG,20230519,theta,indoor,40.458208,-79.932067,286.5,265.9,RICOH THETA Z1,2023:05:19 11:59:51,2023-05-19T15:59:38Z,
cali_hdr,20230519/theta/coda320_12:00/R0010805.JPG,20230519,theta,indoor,40.458208,-79.932067,286.5,267.6,RICOH THETA Z1,2023:05:19 12:00:06,2023-05-19T15:59:38Z,
cali_hdr,20230519/theta/coda320_12:00/R0010811.JPG,20230519,theta,indoor,40.458208,-79.932067,286.5,264.0,RICOH THETA Z1,2023:05:19 12:00:43,2023-05-19T15:59:38Z,
cali_hdr,20230519/theta/coda320_12:00/R0010806.JPG,20230519,theta,indoor,40.458208,-79.932067,286.5,263.6,RICOH THETA Z1,2023:05:19 12:00:13,2023-05-19T15:59:38Z,
cali_hdr,20230519/theta/coda320_12:00/R0010808.JPG,20230519,theta,indoor,40.458208,-79.932067,286.5,262.7,RICOH THETA Z1,2023:05:19 12:00:25,2023-05-19T15:59:38Z,
cali_hdr,20230519/theta/coda320_16:57/R0010852.JPG,20230519,theta,indoor,40.458258,-79.932039,286.8,267.8,RICOH THETA Z1,2023:05:19 16:58:21,2023-05-19T20:57:40Z,
cali_hdr,20230519/theta/coda320_16:57/R0010856.JPG,20230519,theta,indoor,40.458258,-79.932039,286.8,269.4,RICOH THETA Z1,2023:05:19 16:58:44,2023-05-19T20:57:40Z,
cali_hdr,20230519/theta/coda320_16:57/R0010854.JPG,20230519,theta,indoor,40.458258,-79.932039,286.8,267.7,RICOH THETA Z1,2023:05:19 16:58:33,2023-05-19T20:57:40Z,
cali_hdr,20230519/theta/coda320_16:57/R0010849.JPG,20230519,theta,indoor,40.458258,-79.932039,286.8,265.1,RICOH THETA Z1,2023:05:19 16:58:02,2023-05-19T20:57:40Z,
cali_hdr,20230519/theta/coda320_16:57/R0010855.JPG,20230519,theta,indoor,40.458258,-79.932039,286.8,266.6,RICOH THETA Z1,2023:05:19 16:58:39,2023-05-19T20:57:40Z,
cali_hdr,20230519/theta/coda320_16:57/R0010853.JPG,20230519,theta,indoor,40.458258,-79.932039,286.8,267.1,RICOH THETA Z1,2023:05:19 16:58:27,2023-05-19T20:57:40Z,
cali_hdr,20230519/theta/coda320_16:57/R0010848.JPG,20230519,theta,indoor,40.458258,-79.932039,286.8,264.9,RICOH THETA Z1,2023:05:19 16:57:54,2023-05-19T20:57:40Z,
cali_hdr,20230519/theta/coda320_16:57/R0010850.JPG,20230519,theta,indoor,40.458258,-79.932039,286.8,266.9,RICOH THETA Z1,2023:05:19 16:58:08,2023-05-19T20:57:40Z,
cali_hdr,20230519/theta/coda320_16:57/R0010851.JPG,20230519,theta,indoor,40.458258,-79.932039,286.8,262.0,RICOH THETA Z1,2023:05:19 16:58:15,2023-05-19T20:57:40Z,
cali_hdr,20230519/theta/coda320_14:03/R0010827.JPG,20230519,theta,indoor,40.458153,-79.932508,287.2,261.8,RICOH THETA Z1,2023:05:19 14:03:07,2023-05-19T18:02:13Z,
cali_hdr,20230519/theta/coda320_14:03/R0010821.JPG,20230519,theta,indoor,40.458153,-79.932508,287.2,262.2,RICOH THETA Z1,2023:05:19 14:02:27,2023-05-19T18:02:13Z,
cali_hdr,20230519/theta/coda320_14:03/R0010826.JPG,20230519,theta,indoor,40.458153,-79.932508,287.2,268.2,RICOH THETA Z1,2023:05:19 14:03:00,2023-05-19T18:02:13Z,
cali_hdr,20230519/theta/coda320_14:03/R0010822.JPG,20230519,theta,indoor,40.458153,-79.932508,287.2,262.5,RICOH THETA Z1,2023:05:19 14:02:34,2023-05-19T18:02:13Z,
cali_hdr,20230519/theta/coda320_14:03/R0010824.JPG,20230519,theta,indoor,40.458153,-79.932508,287.2,265.0,RICOH THETA Z1,2023:05:19 14:02:48,2023-05-19T18:02:13Z,
cali_hdr,20230519/theta/coda320_14:03/R0010828.JPG,20230519,theta,indoor,40.458153,-79.932508,287.2,266.9,RICOH THETA Z1,2023:05:19 14:03:13,2023-05-19T18:02:13Z,
cali_hdr,20230519/theta/coda320_14:03/R0010823.JPG,20230519,theta,indoor,40.458153,-79.932508,287.2,261.3,RICOH THETA Z1,2023:05:19 14:02:42,2023-05-19T18:02:13Z,
cali_hdr,20230519/theta/coda320_14:03/R0010829.JPG,20230519,theta,indoor,40.458153,-79.932508,287.2,265.2,RICOH THETA Z1,2023:05:19 14:03:19,2023-05-19T18:02:13Z,
cali_hdr,20230519/theta/coda320_14:03/R0010825.JPG,20230519,theta,indoor,40.458153,-79.932508,287.2,270.5,RICOH THETA Z1,2023:05:19 14:02:54,2023-05-19T18:02:13Z,
cali_hdr,20230519/theta/coda320_13:01/R0010815.JPG,20230519,theta,indoor,40.458247,-79.932053,284.7,266.1,RICOH THETA Z1,2023:05:19 13:00:26,2023-05-19T16:59:54Z,
cali_hdr,20230519/theta/coda320_13:01/R0010813.JPG,20230519,theta,indoor,40.458247,-79.932053,284.7,261.7,RICOH THETA Z1,2023:05:19 13:00:13,2023-05-19T16:59:54Z,
cali_hdr,20230519/theta/coda320_13:01/R0010817.JPG,20230519,theta,indoor,40.458247,-79.932053,284.7,268.8,RICOH THETA Z1,2023:05:19 13:00:39,2023-05-19T16:59:54Z,
cali_hdr,20230519/theta/coda320_13:01/R0010816.JPG,20230519,theta,indoor,40.458247,-79.932053,284.7,267.6,RICOH THETA Z1,2023:05:19 13:00:33,2023-05-19T16:59:54Z,
cali_hdr,20230519/theta/coda320_13:01/R0010814.JPG,20230519,theta,indoor,40.458247,-79.932053,284.7,272.1,RICOH THETA Z1,2023:05:19 13:00:20,2023-05-19T16:59:54Z,
cali_hdr,20230519/theta/coda320_13:01/R0010820.JPG,20230519,theta,indoor,40.458247,-79.932053,284.7,265.9,RICOH THETA Z1,2023:05:19 13:00:57,2023-05-19T16:59:54Z,
cali_hdr,20230519/theta/coda320_13:01/R0010819.JPG,20230519,theta,indoor,40.458247,-79.932053,284.7,266.9,RICOH THETA Z1,2023:05:19 13:00:51,2023-05-19T16:59:54Z,
cali_hdr,20230519/theta/coda320_13:01/R0010818.JPG,20230519,theta,indoor,40.458247,-79.932053,284.7,262.6,RICOH THETA Z1,2023:05:19 13:00:45,2023-05-19T16:59:54Z,
cali_hdr,20230519/theta/coda320_13:01/R0010812.JPG,20230519,theta,indoor,40.458247,-79.932053,284.7,264.0,RICOH THETA Z1,2023:05:19 13:00:05,2023-05-19T16:59:54Z,
cali_hdr,20221006/fisheye/1f_bed_16:07/IMG_9661.JPG,20221006,fisheye,outdoor,,,,,Canon EOS 5D Mark II,2022:10:06 16:06:59,,
cali_hdr,20221006/fisheye/1f_bed_16:07/IMG_9662.JPG,20221006,fisheye,outdoor,,,,,Canon EOS 5D Mark II,2022:10:06 16:06:59,,
cali_hdr,20221006/fisheye/1f_bed_16:07/IMG_9658.JPG,20221006,fisheye,outdoor,,,,,Canon EOS 5D Mark II,2022:10:06 16:06:57,,
cali_hdr,20221006/fisheye/1f_bed_16:07/IMG_9664.JPG,20221006,fisheye,outdoor,,,,,Canon EOS 5D Mark II,2022:10:06 16:07:01,,
cali_hdr,20221006/fisheye/1f_bed_16:07/IMG_9656.JPG,20221006,fisheye,outdoor,,,,,Canon EOS 5D Mark II,2022:10:06 16:06:56,,
cali_hdr,20221006/fisheye/1f_bed_16:07/IMG_9659.JPG,20221006,fisheye,outdoor,,,,,Canon EOS 5D Mark II,2022:10:06 16:06:58,,
cali_hdr,20221006/fisheye/1f_bed_16:07/IMG_9657.JPG,20221006,fisheye,outdoor,,,,,Canon EOS 5D Mark II,2022:10:06 16:06:57,,
cali_hdr,20221006/fisheye/1f_bed_16:07/IMG_9660.JPG,20221006,fisheye,outdoor,,,,,Canon EOS 5D Mark II,2022:10:06 16:06:58,,
cali_hdr,20221006/fisheye/1f_bed_16:07/IMG_9663.JPG,20221006,fisheye,outdoor,,,,,Canon EOS 5D Mark II,2022:10:06 16:07:01,,
cali_hdr,20221006/fisheye/1f_bed_13:35/IMG_9547.JPG,20221006,fisheye,outdoor,,,,,Canon EOS 5D Mark II,2022:10:06 13:34:48,,
cali_hdr,20221006/fisheye/1f_bed_13:35/IMG_9546.JPG,20221006,fisheye,outdoor,,,,,Canon EOS 5D Mark II,2022:10:06 13:34:47,,
cali_hdr,20221006/fisheye/1f_bed_13:35/IMG_9545.JPG,20221006,fisheye,outdoor,,,,,Canon EOS 5D Mark II,2022:10:06 13:34:46,,
cali_hdr,20221006/fisheye/1f_bed_13:35/IMG_9542.JPG,20221006,fisheye,outdoor,,,,,Canon EOS 5D Mark II,2022:10:06 13:34:44,,
cali_hdr,20221006/fisheye/1f_bed_13:35/IMG_9543.JPG,20221006,fisheye,outdoor,,,,,Canon EOS 5D Mark II,2022:10:06 13:34:45,,
cali_hdr,20221006/fisheye/1f_bed_13:35/IMG_9539.JPG,20221006,fisheye,outdoor,,,,,Canon EOS 5D Mark II,2022:10:06 13:34:43,,
cali_hdr,20221006/fisheye/1f_bed_13:35/IMG_9540.JPG,20221006,fisheye,outdoor,,,,,Canon EOS 5D Mark II,2022:10:06 13:34:43,,
cali_hdr,20221006/fisheye/1f_bed_13:35/IMG_9544.JPG,20221006,fisheye,outdoor,,,,,Canon EOS 5D Mark II,2022:10:06 13:34:45,,
cali_hdr,20221006/fisheye/1f_bed_13:35/IMG_9541.JPG,20221006,fisheye,outdoor,,,,,Canon EOS 5D Mark II,2022:10:06 13:34:44,,
cali_hdr,20221006/fisheye/1f_bed_14:15/IMG_9593.JPG,20221006,fisheye,outdoor,,,,,Canon EOS 5D Mark II,2022:10:06 14:15:07,,
cali_hdr,20221006/fisheye/1f_bed_14:15/IMG_9594.JPG,20221006,fisheye,outdoor,,,,,Canon EOS 5D Mark II,2022:10:06 14:15:07,,
cali_hdr,20221006/fisheye/1f_bed_14:15/IMG_9598.JPG,20221006,fisheye,outdoor,,,,,Canon EOS 5D Mark II,2022:10:06 14:15:09,,
cali_hdr,20221006/fisheye/1f_bed_14:15/IMG_9595.JPG,20221006,fisheye,outdoor,,,,,Canon EOS 5D Mark II,2022:10:06 14:15:08,,
cali_hdr,20221006/fisheye/1f_bed_14:15/IMG_9599.JPG,20221006,fisheye,outdoor,,,,,Canon EOS 5D Mark II,2022:10:06 14:15:10,,
cali_hdr,20221006/fisheye/1f_bed_14:15/IMG_9601.JPG,20221006,fisheye,outdoor,,,,,Canon EOS 5D Mark II,2022:10:06 14:15:12,,
cali_hdr,20221006/fisheye/1f_bed_14:15/IMG_9596.JPG,20221006,fisheye,outdoor,,,,,Canon EOS 5D Mark II,2022:10:06 14:15:08,,
cali_hdr,20221006/fisheye/1f_bed_14:15/IMG_9600.JPG,20221006,fisheye,outdoor,,,,,Canon EOS 5D Mark II,2022:10:06 14:15:11,,
cali_hdr,20221006/fisheye/1f_bed_14:15/IMG_9597.JPG,20221006,fisheye,outdoor,,,,,Canon EOS 5D Mark II,2022:10:06 14:15:09,,
cali_hdr,20221006/fisheye/1f_bed_17:14/IMG_9759.JPG,20221006,fisheye,outdoor,,,,,Canon EOS 5D Mark II,2022:10:06 17:14:33,,
cali_hdr,20221006/fisheye/1f_bed_17:14/IMG_9753.JPG,20221006,fisheye,outdoor,,,,,Canon EOS 5D Mark II,2022:10:06 17:14:29,,
cali_hdr,20221006/fisheye/1f_bed_17:14/IMG_9756.JPG,20221006,fisheye,outdoor,,,,,Canon EOS 5D Mark II,2022:10:06 17:14:31,,
cali_hdr,20221006/fisheye/1f_bed_17:14/IMG_9752.JPG,20221006,fisheye,outdoor,,,,,Canon EOS 5D Mark II,2022:10:06 17:14:28,,
cali_hdr,20221006/fisheye/1f_bed_17:14/IMG_9758.JPG,20221006,fisheye,outdoor,,,,,Canon EOS 5D Mark II,2022:10:06 17:14:33,,
cali_hdr,20221006/fisheye/1f_bed_17:14/IMG_9755.JPG,20221006,fisheye,outdoor,,,,,Canon EOS 5D Mark II,2022:10:06 17:14:30,,
cali_hdr,20221006/fisheye/1f_bed_17:14/IMG_9754.JPG,20221006,fisheye,outdoor,,,,,Canon EOS 5D Mark II,2022:10:06 17:14:29,,
cali_hdr,20221006/fisheye/1f_bed_17:14/IMG_9751.JPG,20221006,fisheye,outdoor,,,,,Canon EOS 5D Mark II,2022:10:06 17:14:28,,
cali_hdr,20221006/fisheye/1f_bed_17:14/IMG_9757.JPG,20221006,fisheye,outdoor,,,,,Canon EOS 5D Mark II,2022:10:06 17:14:31,,
cali_hdr,20221006/theta/1f_front_16:54/R0010369.JPG,20221006,theta,indoor,40.363531,-80.187161,375.8,,RICOH THETA Z1,2022:10:06 16:53:41,2022-10-06T20:50:30Z,
cali_hdr,20221006/theta/1f_front_16:54/R0010371.JPG,20221006,theta,indoor,40.363531,-80.187161,375.8,,RICOH THETA Z1,2022:10:06 16:53:52,2022-10-06T20:50:30Z,
cali_hdr,20221006/theta/1f_front_16:54/R0010367.JPG,20221006,theta,indoor,40.363531,-80.187161,375.8,,RICOH THETA Z1,2022:10:06 16:53:28,2022-10-06T20:50:30Z,
cali_hdr,20221006/theta/1f_front_16:54/R0010364.JPG,20221006,theta,indoor,40.363531,-80.187161,375.8,,RICOH THETA Z1,2022:10:06 16:53:08,2022-10-06T20:50:30Z,
cali_hdr,20221006/theta/1f_front_16:54/R0010372.JPG,20221006,theta,indoor,40.363531,-80.187161,375.8,,RICOH THETA Z1,2022:10:06 16:53:58,2022-10-06T20:50:30Z,
cali_hdr,20221006/theta/1f_front_16:54/R0010365.JPG,20221006,theta,indoor,40.363531,-80.187161,375.8,,RICOH THETA Z1,2022:10:06 16:53:15,2022-10-06T20:50:30Z,
cali_hdr,20221006/theta/1f_front_16:54/R0010368.JPG,20221006,theta,indoor,40.363531,-80.187161,375.8,,RICOH THETA Z1,2022:10:06 16:53:34,2022-10-06T20:50:30Z,
cali_hdr,20221006/theta/1f_front_16:54/R0010370.JPG,20221006,theta,indoor,40.363531,-80.187161,375.8,,RICOH THETA Z1,2022:10:06 16:53:47,2022-10-06T20:50:30Z,
cali_hdr,20221006/theta/1f_front_16:54/R0010366.JPG,20221006,theta,indoor,40.363531,-80.187161,375.8,,RICOH THETA Z1,2022:10:06 16:53:22,2022-10-06T20:50:30Z,
cali_hdr,20221006/theta/basement_15:57/R0010294.JPG,20221006,theta,indoor,40.363511,-80.1873,375.0,,RICOH THETA Z1,2022:10:06 15:57:21,2022-10-06T19:56:53Z,
cali_hdr,20221006/theta/basement_15:57/R0010296.JPG,20221006,theta,indoor,40.363511,-80.1873,375.0,,RICOH THETA Z1,2022:10:06 15:57:33,2022-10-06T19:56:53Z,
cali_hdr,20221006/theta/basement_15:57/R0010292.JPG,20221006,theta,indoor,40.363511,-80.1873,375.0,,RICOH THETA Z1,2022:10:06 15:57:06,2022-10-06T19:56:53Z,
cali_hdr,20221006/theta/basement_15:57/R0010299.JPG,20221006,theta,indoor,40.363511,-80.1873,375.0,,RICOH THETA Z1,2022:10:06 15:57:51,2022-10-06T19:56:53Z,
cali_hdr,20221006/theta/basement_15:57/R0010298.JPG,20221006,theta,indoor,40.363511,-80.1873,375.0,,RICOH THETA Z1,2022:10:06 15:57:45,2022-10-06T19:56:53Z,
cali_hdr,20221006/theta/basement_15:57/R0010300.JPG,20221006,theta,indoor,40.363511,-80.1873,375.0,,RICOH THETA Z1,2022:10:06 15:57:57,2022-10-06T19:56:53Z,
cali_hdr,20221006/theta/basement_15:57/R0010293.JPG,20221006,theta,indoor,40.363511,-80.1873,375.0,,RICOH THETA Z1,2022:10:06 15:57:14,2022-10-06T19:56:53Z,
cali_hdr,20221006/theta/basement_15:57/R0010295.JPG,20221006,theta,indoor,40.363511,-80.1873,375.0,,RICOH THETA Z1,2022:10:06 15:57:27,2022-10-06T19:56:53Z,
cali_hdr,20221006/theta/basement_15:57/R0010297.JPG,20221006,theta,indoor,40.363511,-80.1873,375.0,,RICOH THETA Z1,2022:10:06 15:57:39,2022-10-06T19:56:53Z,
cali_hdr,20221006/theta/basement_14:46/R0010279.JPG,20221006,theta,indoor,40.363539,-80.187161,375.1,,RICOH THETA Z1,2022:10:06 14:46:22,2022-10-06T18:40:43Z,
cali_hdr,20221006/theta/basement_14:46/R0010275.JPG,20221006,theta,indoor,40.363539,-80.187161,375.1,,RICOH THETA Z1,2022:10:06 14:45:57,2022-10-06T18:40:43Z,
cali_hdr,20221006/theta/basement_14:46/R0010278.JPG,20221006,theta,indoor,40.363539,-80.187161,375.1,,RICOH THETA Z1,2022:10:06 14:46:16,2022-10-06T18:40:43Z,
cali_hdr,20221006/theta/basement_14:46/R0010276.JPG,20221006,theta,indoor,40.363539,-80.187161,375.1,,RICOH THETA Z1,2022:10:06 14:46:03,2022-10-06T18:40:43Z,
cali_hdr,20221006/theta/basement_14:46/R0010274.JPG,20221006,theta,indoor,40.363539,-80.187161,375.1,,RICOH THETA Z1,2022:10:06 14:45:51,2022-10-06T18:40:43Z,
cali_hdr,20221006/theta/basement_14:46/R0010277.JPG,20221006,theta,indoor,40.363539,-80.187161,375.1,,RICOH THETA Z1,2022:10:06 14:46:10,2022-10-06T18:40:43Z,
cali_hdr,20221006/theta/basement_14:46/R0010280.JPG,20221006,theta,indoor,40.363539,-80.187161,375.1,,RICOH THETA Z1,2022:10:06 14:46:28,2022-10-06T18:40:43Z,
cali_hdr,20221006/theta/basement_14:46/R0010272.JPG,20221006,theta,indoor,40.363539,-80.187161,375.1,,RICOH THETA Z1,2022:10:06 14:45:37,2022-10-06T18:40:43Z,
cali_hdr,20221006/theta/basement_14:46/R0010273.JPG,20221006,theta,indoor,40.363539,-80.187161,375.1,,RICOH THETA Z1,2022:10:06 14:45:44,2022-10-06T18:40:43Z,
cali_hdr,20221006/theta/basement_15:25/R0010284.JPG,20221006,theta,indoor,40.363506,-80.187361,375.0,,RICOH THETA Z1,2022:10:06 15:25:38,2022-10-06T19:25:20Z,
cali_hdr,20221006/theta/basement_15:25/R0010286.JPG,20221006,theta,indoor,40.363506,-80.187361,375.0,,RICOH THETA Z1,2022:10:06 15:25:52,2022-10-06T19:25:20Z,
cali_hdr,20221006/theta/basement_15:25/R0010291.JPG,20221006,theta,indoor,40.363506,-80.187361,375.0,,RICOH THETA Z1,2022:10:06 15:26:23,2022-10-06T19:25:20Z,
cali_hdr,20221006/theta/basement_15:25/R0010285.JPG,20221006,theta,indoor,40.363506,-80.187361,375.0,,RICOH THETA Z1,2022:10:06 15:25:45,2022-10-06T19:25:20Z,
cali_hdr,20221006/theta/basement_15:25/R0010283.JPG,20221006,theta,indoor,40.363506,-80.187361,375.0,,RICOH THETA Z1,2022:10:06 15:25:31,2022-10-06T19:25:20Z,
cali_hdr,20221006/theta/basement_15:25/R0010289.JPG,20221006,theta,indoor,40.363506,-80.187361,375.0,,RICOH THETA Z1,2022:10:06 15:26:11,2022-10-06T19:25:20Z,
cali_hdr,20221006/theta/basement_15:25/R0010288.JPG,20221006,theta,indoor,40.363506,-80.187361,375.0,,RICOH THETA Z1,2022:10:06 15:26:05,2022-10-06T19:25:20Z,
cali_hdr,20221006/theta/basement_15:25/R0010290.JPG,20221006,theta,indoor,40.363506,-80.187361,375.0,,RICOH THETA Z1,2022:10:06 15:26:17,2022-10-06T19:25:20Z,
cali_hdr,20221006/theta/basement_15:25/R0010287.JPG,20221006,theta,indoor,40.363506,-80.187361,375.0,,RICOH THETA Z1,2022:10:06 15:25:58,2022-10-06T19:25:20Z,
cali_hdr,20221006/theta/1f_front_13:58/R0010187.JPG,20221006,theta,indoor,40.363664,-80.187483,377.7,,RICOH THETA Z1,2022:10:06 13:57:53,2022-10-06T17:51:52Z,
cali_hdr,20221006/theta/1f_front_13:58/R0010190.JPG,20221006,theta,indoor,40.363664,-80.187483,377.7,,RICOH THETA Z1,2022:10:06 13:58:12,2022-10-06T17:51:52Z,
cali_hdr,20221006/theta/1f_front_13:58/R0010189.JPG,20221006,theta,indoor,40.363664,-80.187483,377.7,,RICOH THETA Z1,2022:10:06 13:58:06,2022-10-06T17:51:52Z,
cali_hdr,20221006/theta/1f_front_13:58/R0010182.JPG,20221006,theta,indoor,40.363664,-80.187483,377.7,,RICOH THETA Z1,2022:10:06 13:57:19,2022-10-06T17:51:52Z,
cali_hdr,20221006/theta/1f_front_13:58/R0010184.JPG,20221006,theta,indoor,40.363664,-80.187483,377.7,,RICOH THETA Z1,2022:10:06 13:57:34,2022-10-06T17:51:52Z,
cali_hdr,20221006/theta/1f_front_13:58/R0010186.JPG,20221006,theta,indoor,40.363664,-80.187483,377.7,,RICOH THETA Z1,2022:10:06 13:57:46,2022-10-06T17:51:52Z,
cali_hdr,20221006/theta/1f_front_13:58/R0010188.JPG,20221006,theta,indoor,40.363664,-80.187483,377.7,,RICOH THETA Z1,2022:10:06 13:58:00,2022-10-06T17:51:52Z,
cali_hdr,20221006/theta/1f_front_13:58/R0010183.JPG,20221006,theta,indoor,40.363664,-80.187483,377.7,,RICOH THETA Z1,2022:10:06 13:57:27,2022-10-06T17:51:52Z,
cali_hdr,20221006/theta/1f_front_13:58/R0010185.JPG,20221006,theta,indoor,40.363664,-80.187483,377.7,,RICOH THETA Z1,2022:10:06 13:57:40,2022-10-06T17:51:52Z,
cali_hdr,20221006/theta/basement_16:37/R0010339.JPG,20221006,theta,indoor,40.3636,-80.187214,376.4,,RICOH THETA Z1,2022:10:06 16:36:26,2022-10-06T20:28:47Z,
cali_hdr,20221006/theta/basement_16:37/R0010338.JPG,20221006,theta,indoor,40.3636,-80.187214,376.4,,RICOH THETA Z1,2022:10:06 16:36:19,2022-10-06T20:28:47Z,
cali_hdr,20221006/theta/basement_16:37/R0010345.JPG,20221006,theta,indoor,40.3636,-80.187214,376.4,,RICOH THETA Z1,2022:10:06 16:37:02,2022-10-06T20:28:47Z,
cali_hdr,20221006/theta/basement_16:37/R0010341.JPG,20221006,theta,indoor,40.3636,-80.187214,376.4,,RICOH THETA Z1,2022:10:06 16:36:38,2022-10-06T20:28:47Z,
cali_hdr,20221006/theta/basement_16:37/R0010340.JPG,20221006,theta,indoor,40.3636,-80.187214,376.4,,RICOH THETA Z1,2022:10:06 16:36:32,2022-10-06T20:28:47Z,
cali_hdr,20221006/theta/basement_16:37/R0010344.JPG,20221006,theta,indoor,40.3636,-80.187214,376.4,,RICOH THETA Z1,2022:10:06 16:36:57,2022-10-06T20:28:47Z,
cali_hdr,20221006/theta/basement_16:37/R0010343.JPG,20221006,theta,indoor,40.3636,-80.187214,376.4,,RICOH THETA Z1,2022:10:06 16:36:50,2022-10-06T20:28:47Z,
cali_hdr,20221006/theta/basement_16:37/R0010337.JPG,20221006,theta,indoor,40.3636,-80.187214,376.4,,RICOH THETA Z1,2022:10:06 16:36:12,2022-10-06T20:28:47Z,
cali_hdr,20221006/theta/basement_16:37/R0010342.JPG,20221006,theta,indoor,40.3636,-80.187214,376.4,,RICOH THETA Z1,2022:10:06 16:36:44,2022-10-06T20:28:47Z,
cali_hdr,20221006/theta/1f_front_16:59/R0010387.JPG,20221006,theta,indoor,40.363614,-80.187569,383.2,,RICOH THETA Z1,2022:10:06 16:58:35,2022-10-06T20:57:52Z,
cali_hdr,20221006/theta/1f_front_16:59/R0010388.JPG,20221006,theta,indoor,40.363614,-80.187569,383.2,,RICOH THETA Z1,2022:10:06 16:58:41,2022-10-06T20:57:52Z,
cali_hdr,20221006/theta/1f_front_16:59/R0010382.JPG,20221006,theta,indoor,40.363614,-80.187569,383.2,,RICOH THETA Z1,2022:10:06 16:58:02,2022-10-06T20:57:52Z,
cali_hdr,20221006/theta/1f_front_16:59/R0010385.JPG,20221006,theta,indoor,40.363614,-80.187569,383.2,,RICOH THETA Z1,2022:10:06 16:58:22,2022-10-06T20:57:52Z,
cali_hdr,20221006/theta/1f_front_16:59/R0010389.JPG,20221006,theta,indoor,40.363614,-80.187569,383.2,,RICOH THETA Z1,2022:10:06 16:58:48,2022-10-06T20:57:52Z,
cali_hdr,20221006/theta/1f_front_16:59/R0010390.JPG,20221006,theta,indoor,40.363614,-80.187569,383.2,,RICOH THETA Z1,2022:10:06 16:58:54,2022-10-06T20:57:52Z,
cali_hdr,20221006/theta/1f_front_16:59/R0010383.JPG,20221006,theta,indoor,40.363614,-80.187569,383.2,,RICOH THETA Z1,2022:10:06 16:58:09,2022-10-06T20:57:52Z,
cali_hdr,20221006/theta/1f_front_16:59/R0010386.JPG,20221006,theta,indoor,40.363614,-80.187569,383.2,,RICOH THETA Z1,2022:10:06 16:58:29,2022-10-06T20:57:52Z,
cali_hdr,20221006/theta/1f_front_16:59/R0010384.JPG,20221006,theta,indoor,40.363614,-80.187569,383.2,,RICOH THETA Z1,2022:10:06 16:58:16,2022-10-06T20:57:52Z,
cali_hdr,20221006/theta/1f_front_13:06/R0010134.JPG,20221006,theta,indoor,40.363519,-80.187172,374.9,,RICOH THETA Z1,2022:10:06 13:05:49,2022-10-06T17:04:45Z,
cali_hdr,20221006/theta/1f_front_13:06/R0010130.JPG,20221006,theta,indoor,40.363519,-80.187172,374.9,,RICOH THETA Z1,2022:10:06 13:05:24,2022-10-06T17:04:45Z,
cali_hdr,20221006/theta/1f_front_13:06/R0010129.JPG,20221006,theta,indoor,40.363519,-80.187172,374.9,,RICOH THETA Z1,2022:10:06 13:05:18,2022-10-06T17:04:45Z,
cali_hdr,20221006/theta/1f_front_13:06/R0010132.JPG,20221006,theta,indoor,40.363519,-80.187172,374.9,,RICOH THETA Z1,2022:10:06 13:05:37,2022-10-06T17:04:45Z,
cali_hdr,20221006/theta/1f_front_13:06/R0010126.JPG,20221006,theta,indoor,40.363519,-80.187172,374.9,,RICOH THETA Z1,2022:10:06 13:04:57,2022-10-06T17:04:45Z,
cali_hdr,20221006/theta/1f_front_13:06/R0010131.JPG,20221006,theta,indoor,40.363519,-80.187172,374.9,,RICOH THETA Z1,2022:10:06 13:05:30,2022-10-06T17:04:45Z,
cali_hdr,20221006/theta/1f_front_13:06/R0010133.JPG,20221006,theta,indoor,40.363519,-80.187172,374.9,,RICOH THETA Z1,2022:10:06 13:05:43,2022-10-06T17:04:45Z,
cali_hdr,20221006/theta/1f_front_13:06/R0010127.JPG,20221006,theta,indoor,40.363519,-80.187172,374.9,,RICOH THETA Z1,2022:10:06 13:05:04,2022-10-06T17:04:45Z,
cali_hdr,20221006/theta/1f_front_13:06/R0010128.JPG,20221006,theta,indoor,40.363519,-80.187172,374.9,,RICOH THETA Z1,2022:10:06 13:05:11,2022-10-06T17:04:45Z,
cali_hdr,20230529/theta/coda_334_11:56/R0010997.JPG,20230529,theta,indoor,40.458158,-79.932503,280.1,197.4,RICOH THETA Z1,2023:05:29 11:57:22,2023-05-29T15:56:45Z,
cali_hdr,20230529/theta/coda_334_11:56/R0010999.JPG,20230529,theta,indoor,40.458158,-79.932503,280.1,198.2,RICOH THETA Z1,2023:05:29 11:57:35,2023-05-29T15:56:45Z,
cali_hdr,20230529/theta/coda_334_11:56/R0010996.JPG,20230529,theta,indoor,40.458158,-79.932503,280.1,208.5,RICOH THETA Z1,2023:05:29 11:57:16,2023-05-29T15:56:45Z,
cali_hdr,20230529/theta/coda_334_11:56/R0011001.JPG,20230529,theta,indoor,40.458158,-79.932503,280.1,207.8,RICOH THETA Z1,2023:05:29 11:57:48,2023-05-29T15:56:45Z,
cali_hdr,20230529/theta/coda_334_11:56/R0011000.JPG,20230529,theta,indoor,40.458158,-79.932503,280.1,204.7,RICOH THETA Z1,2023:05:29 11:57:41,2023-05-29T15:56:45Z,
cali_hdr,20230529/theta/coda_334_11:56/R0010998.JPG,20230529,theta,indoor,40.458158,-79.932503,280.1,199.9,RICOH THETA Z1,2023:05:29 11:57:29,2023-05-29T15:56:45Z,
cali_hdr,20230529/theta/coda_334_11:56/R0010995.JPG,20230529,theta,indoor,40.458158,-79.932503,280.1,203.8,RICOH THETA Z1,2023:05:29 11:57:10,2023-05-29T15:56:45Z,
cali_hdr,20230529/theta/coda_334_11:56/R0010993.JPG,20230529,theta,indoor,40.458158,-79.932503,280.1,198.4,RICOH THETA Z1,2023:05:29 11:56:56,2023-05-29T15:56:45Z,
cali_hdr,20230529/theta/coda_334_11:56/R0010994.JPG,20230529,theta,indoor,40.458158,-79.932503,280.1,202.0,RICOH THETA Z1,2023:05:29 11:57:03,2023-05-29T15:56:45Z,
cali_hdr,20230529/theta/coda_334_11:58/R0011002.JPG,20230529,theta,indoor,40.4579,-79.932242,279.8,200.7,RICOH THETA Z1,2023:05:29 11:58:53,2023-05-29T15:57:53Z,
cali_hdr,20230529/theta/coda_334_11:58/R0011004.JPG,20230529,theta,indoor,40.4579,-79.932242,279.8,207.2,RICOH THETA Z1,2023:05:29 11:59:06,2023-05-29T15:57:53Z,
cali_hdr,20230529/theta/coda_334_11:58/R0011008.JPG,20230529,theta,indoor,40.4579,-79.932242,279.8,204.2,RICOH THETA Z1,2023:05:29 11:59:31,2023-05-29T15:57:53Z,
cali_hdr,20230529/theta/coda_334_11:58/R0011010.JPG,20230529,theta,indoor,40.4579,-79.932242,279.8,201.3,RICOH THETA Z1,2023:05:29 11:59:44,2023-05-29T15:57:53Z,
cali_hdr,20230529/theta/coda_334_11:58/R0011009.JPG,20230529,theta,indoor,40.4579,-79.932242,279.8,199.8,RICOH THETA Z1,2023:05:29 11:59:38,2023-05-29T15:57:53Z,
cali_hdr,20230529/theta/coda_334_11:58/R0011006.JPG,20230529,theta,indoor,40.4579,-79.932242,279.8,199.8,RICOH THETA Z1,2023:05:29 11:59:19,2023-05-29T15:57:53Z,
cali_hdr,20230529/theta/coda_334_11:58/R0011005.JPG,20230529,theta,indoor,40.4579,-79.932242,279.8,205.2,RICOH THETA Z1,2023:05:29 11:59:13,2023-05-29T15:57:53Z,
cali_hdr,20230529/theta/coda_334_11:58/R0011003.JPG,20230529,theta,indoor,40.4579,-79.932242,279.8,208.2,RICOH THETA Z1,2023:05:29 11:59:00,2023-05-29T15:57:53Z,
cali_hdr,20230529/theta/coda_334_11:58/R0011007.JPG,20230529,theta,indoor,40.4579,-79.932242,279.8,202.4,RICOH THETA Z1,2023:05:29 11:59:25,2023-05-29T15:57:53Z,
cali_hdr,20230529/theta/coda_334_13:17/R0011021.JPG,20230529,theta,indoor,40.458158,-79.932503,278.6,198.3,RICOH THETA Z1,2023:05:29 13:17:43,2023-05-29T17:16:37Z,
cali_hdr,20230529/theta/coda_334_13:17/R0011026.JPG,20230529,theta,indoor,40.458158,-79.932503,278.6,203.0,RICOH THETA Z1,2023:05:29 13:18:15,2023-05-29T17:16:37Z,
cali_hdr,20230529/theta/coda_334_13:17/R0011028.JPG,20230529,theta,indoor,40.458158,-79.932503,278.6,200.1,RICOH THETA Z1,2023:05:29 13:18:27,2023-05-29T17:16:37Z,
cali_hdr,20230529/theta/coda_334_13:17/R0011020.JPG,20230529,theta,indoor,40.458158,-79.932503,278.6,200.2,RICOH THETA Z1,2023:05:29 13:17:36,2023-05-29T17:16:37Z,
cali_hdr,20230529/theta/coda_334_13:17/R0011025.JPG,20230529,theta,indoor,40.458158,-79.932503,278.6,205.4,RICOH THETA Z1,2023:05:29 13:18:09,2023-05-29T17:16:37Z,
cali_hdr,20230529/theta/coda_334_13:17/R0011027.JPG,20230529,theta,indoor,40.458158,-79.932503,278.6,204.9,RICOH THETA Z1,2023:05:29 13:18:21,2023-05-29T17:16:37Z,
cali_hdr,20230529/theta/coda_334_13:17/R0011022.JPG,20230529,theta,indoor,40.458158,-79.932503,278.6,205.9,RICOH THETA Z1,2023:05:29 13:17:49,2023-05-29T17:16:37Z,
cali_hdr,20230529/theta/coda_334_13:17/R0011024.JPG,20230529,theta,indoor,40.458158,-79.932503,278.6,201.6,RICOH THETA Z1,2023:05:29 13:18:02,2023-05-29T17:16:37Z,
cali_hdr,20230529/theta/coda_334_13:17/R0011023.JPG,20230529,theta,indoor,40.458158,-79.932503,278.6,197.8,RICOH THETA Z1,2023:05:29 13:17:56,2023-05-29T17:16:37Z,
cali_hdr,20230529/theta/coda_334_13:15/R0011019.JPG,20230529,theta,indoor,40.457889,-79.932183,270.9,199.4,RICOH THETA Z1,2023:05:29 13:16:26,2023-05-29T17:15:22Z,
cali_hdr,20230529/theta/coda_334_13:15/R0011017.JPG,20230529,theta,indoor,40.457889,-79.932183,270.9,199.7,RICOH THETA Z1,2023:05:29 13:16:13,2023-05-29T17:15:22Z,
cali_hdr,20230529/theta/coda_334_13:15/R0011018.JPG,20230529,theta,indoor,40.457889,-79.932183,270.9,201.1,RICOH THETA Z1,2023:05:29 13:16:20,2023-05-29T17:15:22Z,
cali_hdr,20230529/theta/coda_334_13:15/R0011014.JPG,20230529,theta,indoor,40.457889,-79.932183,270.9,201.9,RICOH THETA Z1,2023:05:29 13:15:54,2023-05-29T17:15:22Z,
cali_hdr,20230529/theta/coda_334_13:15/R0011013.JPG,20230529,theta,indoor,40.457889,-79.932183,270.9,200.8,RICOH THETA Z1,2023:05:29 13:15:48,2023-05-29T17:15:22Z,
cali_hdr,20230529/theta/coda_334_13:15/R0011012.JPG,20230529,theta,indoor,40.457889,-79.932183,270.9,195.4,RICOH THETA Z1,2023:05:29 13:15:41,2023-05-29T17:15:22Z,
cali_hdr,20230529/theta/coda_334_13:15/R0011015.JPG,20230529,theta,indoor,40.457889,-79.932183,270.9,198.9,RICOH THETA Z1,2023:05:29 13:16:01,2023-05-29T17:15:22Z,
cali_hdr,20230529/theta/coda_334_13:15/R0011016.JPG,20230529,theta,indoor,40.457889,-79.932183,270.9,199.0,RICOH THETA Z1,2023:05:29 13:16:07,2023-05-29T17:15:22Z,
cali_hdr,20230529/theta/coda_334_13:15/R0011011.JPG,20230529,theta,indoor,40.457889,-79.932183,270.9,202.7,RICOH THETA Z1,2023:05:29 13:15:34,2023-05-29T17:15:22Z,
cali_hdr,20230706/theta/coda_334_07:56/R0011368.JPG,20230706,theta,indoor,40.457961,-79.932436,271.6,188.6,RICOH THETA Z1,2023:07:06 07:57:01,2023-07-06T11:56:12Z,
cali_hdr,20230706/theta/coda_334_07:56/R0011367.JPG,20230706,theta,indoor,40.457961,-79.932436,271.6,191.9,RICOH THETA Z1,2023:07:06 07:56:55,2023-07-06T11:56:12Z,
cali_hdr,20230706/theta/coda_334_07:56/R0011363.JPG,20230706,theta,indoor,40.457961,-79.932436,271.6,195.1,RICOH THETA Z1,2023:07:06 07:56:30,2023-07-06T11:56:12Z,
cali_hdr,20230706/theta/coda_334_07:56/R0011365.JPG,20230706,theta,indoor,40.457961,-79.932436,271.6,192.4,RICOH THETA Z1,2023:07:06 07:56:42,2023-07-06T11:56:12Z,
cali_hdr,20230706/theta/coda_334_07:56/R0011366.JPG,20230706,theta,indoor,40.457961,-79.932436,271.6,188.7,RICOH THETA Z1,2023:07:06 07:56:48,2023-07-06T11:56:12Z,
cali_hdr,20230706/theta/coda_334_07:56/R0011370.JPG,20230706,theta,indoor,40.457961,-79.932436,271.6,188.3,RICOH THETA Z1,2023:07:06 07:57:13,2023-07-06T11:56:12Z,
cali_hdr,20230706/theta/coda_334_07:56/R0011369.JPG,20230706,theta,indoor,40.457961,-79.932436,271.6,190.8,RICOH THETA Z1,2023:07:06 07:57:07,2023-07-06T11:56:12Z,
cali_hdr,20230706/theta/coda_334_07:56/R0011362.JPG,20230706,theta,indoor,40.457961,-79.932436,271.6,195.2,RICOH THETA Z1,2023:07:06 07:56:23,2023-07-06T11:56:12Z,
cali_hdr,20230706/theta/coda_334_07:56/R0011364.JPG,20230706,theta,indoor,40.457961,-79.932436,271.6,195.6,RICOH THETA Z1,2023:07:06 07:56:36,2023-07-06T11:56:12Z,
cali_hdr,20230706/theta/coda_334_12:52/R0011418.JPG,20230706,theta,indoor,40.458153,-79.9325,283.0,197.3,RICOH THETA Z1,2023:07:06 12:53:02,2023-07-06T16:52:36Z,
cali_hdr,20230706/theta/coda_334_12:52/R0011416.JPG,20230706,theta,indoor,40.458153,-79.9325,283.0,193.3,RICOH THETA Z1,2023:07:06 12:52:49,2023-07-06T16:52:36Z,
cali_hdr,20230706/theta/coda_334_12:52/R0011417.JPG,20230706,theta,indoor,40.458153,-79.9325,283.0,186.5,RICOH THETA Z1,2023:07:06 12:52:56,2023-07-06T16:52:36Z,
cali_hdr,20230706/theta/coda_334_12:52/R0011420.JPG,20230706,theta,indoor,40.458153,-79.9325,283.0,190.6,RICOH THETA Z1,2023:07:06 12:53:14,2023-07-06T16:52:36Z,
cali_hdr,20230706/theta/coda_334_12:52/R0011421.JPG,20230706,theta,indoor,40.458153,-79.9325,283.0,199.3,RICOH THETA Z1,2023:07:06 12:53:20,2023-07-06T16:52:36Z,
cali_hdr,20230706/theta/coda_334_12:52/R0011423.JPG,20230706,theta,indoor,40.458153,-79.9325,283.0,198.6,RICOH THETA Z1,2023:07:06 12:53:32,2023-07-06T16:52:36Z,
cali_hdr,20230706/theta/coda_334_12:52/R0011422.JPG,20230706,theta,indoor,40.458153,-79.9325,283.0,192.5,RICOH THETA Z1,2023:07:06 12:53:26,2023-07-06T16:52:36Z,
cali_hdr,20230706/theta/coda_334_12:52/R0011424.JPG,20230706,theta,indoor,40.458153,-79.9325,283.0,192.3,RICOH THETA Z1,2023:07:06 12:53:37,2023-07-06T16:52:36Z,
cali_hdr,20230706/theta/coda_334_12:52/R0011419.JPG,20230706,theta,indoor,40.458153,-79.9325,283.0,188.1,RICOH THETA Z1,2023:07:06 12:53:08,2023-07-06T16:52:36Z,
cali_hdr,20230706/theta/coda_334_11:56/R0011410.JPG,20230706,theta,indoor,40.458153,-79.9325,278.8,192.4,RICOH THETA Z1,2023:07:06 11:56:09,2023-07-06T15:55:38Z,
cali_hdr,20230706/theta/coda_334_11:56/R0011414.JPG,20230706,theta,indoor,40.458153,-79.9325,278.8,193.1,RICOH THETA Z1,2023:07:06 11:56:35,2023-07-06T15:55:38Z,
cali_hdr,20230706/theta/coda_334_11:56/R0011412.JPG,20230706,theta,indoor,40.458153,-79.9325,278.8,194.7,RICOH THETA Z1,2023:07:06 11:56:22,2023-07-06T15:55:38Z,
cali_hdr,20230706/theta/coda_334_11:56/R0011407.JPG,20230706,theta,indoor,40.458153,-79.9325,278.8,195.6,RICOH THETA Z1,2023:07:06 11:55:49,2023-07-06T15:55:38Z,
cali_hdr,20230706/theta/coda_334_11:56/R0011408.JPG,20230706,theta,indoor,40.458153,-79.9325,278.8,188.7,RICOH THETA Z1,2023:07:06 11:55:56,2023-07-06T15:55:38Z,
cali_hdr,20230706/theta/coda_334_11:56/R0011413.JPG,20230706,theta,indoor,40.458153,-79.9325,278.8,196.9,RICOH THETA Z1,2023:07:06 11:56:29,2023-07-06T15:55:38Z,
cali_hdr,20230706/theta/coda_334_11:56/R0011411.JPG,20230706,theta,indoor,40.458153,-79.9325,278.8,189.1,RICOH THETA Z1,2023:07:06 11:56:16,2023-07-06T15:55:38Z,
cali_hdr,20230706/theta/coda_334_11:56/R0011415.JPG,20230706,theta,indoor,40.458153,-79.9325,278.8,190.2,RICOH THETA Z1,2023:07:06 11:56:41,2023-07-06T15:55:38Z,
cali_hdr,20230706/theta/coda_334_11:56/R0011409.JPG,20230706,theta,indoor,40.458153,-79.9325,278.8,191.3,RICOH THETA Z1,2023:07:06 11:56:02,2023-07-06T15:55:38Z,
cali_hdr,20230706/theta/coda_334_14:03/R0011429.JPG,20230706,theta,indoor,40.458153,-79.9325,287.1,195.3,RICOH THETA Z1,2023:07:06 14:06:13,2023-07-06T18:05:35Z,
cali_hdr,20230706/theta/coda_334_14:03/R0011432.JPG,20230706,theta,indoor,40.458153,-79.9325,287.1,195.3,RICOH THETA Z1,2023:07:06 14:06:31,2023-07-06T18:05:35Z,
cali_hdr,20230706/theta/coda_334_14:03/R0011426.JPG,20230706,theta,indoor,40.458153,-79.9325,287.1,196.2,RICOH THETA Z1,2023:07:06 14:05:53,2023-07-06T18:05:35Z,
cali_hdr,20230706/theta/coda_334_14:03/R0011427.JPG,20230706,theta,indoor,40.458153,-79.9325,287.1,200.4,RICOH THETA Z1,2023:07:06 14:05:59,2023-07-06T18:05:35Z,
cali_hdr,20230706/theta/coda_334_14:03/R0011425.JPG,20230706,theta,indoor,40.458153,-79.9325,287.1,198.3,RICOH THETA Z1,2023:07:06 14:05:47,2023-07-06T18:05:35Z,
cali_hdr,20230706/theta/coda_334_14:03/R0011431.JPG,20230706,theta,indoor,40.458153,-79.9325,287.1,195.0,RICOH THETA Z1,2023:07:06 14:06:25,2023-07-06T18:05:35Z,
cali_hdr,20230706/theta/coda_334_14:03/R0011428.JPG,20230706,theta,indoor,40.458153,-79.9325,287.1,190.0,RICOH THETA Z1,2023:07:06 14:06:06,2023-07-06T18:05:35Z,
cali_hdr,20230706/theta/coda_334_14:03/R0011433.JPG,20230706,theta,indoor,40.458153,-79.9325,287.1,190.5,RICOH THETA Z1,2023:07:06 14:06:37,2023-07-06T18:05:35Z,
cali_hdr,20230706/theta/coda_334_14:03/R0011430.JPG,20230706,theta,indoor,40.458153,-79.9325,287.1,190.8,RICOH THETA Z1,2023:07:06 14:06:19,2023-07-06T18:05:35Z,
cali_hdr,20230706/theta/coda_334_14:56/R0011440.JPG,20230706,theta,indoor,40.457831,-79.932283,270.9,189.5,RICOH THETA Z1,2023:07:06 14:56:30,2023-07-06T18:55:38Z,
cali_hdr,20230706/theta/coda_334_14:56/R0011434.JPG,20230706,theta,indoor,40.457831,-79.932283,270.9,197.9,RICOH THETA Z1,2023:07:06 14:55:52,2023-07-06T18:55:38Z,
cali_hdr,20230706/theta/coda_334_14:56/R0011442.JPG,20230706,theta,indoor,40.457831,-79.932283,270.9,191.7,RICOH THETA Z1,2023:07:06 14:56:42,2023-07-06T18:55:38Z,
cali_hdr,20230706/theta/coda_334_14:56/R0011441.JPG,20230706,theta,indoor,40.457831,-79.932283,270.9,195.2,RICOH THETA Z1,2023:07:06 14:56:37,2023-07-06T18:55:38Z,
cali_hdr,20230706/theta/coda_334_14:56/R0011438.JPG,20230706,theta,indoor,40.457831,-79.932283,270.9,189.6,RICOH THETA Z1,2023:07:06 14:56:18,2023-07-06T18:55:38Z,
cali_hdr,20230706/theta/coda_334_14:56/R0011435.JPG,20230706,theta,indoor,40.457831,-79.932283,270.9,188.1,RICOH THETA Z1,2023:07:06 14:55:59,2023-07-06T18:55:38Z,
cali_hdr,20230706/theta/coda_334_14:56/R0011436.JPG,20230706,theta,indoor,40.457831,-79.932283,270.9,187.7,RICOH THETA Z1,2023:07:06 14:56:05,2023-07-06T18:55:38Z,
cali_hdr,20230706/theta/coda_334_14:56/R0011439.JPG,20230706,theta,indoor,40.457831,-79.932283,270.9,190.9,RICOH THETA Z1,2023:07:06 14:56:24,2023-07-06T18:55:38Z,
cali_hdr,20230706/theta/coda_334_14:56/R0011437.JPG,20230706,theta,indoor,40.457831,-79.932283,270.9,193.7,RICOH THETA Z1,2023:07:06 14:56:12,2023-07-06T18:55:38Z,
cali_hdr,20230706/theta/coda_334_10:56/R0011389.JPG,20230706,theta,indoor,40.458153,-79.9325,286.5,187.2,RICOH THETA Z1,2023:07:06 10:56:02,2023-07-06T14:55:51Z,
cali_hdr,20230706/theta/coda_334_10:56/R0011397.JPG,20230706,theta,indoor,40.458153,-79.9325,286.5,191.9,RICOH THETA Z1,2023:07:06 10:56:55,2023-07-06T14:55:51Z,
cali_hdr,20230706/theta/coda_334_10:56/R0011392.JPG,20230706,theta,indoor,40.458153,-79.9325,286.5,187.3,RICOH THETA Z1,2023:07:06 10:56:22,2023-07-06T14:55:51Z,
cali_hdr,20230706/theta/coda_334_10:56/R0011396.JPG,20230706,theta,indoor,40.458153,-79.9325,286.5,193.6,RICOH THETA Z1,2023:07:06 10:56:49,2023-07-06T14:55:51Z,
cali_hdr,20230706/theta/coda_334_10:56/R0011393.JPG,20230706,theta,indoor,40.458153,-79.9325,286.5,190.1,RICOH THETA Z1,2023:07:06 10:56:29,2023-07-06T14:55:51Z,
cali_hdr,20230706/theta/coda_334_10:56/R0011395.JPG,20230706,theta,indoor,40.458153,-79.9325,286.5,193.0,RICOH THETA Z1,2023:07:06 10:56:42,2023-07-06T14:55:51Z,
cali_hdr,20230706/theta/coda_334_10:56/R0011390.JPG,20230706,theta,indoor,40.458153,-79.9325,286.5,196.8,RICOH THETA Z1,2023:07:06 10:56:09,2023-07-06T14:55:51Z,
cali_hdr,20230706/theta/coda_334_10:56/R0011394.JPG,20230706,theta,indoor,40.458153,-79.9325,286.5,197.7,RICOH THETA Z1,2023:07:06 10:56:36,2023-07-06T14:55:51Z,
cali_hdr,20230706/theta/coda_334_10:56/R0011391.JPG,20230706,theta,indoor,40.458153,-79.9325,286.5,187.8,RICOH THETA Z1,2023:07:06 10:56:15,2023-07-06T14:55:51Z,
cali_hdr,20230706/theta/coda_334_09:56/R0011382.JPG,20230706,theta,indoor,40.457781,-79.932158,271.0,191.3,RICOH THETA Z1,2023:07:06 09:55:46,2023-07-06T13:55:06Z,
cali_hdr,20230706/theta/coda_334_09:56/R0011383.JPG,20230706,theta,indoor,40.457781,-79.932158,271.0,187.9,RICOH THETA Z1,2023:07:06 09:55:53,2023-07-06T13:55:06Z,
cali_hdr,20230706/theta/coda_334_09:56/R0011387.JPG,20230706,theta,indoor,40.457781,-79.932158,271.0,193.9,RICOH THETA Z1,2023:07:06 09:56:17,2023-07-06T13:55:06Z,
cali_hdr,20230706/theta/coda_334_09:56/R0011388.JPG,20230706,theta,indoor,40.457781,-79.932158,271.0,193.2,RICOH THETA Z1,2023:07:06 09:56:23,2023-07-06T13:55:06Z,
cali_hdr,20230706/theta/coda_334_09:56/R0011380.JPG,20230706,theta,indoor,40.457781,-79.932158,271.0,194.9,RICOH THETA Z1,2023:07:06 09:55:33,2023-07-06T13:55:06Z,
cali_hdr,20230706/theta/coda_334_09:56/R0011384.JPG,20230706,theta,indoor,40.457781,-79.932158,271.0,194.6,RICOH THETA Z1,2023:07:06 09:55:59,2023-07-06T13:55:06Z,
cali_hdr,20230706/theta/coda_334_09:56/R0011386.JPG,20230706,theta,indoor,40.457781,-79.932158,271.0,186.8,RICOH THETA Z1,2023:07:06 09:56:11,2023-07-06T13:55:06Z,
cali_hdr,20230706/theta/coda_334_09:56/R0011381.JPG,20230706,theta,indoor,40.457781,-79.932158,271.0,193.4,RICOH THETA Z1,2023:07:06 09:55:40,2023-07-06T13:55:06Z,
cali_hdr,20230706/theta/coda_334_09:56/R0011385.JPG,20230706,theta,indoor,40.457781,-79.932158,271.0,196.5,RICOH THETA Z1,2023:07:06 09:56:05,2023-07-06T13:55:06Z,
cali_hdr,20230706/theta/coda_334_06:56/R0011359.JPG,20230706,theta,indoor,40.458153,-79.9325,286.5,203.7,RICOH THETA Z1,2023:07:06 06:56:08,2023-07-06T10:52:09Z,
cali_hdr,20230706/theta/coda_334_06:56/R0011357.JPG,20230706,theta,indoor,40.458153,-79.9325,286.5,188.8,RICOH THETA Z1,2023:07:06 06:55:55,2023-07-06T10:52:09Z,
cali_hdr,20230706/theta/coda_334_06:56/R0011360.JPG,20230706,theta,indoor,40.458153,-79.9325,286.5,202.5,RICOH THETA Z1,2023:07:06 06:56:14,2023-07-06T10:52:09Z,
cali_hdr,20230706/theta/coda_334_06:56/R0011361.JPG,20230706,theta,indoor,40.458153,-79.9325,286.5,191.7,RICOH THETA Z1,2023:07:06 06:56:20,2023-07-06T10:52:09Z,
cali_hdr,20230706/theta/coda_334_06:56/R0011356.JPG,20230706,theta,indoor,40.458153,-79.9325,286.5,192.9,RICOH THETA Z1,2023:07:06 06:55:49,2023-07-06T10:52:09Z,
cali_hdr,20230706/theta/coda_334_06:56/R0011354.JPG,20230706,theta,indoor,40.458153,-79.9325,286.5,196.9,RICOH THETA Z1,2023:07:06 06:55:35,2023-07-06T10:52:09Z,
cali_hdr,20230706/theta/coda_334_06:56/R0011355.JPG,20230706,theta,indoor,40.458153,-79.9325,286.5,191.4,RICOH THETA Z1,2023:07:06 06:55:42,2023-07-06T10:52:09Z,
cali_hdr,20230706/theta/coda_334_06:56/R0011358.JPG,20230706,theta,indoor,40.458153,-79.9325,286.5,191.7,RICOH THETA Z1,2023:07:06 06:56:02,2023-07-06T10:52:09Z,
cali_hdr,20230706/theta/coda_334_06:56/R0011353.JPG,20230706,theta,indoor,40.458153,-79.9325,286.5,194.2,RICOH THETA Z1,2023:07:06 06:55:28,2023-07-06T10:52:09Z,
cali_hdr,20230706/theta/coda_334_08:56/R0011377.JPG,20230706,theta,indoor,40.458153,-79.9325,287.6,194.4,RICOH THETA Z1,2023:07:06 08:57:02,2023-07-06T12:56:12Z,
cali_hdr,20230706/theta/coda_334_08:56/R0011376.JPG,20230706,theta,indoor,40.458153,-79.9325,287.6,195.4,RICOH THETA Z1,2023:07:06 08:56:55,2023-07-06T12:56:12Z,
cali_hdr,20230706/theta/coda_334_08:56/R0011375.JPG,20230706,theta,indoor,40.458153,-79.9325,287.6,186.0,RICOH THETA Z1,2023:07:06 08:56:49,2023-07-06T12:56:12Z,
cali_hdr,20230706/theta/coda_334_08:56/R0011374.JPG,20230706,theta,indoor,40.458153,-79.9325,287.6,189.1,RICOH THETA Z1,2023:07:06 08:56:43,2023-07-06T12:56:12Z,
cali_hdr,20230706/theta/coda_334_08:56/R0011371.JPG,20230706,theta,indoor,40.458153,-79.9325,287.6,192.2,RICOH THETA Z1,2023:07:06 08:56:23,2023-07-06T12:56:12Z,
cali_hdr,20230706/theta/coda_334_08:56/R0011378.JPG,20230706,theta,indoor,40.458153,-79.9325,287.6,195.8,RICOH THETA Z1,2023:07:06 08:57:08,2023-07-06T12:56:12Z,
cali_hdr,20230706/theta/coda_334_08:56/R0011379.JPG,20230706,theta,indoor,40.458153,-79.9325,287.6,192.4,RICOH THETA Z1,2023:07:06 08:57:14,2023-07-06T12:56:12Z,
cali_hdr,20230706/theta/coda_334_08:56/R0011373.JPG,20230706,theta,indoor,40.458153,-79.9325,287.6,190.3,RICOH THETA Z1,2023:07:06 08:56:36,2023-07-06T12:56:12Z,
cali_hdr,20230706/theta/coda_334_08:56/R0011372.JPG,20230706,theta,indoor,40.458153,-79.9325,287.6,187.8,RICOH THETA Z1,2023:07:06 08:56:30,2023-07-06T12:56:12Z,
cali_hdr,20230615/theta/coda_334_13:40/R0011148.JPG,20230615,theta,indoor,40.458158,-79.9325,282.9,209.0,RICOH THETA Z1,2023:06:15 13:41:11,2023-06-15T17:40:45Z,
cali_hdr,20230615/theta/coda_334_13:40/R0011152.JPG,20230615,theta,indoor,40.458158,-79.9325,282.9,201.9,RICOH THETA Z1,2023:06:15 13:41:35,2023-06-15T17:40:45Z,
cali_hdr,20230615/theta/coda_334_13:40/R0011153.JPG,20230615,theta,indoor,40.458158,-79.9325,282.9,195.7,RICOH THETA Z1,2023:06:15 13:41:41,2023-06-15T17:40:45Z,
cali_hdr,20230615/theta/coda_334_13:40/R0011150.JPG,20230615,theta,indoor,40.458158,-79.9325,282.9,207.5,RICOH THETA Z1,2023:06:15 13:41:23,2023-06-15T17:40:45Z,
cali_hdr,20230615/theta/coda_334_13:40/R0011147.JPG,20230615,theta,indoor,40.458158,-79.9325,282.9,201.8,RICOH THETA Z1,2023:06:15 13:41:04,2023-06-15T17:40:45Z,
cali_hdr,20230615/theta/coda_334_13:40/R0011146.JPG,20230615,theta,indoor,40.458158,-79.9325,282.9,202.1,RICOH THETA Z1,2023:06:15 13:40:57,2023-06-15T17:40:45Z,
cali_hdr,20230615/theta/coda_334_13:40/R0011149.JPG,20230615,theta,indoor,40.458158,-79.9325,282.9,201.8,RICOH THETA Z1,2023:06:15 13:41:17,2023-06-15T17:40:45Z,
cali_hdr,20230615/theta/coda_334_13:40/R0011154.JPG,20230615,theta,indoor,40.458158,-79.9325,282.9,201.1,RICOH THETA Z1,2023:06:15 13:41:48,2023-06-15T17:40:45Z,
cali_hdr,20230615/theta/coda_334_13:40/R0011151.JPG,20230615,theta,indoor,40.458158,-79.9325,282.9,198.4,RICOH THETA Z1,2023:06:15 13:41:29,2023-06-15T17:40:45Z,
cali_hdr,20230615/theta/coda_334_11:56/R0011092.JPG,20230615,theta,indoor,40.457892,-79.932308,271.0,202.9,RICOH THETA Z1,2023:06:15 11:55:41,2023-06-15T15:55:30Z,
cali_hdr,20230615/theta/coda_334_11:56/R0011097.JPG,20230615,theta,indoor,40.457892,-79.932308,271.0,198.9,RICOH THETA Z1,2023:06:15 11:56:13,2023-06-15T15:55:30Z,
cali_hdr,20230615/theta/coda_334_11:56/R0011093.JPG,20230615,theta,indoor,40.457892,-79.932308,271.0,203.8,RICOH THETA Z1,2023:06:15 11:55:48,2023-06-15T15:55:30Z,
cali_hdr,20230615/theta/coda_334_11:56/R0011095.JPG,20230615,theta,indoor,40.457892,-79.932308,271.0,202.0,RICOH THETA Z1,2023:06:15 11:56:02,2023-06-15T15:55:30Z,
cali_hdr,20230615/theta/coda_334_11:56/R0011098.JPG,20230615,theta,indoor,40.457892,-79.932308,271.0,206.6,RICOH THETA Z1,2023:06:15 11:56:20,2023-06-15T15:55:30Z,
cali_hdr,20230615/theta/coda_334_11:56/R0011099.JPG,20230615,theta,indoor,40.457892,-79.932308,271.0,197.1,RICOH THETA Z1,2023:06:15 11:56:26,2023-06-15T15:55:30Z,
cali_hdr,20230615/theta/coda_334_11:56/R0011096.JPG,20230615,theta,indoor,40.457892,-79.932308,271.0,200.1,RICOH THETA Z1,2023:06:15 11:56:08,2023-06-15T15:55:30Z,
cali_hdr,20230615/theta/coda_334_11:56/R0011094.JPG,20230615,theta,indoor,40.457892,-79.932308,271.0,200.5,RICOH THETA Z1,2023:06:15 11:55:55,2023-06-15T15:55:30Z,
cali_hdr,20230615/theta/coda_334_11:56/R0011100.JPG,20230615,theta,indoor,40.457892,-79.932308,271.0,193.7,RICOH THETA Z1,2023:06:15 11:56:32,2023-06-15T15:55:30Z,
cali_hdr,20230615/theta/coda_334_13:34/R0011140.JPG,20230615,theta,indoor,40.458158,-79.9325,288.6,207.2,RICOH THETA Z1,2023:06:15 13:35:35,2023-06-15T17:35:00Z,
cali_hdr,20230615/theta/coda_334_13:34/R0011139.JPG,20230615,theta,indoor,40.458158,-79.9325,288.6,202.2,RICOH THETA Z1,2023:06:15 13:35:28,2023-06-15T17:35:00Z,
cali_hdr,20230615/theta/coda_334_13:34/R0011142.JPG,20230615,theta,indoor,40.458158,-79.9325,288.6,202.6,RICOH THETA Z1,2023:06:15 13:35:47,2023-06-15T17:35:00Z,
cali_hdr,20230615/theta/coda_334_13:34/R0011137.JPG,20230615,theta,indoor,40.458158,-79.9325,288.6,204.6,RICOH THETA Z1,2023:06:15 13:35:14,2023-06-15T17:35:00Z,
cali_hdr,20230615/theta/coda_334_13:34/R0011143.JPG,20230615,theta,indoor,40.458158,-79.9325,288.6,197.0,RICOH THETA Z1,2023:06:15 13:35:53,2023-06-15T17:35:00Z,
cali_hdr,20230615/theta/coda_334_13:34/R0011138.JPG,20230615,theta,indoor,40.458158,-79.9325,288.6,206.6,RICOH THETA Z1,2023:06:15 13:35:22,2023-06-15T17:35:00Z,
cali_hdr,20230615/theta/coda_334_13:34/R0011145.JPG,20230615,theta,indoor,40.458158,-79.9325,288.6,201.1,RICOH THETA Z1,2023:06:15 13:36:06,2023-06-15T17:35:00Z,
cali_hdr,20230615/theta/coda_334_13:34/R0011144.JPG,20230615,theta,indoor,40.458158,-79.9325,288.6,200.5,RICOH THETA Z1,2023:06:15 13:35:59,2023-06-15T17:35:00Z,
cali_hdr,20230615/theta/coda_334_13:34/R0011141.JPG,20230615,theta,indoor,40.458158,-79.9325,288.6,201.4,RICOH THETA Z1,2023:06:15 13:35:41,2023-06-15T17:35:00Z,
cali_hdr,20230615/theta/coda_334_13:17/R0011126.JPG,20230615,theta,indoor,40.458158,-79.9325,272.6,202.0,RICOH THETA Z1,2023:06:15 13:18:39,2023-06-15T17:17:28Z,
cali_hdr,20230615/theta/coda_334_13:17/R0011116.JPG,20230615,theta,indoor,40.457911,-79.932336,271.2,200.2,RICOH THETA Z1,2023:06:15 13:17:12,2023-06-15T17:16:13Z,
cali_hdr,20230615/theta/coda_334_13:17/R0011111.JPG,20230615,theta,indoor,40.457911,-79.932336,271.2,200.6,RICOH THETA Z1,2023:06:15 13:16:40,2023-06-15T17:16:13Z,
cali_hdr,20230615/theta/coda_334_13:17/R0011117.JPG,20230615,theta,indoor,40.457911,-79.932336,271.2,201.6,RICOH THETA Z1,2023:06:15 13:17:18,2023-06-15T17:16:13Z,
cali_hdr,20230615/theta/coda_334_13:17/R0011112.JPG,20230615,theta,indoor,40.457911,-79.932336,271.2,199.0,RICOH THETA Z1,2023:06:15 13:16:47,2023-06-15T17:16:13Z,
cali_hdr,20230615/theta/coda_334_13:17/R0011110.JPG,20230615,theta,indoor,40.457911,-79.932336,271.2,191.9,RICOH THETA Z1,2023:06:15 13:16:33,2023-06-15T17:16:13Z,
cali_hdr,20230615/theta/coda_334_13:17/R0011118.JPG,20230615,theta,indoor,40.457911,-79.932336,271.2,201.8,RICOH THETA Z1,2023:06:15 13:17:24,2023-06-15T17:16:13Z,
cali_hdr,20230615/theta/coda_334_13:17/R0011121.JPG,20230615,theta,indoor,40.458158,-79.9325,272.6,204.1,RICOH THETA Z1,2023:06:15 13:18:07,2023-06-15T17:17:28Z,
cali_hdr,20230615/theta/coda_334_13:17/R0011123.JPG,20230615,theta,indoor,40.458158,-79.9325,272.6,201.1,RICOH THETA Z1,2023:06:15 13:18:20,2023-06-15T17:17:28Z,
cali_hdr,20230615/theta/coda_334_13:17/R0011124.JPG,20230615,theta,indoor,40.458158,-79.9325,272.6,197.2,RICOH THETA Z1,2023:06:15 13:18:26,2023-06-15T17:17:28Z,
cali_hdr,20230615/theta/coda_334_13:17/R0011115.JPG,20230615,theta,indoor,40.457911,-79.932336,271.2,199.2,RICOH THETA Z1,2023:06:15 13:17:05,2023-06-15T17:16:13Z,
cali_hdr,20230615/theta/coda_334_13:17/R0011122.JPG,20230615,theta,indoor,40.458158,-79.9325,272.6,207.2,RICOH THETA Z1,2023:06:15 13:18:13,2023-06-15T17:17:28Z,
cali_hdr,20230615/theta/coda_334_13:17/R0011114.JPG,20230615,theta,indoor,40.457911,-79.932336,271.2,202.2,RICOH THETA Z1,2023:06:15 13:16:59,2023-06-15T17:16:13Z,
cali_hdr,20230615/theta/coda_334_13:17/R0011125.JPG,20230615,theta,indoor,40.458158,-79.9325,272.6,197.1,RICOH THETA Z1,2023:06:15 13:18:33,2023-06-15T17:17:28Z,
cali_hdr,20230615/theta/coda_334_13:17/R0011120.JPG,20230615,theta,indoor,40.458158,-79.9325,272.6,198.1,RICOH THETA Z1,2023:06:15 13:18:01,2023-06-15T17:17:28Z,
cali_hdr,20230615/theta/coda_334_13:17/R0011127.JPG,20230615,theta,indoor,40.458158,-79.9325,272.6,196.3,RICOH THETA Z1,2023:06:15 13:18:45,2023-06-15T17:17:28Z,
cali_hdr,20230615/theta/coda_334_13:17/R0011113.JPG,20230615,theta,indoor,40.457911,-79.932336,271.2,211.1,RICOH THETA Z1,2023:06:15 13:16:53,2023-06-15T17:16:13Z,
cali_hdr,20230615/theta/coda_334_13:17/R0011119.JPG,20230615,theta,indoor,40.458158,-79.9325,272.6,204.0,RICOH THETA Z1,2023:06:15 13:17:53,2023-06-15T17:17:28Z,
cali_hdr,20230615/theta/coda_334_13:32/R0011135.JPG,20230615,theta,indoor,40.457875,-79.932267,270.9,198.7,RICOH THETA Z1,2023:06:15 13:32:51,2023-06-15T17:30:53Z,
cali_hdr,20230615/theta/coda_334_13:32/R0011131.JPG,20230615,theta,indoor,40.457875,-79.932267,270.9,201.7,RICOH THETA Z1,2023:06:15 13:32:26,2023-06-15T17:30:53Z,
cali_hdr,20230615/theta/coda_334_13:32/R0011136.JPG,20230615,theta,indoor,40.457875,-79.932267,270.9,195.9,RICOH THETA Z1,2023:06:15 13:32:56,2023-06-15T17:30:53Z,
cali_hdr,20230615/theta/coda_334_13:32/R0011129.JPG,20230615,theta,indoor,40.457875,-79.932267,270.9,206.7,RICOH THETA Z1,2023:06:15 13:32:13,2023-06-15T17:30:53Z,
cali_hdr,20230615/theta/coda_334_13:32/R0011128.JPG,20230615,theta,indoor,40.457875,-79.932267,270.9,200.5,RICOH THETA Z1,2023:06:15 13:32:06,2023-06-15T17:30:53Z,
cali_hdr,20230615/theta/coda_334_13:32/R0011132.JPG,20230615,theta,indoor,40.457875,-79.932267,270.9,195.7,RICOH THETA Z1,2023:06:15 13:32:33,2023-06-15T17:30:53Z,
cali_hdr,20230615/theta/coda_334_13:32/R0011130.JPG,20230615,theta,indoor,40.457875,-79.932267,270.9,200.2,RICOH THETA Z1,2023:06:15 13:32:20,2023-06-15T17:30:53Z,
cali_hdr,20230615/theta/coda_334_13:32/R0011134.JPG,20230615,theta,indoor,40.457875,-79.932267,270.9,201.3,RICOH THETA Z1,2023:06:15 13:32:45,2023-06-15T17:30:53Z,
cali_hdr,20230615/theta/coda_334_13:32/R0011133.JPG,20230615,theta,indoor,40.457875,-79.932267,270.9,197.7,RICOH THETA Z1,2023:06:15 13:32:39,2023-06-15T17:30:53Z,
cali_hdr,20230615/theta/coda_334_14:00/R0011162.JPG,20230615,theta,indoor,40.458158,-79.9325,288.8,207.1,RICOH THETA Z1,2023:06:15 14:01:11,2023-06-15T17:59:49Z,
cali_hdr,20230615/theta/coda_334_14:00/R0011157.JPG,20230615,theta,indoor,40.458158,-79.9325,288.8,206.1,RICOH THETA Z1,2023:06:15 14:00:39,2023-06-15T17:59:49Z,
cali_hdr,20230615/theta/coda_334_14:00/R0011158.JPG,20230615,theta,indoor,40.458158,-79.9325,288.8,200.7,RICOH THETA Z1,2023:06:15 14:00:45,2023-06-15T17:59:49Z,
cali_hdr,20230615/theta/coda_334_14:00/R0011156.JPG,20230615,theta,indoor,40.458158,-79.9325,288.8,207.9,RICOH THETA Z1,2023:06:15 14:00:32,2023-06-15T17:59:49Z,
cali_hdr,20230615/theta/coda_334_14:00/R0011161.JPG,20230615,theta,indoor,40.458158,-79.9325,288.8,200.4,RICOH THETA Z1,2023:06:15 14:01:05,2023-06-15T17:59:49Z,
cali_hdr,20230615/theta/coda_334_14:00/R0011160.JPG,20230615,theta,indoor,40.458158,-79.9325,288.8,203.8,RICOH THETA Z1,2023:06:15 14:00:58,2023-06-15T17:59:49Z,
cali_hdr,20230615/theta/coda_334_14:00/R0011163.JPG,20230615,theta,indoor,40.458158,-79.9325,288.8,198.7,RICOH THETA Z1,2023:06:15 14:01:17,2023-06-15T17:59:49Z,
cali_hdr,20230615/theta/coda_334_14:00/R0011159.JPG,20230615,theta,indoor,40.458158,-79.9325,288.8,197.4,RICOH THETA Z1,2023:06:15 14:00:52,2023-06-15T17:59:49Z,
cali_hdr,20230615/theta/coda_334_14:00/R0011155.JPG,20230615,theta,indoor,40.458158,-79.9325,288.8,202.7,RICOH THETA Z1,2023:06:15 14:00:25,2023-06-15T17:59:49Z,
cali_hdr,20230615/theta/coda_334_13:07/R0011109.JPG,20230615,theta,indoor,40.458158,-79.9325,272.5,205.8,RICOH THETA Z1,2023:06:15 13:07:48,2023-06-15T17:06:46Z,
cali_hdr,20230615/theta/coda_334_13:07/R0011101.JPG,20230615,theta,indoor,40.458158,-79.9325,272.5,198.5,RICOH THETA Z1,2023:06:15 13:06:58,2023-06-15T17:06:46Z,
cali_hdr,20230615/theta/coda_334_13:07/R0011106.JPG,20230615,theta,indoor,40.458158,-79.9325,272.5,200.6,RICOH THETA Z1,2023:06:15 13:07:30,2023-06-15T17:06:46Z,
cali_hdr,20230615/theta/coda_334_13:07/R0011102.JPG,20230615,theta,indoor,40.458158,-79.9325,272.5,203.0,RICOH THETA Z1,2023:06:15 13:07:05,2023-06-15T17:06:46Z,
cali_hdr,20230615/theta/coda_334_13:07/R0011104.JPG,20230615,theta,indoor,40.458158,-79.9325,272.5,199.6,RICOH THETA Z1,2023:06:15 13:07:18,2023-06-15T17:06:46Z,
cali_hdr,20230615/theta/coda_334_13:07/R0011105.JPG,20230615,theta,indoor,40.458158,-79.9325,272.5,200.1,RICOH THETA Z1,2023:06:15 13:07:23,2023-06-15T17:06:46Z,
cali_hdr,20230615/theta/coda_334_13:07/R0011108.JPG,20230615,theta,indoor,40.458158,-79.9325,272.5,202.8,RICOH THETA Z1,2023:06:15 13:07:43,2023-06-15T17:06:46Z,
cali_hdr,20230615/theta/coda_334_13:07/R0011107.JPG,20230615,theta,indoor,40.458158,-79.9325,272.5,201.7,RICOH THETA Z1,2023:06:15 13:07:36,2023-06-15T17:06:46Z,
cali_hdr,20230615/theta/coda_334_13:07/R0011103.JPG,20230615,theta,indoor,40.458158,-79.9325,272.5,196.2,RICOH THETA Z1,2023:06:15 13:07:12,2023-06-15T17:06:46Z,
cali_hdr,20230528/theta/coda_334_14:16/R0010979.JPG,20230528,theta,indoor,40.457903,-79.932225,291.9,198.7,RICOH THETA Z1,2023:05:28 14:17:35,2023-05-28T18:16:58Z,
cali_hdr,20230528/theta/coda_334_14:16/R0010975.JPG,20230528,theta,indoor,40.457903,-79.932225,291.9,201.8,RICOH THETA Z1,2023:05:28 14:17:08,2023-05-28T18:16:58Z,
cali_hdr,20230528/theta/coda_334_14:16/R0010978.JPG,20230528,theta,indoor,40.457903,-79.932225,291.9,205.1,RICOH THETA Z1,2023:05:28 14:17:29,2023-05-28T18:16:58Z,
cali_hdr,20230528/theta/coda_334_14:16/R0010976.JPG,20230528,theta,indoor,40.457903,-79.932225,291.9,205.1,RICOH THETA Z1,2023:05:28 14:17:15,2023-05-28T18:16:58Z,
cali_hdr,20230528/theta/coda_334_14:16/R0010980.JPG,20230528,theta,indoor,40.457903,-79.932225,291.9,202.0,RICOH THETA Z1,2023:05:28 14:17:41,2023-05-28T18:16:58Z,
cali_hdr,20230528/theta/coda_334_14:16/R0010977.JPG,20230528,theta,indoor,40.457903,-79.932225,291.9,203.2,RICOH THETA Z1,2023:05:28 14:17:22,2023-05-28T18:16:58Z,
cali_hdr,20230528/theta/coda_334_14:16/R0010981.JPG,20230528,theta,indoor,40.457903,-79.932225,291.9,208.4,RICOH THETA Z1,2023:05:28 14:17:47,2023-05-28T18:16:58Z,
cali_hdr,20230528/theta/coda_334_14:16/R0010983.JPG,20230528,theta,indoor,40.457903,-79.932225,291.9,202.4,RICOH THETA Z1,2023:05:28 14:17:59,2023-05-28T18:16:58Z,
cali_hdr,20230528/theta/coda_334_14:16/R0010982.JPG,20230528,theta,indoor,40.457903,-79.932225,291.9,203.6,RICOH THETA Z1,2023:05:28 14:17:53,2023-05-28T18:16:58Z,
cali_hdr,20230528/theta/coda_334_14:18/R0010987.JPG,20230528,theta,indoor,40.457881,-79.932253,290.6,198.8,RICOH THETA Z1,2023:05:28 14:19:07,2023-05-28T18:18:13Z,
cali_hdr,20230528/theta/coda_334_14:18/R0010988.JPG,20230528,theta,indoor,40.457881,-79.932253,290.6,204.8,RICOH THETA Z1,2023:05:28 14:19:13,2023-05-28T18:18:13Z,
cali_hdr,20230528/theta/coda_334_14:18/R0010989.JPG,20230528,theta,indoor,40.457881,-79.932253,290.6,205.0,RICOH THETA Z1,2023:05:28 14:19:19,2023-05-28T18:18:13Z,
cali_hdr,20230528/theta/coda_334_14:18/R0010984.JPG,20230528,theta,indoor,40.457881,-79.932253,290.6,204.5,RICOH THETA Z1,2023:05:28 14:18:46,2023-05-28T18:18:13Z,
cali_hdr,20230528/theta/coda_334_14:18/R0010990.JPG,20230528,theta,indoor,40.457881,-79.932253,290.6,203.8,RICOH THETA Z1,2023:05:28 14:19:26,2023-05-28T18:18:13Z,
cali_hdr,20230528/theta/coda_334_14:18/R0010986.JPG,20230528,theta,indoor,40.457881,-79.932253,290.6,200.3,RICOH THETA Z1,2023:05:28 14:19:00,2023-05-28T18:18:13Z,
cali_hdr,20230528/theta/coda_334_14:18/R0010992.JPG,20230528,theta,indoor,40.457881,-79.932253,290.6,207.7,RICOH THETA Z1,2023:05:28 14:19:38,2023-05-28T18:18:13Z,
cali_hdr,20230528/theta/coda_334_14:18/R0010991.JPG,20230528,theta,indoor,40.457881,-79.932253,290.6,204.4,RICOH THETA Z1,2023:05:28 14:19:32,2023-05-28T18:18:13Z,
cali_hdr,20230528/theta/coda_334_14:18/R0010985.JPG,20230528,theta,indoor,40.457881,-79.932253,290.6,209.9,RICOH THETA Z1,2023:05:28 14:18:53,2023-05-28T18:18:13Z,
cali_hdr,20230528/theta/coda_334_14:03/R0010967.JPG,20230528,theta,indoor,40.457908,-79.932239,290.5,196.1,RICOH THETA Z1,2023:05:28 14:03:56,2023-05-28T18:02:41Z,
cali_hdr,20230528/theta/coda_334_14:03/R0010972.JPG,20230528,theta,indoor,40.457908,-79.932239,290.5,197.0,RICOH THETA Z1,2023:05:28 14:04:28,2023-05-28T18:02:41Z,
cali_hdr,20230528/theta/coda_334_14:03/R0010968.JPG,20230528,theta,indoor,40.457908,-79.932239,290.5,203.0,RICOH THETA Z1,2023:05:28 14:04:03,2023-05-28T18:02:41Z,
cali_hdr,20230528/theta/coda_334_14:03/R0010966.JPG,20230528,theta,indoor,40.457908,-79.932239,290.5,200.0,RICOH THETA Z1,2023:05:28 14:03:49,2023-05-28T18:02:41Z,
cali_hdr,20230528/theta/coda_334_14:03/R0010971.JPG,20230528,theta,indoor,40.457908,-79.932239,290.5,216.4,RICOH THETA Z1,2023:05:28 14:04:22,2023-05-28T18:02:41Z,
cali_hdr,20230528/theta/coda_334_14:03/R0010974.JPG,20230528,theta,indoor,40.457908,-79.932239,290.5,206.7,RICOH THETA Z1,2023:05:28 14:04:40,2023-05-28T18:02:41Z,
cali_hdr,20230528/theta/coda_334_14:03/R0010973.JPG,20230528,theta,indoor,40.457908,-79.932239,290.5,200.1,RICOH THETA Z1,2023:05:28 14:04:34,2023-05-28T18:02:41Z,
cali_hdr,20230528/theta/coda_334_14:03/R0010969.JPG,20230528,theta,indoor,40.457908,-79.932239,290.5,204.0,RICOH THETA Z1,2023:05:28 14:04:09,2023-05-28T18:02:41Z,
cali_hdr,20230528/theta/coda_334_14:03/R0010970.JPG,20230528,theta,indoor,40.457908,-79.932239,290.5,198.3,RICOH THETA Z1,2023:05:28 14:04:15,2023-05-28T18:02:41Z,
cali_hdr,20230528/theta/coda_334_14:01/R0010957.JPG,20230528,theta,indoor,40.457911,-79.93225,270.9,198.1,RICOH THETA Z1,2023:05:28 14:01:38,2023-05-28T18:01:27Z,
cali_hdr,20230528/theta/coda_334_14:01/R0010960.JPG,20230528,theta,indoor,40.457911,-79.93225,270.9,206.4,RICOH THETA Z1,2023:05:28 14:01:58,2023-05-28T18:01:27Z,
cali_hdr,20230528/theta/coda_334_14:01/R0010964.JPG,20230528,theta,indoor,40.457911,-79.93225,270.9,200.7,RICOH THETA Z1,2023:05:28 14:02:23,2023-05-28T18:01:27Z,
cali_hdr,20230528/theta/coda_334_14:01/R0010965.JPG,20230528,theta,indoor,40.457911,-79.93225,270.9,198.0,RICOH THETA Z1,2023:05:28 14:02:28,2023-05-28T18:01:27Z,
cali_hdr,20230528/theta/coda_334_14:01/R0010958.JPG,20230528,theta,indoor,40.457911,-79.93225,270.9,199.7,RICOH THETA Z1,2023:05:28 14:01:45,2023-05-28T18:01:27Z,
cali_hdr,20230528/theta/coda_334_14:01/R0010959.JPG,20230528,theta,indoor,40.457911,-79.93225,270.9,208.5,RICOH THETA Z1,2023:05:28 14:01:51,2023-05-28T18:01:27Z,
cali_hdr,20230528/theta/coda_334_14:01/R0010962.JPG,20230528,theta,indoor,40.457911,-79.93225,270.9,196.6,RICOH THETA Z1,2023:05:28 14:02:10,2023-05-28T18:01:27Z,
cali_hdr,20230528/theta/coda_334_14:01/R0010961.JPG,20230528,theta,indoor,40.457911,-79.93225,270.9,193.5,RICOH THETA Z1,2023:05:28 14:02:04,2023-05-28T18:01:27Z,
cali_hdr,20230528/theta/coda_334_14:01/R0010963.JPG,20230528,theta,indoor,40.457911,-79.93225,270.9,205.5,RICOH THETA Z1,2023:05:28 14:02:17,2023-05-28T18:01:27Z,
cali_hdr,20230528/theta/coda_334_13:32/R0010935.JPG,20230528,theta,indoor,40.457889,-79.932225,285.8,203.8,RICOH THETA Z1,2023:05:28 13:32:57,2023-05-28T17:32:11Z,
cali_hdr,20230528/theta/coda_334_13:32/R0010932.JPG,20230528,theta,indoor,40.457889,-79.932225,285.8,203.0,RICOH THETA Z1,2023:05:28 13:32:37,2023-05-28T17:32:11Z,
cali_hdr,20230528/theta/coda_334_13:32/R0010937.JPG,20230528,theta,indoor,40.457889,-79.932225,285.8,208.8,RICOH THETA Z1,2023:05:28 13:33:10,2023-05-28T17:32:11Z,
cali_hdr,20230528/theta/coda_334_13:32/R0010936.JPG,20230528,theta,indoor,40.457889,-79.932225,285.8,200.5,RICOH THETA Z1,2023:05:28 13:33:04,2023-05-28T17:32:11Z,
cali_hdr,20230528/theta/coda_334_13:32/R0010934.JPG,20230528,theta,indoor,40.457889,-79.932225,285.8,196.6,RICOH THETA Z1,2023:05:28 13:32:50,2023-05-28T17:32:11Z,
cali_hdr,20230528/theta/coda_334_13:32/R0010938.JPG,20230528,theta,indoor,40.457889,-79.932225,285.8,203.1,RICOH THETA Z1,2023:05:28 13:33:16,2023-05-28T17:32:11Z,
cali_hdr,20230528/theta/coda_334_13:32/R0010933.JPG,20230528,theta,indoor,40.457889,-79.932225,285.8,206.6,RICOH THETA Z1,2023:05:28 13:32:44,2023-05-28T17:32:11Z,
cali_hdr,20230528/theta/coda_334_13:32/R0010930.JPG,20230528,theta,indoor,40.457889,-79.932225,285.8,200.7,RICOH THETA Z1,2023:05:28 13:32:23,2023-05-28T17:32:11Z,
cali_hdr,20230528/theta/coda_334_13:32/R0010931.JPG,20230528,theta,indoor,40.457889,-79.932225,285.8,202.0,RICOH THETA Z1,2023:05:28 13:32:31,2023-05-28T17:32:11Z,
cali_hdr,20230528/theta/coda_334_13:44/R0010945.JPG,20230528,theta,indoor,40.457875,-79.9322,270.9,206.2,RICOH THETA Z1,2023:05:28 13:44:47,2023-05-28T17:43:55Z,
cali_hdr,20230528/theta/coda_334_13:44/R0010940.JPG,20230528,theta,indoor,40.457875,-79.9322,270.9,206.7,RICOH THETA Z1,2023:05:28 13:44:14,2023-05-28T17:43:55Z,
cali_hdr,20230528/theta/coda_334_13:44/R0010946.JPG,20230528,theta,indoor,40.457875,-79.9322,270.9,202.0,RICOH THETA Z1,2023:05:28 13:44:52,2023-05-28T17:43:55Z,
cali_hdr,20230528/theta/coda_334_13:44/R0010942.JPG,20230528,theta,indoor,40.457875,-79.9322,270.9,219.4,RICOH THETA Z1,2023:05:28 13:44:27,2023-05-28T17:43:55Z,
cali_hdr,20230528/theta/coda_334_13:44/R0010941.JPG,20230528,theta,indoor,40.457875,-79.9322,270.9,203.3,RICOH THETA Z1,2023:05:28 13:44:21,2023-05-28T17:43:55Z,
cali_hdr,20230528/theta/coda_334_13:44/R0010939.JPG,20230528,theta,indoor,40.457875,-79.9322,270.9,202.1,RICOH THETA Z1,2023:05:28 13:44:06,2023-05-28T17:43:55Z,
cali_hdr,20230528/theta/coda_334_13:44/R0010944.JPG,20230528,theta,indoor,40.457875,-79.9322,270.9,205.3,RICOH THETA Z1,2023:05:28 13:44:40,2023-05-28T17:43:55Z,
cali_hdr,20230528/theta/coda_334_13:44/R0010947.JPG,20230528,theta,indoor,40.457875,-79.9322,270.9,196.8,RICOH THETA Z1,2023:05:28 13:44:59,2023-05-28T17:43:55Z,
cali_hdr,20230528/theta/coda_334_13:44/R0010943.JPG,20230528,theta,indoor,40.457875,-79.9322,270.9,208.8,RICOH THETA Z1,2023:05:28 13:44:33,2023-05-28T17:43:55Z,
cali_hdr,20230528/theta/coda_334_13:46/R0010950.JPG,20230528,theta,indoor,40.458158,-79.932503,288.4,205.9,RICOH THETA Z1,2023:05:28 13:46:42,2023-05-28T17:45:27Z,
cali_hdr,20230528/theta/coda_334_13:46/R0010954.JPG,20230528,theta,indoor,40.458158,-79.932503,288.4,206.8,RICOH THETA Z1,2023:05:28 13:47:08,2023-05-28T17:45:27Z,
cali_hdr,20230528/theta/coda_334_13:46/R0010953.JPG,20230528,theta,indoor,40.458158,-79.932503,288.4,204.4,RICOH THETA Z1,2023:05:28 13:47:01,2023-05-28T17:45:27Z,
cali_hdr,20230528/theta/coda_334_13:46/R0010949.JPG,20230528,theta,indoor,40.458158,-79.932503,288.4,200.7,RICOH THETA Z1,2023:05:28 13:46:36,2023-05-28T17:45:27Z,
cali_hdr,20230528/theta/coda_334_13:46/R0010956.JPG,20230528,theta,indoor,40.458158,-79.932503,288.4,204.9,RICOH THETA Z1,2023:05:28 13:47:20,2023-05-28T17:45:27Z,
cali_hdr,20230528/theta/coda_334_13:46/R0010955.JPG,20230528,theta,indoor,40.458158,-79.932503,288.4,205.4,RICOH THETA Z1,2023:05:28 13:47:14,2023-05-28T17:45:27Z,
cali_hdr,20230528/theta/coda_334_13:46/R0010951.JPG,20230528,theta,indoor,40.458158,-79.932503,288.4,201.8,RICOH THETA Z1,2023:05:28 13:46:49,2023-05-28T17:45:27Z,
cali_hdr,20230528/theta/coda_334_13:46/R0010948.JPG,20230528,theta,indoor,40.458158,-79.932503,288.4,200.6,RICOH THETA Z1,2023:05:28 13:46:28,2023-05-28T17:45:27Z,
cali_hdr,20230528/theta/coda_334_13:46/R0010952.JPG,20230528,theta,indoor,40.458158,-79.932503,288.4,211.7,RICOH THETA Z1,2023:05:28 13:46:55,2023-05-28T17:45:27Z,
cali_hdr,20230625/theta/coda_334_07:56/R0011253.JPG,20230625,theta,indoor,40.458153,-79.9325,282.8,186.3,RICOH THETA Z1,2023:06:25 07:57:06,2023-06-25T11:55:52Z,
cali_hdr,20230625/theta/coda_334_07:56/R0011245.JPG,20230625,theta,indoor,40.458153,-79.9325,282.8,184.3,RICOH THETA Z1,2023:06:25 07:56:16,2023-06-25T11:55:52Z,
cali_hdr,20230625/theta/coda_334_07:56/R0011251.JPG,20230625,theta,indoor,40.458153,-79.9325,282.8,183.5,RICOH THETA Z1,2023:06:25 07:56:55,2023-06-25T11:55:52Z,
cali_hdr,20230625/theta/coda_334_07:56/R0011248.JPG,20230625,theta,indoor,40.458153,-79.9325,282.8,189.2,RICOH THETA Z1,2023:06:25 07:56:36,2023-06-25T11:55:52Z,
cali_hdr,20230625/theta/coda_334_07:56/R0011247.JPG,20230625,theta,indoor,40.458153,-79.9325,282.8,184.7,RICOH THETA Z1,2023:06:25 07:56:30,2023-06-25T11:55:52Z,
cali_hdr,20230625/theta/coda_334_07:56/R0011249.JPG,20230625,theta,indoor,40.458153,-79.9325,282.8,187.2,RICOH THETA Z1,2023:06:25 07:56:42,2023-06-25T11:55:52Z,
cali_hdr,20230625/theta/coda_334_07:56/R0011250.JPG,20230625,theta,indoor,40.458153,-79.9325,282.8,182.8,RICOH THETA Z1,2023:06:25 07:56:49,2023-06-25T11:55:52Z,
cali_hdr,20230625/theta/coda_334_07:56/R0011246.JPG,20230625,theta,indoor,40.458153,-79.9325,282.8,197.2,RICOH THETA Z1,2023:06:25 07:56:23,2023-06-25T11:55:52Z,
cali_hdr,20230625/theta/coda_334_07:56/R0011252.JPG,20230625,theta,indoor,40.458153,-79.9325,282.8,181.2,RICOH THETA Z1,2023:06:25 07:57:00,2023-06-25T11:55:52Z,
cali_hdr,20230625/theta/coda_334_11:44/R0011297.JPG,20230625,theta,indoor,40.457869,-79.932347,280.8,182.2,RICOH THETA Z1,2023:06:25 11:45:42,2023-06-25T15:44:25Z,
cali_hdr,20230625/theta/coda_334_11:44/R0011294.JPG,20230625,theta,indoor,40.457869,-79.932347,280.8,189.0,RICOH THETA Z1,2023:06:25 11:45:23,2023-06-25T15:44:25Z,
cali_hdr,20230625/theta/coda_334_11:44/R0011292.JPG,20230625,theta,indoor,40.457869,-79.932347,280.8,182.1,RICOH THETA Z1,2023:06:25 11:45:09,2023-06-25T15:44:25Z,
cali_hdr,20230625/theta/coda_334_11:44/R0011290.JPG,20230625,theta,indoor,40.457869,-79.932347,280.8,187.0,RICOH THETA Z1,2023:06:25 11:44:56,2023-06-25T15:44:25Z,
cali_hdr,20230625/theta/coda_334_11:44/R0011295.JPG,20230625,theta,indoor,40.457869,-79.932347,280.8,183.1,RICOH THETA Z1,2023:06:25 11:45:29,2023-06-25T15:44:25Z,
cali_hdr,20230625/theta/coda_334_11:44/R0011291.JPG,20230625,theta,indoor,40.457869,-79.932347,280.8,186.2,RICOH THETA Z1,2023:06:25 11:45:03,2023-06-25T15:44:25Z,
cali_hdr,20230625/theta/coda_334_11:44/R0011298.JPG,20230625,theta,indoor,40.457869,-79.932347,280.8,185.7,RICOH THETA Z1,2023:06:25 11:45:48,2023-06-25T15:44:25Z,
cali_hdr,20230625/theta/coda_334_11:44/R0011296.JPG,20230625,theta,indoor,40.457869,-79.932347,280.8,187.3,RICOH THETA Z1,2023:06:25 11:45:36,2023-06-25T15:44:25Z,
cali_hdr,20230625/theta/coda_334_11:44/R0011293.JPG,20230625,theta,indoor,40.457869,-79.932347,280.8,188.8,RICOH THETA Z1,2023:06:25 11:45:16,2023-06-25T15:44:25Z,
cali_hdr,20230625/theta/coda_334_10:58/R0011287.JPG,20230625,theta,indoor,40.457928,-79.9323,271.0,178.8,RICOH THETA Z1,2023:06:25 10:58:49,2023-06-25T14:56:30Z,
cali_hdr,20230625/theta/coda_334_10:58/R0011284.JPG,20230625,theta,indoor,40.457928,-79.9323,271.0,190.7,RICOH THETA Z1,2023:06:25 10:58:29,2023-06-25T14:56:30Z,
cali_hdr,20230625/theta/coda_334_10:58/R0011281.JPG,20230625,theta,indoor,40.457928,-79.9323,271.0,179.9,RICOH THETA Z1,2023:06:25 10:58:09,2023-06-25T14:56:30Z,
cali_hdr,20230625/theta/coda_334_10:58/R0011288.JPG,20230625,theta,indoor,40.457928,-79.9323,271.0,184.3,RICOH THETA Z1,2023:06:25 10:58:56,2023-06-25T14:56:30Z,
cali_hdr,20230625/theta/coda_334_10:58/R0011283.JPG,20230625,theta,indoor,40.457928,-79.9323,271.0,187.6,RICOH THETA Z1,2023:06:25 10:58:23,2023-06-25T14:56:30Z,
cali_hdr,20230625/theta/coda_334_10:58/R0011285.JPG,20230625,theta,indoor,40.457928,-79.9323,271.0,185.6,RICOH THETA Z1,2023:06:25 10:58:36,2023-06-25T14:56:30Z,
cali_hdr,20230625/theta/coda_334_10:58/R0011289.JPG,20230625,theta,indoor,40.457928,-79.9323,271.0,192.4,RICOH THETA Z1,2023:06:25 10:59:02,2023-06-25T14:56:30Z,
cali_hdr,20230625/theta/coda_334_10:58/R0011286.JPG,20230625,theta,indoor,40.457928,-79.9323,271.0,185.8,RICOH THETA Z1,2023:06:25 10:58:42,2023-06-25T14:56:30Z,
cali_hdr,20230625/theta/coda_334_10:58/R0011282.JPG,20230625,theta,indoor,40.457928,-79.9323,271.0,183.1,RICOH THETA Z1,2023:06:25 10:58:16,2023-06-25T14:56:30Z,
cali_hdr,20230625/theta/coda_334_13:56/R0011316.JPG,20230625,theta,indoor,40.45785,-79.932228,271.4,183.9,RICOH THETA Z1,2023:06:25 13:56:20,2023-06-25T17:55:17Z,
cali_hdr,20230625/theta/coda_334_13:56/R0011315.JPG,20230625,theta,indoor,40.45785,-79.932228,271.4,181.1,RICOH THETA Z1,2023:06:25 13:56:14,2023-06-25T17:55:17Z,
cali_hdr,20230625/theta/coda_334_13:56/R0011310.JPG,20230625,theta,indoor,40.45785,-79.932228,271.4,189.0,RICOH THETA Z1,2023:06:25 13:55:40,2023-06-25T17:55:17Z,
cali_hdr,20230625/theta/coda_334_13:56/R0011314.JPG,20230625,theta,indoor,40.45785,-79.932228,271.4,187.3,RICOH THETA Z1,2023:06:25 13:56:07,2023-06-25T17:55:17Z,
cali_hdr,20230625/theta/coda_334_13:56/R0011313.JPG,20230625,theta,indoor,40.45785,-79.932228,271.4,190.7,RICOH THETA Z1,2023:06:25 13:56:01,2023-06-25T17:55:17Z,
cali_hdr,20230625/theta/coda_334_13:56/R0011312.JPG,20230625,theta,indoor,40.45785,-79.932228,271.4,186.0,RICOH THETA Z1,2023:06:25 13:55:54,2023-06-25T17:55:17Z,
cali_hdr,20230625/theta/coda_334_13:56/R0011311.JPG,20230625,theta,indoor,40.45785,-79.932228,271.4,179.7,RICOH THETA Z1,2023:06:25 13:55:47,2023-06-25T17:55:17Z,
cali_hdr,20230625/theta/coda_334_13:56/R0011308.JPG,20230625,theta,indoor,40.45785,-79.932228,271.4,190.6,RICOH THETA Z1,2023:06:25 13:55:27,2023-06-25T17:55:17Z,
cali_hdr,20230625/theta/coda_334_13:56/R0011309.JPG,20230625,theta,indoor,40.45785,-79.932228,271.4,186.2,RICOH THETA Z1,2023:06:25 13:55:34,2023-06-25T17:55:17Z,
cali_hdr,20230625/theta/coda_334_10:56/R0011272.JPG,20230625,theta,indoor,40.457928,-79.9323,271.0,179.7,RICOH THETA Z1,2023:06:25 10:56:42,2023-06-25T14:56:30Z,
cali_hdr,20230625/theta/coda_334_10:56/R0011275.JPG,20230625,theta,indoor,40.457928,-79.9323,271.0,184.7,RICOH THETA Z1,2023:06:25 10:57:02,2023-06-25T14:56:30Z,
cali_hdr,20230625/theta/coda_334_10:56/R0011279.JPG,20230625,theta,indoor,40.457928,-79.9323,271.0,185.5,RICOH THETA Z1,2023:06:25 10:57:26,2023-06-25T14:56:30Z,
cali_hdr,20230625/theta/coda_334_10:56/R0011280.JPG,20230625,theta,indoor,40.457928,-79.9323,271.0,183.9,RICOH THETA Z1,2023:06:25 10:57:32,2023-06-25T14:56:30Z,
cali_hdr,20230625/theta/coda_334_10:56/R0011277.JPG,20230625,theta,indoor,40.457928,-79.9323,271.0,177.4,RICOH THETA Z1,2023:06:25 10:57:14,2023-06-25T14:56:30Z,
cali_hdr,20230625/theta/coda_334_10:56/R0011276.JPG,20230625,theta,indoor,40.457928,-79.9323,271.0,186.7,RICOH THETA Z1,2023:06:25 10:57:09,2023-06-25T14:56:30Z,
cali_hdr,20230625/theta/coda_334_10:56/R0011273.JPG,20230625,theta,indoor,40.457928,-79.9323,271.0,189.8,RICOH THETA Z1,2023:06:25 10:56:49,2023-06-25T14:56:30Z,
cali_hdr,20230625/theta/coda_334_10:56/R0011274.JPG,20230625,theta,indoor,40.457928,-79.9323,271.0,187.9,RICOH THETA Z1,2023:06:25 10:56:55,2023-06-25T14:56:30Z,
cali_hdr,20230625/theta/coda_334_10:56/R0011278.JPG,20230625,theta,indoor,40.457928,-79.9323,271.0,182.8,RICOH THETA Z1,2023:06:25 10:57:20,2023-06-25T14:56:30Z,
cali_hdr,20230625/theta/coda_334_09:56/R0011271.JPG,20230625,theta,indoor,40.457906,-79.932264,279.4,180.3,RICOH THETA Z1,2023:06:25 09:56:25,2023-06-25T13:55:11Z,
cali_hdr,20230625/theta/coda_334_09:56/R0011267.JPG,20230625,theta,indoor,40.457906,-79.932264,279.4,185.3,RICOH THETA Z1,2023:06:25 09:55:59,2023-06-25T13:55:11Z,
cali_hdr,20230625/theta/coda_334_09:56/R0011265.JPG,20230625,theta,indoor,40.457906,-79.932264,279.4,189.4,RICOH THETA Z1,2023:06:25 09:55:46,2023-06-25T13:55:11Z,
cali_hdr,20230625/theta/coda_334_09:56/R0011268.JPG,20230625,theta,indoor,40.457906,-79.932264,279.4,184.5,RICOH THETA Z1,2023:06:25 09:56:06,2023-06-25T13:55:11Z,
cali_hdr,20230625/theta/coda_334_09:56/R0011269.JPG,20230625,theta,indoor,40.457906,-79.932264,279.4,188.5,RICOH THETA Z1,2023:06:25 09:56:12,2023-06-25T13:55:11Z,
cali_hdr,20230625/theta/coda_334_09:56/R0011266.JPG,20230625,theta,indoor,40.457906,-79.932264,279.4,181.2,RICOH THETA Z1,2023:06:25 09:55:53,2023-06-25T13:55:11Z,
cali_hdr,20230625/theta/coda_334_09:56/R0011270.JPG,20230625,theta,indoor,40.457906,-79.932264,279.4,180.4,RICOH THETA Z1,2023:06:25 09:56:19,2023-06-25T13:55:11Z,
cali_hdr,20230625/theta/coda_334_09:56/R0011263.JPG,20230625,theta,indoor,40.457906,-79.932264,279.4,185.4,RICOH THETA Z1,2023:06:25 09:55:33,2023-06-25T13:55:11Z,
cali_hdr,20230625/theta/coda_334_09:56/R0011264.JPG,20230625,theta,indoor,40.457906,-79.932264,279.4,184.7,RICOH THETA Z1,2023:06:25 09:55:40,2023-06-25T13:55:11Z,
cali_hdr,20230625/theta/coda_334_12:56/R0011305.JPG,20230625,theta,indoor,40.457886,-79.932244,270.9,184.2,RICOH THETA Z1,2023:06:25 12:57:03,2023-06-25T16:55:18Z,
cali_hdr,20230625/theta/coda_334_12:56/R0011306.JPG,20230625,theta,indoor,40.457886,-79.932244,270.9,185.1,RICOH THETA Z1,2023:06:25 12:57:09,2023-06-25T16:55:18Z,
cali_hdr,20230625/theta/coda_334_12:56/R0011299.JPG,20230625,theta,indoor,40.457886,-79.932244,270.9,188.1,RICOH THETA Z1,2023:06:25 12:56:23,2023-06-25T16:55:18Z,
cali_hdr,20230625/theta/coda_334_12:56/R0011304.JPG,20230625,theta,indoor,40.457886,-79.932244,270.9,180.9,RICOH THETA Z1,2023:06:25 12:56:57,2023-06-25T16:55:18Z,
cali_hdr,20230625/theta/coda_334_12:56/R0011301.JPG,20230625,theta,indoor,40.457886,-79.932244,270.9,183.9,RICOH THETA Z1,2023:06:25 12:56:37,2023-06-25T16:55:18Z,
cali_hdr,20230625/theta/coda_334_12:56/R0011300.JPG,20230625,theta,indoor,40.457886,-79.932244,270.9,184.1,RICOH THETA Z1,2023:06:25 12:56:31,2023-06-25T16:55:18Z,
cali_hdr,20230625/theta/coda_334_12:56/R0011302.JPG,20230625,theta,indoor,40.457886,-79.932244,270.9,184.3,RICOH THETA Z1,2023:06:25 12:56:44,2023-06-25T16:55:18Z,
cali_hdr,20230625/theta/coda_334_12:56/R0011303.JPG,20230625,theta,indoor,40.457886,-79.932244,270.9,185.9,RICOH THETA Z1,2023:06:25 12:56:50,2023-06-25T16:55:18Z,
cali_hdr,20230625/theta/coda_334_12:56/R0011307.JPG,20230625,theta,indoor,40.457886,-79.932244,270.9,186.3,RICOH THETA Z1,2023:06:25 12:57:15,2023-06-25T16:55:18Z,
cali_hdr,20230625/theta/coda_334_06:56/R0011242.JPG,20230625,theta,indoor,40.458153,-79.9325,281.6,175.7,RICOH THETA Z1,2023:06:25 06:57:47,2023-06-25T10:56:57Z,
cali_hdr,20230625/theta/coda_334_06:56/R0011241.JPG,20230625,theta,indoor,40.458153,-79.9325,281.6,180.8,RICOH THETA Z1,2023:06:25 06:57:41,2023-06-25T10:56:57Z,
cali_hdr,20230625/theta/coda_334_06:56/R0011239.JPG,20230625,theta,indoor,40.458153,-79.9325,281.6,179.8,RICOH THETA Z1,2023:06:25 06:57:29,2023-06-25T10:56:57Z,
cali_hdr,20230625/theta/coda_334_06:56/R0011236.JPG,20230625,theta,indoor,40.458153,-79.9325,281.6,185.2,RICOH THETA Z1,2023:06:25 06:57:08,2023-06-25T10:56:57Z,
cali_hdr,20230625/theta/coda_334_06:56/R0011243.JPG,20230625,theta,indoor,40.458153,-79.9325,281.6,174.3,RICOH THETA Z1,2023:06:25 06:57:53,2023-06-25T10:56:57Z,
cali_hdr,20230625/theta/coda_334_06:56/R0011244.JPG,20230625,theta,indoor,40.458153,-79.9325,281.6,184.8,RICOH THETA Z1,2023:06:25 06:57:59,2023-06-25T10:56:57Z,
cali_hdr,20230625/theta/coda_334_06:56/R0011237.JPG,20230625,theta,indoor,40.458153,-79.9325,281.6,181.1,RICOH THETA Z1,2023:06:25 06:57:16,2023-06-25T10:56:57Z,
cali_hdr,20230625/theta/coda_334_06:56/R0011240.JPG,20230625,theta,indoor,40.458153,-79.9325,281.6,189.8,RICOH THETA Z1,2023:06:25 06:57:35,2023-06-25T10:56:57Z,
cali_hdr,20230625/theta/coda_334_06:56/R0011238.JPG,20230625,theta,indoor,40.458153,-79.9325,281.6,186.4,RICOH THETA Z1,2023:06:25 06:57:23,2023-06-25T10:56:57Z,
cali_hdr,20230625/theta/coda_334_08:56/R0011254.JPG,20230625,theta,indoor,40.458153,-79.9325,288.1,177.9,RICOH THETA Z1,2023:06:25 08:56:09,2023-06-25T12:55:57Z,
cali_hdr,20230625/theta/coda_334_08:56/R0011260.JPG,20230625,theta,indoor,40.458153,-79.9325,288.1,181.0,RICOH THETA Z1,2023:06:25 08:56:48,2023-06-25T12:55:57Z,
cali_hdr,20230625/theta/coda_334_08:56/R0011262.JPG,20230625,theta,indoor,40.458153,-79.9325,288.1,183.3,RICOH THETA Z1,2023:06:25 08:57:00,2023-06-25T12:55:57Z,
cali_hdr,20230625/theta/coda_334_08:56/R0011261.JPG,20230625,theta,indoor,40.458153,-79.9325,288.1,185.4,RICOH THETA Z1,2023:06:25 08:56:54,2023-06-25T12:55:57Z,
cali_hdr,20230625/theta/coda_334_08:56/R0011257.JPG,20230625,theta,indoor,40.458153,-79.9325,288.1,181.3,RICOH THETA Z1,2023:06:25 08:56:29,2023-06-25T12:55:57Z,
cali_hdr,20230625/theta/coda_334_08:56/R0011259.JPG,20230625,theta,indoor,40.458153,-79.9325,288.1,178.5,RICOH THETA Z1,2023:06:25 08:56:41,2023-06-25T12:55:57Z,
cali_hdr,20230625/theta/coda_334_08:56/R0011255.JPG,20230625,theta,indoor,40.458153,-79.9325,288.1,180.9,RICOH THETA Z1,2023:06:25 08:56:16,2023-06-25T12:55:57Z,
cali_hdr,20230625/theta/coda_334_08:56/R0011258.JPG,20230625,theta,indoor,40.458153,-79.9325,288.1,185.5,RICOH THETA Z1,2023:06:25 08:56:35,2023-06-25T12:55:57Z,
cali_hdr,20230625/theta/coda_334_08:56/R0011256.JPG,20230625,theta,indoor,40.458153,-79.9325,288.1,186.1,RICOH THETA Z1,2023:06:25 08:56:22,2023-06-25T12:55:57Z,
cali_hdr,20221014/theta/basement_13:34/R0010444.JPG,20221014,theta,indoor,40.368214,-80.178267,327.0,,RICOH THETA Z1,2022:10:14 13:35:14,2022-10-14T17:26:50Z,
cali_hdr,20221014/theta/basement_13:34/R0010442.JPG,20221014,theta,indoor,40.368214,-80.178267,327.0,,RICOH THETA Z1,2022:10:14 13:35:01,2022-10-14T17:26:50Z,
cali_hdr,20221014/theta/basement_13:34/R0010448.JPG,20221014,theta,indoor,40.368214,-80.178267,327.0,,RICOH THETA Z1,2022:10:14 13:35:39,2022-10-14T17:26:50Z,
cali_hdr,20221014/theta/basement_13:34/R0010446.JPG,20221014,theta,indoor,40.368214,-80.178267,327.0,,RICOH THETA Z1,2022:10:14 13:35:28,2022-10-14T17:26:50Z,
cali_hdr,20221014/theta/basement_13:34/R0010445.JPG,20221014,theta,indoor,40.368214,-80.178267,327.0,,RICOH THETA Z1,2022:10:14 13:35:21,2022-10-14T17:26:50Z,
cali_hdr,20221014/theta/basement_13:34/R0010443.JPG,20221014,theta,indoor,40.368214,-80.178267,327.0,,RICOH THETA Z1,2022:10:14 13:35:08,2022-10-14T17:26:50Z,
cali_hdr,20221014/theta/basement_13:34/R0010447.JPG,20221014,theta,indoor,40.368214,-80.178267,327.0,,RICOH THETA Z1,2022:10:14 13:35:33,2022-10-14T17:26:50Z,
cali_hdr,20221014/theta/basement_13:34/R0010441.JPG,20221014,theta,indoor,40.368214,-80.178267,327.0,,RICOH THETA Z1,2022:10:14 13:34:55,2022-10-14T17:26:50Z,
cali_hdr,20221014/theta/basement_13:34/R0010440.JPG,20221014,theta,indoor,40.368214,-80.178267,327.0,,RICOH THETA Z1,2022:10:14 13:34:47,2022-10-14T17:26:50Z,
cali_hdr,20221014/theta/basement_14:22/R0010491.JPG,20221014,theta,indoor,40.36825,-80.178314,326.5,,RICOH THETA Z1,2022:10:14 14:21:45,2022-10-14T18:11:56Z,
cali_hdr,20221014/theta/basement_14:22/R0010488.JPG,20221014,theta,indoor,40.36825,-80.178314,326.5,,RICOH THETA Z1,2022:10:14 14:21:26,2022-10-14T18:11:56Z,
cali_hdr,20221014/theta/basement_14:22/R0010487.JPG,20221014,theta,indoor,40.36825,-80.178314,326.5,,RICOH THETA Z1,2022:10:14 14:21:20,2022-10-14T18:11:56Z,
cali_hdr,20221014/theta/basement_14:22/R0010493.JPG,20221014,theta,indoor,40.36825,-80.178314,326.5,,RICOH THETA Z1,2022:10:14 14:21:56,2022-10-14T18:11:56Z,
cali_hdr,20221014/theta/basement_14:22/R0010492.JPG,20221014,theta,indoor,40.36825,-80.178314,326.5,,RICOH THETA Z1,2022:10:14 14:21:51,2022-10-14T18:11:56Z,
cali_hdr,20221014/theta/basement_14:22/R0010485.JPG,20221014,theta,indoor,40.36825,-80.178314,326.5,,RICOH THETA Z1,2022:10:14 14:21:06,2022-10-14T18:11:56Z,
cali_hdr,20221014/theta/basement_14:22/R0010489.JPG,20221014,theta,indoor,40.36825,-80.178314,326.5,,RICOH THETA Z1,2022:10:14 14:21:33,2022-10-14T18:11:56Z,
cali_hdr,20221014/theta/basement_14:22/R0010486.JPG,20221014,theta,indoor,40.36825,-80.178314,326.5,,RICOH THETA Z1,2022:10:14 14:21:13,2022-10-14T18:11:56Z,
cali_hdr,20221014/theta/basement_14:22/R0010490.JPG,20221014,theta,indoor,40.36825,-80.178314,326.5,,RICOH THETA Z1,2022:10:14 14:21:39,2022-10-14T18:11:56Z,
cali_hdr,20221014/theta/basement_16:47/R0010583.JPG,20221014,theta,indoor,40.368178,-80.178242,326.9,,RICOH THETA Z1,2022:10:14 16:48:07,2022-10-14T20:47:05Z,
cali_hdr,20221014/theta/basement_16:47/R0010581.JPG,20221014,theta,indoor,40.368178,-80.178242,326.9,,RICOH THETA Z1,2022:10:14 16:47:55,2022-10-14T20:47:05Z,
cali_hdr,20221014/theta/basement_16:47/R0010575.JPG,20221014,theta,indoor,40.368178,-80.178242,326.9,,RICOH THETA Z1,2022:10:14 16:47:17,2022-10-14T20:47:05Z,
cali_hdr,20221014/theta/basement_16:47/R0010580.JPG,20221014,theta,indoor,40.368178,-80.178242,326.9,,RICOH THETA Z1,2022:10:14 16:47:49,2022-10-14T20:47:05Z,
cali_hdr,20221014/theta/basement_16:47/R0010579.JPG,20221014,theta,indoor,40.368178,-80.178242,326.9,,RICOH THETA Z1,2022:10:14 16:47:43,2022-10-14T20:47:05Z,
cali_hdr,20221014/theta/basement_16:47/R0010582.JPG,20221014,theta,indoor,40.368178,-80.178242,326.9,,RICOH THETA Z1,2022:10:14 16:48:01,2022-10-14T20:47:05Z,
cali_hdr,20221014/theta/basement_16:47/R0010578.JPG,20221014,theta,indoor,40.368178,-80.178242,326.9,,RICOH THETA Z1,2022:10:14 16:47:37,2022-10-14T20:47:05Z,
cali_hdr,20221014/theta/basement_16:47/R0010576.JPG,20221014,theta,indoor,40.368178,-80.178242,326.9,,RICOH THETA Z1,2022:10:14 16:47:24,2022-10-14T20:47:05Z,
cali_hdr,20221014/theta/basement_16:47/R0010577.JPG,20221014,theta,indoor,40.368178,-80.178242,326.9,,RICOH THETA Z1,2022:10:14 16:47:31,2022-10-14T20:47:05Z,
cali_hdr,20221014/theta/basement_15:41/R0010536.JPG,20221014,theta,indoor,40.368233,-80.178253,327.1,,RICOH THETA Z1,2022:10:14 15:41:50,2022-10-14T19:36:13Z,
cali_hdr,20221014/theta/basement_15:41/R0010535.JPG,20221014,theta,indoor,40.368233,-80.178253,327.1,,RICOH THETA Z1,2022:10:14 15:41:43,2022-10-14T19:36:13Z,
cali_hdr,20221014/theta/basement_15:41/R0010537.JPG,20221014,theta,indoor,40.368233,-80.178253,327.1,,RICOH THETA Z1,2022:10:14 15:41:56,2022-10-14T19:36:13Z,
cali_hdr,20221014/theta/basement_15:41/R0010533.JPG,20221014,theta,indoor,40.368233,-80.178253,327.1,,RICOH THETA Z1,2022:10:14 15:41:31,2022-10-14T19:36:13Z,
cali_hdr,20221014/theta/basement_15:41/R0010534.JPG,20221014,theta,indoor,40.368233,-80.178253,327.1,,RICOH THETA Z1,2022:10:14 15:41:37,2022-10-14T19:36:13Z,
cali_hdr,20221014/theta/basement_15:41/R0010538.JPG,20221014,theta,indoor,40.368233,-80.178253,327.1,,RICOH THETA Z1,2022:10:14 15:42:01,2022-10-14T19:36:13Z,
cali_hdr,20221014/theta/basement_15:41/R0010532.JPG,20221014,theta,indoor,40.368233,-80.178253,327.1,,RICOH THETA Z1,2022:10:14 15:41:25,2022-10-14T19:36:13Z,
cali_hdr,20221014/theta/basement_15:41/R0010531.JPG,20221014,theta,indoor,40.368233,-80.178253,327.1,,RICOH THETA Z1,2022:10:14 15:41:18,2022-10-14T19:36:13Z,
cali_hdr,20221014/theta/basement_15:41/R0010530.JPG,20221014,theta,indoor,40.368233,-80.178253,327.1,,RICOH THETA Z1,2022:10:14 15:41:10,2022-10-14T19:36:13Z,
cali_hdr,20230622/theta/coda_334_06:58/R0011165.JPG,20230622,theta,indoor,40.457775,-79.932322,270.9,202.2,RICOH THETA Z1,2023:06:22 06:58:58,2023-06-22T10:57:29Z,
cali_hdr,20230622/theta/coda_334_06:58/R0011169.JPG,20230622,theta,indoor,40.457775,-79.932322,270.9,198.6,RICOH THETA Z1,2023:06:22 06:59:24,2023-06-22T10:57:29Z,
cali_hdr,20230622/theta/coda_334_06:58/R0011167.JPG,20230622,theta,indoor,40.457775,-79.932322,270.9,199.6,RICOH THETA Z1,2023:06:22 06:59:11,2023-06-22T10:57:29Z,
cali_hdr,20230622/theta/coda_334_06:58/R0011164.JPG,20230622,theta,indoor,40.457775,-79.932322,270.9,200.6,RICOH THETA Z1,2023:06:22 06:58:50,2023-06-22T10:57:29Z,
cali_hdr,20230622/theta/coda_334_06:58/R0011166.JPG,20230622,theta,indoor,40.457775,-79.932322,270.9,205.6,RICOH THETA Z1,2023:06:22 06:59:04,2023-06-22T10:57:29Z,
cali_hdr,20230622/theta/coda_334_06:58/R0011171.JPG,20230622,theta,indoor,40.457775,-79.932322,270.9,196.6,RICOH THETA Z1,2023:06:22 06:59:35,2023-06-22T10:57:29Z,
cali_hdr,20230622/theta/coda_334_06:58/R0011172.JPG,20230622,theta,indoor,40.457775,-79.932322,270.9,203.4,RICOH THETA Z1,2023:06:22 06:59:41,2023-06-22T10:57:29Z,
cali_hdr,20230622/theta/coda_334_06:58/R0011168.JPG,20230622,theta,indoor,40.457775,-79.932322,270.9,202.6,RICOH THETA Z1,2023:06:22 06:59:18,2023-06-22T10:57:29Z,
cali_hdr,20230622/theta/coda_334_06:58/R0011170.JPG,20230622,theta,indoor,40.457775,-79.932322,270.9,203.3,RICOH THETA Z1,2023:06:22 06:59:30,2023-06-22T10:57:29Z,
cali_hdr,20230622/theta/coda_334_11:56/R0011215.JPG,20230622,theta,indoor,40.457936,-79.932311,270.9,189.0,RICOH THETA Z1,2023:06:22 11:56:49,2023-06-22T15:53:46Z,
cali_hdr,20230622/theta/coda_334_11:56/R0011211.JPG,20230622,theta,indoor,40.457936,-79.932311,270.9,196.7,RICOH THETA Z1,2023:06:22 11:56:23,2023-06-22T15:53:46Z,
cali_hdr,20230622/theta/coda_334_11:56/R0011212.JPG,20230622,theta,indoor,40.457936,-79.932311,270.9,194.8,RICOH THETA Z1,2023:06:22 11:56:30,2023-06-22T15:53:46Z,
cali_hdr,20230622/theta/coda_334_11:56/R0011213.JPG,20230622,theta,indoor,40.457936,-79.932311,270.9,187.2,RICOH THETA Z1,2023:06:22 11:56:36,2023-06-22T15:53:46Z,
cali_hdr,20230622/theta/coda_334_11:56/R0011216.JPG,20230622,theta,indoor,40.457936,-79.932311,270.9,193.0,RICOH THETA Z1,2023:06:22 11:56:56,2023-06-22T15:53:46Z,
cali_hdr,20230622/theta/coda_334_11:56/R0011214.JPG,20230622,theta,indoor,40.457936,-79.932311,270.9,201.1,RICOH THETA Z1,2023:06:22 11:56:43,2023-06-22T15:53:46Z,
cali_hdr,20230622/theta/coda_334_11:56/R0011209.JPG,20230622,theta,indoor,40.457936,-79.932311,270.9,186.9,RICOH THETA Z1,2023:06:22 11:56:10,2023-06-22T15:53:46Z,
cali_hdr,20230622/theta/coda_334_11:56/R0011210.JPG,20230622,theta,indoor,40.457936,-79.932311,270.9,185.8,RICOH THETA Z1,2023:06:22 11:56:17,2023-06-22T15:53:46Z,
cali_hdr,20230622/theta/coda_334_11:56/R0011217.JPG,20230622,theta,indoor,40.457936,-79.932311,270.9,191.8,RICOH THETA Z1,2023:06:22 11:57:01,2023-06-22T15:53:46Z,
cali_hdr,20230622/theta/coda_334_13:56/R0011234.JPG,20230622,theta,indoor,40.457875,-79.932264,270.9,185.5,RICOH THETA Z1,2023:06:22 13:57:39,2023-06-22T17:53:30Z,
cali_hdr,20230622/theta/coda_334_13:56/R0011228.JPG,20230622,theta,indoor,40.457875,-79.932264,270.9,184.9,RICOH THETA Z1,2023:06:22 13:57:03,2023-06-22T17:53:30Z,
cali_hdr,20230622/theta/coda_334_13:56/R0011231.JPG,20230622,theta,indoor,40.457875,-79.932264,270.9,189.3,RICOH THETA Z1,2023:06:22 13:57:21,2023-06-22T17:53:30Z,
cali_hdr,20230622/theta/coda_334_13:56/R0011232.JPG,20230622,theta,indoor,40.457875,-79.932264,270.9,190.0,RICOH THETA Z1,2023:06:22 13:57:27,2023-06-22T17:53:30Z,
cali_hdr,20230622/theta/coda_334_13:56/R0011230.JPG,20230622,theta,indoor,40.457875,-79.932264,270.9,186.2,RICOH THETA Z1,2023:06:22 13:57:16,2023-06-22T17:53:30Z,
cali_hdr,20230622/theta/coda_334_13:56/R0011229.JPG,20230622,theta,indoor,40.457875,-79.932264,270.9,185.2,RICOH THETA Z1,2023:06:22 13:57:09,2023-06-22T17:53:30Z,
cali_hdr,20230622/theta/coda_334_13:56/R0011227.JPG,20230622,theta,indoor,40.457875,-79.932264,270.9,183.0,RICOH THETA Z1,2023:06:22 13:56:56,2023-06-22T17:53:30Z,
cali_hdr,20230622/theta/coda_334_13:56/R0011235.JPG,20230622,theta,indoor,40.457875,-79.932264,270.9,186.4,RICOH THETA Z1,2023:06:22 13:57:45,2023-06-22T17:53:30Z,
cali_hdr,20230622/theta/coda_334_13:56/R0011233.JPG,20230622,theta,indoor,40.457875,-79.932264,270.9,183.7,RICOH THETA Z1,2023:06:22 13:57:33,2023-06-22T17:53:30Z,
cali_hdr,20230622/theta/coda_334_10:56/R0011200.JPG,20230622,theta,indoor,40.457786,-79.932392,270.8,197.6,RICOH THETA Z1,2023:06:22 10:55:47,2023-06-22T14:54:43Z,
cali_hdr,20230622/theta/coda_334_10:56/R0011201.JPG,20230622,theta,indoor,40.457786,-79.932392,270.8,203.0,RICOH THETA Z1,2023:06:22 10:55:54,2023-06-22T14:54:43Z,
cali_hdr,20230622/theta/coda_334_10:56/R0011203.JPG,20230622,theta,indoor,40.457786,-79.932392,270.8,200.6,RICOH THETA Z1,2023:06:22 10:56:07,2023-06-22T14:54:43Z,
cali_hdr,20230622/theta/coda_334_10:56/R0011202.JPG,20230622,theta,indoor,40.457786,-79.932392,270.8,205.0,RICOH THETA Z1,2023:06:22 10:56:00,2023-06-22T14:54:43Z,
cali_hdr,20230622/theta/coda_334_10:56/R0011207.JPG,20230622,theta,indoor,40.457786,-79.932392,270.8,200.6,RICOH THETA Z1,2023:06:22 10:56:31,2023-06-22T14:54:43Z,
cali_hdr,20230622/theta/coda_334_10:56/R0011208.JPG,20230622,theta,indoor,40.457786,-79.932392,270.8,198.6,RICOH THETA Z1,2023:06:22 10:56:36,2023-06-22T14:54:43Z,
cali_hdr,20230622/theta/coda_334_10:56/R0011204.JPG,20230622,theta,indoor,40.457786,-79.932392,270.8,199.7,RICOH THETA Z1,2023:06:22 10:56:13,2023-06-22T14:54:43Z,
cali_hdr,20230622/theta/coda_334_10:56/R0011205.JPG,20230622,theta,indoor,40.457786,-79.932392,270.8,200.0,RICOH THETA Z1,2023:06:22 10:56:18,2023-06-22T14:54:43Z,
cali_hdr,20230622/theta/coda_334_10:56/R0011206.JPG,20230622,theta,indoor,40.457786,-79.932392,270.8,196.2,RICOH THETA Z1,2023:06:22 10:56:25,2023-06-22T14:54:43Z,
cali_hdr,20230622/theta/coda_334_09:56/R0011198.JPG,20230622,theta,indoor,40.457886,-79.932342,288.3,211.7,RICOH THETA Z1,2023:06:22 09:57:01,2023-06-22T13:55:34Z,
cali_hdr,20230622/theta/coda_334_09:56/R0011191.JPG,20230622,theta,indoor,40.457886,-79.932342,288.3,197.7,RICOH THETA Z1,2023:06:22 09:56:19,2023-06-22T13:55:34Z,
cali_hdr,20230622/theta/coda_334_09:56/R0011193.JPG,20230622,theta,indoor,40.457886,-79.932342,288.3,199.8,RICOH THETA Z1,2023:06:22 09:56:32,2023-06-22T13:55:34Z,
cali_hdr,20230622/theta/coda_334_09:56/R0011194.JPG,20230622,theta,indoor,40.457886,-79.932342,288.3,196.6,RICOH THETA Z1,2023:06:22 09:56:38,2023-06-22T13:55:34Z,
cali_hdr,20230622/theta/coda_334_09:56/R0011196.JPG,20230622,theta,indoor,40.457886,-79.932342,288.3,202.3,RICOH THETA Z1,2023:06:22 09:56:50,2023-06-22T13:55:34Z,
cali_hdr,20230622/theta/coda_334_09:56/R0011195.JPG,20230622,theta,indoor,40.457886,-79.932342,288.3,204.7,RICOH THETA Z1,2023:06:22 09:56:44,2023-06-22T13:55:34Z,
cali_hdr,20230622/theta/coda_334_09:56/R0011192.JPG,20230622,theta,indoor,40.457886,-79.932342,288.3,200.4,RICOH THETA Z1,2023:06:22 09:56:25,2023-06-22T13:55:34Z,
cali_hdr,20230622/theta/coda_334_09:56/R0011197.JPG,20230622,theta,indoor,40.457886,-79.932342,288.3,204.3,RICOH THETA Z1,2023:06:22 09:56:56,2023-06-22T13:55:34Z,
cali_hdr,20230622/theta/coda_334_09:56/R0011199.JPG,20230622,theta,indoor,40.457886,-79.932342,288.3,200.4,RICOH THETA Z1,2023:06:22 09:57:07,2023-06-22T13:55:34Z,
cali_hdr,20230622/theta/coda_334_08:05/R0011180.JPG,20230622,theta,indoor,40.457892,-79.932344,288.2,199.1,RICOH THETA Z1,2023:06:22 08:06:33,2023-06-22T12:05:34Z,
cali_hdr,20230622/theta/coda_334_08:05/R0011179.JPG,20230622,theta,indoor,40.457892,-79.932344,288.2,198.1,RICOH THETA Z1,2023:06:22 08:06:27,2023-06-22T12:05:34Z,
cali_hdr,20230622/theta/coda_334_08:05/R0011178.JPG,20230622,theta,indoor,40.457892,-79.932344,288.2,199.7,RICOH THETA Z1,2023:06:22 08:06:20,2023-06-22T12:05:34Z,
cali_hdr,20230622/theta/coda_334_08:05/R0011181.JPG,20230622,theta,indoor,40.457892,-79.932344,288.2,197.7,RICOH THETA Z1,2023:06:22 08:06:39,2023-06-22T12:05:34Z,
cali_hdr,20230622/theta/coda_334_08:05/R0011174.JPG,20230622,theta,indoor,40.457892,-79.932344,288.2,210.3,RICOH THETA Z1,2023:06:22 08:05:54,2023-06-22T12:05:34Z,
cali_hdr,20230622/theta/coda_334_08:05/R0011173.JPG,20230622,theta,indoor,40.457892,-79.932344,288.2,195.9,RICOH THETA Z1,2023:06:22 08:05:46,2023-06-22T12:05:34Z,
cali_hdr,20230622/theta/coda_334_08:05/R0011176.JPG,20230622,theta,indoor,40.457892,-79.932344,288.2,195.8,RICOH THETA Z1,2023:06:22 08:06:08,2023-06-22T12:05:34Z,
cali_hdr,20230622/theta/coda_334_08:05/R0011177.JPG,20230622,theta,indoor,40.457892,-79.932344,288.2,201.1,RICOH THETA Z1,2023:06:22 08:06:14,2023-06-22T12:05:34Z,
cali_hdr,20230622/theta/coda_334_08:05/R0011175.JPG,20230622,theta,indoor,40.457892,-79.932344,288.2,197.9,RICOH THETA Z1,2023:06:22 08:06:01,2023-06-22T12:05:34Z,
cali_hdr,20230622/theta/coda_334_12:56/R0011220.JPG,20230622,theta,indoor,40.457875,-79.932325,288.2,178.3,RICOH THETA Z1,2023:06:22 12:56:17,2023-06-22T16:55:10Z,
cali_hdr,20230622/theta/coda_334_12:56/R0011223.JPG,20230622,theta,indoor,40.457875,-79.932325,288.2,183.8,RICOH THETA Z1,2023:06:22 12:56:36,2023-06-22T16:55:10Z,
cali_hdr,20230622/theta/coda_334_12:56/R0011222.JPG,20230622,theta,indoor,40.457875,-79.932325,288.2,184.2,RICOH THETA Z1,2023:06:22 12:56:30,2023-06-22T16:55:10Z,
cali_hdr,20230622/theta/coda_334_12:56/R0011218.JPG,20230622,theta,indoor,40.457875,-79.932325,288.2,189.9,RICOH THETA Z1,2023:06:22 12:56:04,2023-06-22T16:55:10Z,
cali_hdr,20230622/theta/coda_334_12:56/R0011219.JPG,20230622,theta,indoor,40.457875,-79.932325,288.2,178.6,RICOH THETA Z1,2023:06:22 12:56:11,2023-06-22T16:55:10Z,
cali_hdr,20230622/theta/coda_334_12:56/R0011224.JPG,20230622,theta,indoor,40.457875,-79.932325,288.2,185.1,RICOH THETA Z1,2023:06:22 12:56:42,2023-06-22T16:55:10Z,
cali_hdr,20230622/theta/coda_334_12:56/R0011221.JPG,20230622,theta,indoor,40.457875,-79.932325,288.2,186.2,RICOH THETA Z1,2023:06:22 12:56:23,2023-06-22T16:55:10Z,
cali_hdr,20230622/theta/coda_334_12:56/R0011226.JPG,20230622,theta,indoor,40.457875,-79.932325,288.2,189.7,RICOH THETA Z1,2023:06:22 12:56:55,2023-06-22T16:55:10Z,
cali_hdr,20230622/theta/coda_334_12:56/R0011225.JPG,20230622,theta,indoor,40.457875,-79.932325,288.2,180.4,RICOH THETA Z1,2023:06:22 12:56:48,2023-06-22T16:55:10Z,
cali_hdr,20230622/theta/coda_334_08:57/R0011183.JPG,20230622,theta,indoor,40.457886,-79.932342,288.6,198.1,RICOH THETA Z1,2023:06:22 08:57:22,2023-06-22T12:57:04Z,
cali_hdr,20230622/theta/coda_334_08:57/R0011185.JPG,20230622,theta,indoor,40.457886,-79.932342,288.6,201.2,RICOH THETA Z1,2023:06:22 08:57:35,2023-06-22T12:57:04Z,
cali_hdr,20230622/theta/coda_334_08:57/R0011182.JPG,20230622,theta,indoor,40.457886,-79.932342,288.6,194.5,RICOH THETA Z1,2023:06:22 08:57:15,2023-06-22T12:57:04Z,
cali_hdr,20230622/theta/coda_334_08:57/R0011190.JPG,20230622,theta,indoor,40.457886,-79.932342,288.6,198.1,RICOH THETA Z1,2023:06:22 08:58:07,2023-06-22T12:57:04Z,
cali_hdr,20230622/theta/coda_334_08:57/R0011186.JPG,20230622,theta,indoor,40.457886,-79.932342,288.6,197.2,RICOH THETA Z1,2023:06:22 08:57:42,2023-06-22T12:57:04Z,
cali_hdr,20230622/theta/coda_334_08:57/R0011189.JPG,20230622,theta,indoor,40.457886,-79.932342,288.6,197.8,RICOH THETA Z1,2023:06:22 08:58:01,2023-06-22T12:57:04Z,
cali_hdr,20230622/theta/coda_334_08:57/R0011184.JPG,20230622,theta,indoor,40.457886,-79.932342,288.6,200.4,RICOH THETA Z1,2023:06:22 08:57:29,2023-06-22T12:57:04Z,
cali_hdr,20230622/theta/coda_334_08:57/R0011187.JPG,20230622,theta,indoor,40.457886,-79.932342,288.6,199.0,RICOH THETA Z1,2023:06:22 08:57:48,2023-06-22T12:57:04Z,
cali_hdr,20230622/theta/coda_334_08:57/R0011188.JPG,20230622,theta,indoor,40.457886,-79.932342,288.6,201.3,RICOH THETA Z1,2023:06:22 08:57:55,2023-06-22T12:57:04Z,
cali_hdr,20230519/fisheye/coda320_09:58/IMG_5813.JPG,20230519,fisheye,outdoor,,,,,Canon EOS 5D Mark II,2023:05:19 09:59:24,,
cali_hdr,20230519/fisheye/coda320_09:58/IMG_5817.JPG,20230519,fisheye,outdoor,,,,,Canon EOS 5D Mark II,2023:05:19 09:59:28,,
cali_hdr,20230519/fisheye/coda320_09:58/IMG_5812.JPG,20230519,fisheye,outdoor,,,,,Canon EOS 5D Mark II,2023:05:19 09:59:24,,
cali_hdr,20230519/fisheye/coda320_09:58/IMG_5810.JPG,20230519,fisheye,outdoor,,,,,Canon EOS 5D Mark II,2023:05:19 09:59:23,,
cali_hdr,20230519/fisheye/coda320_09:58/IMG_5814.JPG,20230519,fisheye,outdoor,,,,,Canon EOS 5D Mark II,2023:05:19 09:59:25,,
cali_hdr,20230519/fisheye/coda320_09:58/IMG_5811.JPG,20230519,fisheye,outdoor,,,,,Canon EOS 5D Mark II,2023:05:19 09:59:23,,
cali_hdr,20230519/fisheye/coda320_09:58/IMG_5818.JPG,20230519,fisheye,outdoor,,,,,Canon EOS 5D Mark II,2023:05:19 09:59:28,,
cali_hdr,20230519/fisheye/coda320_09:58/IMG_5815.JPG,20230519,fisheye,outdoor,,,,,Canon EOS 5D Mark II,2023:05:19 09:59:26,,
cali_hdr,20230519/fisheye/coda320_09:58/IMG_5816.JPG,20230519,fisheye,outdoor,,,,,Canon EOS 5D Mark II,2023:05:19 09:59:26,,
cali_hdr,20230519/fisheye/coda320_10:58/IMG_5821.JPG,20230519,fisheye,outdoor,,,,,Canon EOS 5D Mark II,2023:05:19 10:58:43,,
cali_hdr,20230519/fisheye/coda320_10:58/IMG_5824.JPG,20230519,fisheye,outdoor,,,,,Canon EOS 5D Mark II,2023:05:19 10:58:45,,
cali_hdr,20230519/fisheye/coda320_10:58/IMG_5825.JPG,20230519,fisheye,outdoor,,,,,Canon EOS 5D Mark II,2023:05:19 10:58:46,,
cali_hdr,20230519/fisheye/coda320_10:58/IMG_5822.JPG,20230519,fisheye,outdoor,,,,,Canon EOS 5D Mark II,2023:05:19 10:58:44,,
cali_hdr,20230519/fisheye/coda320_10:58/IMG_5827.JPG,20230519,fisheye,outdoor,,,,,Canon EOS 5D Mark II,2023:05:19 10:58:48,,
cali_hdr,20230519/fisheye/coda320_10:58/IMG_5823.JPG,20230519,fisheye,outdoor,,,,,Canon EOS 5D Mark II,2023:05:19 10:58:44,,
cali_hdr,20230519/fisheye/coda320_10:58/IMG_5826.JPG,20230519,fisheye,outdoor,,,,,Canon EOS 5D Mark II,2023:05:19 10:58:47,,
cali_hdr,20230519/fisheye/coda320_10:58/IMG_5819.JPG,20230519,fisheye,outdoor,,,,,Canon EOS 5D Mark II,2023:05:19 10:58:42,,
cali_hdr,20230519/fisheye/coda320_10:58/IMG_5820.JPG,20230519,fisheye,outdoor,,,,,Canon EOS 5D Mark II,2023:05:19 10:58:43,,
cali_hdr,20230519/fisheye/coda320_13:59/IMG_5863.JPG,20230519,fisheye,outdoor,,,,,Canon EOS 5D Mark II,2023:05:19 14:01:37,,
cali_hdr,20230519/fisheye/coda320_13:59/IMG_5862.JPG,20230519,fisheye,outdoor,,,,,Canon EOS 5D Mark II,2023:05:19 14:01:36,,
cali_hdr,20230519/fisheye/coda320_13:59/IMG_5858.JPG,20230519,fisheye,outdoor,,,,,Canon EOS 5D Mark II,2023:05:19 14:01:34,,
cali_hdr,20230519/fisheye/coda320_13:59/IMG_5857.JPG,20230519,fisheye,outdoor,,,,,Canon EOS 5D Mark II,2023:05:19 14:01:33,,
cali_hdr,20230519/fisheye/coda320_13:59/IMG_5864.JPG,20230519,fisheye,outdoor,,,,,Canon EOS 5D Mark II,2023:05:19 14:01:38,,
cali_hdr,20230519/fisheye/coda320_13:59/IMG_5861.JPG,20230519,fisheye,outdoor,,,,,Canon EOS 5D Mark II,2023:05:19 14:01:35,,
cali_hdr,20230519/fisheye/coda320_13:59/IMG_5865.JPG,20230519,fisheye,outdoor,,,,,Canon EOS 5D Mark II,2023:05:19 14:01:39,,
cali_hdr,20230519/fisheye/coda320_13:59/IMG_5859.JPG,20230519,fisheye,outdoor,,,,,Canon EOS 5D Mark II,2023:05:19 14:01:34,,
cali_hdr,20230519/fisheye/coda320_13:59/IMG_5860.JPG,20230519,fisheye,outdoor,,,,,Canon EOS 5D Mark II,2023:05:19 14:01:35,,
cali_hdr,20230519/fisheye/coda320_14:57/IMG_5874.JPG,20230519,fisheye,outdoor,,,,,Canon EOS 5D Mark II,2023:05:19 14:59:11,,
cali_hdr,20230519/fisheye/coda320_14:57/IMG_5873.JPG,20230519,fisheye,outdoor,,,,,Canon EOS 5D Mark II,2023:05:19 14:59:11,,
cali_hdr,20230519/fisheye/coda320_14:57/IMG_5867.JPG,20230519,fisheye,outdoor,,,,,Canon EOS 5D Mark II,2023:05:19 14:59:07,,
cali_hdr,20230519/fisheye/coda320_14:57/IMG_5866.JPG,20230519,fisheye,outdoor,,,,,Canon EOS 5D Mark II,2023:05:19 14:59:06,,
cali_hdr,20230519/fisheye/coda320_14:57/IMG_5871.JPG,20230519,fisheye,outdoor,,,,,Canon EOS 5D Mark II,2023:05:19 14:59:09,,
cali_hdr,20230519/fisheye/coda320_14:57/IMG_5869.JPG,20230519,fisheye,outdoor,,,,,Canon EOS 5D Mark II,2023:05:19 14:59:08,,
cali_hdr,20230519/fisheye/coda320_14:57/IMG_5870.JPG,20230519,fisheye,outdoor,,,,,Canon EOS 5D Mark II,2023:05:19 14:59:08,,
cali_hdr,20230519/fisheye/coda320_14:57/IMG_5868.JPG,20230519,fisheye,outdoor,,,,,Canon EOS 5D Mark II,2023:05:19 14:59:07,,
cali_hdr,20230519/fisheye/coda320_14:57/IMG_5872.JPG,20230519,fisheye,outdoor,,,,,Canon EOS 5D Mark II,2023:05:19 14:59:09,,
cali_hdr,20230519/fisheye/coda320_15:52/IMG_5883.JPG,20230519,fisheye,outdoor,,,,,Canon EOS 5D Mark II,2023:05:19 15:54:29,,
cali_hdr,20230519/fisheye/coda320_15:52/IMG_5879.JPG,20230519,fisheye,outdoor,,,,,Canon EOS 5D Mark II,2023:05:19 15:54:25,,
cali_hdr,20230519/fisheye/coda320_15:52/IMG_5882.JPG,20230519,fisheye,outdoor,,,,,Canon EOS 5D Mark II,2023:05:19 15:54:28,,
cali_hdr,20230519/fisheye/coda320_15:52/IMG_5881.JPG,20230519,fisheye,outdoor,,,,,Canon EOS 5D Mark II,2023:05:19 15:54:27,,
cali_hdr,20230519/fisheye/coda320_15:52/IMG_5877.JPG,20230519,fisheye,outdoor,,,,,Canon EOS 5D Mark II,2023:05:19 15:54:24,,
cali_hdr,20230519/fisheye/coda320_15:52/IMG_5878.JPG,20230519,fisheye,outdoor,,,,,Canon EOS 5D Mark II,2023:05:19 15:54:25,,
cali_hdr,20230519/fisheye/coda320_15:52/IMG_5875.JPG,20230519,fisheye,outdoor,,,,,Canon EOS 5D Mark II,2023:05:19 15:54:23,,
cali_hdr,20230519/fisheye/coda320_15:52/IMG_5876.JPG,20230519,fisheye,outdoor,,,,,Canon EOS 5D Mark II,2023:05:19 15:54:24,,
cali_hdr,20230519/fisheye/coda320_15:52/IMG_5880.JPG,20230519,fisheye,outdoor,,,,,Canon EOS 5D Mark II,2023:05:19 15:54:26,,
cali_hdr,20230519/fisheye/coda320_12:58/IMG_5844.JPG,20230519,fisheye,outdoor,,,,,Canon EOS 5D Mark II,2023:05:19 12:59:04,,
cali_hdr,20230519/fisheye/coda320_12:58/IMG_5838.JPG,20230519,fisheye,outdoor,,,,,Canon EOS 5D Mark II,2023:05:19 12:59:00,,
cali_hdr,20230519/fisheye/coda320_12:58/IMG_5839.JPG,20230519,fisheye,outdoor,,,,,Canon EOS 5D Mark II,2023:05:19 12:59:00,,
cali_hdr,20230519/fisheye/coda320_12:58/IMG_5845.JPG,20230519,fisheye,outdoor,,,,,Canon EOS 5D Mark II,2023:05:19 12:59:05,,
cali_hdr,20230519/fisheye/coda320_12:58/IMG_5842.JPG,20230519,fisheye,outdoor,,,,,Canon EOS 5D Mark II,2023:05:19 12:59:02,,
cali_hdr,20230519/fisheye/coda320_12:58/IMG_5840.JPG,20230519,fisheye,outdoor,,,,,Canon EOS 5D Mark II,2023:05:19 12:59:01,,
cali_hdr,20230519/fisheye/coda320_12:58/IMG_5843.JPG,20230519,fisheye,outdoor,,,,,Canon EOS 5D Mark II,2023:05:19 12:59:03,,
cali_hdr,20230519/fisheye/coda320_12:58/IMG_5837.JPG,20230519,fisheye,outdoor,,,,,Canon EOS 5D Mark II,2023:05:19 12:59:00,,
cali_hdr,20230519/fisheye/coda320_12:58/IMG_5841.JPG,20230519,fisheye,outdoor,,,,,Canon EOS 5D Mark II,2023:05:19 12:59:01,,
cali_hdr,20230519/fisheye/coda320_11:57/IMG_5832.JPG,20230519,fisheye,outdoor,,,,,Canon EOS 5D Mark II,2023:05:19 11:58:32,,
cali_hdr,20230519/fisheye/coda320_11:57/IMG_5835.JPG,20230519,fisheye,outdoor,,,,,Canon EOS 5D Mark II,2023:05:19 11:58:35,,
cali_hdr,20230519/fisheye/coda320_11:57/IMG_5833.JPG,20230519,fisheye,outdoor,,,,,Canon EOS 5D Mark II,2023:05:19 11:58:33,,
cali_hdr,20230519/fisheye/coda320_11:57/IMG_5830.JPG,20230519,fisheye,outdoor,,,,,Canon EOS 5D Mark II,2023:05:19 11:58:31,,
cali_hdr,20230519/fisheye/coda320_11:57/IMG_5829.JPG,20230519,fisheye,outdoor,,,,,Canon EOS 5D Mark II,2023:05:19 11:58:30,,
cali_hdr,20230519/fisheye/coda320_11:57/IMG_5834.JPG,20230519,fisheye,outdoor,,,,,Canon EOS 5D Mark II,2023:05:19 11:58:33,,
cali_hdr,20230519/fisheye/coda320_11:57/IMG_5831.JPG,20230519,fisheye,outdoor,,,,,Canon EOS 5D Mark II,2023:05:19 11:58:31,,
cali_hdr,20230519/fisheye/coda320_11:57/IMG_5828.JPG,20230519,fisheye,outdoor,,,,,Canon EOS 5D Mark II,2023:05:19 11:58:30,,
cali_hdr,20230519/fisheye/coda320_11:57/IMG_5836.JPG,20230519,fisheye,outdoor,,,,,Canon EOS 5D Mark II,2023:05:19 11:58:35,,
cali_hdr,20230519/fisheye/coda320_16:55/IMG_5885.JPG,20230519,fisheye,outdoor,,,,,Canon EOS 5D Mark II,2023:05:19 16:57:12,,
cali_hdr,20230519/fisheye/coda320_16:55/IMG_5887.JPG,20230519,fisheye,outdoor,,,,,Canon EOS 5D Mark II,2023:05:19 16:57:13,,
cali_hdr,20230519/fisheye/coda320_16:55/IMG_5892.JPG,20230519,fisheye,outdoor,,,,,Canon EOS 5D Mark II,2023:05:19 16:57:17,,
cali_hdr,20230519/fisheye/coda320_16:55/IMG_5890.JPG,20230519,fisheye,outdoor,,,,,Canon EOS 5D Mark II,2023:05:19 16:57:15,,
cali_hdr,20230519/fisheye/coda320_16:55/IMG_5884.JPG,20230519,fisheye,outdoor,,,,,Canon EOS 5D Mark II,2023:05:19 16:57:12,,
cali_hdr,20230519/fisheye/coda320_16:55/IMG_5888.JPG,20230519,fisheye,outdoor,,,,,Canon EOS 5D Mark II,2023:05:19 16:57:14,,
cali_hdr,20230519/fisheye/coda320_16:55/IMG_5886.JPG,20230519,fisheye,outdoor,,,,,Canon EOS 5D Mark II,2023:05:19 16:57:13,,
cali_hdr,20230519/fisheye/coda320_16:55/IMG_5889.JPG,20230519,fisheye,outdoor,,,,,Canon EOS 5D Mark II,2023:05:19 16:57:15,,
cali_hdr,20230519/fisheye/coda320_16:55/IMG_5891.JPG,20230519,fisheye,outdoor,,,,,Canon EOS 5D Mark II,2023:05:19 16:57:17,,
cali_hdr,20230521/fisheye/coda320_16:53/IMG_5962.JPG,20230521,fisheye,outdoor,,,,,Canon EOS 5D Mark II,2023:05:21 16:54:40,,
cali_hdr,20230521/fisheye/coda320_16:53/IMG_5958.JPG,20230521,fisheye,outdoor,,,,,Canon EOS 5D Mark II,2023:05:21 16:54:38,,
cali_hdr,20230521/fisheye/coda320_16:53/IMG_5957.JPG,20230521,fisheye,outdoor,,,,,Canon EOS 5D Mark II,2023:05:21 16:54:38,,
cali_hdr,20230521/fisheye/coda320_16:53/IMG_5959.JPG,20230521,fisheye,outdoor,,,,,Canon EOS 5D Mark II,2023:05:21 16:54:39,,
cali_hdr,20230521/fisheye/coda320_16:53/IMG_5961.JPG,20230521,fisheye,outdoor,,,,,Canon EOS 5D Mark II,2023:05:21 16:54:40,,
cali_hdr,20230521/fisheye/coda320_16:53/IMG_5960.JPG,20230521,fisheye,outdoor,,,,,Canon EOS 5D Mark II,2023:05:21 16:54:39,,
cali_hdr,20230521/fisheye/coda320_16:53/IMG_5956.JPG,20230521,fisheye,outdoor,,,,,Canon EOS 5D Mark II,2023:05:21 16:54:37,,
cali_hdr,20230521/fisheye/coda320_16:53/IMG_5964.JPG,20230521,fisheye,outdoor,,,,,Canon EOS 5D Mark II,2023:05:21 16:54:43,,
cali_hdr,20230521/fisheye/coda320_16:53/IMG_5963.JPG,20230521,fisheye,outdoor,,,,,Canon EOS 5D Mark II,2023:05:21 16:54:42,,
cali_hdr,20230521/fisheye/coda320_10:57/IMG_5907.JPG,20230521,fisheye,outdoor,,,,,Canon EOS 5D Mark II,2023:05:21 10:59:15,,
cali_hdr,20230521/fisheye/coda320_10:57/IMG_5904.JPG,20230521,fisheye,outdoor,,,,,Canon EOS 5D Mark II,2023:05:21 10:59:14,,
cali_hdr,20230521/fisheye/coda320_10:57/IMG_5903.JPG,20230521,fisheye,outdoor,,,,,Canon EOS 5D Mark II,2023:05:21 10:59:13,,
cali_hdr,20230521/fisheye/coda320_10:57/IMG_5906.JPG,20230521,fisheye,outdoor,,,,,Canon EOS 5D Mark II,2023:05:21 10:59:15,,
cali_hdr,20230521/fisheye/coda320_10:57/IMG_5905.JPG,20230521,fisheye,outdoor,,,,,Canon EOS 5D Mark II,2023:05:21 10:59:14,,
cali_hdr,20230521/fisheye/coda320_10:57/IMG_5908.JPG,20230521,fisheye,outdoor,,,,,Canon EOS 5D Mark II,2023:05:21 10:59:16,,
cali_hdr,20230521/fisheye/coda320_10:57/IMG_5910.JPG,20230521,fisheye,outdoor,,,,,Canon EOS 5D Mark II,2023:05:21 10:59:18,,
cali_hdr,20230521/fisheye/coda320_10:57/IMG_5902.JPG,20230521,fisheye,outdoor,,,,,Canon EOS 5D Mark II,2023:05:21 10:59:13,,
cali_hdr,20230521/fisheye/coda320_10:57/IMG_5909.JPG,20230521,fisheye,outdoor,,,,,Canon EOS 5D Mark II,2023:05:21 10:59:17,,
cali_hdr,20230521/fisheye/coda320_09:57/IMG_5896.JPG,20230521,fisheye,outdoor,,,,,Canon EOS 5D Mark II,2023:05:21 09:59:17,,
cali_hdr,20230521/fisheye/coda320_09:57/IMG_5899.JPG,20230521,fisheye,outdoor,,,,,Canon EOS 5D Mark II,2023:05:21 09:59:19,,
cali_hdr,20230521/fisheye/coda320_09:57/IMG_5894.JPG,20230521,fisheye,outdoor,,,,,Canon EOS 5D Mark II,2023:05:21 09:59:16,,
cali_hdr,20230521/fisheye/coda320_09:57/IMG_5893.JPG,20230521,fisheye,outdoor,,,,,Canon EOS 5D Mark II,2023:05:21 09:59:16,,
cali_hdr,20230521/fisheye/coda320_09:57/IMG_5900.JPG,20230521,fisheye,outdoor,,,,,Canon EOS 5D Mark II,2023:05:21 09:59:20,,
cali_hdr,20230521/fisheye/coda320_09:57/IMG_5895.JPG,20230521,fisheye,outdoor,,,,,Canon EOS 5D Mark II,2023:05:21 09:59:16,,
cali_hdr,20230521/fisheye/coda320_09:57/IMG_5901.JPG,20230521,fisheye,outdoor,,,,,Canon EOS 5D Mark II,2023:05:21 09:59:21,,
cali_hdr,20230521/fisheye/coda320_09:57/IMG_5898.JPG,20230521,fisheye,outdoor,,,,,Canon EOS 5D Mark II,2023:05:21 09:59:18,,
cali_hdr,20230521/fisheye/coda320_09:57/IMG_5897.JPG,20230521,fisheye,outdoor,,,,,Canon EOS 5D Mark II,2023:05:21 09:59:17,,
cali_hdr,20230521/fisheye/coda320_14:57/IMG_5941.JPG,20230521,fisheye,outdoor,,,,,Canon EOS 5D Mark II,2023:05:21 14:58:41,,
cali_hdr,20230521/fisheye/coda320_14:57/IMG_5938.JPG,20230521,fisheye,outdoor,,,,,Canon EOS 5D Mark II,2023:05:21 14:58:39,,
cali_hdr,20230521/fisheye/coda320_14:57/IMG_5942.JPG,20230521,fisheye,outdoor,,,,,Canon EOS 5D Mark II,2023:05:21 14:58:41,,
cali_hdr,20230521/fisheye/coda320_14:57/IMG_5944.JPG,20230521,fisheye,outdoor,,,,,Canon EOS 5D Mark II,2023:05:21 14:58:42,,
cali_hdr,20230521/fisheye/coda320_14:57/IMG_5943.JPG,20230521,fisheye,outdoor,,,,,Canon EOS 5D Mark II,2023:05:21 14:58:42,,
cali_hdr,20230521/fisheye/coda320_14:57/IMG_5946.JPG,20230521,fisheye,outdoor,,,,,Canon EOS 5D Mark II,2023:05:21 14:58:45,,
cali_hdr,20230521/fisheye/coda320_14:57/IMG_5945.JPG,20230521,fisheye,outdoor,,,,,Canon EOS 5D Mark II,2023:05:21 14:58:44,,
cali_hdr,20230521/fisheye/coda320_14:57/IMG_5940.JPG,20230521,fisheye,outdoor,,,,,Canon EOS 5D Mark II,2023:05:21 14:58:40,,
cali_hdr,20230521/fisheye/coda320_14:57/IMG_5939.JPG,20230521,fisheye,outdoor,,,,,Canon EOS 5D Mark II,2023:05:21 14:58:40,,
cali_hdr,20230521/fisheye/coda320_15:56/IMG_5949.JPG,20230521,fisheye,outdoor,,,,,Canon EOS 5D Mark II,2023:05:21 15:58:20,,
cali_hdr,20230521/fisheye/coda320_15:56/IMG_5952.JPG,20230521,fisheye,outdoor,,,,,Canon EOS 5D Mark II,2023:05:21 15:58:22,,
cali_hdr,20230521/fisheye/coda320_15:56/IMG_5947.JPG,20230521,fisheye,outdoor,,,,,Canon EOS 5D Mark II,2023:05:21 15:58:19,,
cali_hdr,20230521/fisheye/coda320_15:56/IMG_5948.JPG,20230521,fisheye,outdoor,,,,,Canon EOS 5D Mark II,2023:05:21 15:58:20,,
cali_hdr,20230521/fisheye/coda320_15:56/IMG_5953.JPG,20230521,fisheye,outdoor,,,,,Canon EOS 5D Mark II,2023:05:21 15:58:23,,
cali_hdr,20230521/fisheye/coda320_15:56/IMG_5954.JPG,20230521,fisheye,outdoor,,,,,Canon EOS 5D Mark II,2023:05:21 15:58:24,,
cali_hdr,20230521/fisheye/coda320_15:56/IMG_5950.JPG,20230521,fisheye,outdoor,,,,,Canon EOS 5D Mark II,2023:05:21 15:58:21,,
cali_hdr,20230521/fisheye/coda320_15:56/IMG_5951.JPG,20230521,fisheye,outdoor,,,,,Canon EOS 5D Mark II,2023:05:21 15:58:21,,
cali_hdr,20230521/fisheye/coda320_15:56/IMG_5955.JPG,20230521,fisheye,outdoor,,,,,Canon EOS 5D Mark II,2023:05:21 15:58:25,,
cali_hdr,20230521/fisheye/coda320_11:57/IMG_5914.JPG,20230521,fisheye,outdoor,,,,,Canon EOS 5D Mark II,2023:05:21 11:59:06,,
cali_hdr,20230521/fisheye/coda320_11:57/IMG_5915.JPG,20230521,fisheye,outdoor,,,,,Canon EOS 5D Mark II,2023:05:21 11:59:06,,
cali_hdr,20230521/fisheye/coda320_11:57/IMG_5911.JPG,20230521,fisheye,outdoor,,,,,Canon EOS 5D Mark II,2023:05:21 11:59:04,,
cali_hdr,20230521/fisheye/coda320_11:57/IMG_5912.JPG,20230521,fisheye,outdoor,,,,,Canon EOS 5D Mark II,2023:05:21 11:59:05,,
cali_hdr,20230521/fisheye/coda320_11:57/IMG_5916.JPG,20230521,fisheye,outdoor,,,,,Canon EOS 5D Mark II,2023:05:21 11:59:07,,
cali_hdr,20230521/fisheye/coda320_11:57/IMG_5918.JPG,20230521,fisheye,outdoor,,,,,Canon EOS 5D Mark II,2023:05:21 11:59:09,,
cali_hdr,20230521/fisheye/coda320_11:57/IMG_5913.JPG,20230521,fisheye,outdoor,,,,,Canon EOS 5D Mark II,2023:05:21 11:59:05,,
cali_hdr,20230521/fisheye/coda320_11:57/IMG_5917.JPG,20230521,fisheye,outdoor,,,,,Canon EOS 5D Mark II,2023:05:21 11:59:08,,
cali_hdr,20230521/fisheye/coda320_11:57/IMG_5919.JPG,20230521,fisheye,outdoor,,,,,Canon EOS 5D Mark II,2023:05:21 11:59:10,,
cali_hdr,20230521/fisheye/coda320_12:57/IMG_5923.JPG,20230521,fisheye,outdoor,,,,,Canon EOS 5D Mark II,2023:05:21 12:59:02,,
cali_hdr,20230521/fisheye/coda320_12:57/IMG_5920.JPG,20230521,fisheye,outdoor,,,,,Canon EOS 5D Mark II,2023:05:21 12:59:01,,
cali_hdr,20230521/fisheye/coda320_12:57/IMG_5924.JPG,20230521,fisheye,outdoor,,,,,Canon EOS 5D Mark II,2023:05:21 12:59:03,,
cali_hdr,20230521/fisheye/coda320_12:57/IMG_5925.JPG,20230521,fisheye,outdoor,,,,,Canon EOS 5D Mark II,2023:05:21 12:59:03,,
cali_hdr,20230521/fisheye/coda320_12:57/IMG_5928.JPG,20230521,fisheye,outdoor,,,,,Canon EOS 5D Mark II,2023:05:21 12:59:06,,
cali_hdr,20230521/fisheye/coda320_12:57/IMG_5921.JPG,20230521,fisheye,outdoor,,,,,Canon EOS 5D Mark II,2023:05:21 12:59:01,,
cali_hdr,20230521/fisheye/coda320_12:57/IMG_5926.JPG,20230521,fisheye,outdoor,,,,,Canon EOS 5D Mark II,2023:05:21 12:59:04,,
cali_hdr,20230521/fisheye/coda320_12:57/IMG_5922.JPG,20230521,fisheye,outdoor,,,,,Canon EOS 5D Mark II,2023:05:21 12:59:01,,
cali_hdr,20230521/fisheye/coda320_12:57/IMG_5927.JPG,20230521,fisheye,outdoor,,,,,Canon EOS 5D Mark II,2023:05:21 12:59:05,,
cali_hdr,20230521/fisheye/coda320_13:57/IMG_5932.JPG,20230521,fisheye,outdoor,,,,,Canon EOS 5D Mark II,2023:05:21 13:58:42,,
cali_hdr,20230521/fisheye/coda320_13:57/IMG_5931.JPG,20230521,fisheye,outdoor,,,,,Canon EOS 5D Mark II,2023:05:21 13:58:42,,
cali_hdr,20230521/fisheye/coda320_13:57/IMG_5935.JPG,20230521,fisheye,outdoor,,,,,Canon EOS 5D Mark II,2023:05:21 13:58:44,,
cali_hdr,20230521/fisheye/coda320_13:57/IMG_5929.JPG,20230521,fisheye,outdoor,,,,,Canon EOS 5D Mark II,2023:05:21 13:58:41,,
cali_hdr,20230521/fisheye/coda320_13:57/IMG_5937.JPG,20230521,fisheye,outdoor,,,,,Canon EOS 5D Mark II,2023:05:21 13:58:46,,
cali_hdr,20230521/fisheye/coda320_13:57/IMG_5930.JPG,20230521,fisheye,outdoor,,,,,Canon EOS 5D Mark II,2023:05:21 13:58:41,,
cali_hdr,20230521/fisheye/coda320_13:57/IMG_5934.JPG,20230521,fisheye,outdoor,,,,,Canon EOS 5D Mark II,2023:05:21 13:58:44,,
cali_hdr,20230521/fisheye/coda320_13:57/IMG_5933.JPG,20230521,fisheye,outdoor,,,,,Canon EOS 5D Mark II,2023:05:21 13:58:43,,
cali_hdr,20230521/fisheye/coda320_13:57/IMG_5936.JPG,20230521,fisheye,outdoor,,,,,Canon EOS 5D Mark II,2023:05:21 13:58:46,,
cali_hdr,20221006/theta/1f_living_13:23/R0010148.JPG,20221006,theta,indoor,40.363633,-80.1874,377.0,,RICOH THETA Z1,2022:10:06 13:23:13,2022-10-06T17:22:36Z,
cali_hdr,20221006/theta/1f_living_13:23/R0010145.JPG,20221006,theta,indoor,40.363633,-80.1874,377.0,,RICOH THETA Z1,2022:10:06 13:22:54,2022-10-06T17:22:36Z,
cali_hdr,20221006/theta/1f_living_13:23/R0010149.JPG,20221006,theta,indoor,40.363633,-80.1874,377.0,,RICOH THETA Z1,2022:10:06 13:23:19,2022-10-06T17:22:36Z,
cali_hdr,20221006/theta/1f_living_13:23/R0010147.JPG,20221006,theta,indoor,40.363633,-80.1874,377.0,,RICOH THETA Z1,2022:10:06 13:23:07,2022-10-06T17:22:36Z,
cali_hdr,20221006/theta/1f_living_13:23/R0010144.JPG,20221006,theta,indoor,40.363633,-80.1874,377.0,,RICOH THETA Z1,2022:10:06 13:22:46,2022-10-06T17:22:36Z,
cali_hdr,20221006/theta/1f_living_13:23/R0010152.JPG,20221006,theta,indoor,40.363633,-80.1874,377.0,,RICOH THETA Z1,2022:10:06 13:23:38,2022-10-06T17:22:36Z,
cali_hdr,20221006/theta/1f_living_13:23/R0010146.JPG,20221006,theta,indoor,40.363633,-80.1874,377.0,,RICOH THETA Z1,2022:10:06 13:23:00,2022-10-06T17:22:36Z,
cali_hdr,20221006/theta/1f_living_13:23/R0010151.JPG,20221006,theta,indoor,40.363633,-80.1874,377.0,,RICOH THETA Z1,2022:10:06 13:23:32,2022-10-06T17:22:36Z,
cali_hdr,20221006/theta/1f_living_13:23/R0010150.JPG,20221006,theta,indoor,40.363633,-80.1874,377.0,,RICOH THETA Z1,2022:10:06 13:23:26,2022-10-06T17:22:36Z,
cali_hdr,20221006/theta/2f_living_13:51/R0010174.JPG,20221006,theta,indoor,40.363611,-80.187189,376.8,,RICOH THETA Z1,2022:10:06 13:51:02,2022-10-06T17:50:43Z,
cali_hdr,20221006/theta/2f_living_13:51/R0010180.JPG,20221006,theta,indoor,40.363611,-80.187189,376.8,,RICOH THETA Z1,2022:10:06 13:51:39,2022-10-06T17:50:43Z,
cali_hdr,20221006/theta/2f_living_13:51/R0010177.JPG,20221006,theta,indoor,40.363611,-80.187189,376.8,,RICOH THETA Z1,2022:10:06 13:51:21,2022-10-06T17:50:43Z,
cali_hdr,20221006/theta/2f_living_13:51/R0010175.JPG,20221006,theta,indoor,40.363611,-80.187189,376.8,,RICOH THETA Z1,2022:10:06 13:51:08,2022-10-06T17:50:43Z,
cali_hdr,20221006/theta/2f_living_13:51/R0010179.JPG,20221006,theta,indoor,40.363611,-80.187189,376.8,,RICOH THETA Z1,2022:10:06 13:51:33,2022-10-06T17:50:43Z,
cali_hdr,20221006/theta/2f_living_13:51/R0010178.JPG,20221006,theta,indoor,40.363611,-80.187189,376.8,,RICOH THETA Z1,2022:10:06 13:51:27,2022-10-06T17:50:43Z,
cali_hdr,20221006/theta/2f_living_13:51/R0010176.JPG,20221006,theta,indoor,40.363611,-80.187189,376.8,,RICOH THETA Z1,2022:10:06 13:51:15,2022-10-06T17:50:43Z,
cali_hdr,20221006/theta/2f_living_13:51/R0010181.JPG,20221006,theta,indoor,40.363611,-80.187189,376.8,,RICOH THETA Z1,2022:10:06 13:51:45,2022-10-06T17:50:43Z,
cali_hdr,20221006/theta/2f_living_13:51/R0010173.JPG,20221006,theta,indoor,40.363611,-80.187189,376.8,,RICOH THETA Z1,2022:10:06 13:50:54,2022-10-06T17:50:43Z,
cali_hdr,20221006/theta/2f_living_14:25/R0010235.JPG,20221006,theta,indoor,40.363547,-80.187183,375.6,,RICOH THETA Z1,2022:10:06 14:24:47,2022-10-06T18:19:09Z,
cali_hdr,20221006/theta/2f_living_14:25/R0010230.JPG,20221006,theta,indoor,40.363547,-80.187183,375.6,,RICOH THETA Z1,2022:10:06 14:24:16,2022-10-06T18:19:09Z,
cali_hdr,20221006/theta/2f_living_14:25/R0010232.JPG,20221006,theta,indoor,40.363547,-80.187183,375.6,,RICOH THETA Z1,2022:10:06 14:24:28,2022-10-06T18:19:09Z,
cali_hdr,20221006/theta/2f_living_14:25/R0010234.JPG,20221006,theta,indoor,40.363547,-80.187183,375.6,,RICOH THETA Z1,2022:10:06 14:24:41,2022-10-06T18:19:09Z,
cali_hdr,20221006/theta/2f_living_14:25/R0010231.JPG,20221006,theta,indoor,40.363547,-80.187183,375.6,,RICOH THETA Z1,2022:10:06 14:24:22,2022-10-06T18:19:09Z,
cali_hdr,20221006/theta/2f_living_14:25/R0010227.JPG,20221006,theta,indoor,40.363547,-80.187183,375.6,,RICOH THETA Z1,2022:10:06 14:23:55,2022-10-06T18:19:09Z,
cali_hdr,20221006/theta/2f_living_14:25/R0010233.JPG,20221006,theta,indoor,40.363547,-80.187183,375.6,,RICOH THETA Z1,2022:10:06 14:24:35,2022-10-06T18:19:09Z,
cali_hdr,20221006/theta/2f_living_14:25/R0010228.JPG,20221006,theta,indoor,40.363547,-80.187183,375.6,,RICOH THETA Z1,2022:10:06 14:24:03,2022-10-06T18:19:09Z,
cali_hdr,20221006/theta/2f_living_14:25/R0010229.JPG,20221006,theta,indoor,40.363547,-80.187183,375.6,,RICOH THETA Z1,2022:10:06 14:24:09,2022-10-06T18:19:09Z,
cali_hdr,20221006/theta/1f_living_16:11/R0010310.JPG,20221006,theta,indoor,40.363472,-80.187853,383.4,,RICOH THETA Z1,2022:10:06 16:10:24,2022-10-06T20:10:12Z,
cali_hdr,20221006/theta/1f_living_16:11/R0010318.JPG,20221006,theta,indoor,40.363472,-80.187853,383.4,,RICOH THETA Z1,2022:10:06 16:11:15,2022-10-06T20:10:12Z,
cali_hdr,20221006/theta/1f_living_16:11/R0010316.JPG,20221006,theta,indoor,40.363472,-80.187853,383.4,,RICOH THETA Z1,2022:10:06 16:11:03,2022-10-06T20:10:12Z,
cali_hdr,20221006/theta/1f_living_16:11/R0010313.JPG,20221006,theta,indoor,40.363472,-80.187853,383.4,,RICOH THETA Z1,2022:10:06 16:10:45,2022-10-06T20:10:12Z,
cali_hdr,20221006/theta/1f_living_16:11/R0010315.JPG,20221006,theta,indoor,40.363472,-80.187853,383.4,,RICOH THETA Z1,2022:10:06 16:10:57,2022-10-06T20:10:12Z,
cali_hdr,20221006/theta/1f_living_16:11/R0010311.JPG,20221006,theta,indoor,40.363472,-80.187853,383.4,,RICOH THETA Z1,2022:10:06 16:10:31,2022-10-06T20:10:12Z,
cali_hdr,20221006/theta/1f_living_16:11/R0010317.JPG,20221006,theta,indoor,40.363472,-80.187853,383.4,,RICOH THETA Z1,2022:10:06 16:11:09,2022-10-06T20:10:12Z,
cali_hdr,20221006/theta/1f_living_16:11/R0010314.JPG,20221006,theta,indoor,40.363472,-80.187853,383.4,,RICOH THETA Z1,2022:10:06 16:10:51,2022-10-06T20:10:12Z,
cali_hdr,20221006/theta/1f_living_16:11/R0010312.JPG,20221006,theta,indoor,40.363472,-80.187853,383.4,,RICOH THETA Z1,2022:10:06 16:10:38,2022-10-06T20:10:12Z,
cali_hdr,20221006/theta/1f_living_17:05/R0010393.JPG,20221006,theta,indoor,40.363553,-80.187156,375.4,,RICOH THETA Z1,2022:10:06 17:02:40,2022-10-06T20:59:32Z,
cali_hdr,20221006/theta/1f_living_17:05/R0010394.JPG,20221006,theta,indoor,40.363553,-80.187156,375.4,,RICOH THETA Z1,2022:10:06 17:02:46,2022-10-06T20:59:32Z,
cali_hdr,20221006/theta/1f_living_17:05/R0010395.JPG,20221006,theta,indoor,40.363553,-80.187156,375.4,,RICOH THETA Z1,2022:10:06 17:02:53,2022-10-06T20:59:32Z,
cali_hdr,20221006/theta/1f_living_17:05/R0010397.JPG,20221006,theta,indoor,40.363553,-80.187156,375.4,,RICOH THETA Z1,2022:10:06 17:03:05,2022-10-06T20:59:32Z,
cali_hdr,20221006/theta/1f_living_17:05/R0010391.JPG,20221006,theta,indoor,40.363553,-80.187156,375.4,,RICOH THETA Z1,2022:10:06 17:02:25,2022-10-06T20:59:32Z,
cali_hdr,20221006/theta/1f_living_17:05/R0010399.JPG,20221006,theta,indoor,40.363553,-80.187156,375.4,,RICOH THETA Z1,2022:10:06 17:03:17,2022-10-06T20:59:32Z,
cali_hdr,20221006/theta/1f_living_17:05/R0010396.JPG,20221006,theta,indoor,40.363553,-80.187156,375.4,,RICOH THETA Z1,2022:10:06 17:02:59,2022-10-06T20:59:32Z,
cali_hdr,20221006/theta/1f_living_17:05/R0010392.JPG,20221006,theta,indoor,40.363553,-80.187156,375.4,,RICOH THETA Z1,2022:10:06 17:02:33,2022-10-06T20:59:32Z,
cali_hdr,20221006/theta/1f_living_17:05/R0010398.JPG,20221006,theta,indoor,40.363553,-80.187156,375.4,,RICOH THETA Z1,2022:10:06 17:03:11,2022-10-06T20:59:32Z,
cali_hdr,20221006/theta/1f_living_14:08/R0010208.JPG,20221006,theta,indoor,40.363519,-80.187178,375.3,,RICOH THETA Z1,2022:10:06 14:08:17,2022-10-06T18:02:46Z,
cali_hdr,20221006/theta/1f_living_14:08/R0010204.JPG,20221006,theta,indoor,40.363519,-80.187178,375.3,,RICOH THETA Z1,2022:10:06 14:07:52,2022-10-06T18:02:46Z,
cali_hdr,20221006/theta/1f_living_14:08/R0010202.JPG,20221006,theta,indoor,40.363519,-80.187178,375.3,,RICOH THETA Z1,2022:10:06 14:07:40,2022-10-06T18:02:46Z,
cali_hdr,20221006/theta/1f_living_14:08/R0010201.JPG,20221006,theta,indoor,40.363519,-80.187178,375.3,,RICOH THETA Z1,2022:10:06 14:07:33,2022-10-06T18:02:46Z,
cali_hdr,20221006/theta/1f_living_14:08/R0010206.JPG,20221006,theta,indoor,40.363519,-80.187178,375.3,,RICOH THETA Z1,2022:10:06 14:08:05,2022-10-06T18:02:46Z,
cali_hdr,20221006/theta/1f_living_14:08/R0010205.JPG,20221006,theta,indoor,40.363519,-80.187178,375.3,,RICOH THETA Z1,2022:10:06 14:07:59,2022-10-06T18:02:46Z,
cali_hdr,20221006/theta/1f_living_14:08/R0010200.JPG,20221006,theta,indoor,40.363519,-80.187178,375.3,,RICOH THETA Z1,2022:10:06 14:07:25,2022-10-06T18:02:46Z,
cali_hdr,20221006/theta/1f_living_14:08/R0010207.JPG,20221006,theta,indoor,40.363519,-80.187178,375.3,,RICOH THETA Z1,2022:10:06 14:08:11,2022-10-06T18:02:46Z,
cali_hdr,20221006/theta/1f_living_14:08/R0010203.JPG,20221006,theta,indoor,40.363519,-80.187178,375.3,,RICOH THETA Z1,2022:10:06 14:07:46,2022-10-06T18:02:46Z,
cali_hdr,20221006/theta/2f_living_16:28/R0010335.JPG,20221006,theta,indoor,40.363558,-80.187781,377.2,,RICOH THETA Z1,2022:10:06 16:28:30,2022-10-06T20:27:34Z,
cali_hdr,20221006/theta/2f_living_16:28/R0010332.JPG,20221006,theta,indoor,40.363558,-80.187781,377.2,,RICOH THETA Z1,2022:10:06 16:28:11,2022-10-06T20:27:34Z,
cali_hdr,20221006/theta/2f_living_16:28/R0010328.JPG,20221006,theta,indoor,40.363558,-80.187781,377.2,,RICOH THETA Z1,2022:10:06 16:27:44,2022-10-06T20:27:34Z,
cali_hdr,20221006/theta/2f_living_16:28/R0010330.JPG,20221006,theta,indoor,40.363558,-80.187781,377.2,,RICOH THETA Z1,2022:10:06 16:27:59,2022-10-06T20:27:34Z,
cali_hdr,20221006/theta/2f_living_16:28/R0010329.JPG,20221006,theta,indoor,40.363558,-80.187781,377.2,,RICOH THETA Z1,2022:10:06 16:27:52,2022-10-06T20:27:34Z,
cali_hdr,20221006/theta/2f_living_16:28/R0010333.JPG,20221006,theta,indoor,40.363558,-80.187781,377.2,,RICOH THETA Z1,2022:10:06 16:28:18,2022-10-06T20:27:34Z,
cali_hdr,20221006/theta/2f_living_16:28/R0010334.JPG,20221006,theta,indoor,40.363558,-80.187781,377.2,,RICOH THETA Z1,2022:10:06 16:28:24,2022-10-06T20:27:34Z,
cali_hdr,20221006/theta/2f_living_16:28/R0010336.JPG,20221006,theta,indoor,40.363558,-80.187781,377.2,,RICOH THETA Z1,2022:10:06 16:28:36,2022-10-06T20:27:34Z,
cali_hdr,20221006/theta/2f_living_16:28/R0010331.JPG,20221006,theta,indoor,40.363558,-80.187781,377.2,,RICOH THETA Z1,2022:10:06 16:28:05,2022-10-06T20:27:34Z,
cali_hdr,20230610/theta/colonnade_14:13/R0011086.JPG,20230610,theta,indoor,40.452014,-79.950872,283.4,269.0,RICOH THETA Z1,2023:06:10 14:13:55,2023-06-10T18:13:24Z,
cali_hdr,20230610/theta/colonnade_14:13/R0011088.JPG,20230610,theta,indoor,40.452014,-79.950872,283.4,268.1,RICOH THETA Z1,2023:06:10 14:14:08,2023-06-10T18:13:24Z,
cali_hdr,20230610/theta/colonnade_14:13/R0011089.JPG,20230610,theta,indoor,40.452014,-79.950872,283.4,264.1,RICOH THETA Z1,2023:06:10 14:14:14,2023-06-10T18:13:24Z,
cali_hdr,20230610/theta/colonnade_14:13/R0011085.JPG,20230610,theta,indoor,40.452014,-79.950872,283.4,267.6,RICOH THETA Z1,2023:06:10 14:13:49,2023-06-10T18:13:24Z,
cali_hdr,20230610/theta/colonnade_14:13/R0011083.JPG,20230610,theta,indoor,40.452014,-79.950872,283.4,263.4,RICOH THETA Z1,2023:06:10 14:13:34,2023-06-10T18:13:24Z,
cali_hdr,20230610/theta/colonnade_14:13/R0011090.JPG,20230610,theta,indoor,40.452014,-79.950872,283.4,264.0,RICOH THETA Z1,2023:06:10 14:14:20,2023-06-10T18:13:24Z,
cali_hdr,20230610/theta/colonnade_14:13/R0011091.JPG,20230610,theta,indoor,40.452014,-79.950872,283.4,267.2,RICOH THETA Z1,2023:06:10 14:14:25,2023-06-10T18:13:24Z,
cali_hdr,20230610/theta/colonnade_14:13/R0011084.JPG,20230610,theta,indoor,40.452014,-79.950872,283.4,263.2,RICOH THETA Z1,2023:06:10 14:13:42,2023-06-10T18:13:24Z,
cali_hdr,20230610/theta/colonnade_14:13/R0011087.JPG,20230610,theta,indoor,40.452014,-79.950872,283.4,270.0,RICOH THETA Z1,2023:06:10 14:14:02,2023-06-10T18:13:24Z,
cali_hdr,20230610/theta/colonnade_13:43/R0011030.JPG,20230610,theta,indoor,40.451908,-79.950692,279.3,258.9,RICOH THETA Z1,2023:06:10 13:43:37,2023-06-10T17:43:18Z,
cali_hdr,20230610/theta/colonnade_13:43/R0011035.JPG,20230610,theta,indoor,40.451908,-79.950692,279.3,262.9,RICOH THETA Z1,2023:06:10 13:44:10,2023-06-10T17:43:18Z,
cali_hdr,20230610/theta/colonnade_13:43/R0011029.JPG,20230610,theta,indoor,40.451908,-79.950692,279.3,258.5,RICOH THETA Z1,2023:06:10 13:43:30,2023-06-10T17:43:18Z,
cali_hdr,20230610/theta/colonnade_13:43/R0011037.JPG,20230610,theta,indoor,40.451908,-79.950692,279.3,259.6,RICOH THETA Z1,2023:06:10 13:44:22,2023-06-10T17:43:18Z,
cali_hdr,20230610/theta/colonnade_13:43/R0011034.JPG,20230610,theta,indoor,40.451908,-79.950692,279.3,257.4,RICOH THETA Z1,2023:06:10 13:44:03,2023-06-10T17:43:18Z,
cali_hdr,20230610/theta/colonnade_13:43/R0011033.JPG,20230610,theta,indoor,40.451908,-79.950692,279.3,258.8,RICOH THETA Z1,2023:06:10 13:43:57,2023-06-10T17:43:18Z,
cali_hdr,20230610/theta/colonnade_13:43/R0011031.JPG,20230610,theta,indoor,40.451908,-79.950692,279.3,264.6,RICOH THETA Z1,2023:06:10 13:43:44,2023-06-10T17:43:18Z,
cali_hdr,20230610/theta/colonnade_13:43/R0011036.JPG,20230610,theta,indoor,40.451908,-79.950692,279.3,259.6,RICOH THETA Z1,2023:06:10 13:44:16,2023-06-10T17:43:18Z,
cali_hdr,20230610/theta/colonnade_13:43/R0011032.JPG,20230610,theta,indoor,40.451908,-79.950692,279.3,260.4,RICOH THETA Z1,2023:06:10 13:43:50,2023-06-10T17:43:18Z,
cali_hdr,20230610/theta/colonnade_14:03/R0011072.JPG,20230610,theta,indoor,40.452044,-79.950828,283.4,261.3,RICOH THETA Z1,2023:06:10 14:04:05,2023-06-10T18:02:02Z,
cali_hdr,20230610/theta/colonnade_14:03/R0011070.JPG,20230610,theta,indoor,40.452044,-79.950828,283.4,261.7,RICOH THETA Z1,2023:06:10 14:03:52,2023-06-10T18:02:02Z,
cali_hdr,20230610/theta/colonnade_14:03/R0011067.JPG,20230610,theta,indoor,40.452044,-79.950828,283.4,264.4,RICOH THETA Z1,2023:06:10 14:03:33,2023-06-10T18:02:02Z,
cali_hdr,20230610/theta/colonnade_14:03/R0011068.JPG,20230610,theta,indoor,40.452044,-79.950828,283.4,261.0,RICOH THETA Z1,2023:06:10 14:03:39,2023-06-10T18:02:02Z,
cali_hdr,20230610/theta/colonnade_14:03/R0011069.JPG,20230610,theta,indoor,40.452044,-79.950828,283.4,260.2,RICOH THETA Z1,2023:06:10 14:03:46,2023-06-10T18:02:02Z,
cali_hdr,20230610/theta/colonnade_14:03/R0011071.JPG,20230610,theta,indoor,40.452044,-79.950828,283.4,262.1,RICOH THETA Z1,2023:06:10 14:03:59,2023-06-10T18:02:02Z,
cali_hdr,20230610/theta/colonnade_14:03/R0011066.JPG,20230610,theta,indoor,40.452044,-79.950828,283.4,262.4,RICOH THETA Z1,2023:06:10 14:03:26,2023-06-10T18:02:02Z,
cali_hdr,20230610/theta/colonnade_14:03/R0011073.JPG,20230610,theta,indoor,40.452044,-79.950828,283.4,262.2,RICOH THETA Z1,2023:06:10 14:04:11,2023-06-10T18:02:02Z,
cali_hdr,20230610/theta/colonnade_14:03/R0011065.JPG,20230610,theta,indoor,40.452044,-79.950828,283.4,260.8,RICOH THETA Z1,2023:06:10 14:03:19,2023-06-10T18:02:02Z,
cali_hdr,20230610/theta/colonnade_14:01/R0011057.JPG,20230610,theta,indoor,40.452061,-79.950839,283.7,259.6,RICOH THETA Z1,2023:06:10 14:00:26,2023-06-10T18:00:07Z,
cali_hdr,20230610/theta/colonnade_14:01/R0011062.JPG,20230610,theta,indoor,40.452061,-79.950839,283.7,263.6,RICOH THETA Z1,2023:06:10 14:00:59,2023-06-10T18:00:07Z,
cali_hdr,20230610/theta/colonnade_14:01/R0011056.JPG,20230610,theta,indoor,40.452061,-79.950839,283.7,259.8,RICOH THETA Z1,2023:06:10 14:00:18,2023-06-10T18:00:07Z,
cali_hdr,20230610/theta/colonnade_14:01/R0011058.JPG,20230610,theta,indoor,40.452061,-79.950839,283.7,256.5,RICOH THETA Z1,2023:06:10 14:00:33,2023-06-10T18:00:07Z,
cali_hdr,20230610/theta/colonnade_14:01/R0011060.JPG,20230610,theta,indoor,40.452061,-79.950839,283.7,262.6,RICOH THETA Z1,2023:06:10 14:00:46,2023-06-10T18:00:07Z,
cali_hdr,20230610/theta/colonnade_14:01/R0011064.JPG,20230610,theta,indoor,40.452061,-79.950839,283.7,261.6,RICOH THETA Z1,2023:06:10 14:01:11,2023-06-10T18:00:07Z,
cali_hdr,20230610/theta/colonnade_14:01/R0011061.JPG,20230610,theta,indoor,40.452061,-79.950839,283.7,261.8,RICOH THETA Z1,2023:06:10 14:00:53,2023-06-10T18:00:07Z,
cali_hdr,20230610/theta/colonnade_14:01/R0011063.JPG,20230610,theta,indoor,40.452061,-79.950839,283.7,264.0,RICOH THETA Z1,2023:06:10 14:01:05,2023-06-10T18:00:07Z,
cali_hdr,20230610/theta/colonnade_14:01/R0011059.JPG,20230610,theta,indoor,40.452061,-79.950839,283.7,260.8,RICOH THETA Z1,2023:06:10 14:00:39,2023-06-10T18:00:07Z,
cali_hdr,20230610/theta/colonnade_13:49/R0011046.JPG,20230610,theta,indoor,40.452019,-79.950806,283.4,260.6,RICOH THETA Z1,2023:06:10 13:50:27,2023-06-10T17:49:24Z,
cali_hdr,20230610/theta/colonnade_13:49/R0011045.JPG,20230610,theta,indoor,40.452019,-79.950806,283.4,260.7,RICOH THETA Z1,2023:06:10 13:50:22,2023-06-10T17:49:24Z,
cali_hdr,20230610/theta/colonnade_13:49/R0011039.JPG,20230610,theta,indoor,40.452019,-79.950806,283.4,261.3,RICOH THETA Z1,2023:06:10 13:49:44,2023-06-10T17:49:24Z,
cali_hdr,20230610/theta/colonnade_13:49/R0011038.JPG,20230610,theta,indoor,40.452019,-79.950806,283.4,260.8,RICOH THETA Z1,2023:06:10 13:49:36,2023-06-10T17:49:24Z,
cali_hdr,20230610/theta/colonnade_13:49/R0011041.JPG,20230610,theta,indoor,40.452019,-79.950806,283.4,259.7,RICOH THETA Z1,2023:06:10 13:49:56,2023-06-10T17:49:24Z,
cali_hdr,20230610/theta/colonnade_13:49/R0011044.JPG,20230610,theta,indoor,40.452019,-79.950806,283.4,261.7,RICOH THETA Z1,2023:06:10 13:50:15,2023-06-10T17:49:24Z,
cali_hdr,20230610/theta/colonnade_13:49/R0011042.JPG,20230610,theta,indoor,40.452019,-79.950806,283.4,258.5,RICOH THETA Z1,2023:06:10 13:50:02,2023-06-10T17:49:24Z,
cali_hdr,20230610/theta/colonnade_13:49/R0011040.JPG,20230610,theta,indoor,40.452019,-79.950806,283.4,264.3,RICOH THETA Z1,2023:06:10 13:49:50,2023-06-10T17:49:24Z,
cali_hdr,20230610/theta/colonnade_13:49/R0011043.JPG,20230610,theta,indoor,40.452019,-79.950806,283.4,258.4,RICOH THETA Z1,2023:06:10 13:50:09,2023-06-10T17:49:24Z,
cali_hdr,20230610/theta/colonnade_13:52/R0011050.JPG,20230610,theta,indoor,40.452019,-79.950839,283.4,273.4,RICOH THETA Z1,2023:06:10 13:52:36,2023-06-10T17:52:05Z,
cali_hdr,20230610/theta/colonnade_13:52/R0011055.JPG,20230610,theta,indoor,40.452019,-79.950839,283.4,272.0,RICOH THETA Z1,2023:06:10 13:53:08,2023-06-10T17:52:05Z,
cali_hdr,20230610/theta/colonnade_13:52/R0011047.JPG,20230610,theta,indoor,40.452019,-79.950839,283.4,269.5,RICOH THETA Z1,2023:06:10 13:52:15,2023-06-10T17:52:05Z,
cali_hdr,20230610/theta/colonnade_13:52/R0011052.JPG,20230610,theta,indoor,40.452019,-79.950839,283.4,272.2,RICOH THETA Z1,2023:06:10 13:52:49,2023-06-10T17:52:05Z,
cali_hdr,20230610/theta/colonnade_13:52/R0011049.JPG,20230610,theta,indoor,40.452019,-79.950839,283.4,270.3,RICOH THETA Z1,2023:06:10 13:52:30,2023-06-10T17:52:05Z,
cali_hdr,20230610/theta/colonnade_13:52/R0011053.JPG,20230610,theta,indoor,40.452019,-79.950839,283.4,272.2,RICOH THETA Z1,2023:06:10 13:52:56,2023-06-10T17:52:05Z,
cali_hdr,20230610/theta/colonnade_13:52/R0011048.JPG,20230610,theta,indoor,40.452019,-79.950839,283.4,274.5,RICOH THETA Z1,2023:06:10 13:52:23,2023-06-10T17:52:05Z,
cali_hdr,20230610/theta/colonnade_13:52/R0011051.JPG,20230610,theta,indoor,40.452019,-79.950839,283.4,272.3,RICOH THETA Z1,2023:06:10 13:52:43,2023-06-10T17:52:05Z,
cali_hdr,20230610/theta/colonnade_13:52/R0011054.JPG,20230610,theta,indoor,40.452019,-79.950839,283.4,272.1,RICOH THETA Z1,2023:06:10 13:53:02,2023-06-10T17:52:05Z,
cali_hdr,20221014/theta/1f_living_13:18/R0010429.JPG,20221014,theta,indoor,40.368253,-80.178281,326.3,,RICOH THETA Z1,2022:10:14 13:17:52,2022-10-14T17:16:47Z,
cali_hdr,20221014/theta/1f_living_13:18/R0010428.JPG,20221014,theta,indoor,40.368253,-80.178281,326.3,,RICOH THETA Z1,2022:10:14 13:17:46,2022-10-14T17:16:47Z,
cali_hdr,20221014/theta/1f_living_13:18/R0010425.JPG,20221014,theta,indoor,40.368253,-80.178281,326.3,,RICOH THETA Z1,2022:10:14 13:17:27,2022-10-14T17:16:47Z,
cali_hdr,20221014/theta/1f_living_13:18/R0010430.JPG,20221014,theta,indoor,40.368253,-80.178281,326.3,,RICOH THETA Z1,2022:10:14 13:17:59,2022-10-14T17:16:47Z,
cali_hdr,20221014/theta/1f_living_13:18/R0010427.JPG,20221014,theta,indoor,40.368253,-80.178281,326.3,,RICOH THETA Z1,2022:10:14 13:17:40,2022-10-14T17:16:47Z,
cali_hdr,20221014/theta/1f_living_13:18/R0010424.JPG,20221014,theta,indoor,40.368253,-80.178281,326.3,,RICOH THETA Z1,2022:10:14 13:17:20,2022-10-14T17:16:47Z,
cali_hdr,20221014/theta/1f_living_13:18/R0010426.JPG,20221014,theta,indoor,40.368253,-80.178281,326.3,,RICOH THETA Z1,2022:10:14 13:17:33,2022-10-14T17:16:47Z,
cali_hdr,20221014/theta/1f_living_13:18/R0010423.JPG,20221014,theta,indoor,40.368253,-80.178281,326.3,,RICOH THETA Z1,2022:10:14 13:17:14,2022-10-14T17:16:47Z,
cali_hdr,20221014/theta/1f_living_13:18/R0010422.JPG,20221014,theta,indoor,40.368253,-80.178281,326.3,,RICOH THETA Z1,2022:10:14 13:17:06,2022-10-14T17:16:47Z,
cali_hdr,20221014/theta/1f_living_14:05/R0010472.JPG,20221014,theta,indoor,40.368286,-80.178253,326.1,,RICOH THETA Z1,2022:10:14 14:04:40,2022-10-14T17:57:55Z,
cali_hdr,20221014/theta/1f_living_14:05/R0010468.JPG,20221014,theta,indoor,40.368286,-80.178253,326.1,,RICOH THETA Z1,2022:10:14 14:04:16,2022-10-14T17:57:55Z,
cali_hdr,20221014/theta/1f_living_14:05/R0010471.JPG,20221014,theta,indoor,40.368286,-80.178253,326.1,,RICOH THETA Z1,2022:10:14 14:04:33,2022-10-14T17:57:55Z,
cali_hdr,20221014/theta/1f_living_14:05/R0010467.JPG,20221014,theta,indoor,40.368286,-80.178253,326.1,,RICOH THETA Z1,2022:10:14 14:04:08,2022-10-14T17:57:55Z,
cali_hdr,20221014/theta/1f_living_14:05/R0010474.JPG,20221014,theta,indoor,40.368286,-80.178253,326.1,,RICOH THETA Z1,2022:10:14 14:04:52,2022-10-14T17:57:55Z,
cali_hdr,20221014/theta/1f_living_14:05/R0010475.JPG,20221014,theta,indoor,40.368286,-80.178253,326.1,,RICOH THETA Z1,2022:10:14 14:04:58,2022-10-14T17:57:55Z,
cali_hdr,20221014/theta/1f_living_14:05/R0010473.JPG,20221014,theta,indoor,40.368286,-80.178253,326.1,,RICOH THETA Z1,2022:10:14 14:04:46,2022-10-14T17:57:55Z,
cali_hdr,20221014/theta/1f_living_14:05/R0010469.JPG,20221014,theta,indoor,40.368286,-80.178253,326.1,,RICOH THETA Z1,2022:10:14 14:04:22,2022-10-14T17:57:55Z,
cali_hdr,20221014/theta/1f_living_14:05/R0010470.JPG,20221014,theta,indoor,40.368286,-80.178253,326.1,,RICOH THETA Z1,2022:10:14 14:04:28,2022-10-14T17:57:55Z,
cali_hdr,20221014/theta/1f_living_15:22/R0010513.JPG,20221014,theta,indoor,40.368253,-80.178331,327.0,,RICOH THETA Z1,2022:10:14 15:21:54,2022-10-14T19:21:28Z,
cali_hdr,20221014/theta/1f_living_15:22/R0010512.JPG,20221014,theta,indoor,40.368253,-80.178331,327.0,,RICOH THETA Z1,2022:10:14 15:21:47,2022-10-14T19:21:28Z,
cali_hdr,20221014/theta/1f_living_15:22/R0010514.JPG,20221014,theta,indoor,40.368253,-80.178331,327.0,,RICOH THETA Z1,2022:10:14 15:22:00,2022-10-14T19:21:28Z,
cali_hdr,20221014/theta/1f_living_15:22/R0010518.JPG,20221014,theta,indoor,40.368253,-80.178331,327.0,,RICOH THETA Z1,2022:10:14 15:22:25,2022-10-14T19:21:28Z,
cali_hdr,20221014/theta/1f_living_15:22/R0010516.JPG,20221014,theta,indoor,40.368253,-80.178331,327.0,,RICOH THETA Z1,2022:10:14 15:22:13,2022-10-14T19:21:28Z,
cali_hdr,20221014/theta/1f_living_15:22/R0010520.JPG,20221014,theta,indoor,40.368253,-80.178331,327.0,,RICOH THETA Z1,2022:10:14 15:22:38,2022-10-14T19:21:28Z,
cali_hdr,20221014/theta/1f_living_15:22/R0010519.JPG,20221014,theta,indoor,40.368253,-80.178331,327.0,,RICOH THETA Z1,2022:10:14 15:22:32,2022-10-14T19:21:28Z,
cali_hdr,20221014/theta/1f_living_15:22/R0010515.JPG,20221014,theta,indoor,40.368253,-80.178331,327.0,,RICOH THETA Z1,2022:10:14 15:22:06,2022-10-14T19:21:28Z,
cali_hdr,20221014/theta/1f_living_15:22/R0010517.JPG,20221014,theta,indoor,40.368253,-80.178331,327.0,,RICOH THETA Z1,2022:10:14 15:22:19,2022-10-14T19:21:28Z,
cali_hdr,20221014/theta/1f_living_16:32/R0010557.JPG,20221014,theta,indoor,40.368256,-80.178297,326.3,,RICOH THETA Z1,2022:10:14 16:32:29,2022-10-14T20:32:18Z,
cali_hdr,20221014/theta/1f_living_16:32/R0010558.JPG,20221014,theta,indoor,40.368256,-80.178297,326.3,,RICOH THETA Z1,2022:10:14 16:32:36,2022-10-14T20:32:18Z,
cali_hdr,20221014/theta/1f_living_16:32/R0010559.JPG,20221014,theta,indoor,40.368256,-80.178297,326.3,,RICOH THETA Z1,2022:10:14 16:32:42,2022-10-14T20:32:18Z,
cali_hdr,20221014/theta/1f_living_16:32/R0010565.JPG,20221014,theta,indoor,40.368256,-80.178297,326.3,,RICOH THETA Z1,2022:10:14 16:33:19,2022-10-14T20:32:18Z,
cali_hdr,20221014/theta/1f_living_16:32/R0010564.JPG,20221014,theta,indoor,40.368256,-80.178297,326.3,,RICOH THETA Z1,2022:10:14 16:33:13,2022-10-14T20:32:18Z,
cali_hdr,20221014/theta/1f_living_16:32/R0010560.JPG,20221014,theta,indoor,40.368256,-80.178297,326.3,,RICOH THETA Z1,2022:10:14 16:32:48,2022-10-14T20:32:18Z,
cali_hdr,20221014/theta/1f_living_16:32/R0010561.JPG,20221014,theta,indoor,40.368256,-80.178297,326.3,,RICOH THETA Z1,2022:10:14 16:32:55,2022-10-14T20:32:18Z,
cali_hdr,20221014/theta/1f_living_16:32/R0010562.JPG,20221014,theta,indoor,40.368256,-80.178297,326.3,,RICOH THETA Z1,2022:10:14 16:33:01,2022-10-14T20:32:18Z,
cali_hdr,20221014/theta/1f_living_16:32/R0010563.JPG,20221014,theta,indoor,40.368256,-80.178297,326.3,,RICOH THETA Z1,2022:10:14 16:33:07,2022-10-14T20:32:18Z,
cali_hdr,20221006/fisheye/basement_15:28/IMG_9638.JPG,20221006,fisheye,outdoor,,,,,Canon EOS 5D Mark II,2022:10:06 15:27:44,,
cali_hdr,20221006/fisheye/basement_15:28/IMG_9646.JPG,20221006,fisheye,outdoor,,,,,Canon EOS 5D Mark II,2022:10:06 15:27:49,,
cali_hdr,20221006/fisheye/basement_15:28/IMG_9640.JPG,20221006,fisheye,outdoor,,,,,Canon EOS 5D Mark II,2022:10:06 15:27:44,,
cali_hdr,20221006/fisheye/basement_15:28/IMG_9642.JPG,20221006,fisheye,outdoor,,,,,Canon EOS 5D Mark II,2022:10:06 15:27:45,,
cali_hdr,20221006/fisheye/basement_15:28/IMG_9644.JPG,20221006,fisheye,outdoor,,,,,Canon EOS 5D Mark II,2022:10:06 15:27:47,,
cali_hdr,20221006/fisheye/basement_15:28/IMG_9643.JPG,20221006,fisheye,outdoor,,,,,Canon EOS 5D Mark II,2022:10:06 15:27:46,,
cali_hdr,20221006/fisheye/basement_15:28/IMG_9639.JPG,20221006,fisheye,outdoor,,,,,Canon EOS 5D Mark II,2022:10:06 15:27:44,,
cali_hdr,20221006/fisheye/basement_15:28/IMG_9641.JPG,20221006,fisheye,outdoor,,,,,Canon EOS 5D Mark II,2022:10:06 15:27:45,,
cali_hdr,20221006/fisheye/basement_15:28/IMG_9645.JPG,20221006,fisheye,outdoor,,,,,Canon EOS 5D Mark II,2022:10:06 15:27:48,,
cali_hdr,20221006/fisheye/1f_front_16:55/IMG_9721.JPG,20221006,fisheye,outdoor,,,,,Canon EOS 5D Mark II,2022:10:06 16:55:32,,
cali_hdr,20221006/fisheye/1f_front_16:55/IMG_9717.JPG,20221006,fisheye,outdoor,,,,,Canon EOS 5D Mark II,2022:10:06 16:55:30,,
cali_hdr,20221006/fisheye/1f_front_16:55/IMG_9715.JPG,20221006,fisheye,outdoor,,,,,Canon EOS 5D Mark II,2022:10:06 16:55:29,,
cali_hdr,20221006/fisheye/1f_front_16:55/IMG_9718.JPG,20221006,fisheye,outdoor,,,,,Canon EOS 5D Mark II,2022:10:06 16:55:31,,
cali_hdr,20221006/fisheye/1f_front_16:55/IMG_9716.JPG,20221006,fisheye,outdoor,,,,,Canon EOS 5D Mark II,2022:10:06 16:55:30,,
cali_hdr,20221006/fisheye/1f_front_16:55/IMG_9723.JPG,20221006,fisheye,outdoor,,,,,Canon EOS 5D Mark II,2022:10:06 16:55:34,,
cali_hdr,20221006/fisheye/1f_front_16:55/IMG_9719.JPG,20221006,fisheye,outdoor,,,,,Canon EOS 5D Mark II,2022:10:06 16:55:31,,
cali_hdr,20221006/fisheye/1f_front_16:55/IMG_9722.JPG,20221006,fisheye,outdoor,,,,,Canon EOS 5D Mark II,2022:10:06 16:55:34,,
cali_hdr,20221006/fisheye/1f_front_16:55/IMG_9720.JPG,20221006,fisheye,outdoor,,,,,Canon EOS 5D Mark II,2022:10:06 16:55:32,,
cali_hdr,20221006/fisheye/1f_front_14:00/IMG_9571.JPG,20221006,fisheye,outdoor,,,,,Canon EOS 5D Mark II,2022:10:06 13:59:34,,
cali_hdr,20221006/fisheye/1f_front_14:00/IMG_9566.JPG,20221006,fisheye,outdoor,,,,,Canon EOS 5D Mark II,2022:10:06 13:59:31,,
cali_hdr,20221006/fisheye/1f_front_14:00/IMG_9573.JPG,20221006,fisheye,outdoor,,,,,Canon EOS 5D Mark II,2022:10:06 13:59:36,,
cali_hdr,20221006/fisheye/1f_front_14:00/IMG_9572.JPG,20221006,fisheye,outdoor,,,,,Canon EOS 5D Mark II,2022:10:06 13:59:34,,
cali_hdr,20221006/fisheye/1f_front_14:00/IMG_9567.JPG,20221006,fisheye,outdoor,,,,,Canon EOS 5D Mark II,2022:10:06 13:59:32,,
cali_hdr,20221006/fisheye/1f_front_14:00/IMG_9568.JPG,20221006,fisheye,outdoor,,,,,Canon EOS 5D Mark II,2022:10:06 13:59:32,,
cali_hdr,20221006/fisheye/1f_front_14:00/IMG_9574.JPG,20221006,fisheye,outdoor,,,,,Canon EOS 5D Mark II,2022:10:06 13:59:37,,
cali_hdr,20221006/fisheye/1f_front_14:00/IMG_9570.JPG,20221006,fisheye,outdoor,,,,,Canon EOS 5D Mark II,2022:10:06 13:59:33,,
cali_hdr,20221006/fisheye/1f_front_14:00/IMG_9569.JPG,20221006,fisheye,outdoor,,,,,Canon EOS 5D Mark II,2022:10:06 13:59:33,,
cali_hdr,20221006/fisheye/basement_14:48/IMG_9635.JPG,20221006,fisheye,outdoor,,,,,Canon EOS 5D Mark II,2022:10:06 14:48:27,,
cali_hdr,20221006/fisheye/basement_14:48/IMG_9633.JPG,20221006,fisheye,outdoor,,,,,Canon EOS 5D Mark II,2022:10:06 14:48:26,,
cali_hdr,20221006/fisheye/basement_14:48/IMG_9634.JPG,20221006,fisheye,outdoor,,,,,Canon EOS 5D Mark II,2022:10:06 14:48:26,,
cali_hdr,20221006/fisheye/basement_14:48/IMG_9637.JPG,20221006,fisheye,outdoor,,,,,Canon EOS 5D Mark II,2022:10:06 14:48:29,,
cali_hdr,20221006/fisheye/basement_14:48/IMG_9632.JPG,20221006,fisheye,outdoor,,,,,Canon EOS 5D Mark II,2022:10:06 14:48:25,,
cali_hdr,20221006/fisheye/basement_14:48/IMG_9636.JPG,20221006,fisheye,outdoor,,,,,Canon EOS 5D Mark II,2022:10:06 14:48:28,,
cali_hdr,20221006/fisheye/basement_14:48/IMG_9630.JPG,20221006,fisheye,outdoor,,,,,Canon EOS 5D Mark II,2022:10:06 14:48:24,,
cali_hdr,20221006/fisheye/basement_14:48/IMG_9629.JPG,20221006,fisheye,outdoor,,,,,Canon EOS 5D Mark II,2022:10:06 14:48:24,,
cali_hdr,20221006/fisheye/basement_14:48/IMG_9631.JPG,20221006,fisheye,outdoor,,,,,Canon EOS 5D Mark II,2022:10:06 14:48:25,,
cali_hdr,20221006/fisheye/basement_16:39/IMG_9704.JPG,20221006,fisheye,outdoor,,,,,Canon EOS 5D Mark II,2022:10:06 16:38:48,,
cali_hdr,20221006/fisheye/basement_16:39/IMG_9699.JPG,20221006,fisheye,outdoor,,,,,Canon EOS 5D Mark II,2022:10:06 16:38:45,,
cali_hdr,20221006/fisheye/basement_16:39/IMG_9702.JPG,20221006,fisheye,outdoor,,,,,Canon EOS 5D Mark II,2022:10:06 16:38:46,,
cali_hdr,20221006/fisheye/basement_16:39/IMG_9698.JPG,20221006,fisheye,outdoor,,,,,Canon EOS 5D Mark II,2022:10:06 16:38:44,,
cali_hdr,20221006/fisheye/basement_16:39/IMG_9703.JPG,20221006,fisheye,outdoor,,,,,Canon EOS 5D Mark II,2022:10:06 16:38:47,,
cali_hdr,20221006/fisheye/basement_16:39/IMG_9697.JPG,20221006,fisheye,outdoor,,,,,Canon EOS 5D Mark II,2022:10:06 16:38:44,,
cali_hdr,20221006/fisheye/basement_16:39/IMG_9701.JPG,20221006,fisheye,outdoor,,,,,Canon EOS 5D Mark II,2022:10:06 16:38:46,,
cali_hdr,20221006/fisheye/basement_16:39/IMG_9700.JPG,20221006,fisheye,outdoor,,,,,Canon EOS 5D Mark II,2022:10:06 16:38:45,,
cali_hdr,20221006/fisheye/basement_16:39/IMG_9705.JPG,20221006,fisheye,outdoor,,,,,Canon EOS 5D Mark II,2022:10:06 16:38:49,,
cali_hdr,20221006/fisheye/1f_front_13:10/IMG_9513.JPG,20221006,fisheye,outdoor,,,,,Canon EOS 5D Mark II,2022:10:06 13:10:07,,
cali_hdr,20221006/fisheye/1f_front_13:10/IMG_9512.JPG,20221006,fisheye,outdoor,,,,,Canon EOS 5D Mark II,2022:10:06 13:10:06,,
cali_hdr,20221006/fisheye/1f_front_13:10/IMG_9519.JPG,20221006,fisheye,outdoor,,,,,Canon EOS 5D Mark II,2022:10:06 13:10:11,,
cali_hdr,20221006/fisheye/1f_front_13:10/IMG_9516.JPG,20221006,fisheye,outdoor,,,,,Canon EOS 5D Mark II,2022:10:06 13:10:08,,
cali_hdr,20221006/fisheye/1f_front_13:10/IMG_9517.JPG,20221006,fisheye,outdoor,,,,,Canon EOS 5D Mark II,2022:10:06 13:10:09,,
cali_hdr,20221006/fisheye/1f_front_13:10/IMG_9515.JPG,20221006,fisheye,outdoor,,,,,Canon EOS 5D Mark II,2022:10:06 13:10:08,,
cali_hdr,20221006/fisheye/1f_front_13:10/IMG_9514.JPG,20221006,fisheye,outdoor,,,,,Canon EOS 5D Mark II,2022:10:06 13:10:07,,
cali_hdr,20221006/fisheye/1f_front_13:10/IMG_9520.JPG,20221006,fisheye,outdoor,,,,,Canon EOS 5D Mark II,2022:10:06 13:10:11,,
cali_hdr,20221006/fisheye/1f_front_13:10/IMG_9518.JPG,20221006,fisheye,outdoor,,,,,Canon EOS 5D Mark II,2022:10:06 13:10:09,,
cali_hdr,20221006/fisheye/basement_15:59/IMG_9648.JPG,20221006,fisheye,outdoor,,,,,Canon EOS 5D Mark II,2022:10:06 15:59:34,,
cali_hdr,20221006/fisheye/basement_15:59/IMG_9653.JPG,20221006,fisheye,outdoor,,,,,Canon EOS 5D Mark II,2022:10:06 15:59:36,,
cali_hdr,20221006/fisheye/basement_15:59/IMG_9650.JPG,20221006,fisheye,outdoor,,,,,Canon EOS 5D Mark II,2022:10:06 15:59:35,,
cali_hdr,20221006/fisheye/basement_15:59/IMG_9652.JPG,20221006,fisheye,outdoor,,,,,Canon EOS 5D Mark II,2022:10:06 15:59:36,,
cali_hdr,20221006/fisheye/basement_15:59/IMG_9655.JPG,20221006,fisheye,outdoor,,,,,Canon EOS 5D Mark II,2022:10:06 15:59:38,,
cali_hdr,20221006/fisheye/basement_15:59/IMG_9651.JPG,20221006,fisheye,outdoor,,,,,Canon EOS 5D Mark II,2022:10:06 15:59:35,,
cali_hdr,20221006/fisheye/basement_15:59/IMG_9654.JPG,20221006,fisheye,outdoor,,,,,Canon EOS 5D Mark II,2022:10:06 15:59:38,,
cali_hdr,20221006/fisheye/basement_15:59/IMG_9647.JPG,20221006,fisheye,outdoor,,,,,Canon EOS 5D Mark II,2022:10:06 15:59:33,,
cali_hdr,20221006/fisheye/basement_15:59/IMG_9649.JPG,20221006,fisheye,outdoor,,,,,Canon EOS 5D Mark II,2022:10:06 15:59:34,,
cali_hdr,20221006/fisheye/1f_front_17:01/IMG_9730.JPG,20221006,fisheye,outdoor,,,,,Canon EOS 5D Mark II,2022:10:06 17:01:18,,
cali_hdr,20221006/fisheye/1f_front_17:01/IMG_9726.JPG,20221006,fisheye,outdoor,,,,,Canon EOS 5D Mark II,2022:10:06 17:01:16,,
cali_hdr,20221006/fisheye/1f_front_17:01/IMG_9728.JPG,20221006,fisheye,outdoor,,,,,Canon EOS 5D Mark II,2022:10:06 17:01:17,,
cali_hdr,20221006/fisheye/1f_front_17:01/IMG_9724.JPG,20221006,fisheye,outdoor,,,,,Canon EOS 5D Mark II,2022:10:06 17:01:15,,
cali_hdr,20221006/fisheye/1f_front_17:01/IMG_9732.JPG,20221006,fisheye,outdoor,,,,,Canon EOS 5D Mark II,2022:10:06 17:01:20,,
cali_hdr,20221006/fisheye/1f_front_17:01/IMG_9725.JPG,20221006,fisheye,outdoor,,,,,Canon EOS 5D Mark II,2022:10:06 17:01:15,,
cali_hdr,20221006/fisheye/1f_front_17:01/IMG_9731.JPG,20221006,fisheye,outdoor,,,,,Canon EOS 5D Mark II,2022:10:06 17:01:20,,
cali_hdr,20221006/fisheye/1f_front_17:01/IMG_9729.JPG,20221006,fisheye,outdoor,,,,,Canon EOS 5D Mark II,2022:10:06 17:01:18,,
cali_hdr,20221006/fisheye/1f_front_17:01/IMG_9727.JPG,20221006,fisheye,outdoor,,,,,Canon EOS 5D Mark II,2022:10:06 17:01:16,,
cali_hdr,20221006/theta/1f_kitchen_16:50/R0010362.JPG,20221006,theta,indoor,40.363581,-80.187519,382.5,,RICOH THETA Z1,2022:10:06 16:49:56,2022-10-06T20:48:34Z,
cali_hdr,20221006/theta/1f_kitchen_16:50/R0010363.JPG,20221006,theta,indoor,40.363581,-80.187519,382.5,,RICOH THETA Z1,2022:10:06 16:50:02,2022-10-06T20:48:34Z,
cali_hdr,20221006/theta/1f_kitchen_16:50/R0010360.JPG,20221006,theta,indoor,40.363581,-80.187519,382.5,,RICOH THETA Z1,2022:10:06 16:49:45,2022-10-06T20:48:34Z,
cali_hdr,20221006/theta/1f_kitchen_16:50/R0010357.JPG,20221006,theta,indoor,40.363581,-80.187519,382.5,,RICOH THETA Z1,2022:10:06 16:49:26,2022-10-06T20:48:34Z,
cali_hdr,20221006/theta/1f_kitchen_16:50/R0010361.JPG,20221006,theta,indoor,40.363581,-80.187519,382.5,,RICOH THETA Z1,2022:10:06 16:49:51,2022-10-06T20:48:34Z,
cali_hdr,20221006/theta/1f_kitchen_16:50/R0010359.JPG,20221006,theta,indoor,40.363581,-80.187519,382.5,,RICOH THETA Z1,2022:10:06 16:49:38,2022-10-06T20:48:34Z,
cali_hdr,20221006/theta/1f_kitchen_16:50/R0010358.JPG,20221006,theta,indoor,40.363581,-80.187519,382.5,,RICOH THETA Z1,2022:10:06 16:49:32,2022-10-06T20:48:34Z,
cali_hdr,20221006/theta/1f_kitchen_16:50/R0010356.JPG,20221006,theta,indoor,40.363581,-80.187519,382.5,,RICOH THETA Z1,2022:10:06 16:49:19,2022-10-06T20:48:34Z,
cali_hdr,20221006/theta/1f_kitchen_16:50/R0010355.JPG,20221006,theta,indoor,40.363581,-80.187519,382.5,,RICOH THETA Z1,2022:10:06 16:49:12,2022-10-06T20:48:34Z,
cali_hdr,20221006/theta/1f_kitchen_14:02/R0010191.JPG,20221006,theta,indoor,40.363569,-80.187228,377.2,,RICOH THETA Z1,2022:10:06 14:01:37,2022-10-06T17:58:24Z,
cali_hdr,20221006/theta/1f_kitchen_14:02/R0010194.JPG,20221006,theta,indoor,40.363569,-80.187228,377.2,,RICOH THETA Z1,2022:10:06 14:01:57,2022-10-06T17:58:24Z,
cali_hdr,20221006/theta/1f_kitchen_14:02/R0010199.JPG,20221006,theta,indoor,40.363569,-80.187228,377.2,,RICOH THETA Z1,2022:10:06 14:02:28,2022-10-06T17:58:24Z,
cali_hdr,20221006/theta/1f_kitchen_14:02/R0010192.JPG,20221006,theta,indoor,40.363569,-80.187228,377.2,,RICOH THETA Z1,2022:10:06 14:01:44,2022-10-06T17:58:24Z,
cali_hdr,20221006/theta/1f_kitchen_14:02/R0010193.JPG,20221006,theta,indoor,40.363569,-80.187228,377.2,,RICOH THETA Z1,2022:10:06 14:01:50,2022-10-06T17:58:24Z,
cali_hdr,20221006/theta/1f_kitchen_14:02/R0010198.JPG,20221006,theta,indoor,40.363569,-80.187228,377.2,,RICOH THETA Z1,2022:10:06 14:02:22,2022-10-06T17:58:24Z,
cali_hdr,20221006/theta/1f_kitchen_14:02/R0010197.JPG,20221006,theta,indoor,40.363569,-80.187228,377.2,,RICOH THETA Z1,2022:10:06 14:02:16,2022-10-06T17:58:24Z,
cali_hdr,20221006/theta/1f_kitchen_14:02/R0010195.JPG,20221006,theta,indoor,40.363569,-80.187228,377.2,,RICOH THETA Z1,2022:10:06 14:02:03,2022-10-06T17:58:24Z,
cali_hdr,20221006/theta/1f_kitchen_14:02/R0010196.JPG,20221006,theta,indoor,40.363569,-80.187228,377.2,,RICOH THETA Z1,2022:10:06 14:02:10,2022-10-06T17:58:24Z,
cali_hdr,20221006/theta/1f_kitchen_13:15/R0010138.JPG,20221006,theta,indoor,40.363506,-80.187142,374.2,,RICOH THETA Z1,2022:10:06 13:14:51,2022-10-06T17:14:12Z,
cali_hdr,20221006/theta/1f_kitchen_13:15/R0010142.JPG,20221006,theta,indoor,40.363506,-80.187142,374.2,,RICOH THETA Z1,2022:10:06 13:15:16,2022-10-06T17:14:12Z,
cali_hdr,20221006/theta/1f_kitchen_13:15/R0010137.JPG,20221006,theta,indoor,40.363506,-80.187142,374.2,,RICOH THETA Z1,2022:10:06 13:14:44,2022-10-06T17:14:12Z,
cali_hdr,20221006/theta/1f_kitchen_13:15/R0010135.JPG,20221006,theta,indoor,40.363506,-80.187142,374.2,,RICOH THETA Z1,2022:10:06 13:14:30,2022-10-06T17:14:12Z,
cali_hdr,20221006/theta/1f_kitchen_13:15/R0010143.JPG,20221006,theta,indoor,40.363506,-80.187142,374.2,,RICOH THETA Z1,2022:10:06 13:15:22,2022-10-06T17:14:12Z,
cali_hdr,20221006/theta/1f_kitchen_13:15/R0010140.JPG,20221006,theta,indoor,40.363506,-80.187142,374.2,,RICOH THETA Z1,2022:10:06 13:15:03,2022-10-06T17:14:12Z,
cali_hdr,20221006/theta/1f_kitchen_13:15/R0010136.JPG,20221006,theta,indoor,40.363506,-80.187142,374.2,,RICOH THETA Z1,2022:10:06 13:14:38,2022-10-06T17:14:12Z,
cali_hdr,20221006/theta/1f_kitchen_13:15/R0010141.JPG,20221006,theta,indoor,40.363506,-80.187142,374.2,,RICOH THETA Z1,2022:10:06 13:15:10,2022-10-06T17:14:12Z,
cali_hdr,20221006/theta/1f_kitchen_13:15/R0010139.JPG,20221006,theta,indoor,40.363506,-80.187142,374.2,,RICOH THETA Z1,2022:10:06 13:14:57,2022-10-06T17:14:12Z,
cali_hdr,20221006/theta/1f_kitchen_17:05/R0010406.JPG,20221006,theta,indoor,40.3636,-80.187436,383.4,,RICOH THETA Z1,2022:10:06 17:07:09,2022-10-06T21:03:25Z,
cali_hdr,20221006/theta/1f_kitchen_17:05/R0010401.JPG,20221006,theta,indoor,40.3636,-80.187436,383.4,,RICOH THETA Z1,2022:10:06 17:06:36,2022-10-06T21:03:25Z,
cali_hdr,20221006/theta/1f_kitchen_17:05/R0010408.JPG,20221006,theta,indoor,40.3636,-80.187436,383.4,,RICOH THETA Z1,2022:10:06 17:07:20,2022-10-06T21:03:25Z,
cali_hdr,20221006/theta/1f_kitchen_17:05/R0010400.JPG,20221006,theta,indoor,40.3636,-80.187436,383.4,,RICOH THETA Z1,2022:10:06 17:06:30,2022-10-06T21:03:25Z,
cali_hdr,20221006/theta/1f_kitchen_17:05/R0010404.JPG,20221006,theta,indoor,40.3636,-80.187436,383.4,,RICOH THETA Z1,2022:10:06 17:06:56,2022-10-06T21:03:25Z,
cali_hdr,20221006/theta/1f_kitchen_17:05/R0010403.JPG,20221006,theta,indoor,40.3636,-80.187436,383.4,,RICOH THETA Z1,2022:10:06 17:06:50,2022-10-06T21:03:25Z,
cali_hdr,20221006/theta/1f_kitchen_17:05/R0010405.JPG,20221006,theta,indoor,40.3636,-80.187436,383.4,,RICOH THETA Z1,2022:10:06 17:07:02,2022-10-06T21:03:25Z,
cali_hdr,20221006/theta/1f_kitchen_17:05/R0010402.JPG,20221006,theta,indoor,40.3636,-80.187436,383.4,,RICOH THETA Z1,2022:10:06 17:06:43,2022-10-06T21:03:25Z,
cali_hdr,20221006/theta/1f_kitchen_17:05/R0010407.JPG,20221006,theta,indoor,40.3636,-80.187436,383.4,,RICOH THETA Z1,2022:10:06 17:07:15,2022-10-06T21:03:25Z,
cali_hdr,20230529/fisheye/coda_334_13:14/IMG_6021.JPG,20230529,fisheye,outdoor,,,,,Canon EOS 5D Mark II,2023:05:29 13:15:59,,
cali_hdr,20230529/fisheye/coda_334_13:14/IMG_6024.JPG,20230529,fisheye,outdoor,,,,,Canon EOS 5D Mark II,2023:05:29 13:16:01,,
cali_hdr,20230529/fisheye/coda_334_13:14/IMG_6026.JPG,20230529,fisheye,outdoor,,,,,Canon EOS 5D Mark II,2023:05:29 13:16:03,,
cali_hdr,20230529/fisheye/coda_334_13:14/IMG_6020.JPG,20230529,fisheye,outdoor,,,,,Canon EOS 5D Mark II,2023:05:29 13:15:59,,
cali_hdr,20230529/fisheye/coda_334_13:14/IMG_6027.JPG,20230529,fisheye,outdoor,,,,,Canon EOS 5D Mark II,2023:05:29 13:16:04,,
cali_hdr,20230529/fisheye/coda_334_13:14/IMG_6025.JPG,20230529,fisheye,outdoor,,,,,Canon EOS 5D Mark II,2023:05:29 13:16:02,,
cali_hdr,20230529/fisheye/coda_334_13:14/IMG_6019.JPG,20230529,fisheye,outdoor,,,,,Canon EOS 5D Mark II,2023:05:29 13:15:58,,
cali_hdr,20230529/fisheye/coda_334_13:14/IMG_6023.JPG,20230529,fisheye,outdoor,,,,,Canon EOS 5D Mark II,2023:05:29 13:16:00,,
cali_hdr,20230529/fisheye/coda_334_13:14/IMG_6022.JPG,20230529,fisheye,outdoor,,,,,Canon EOS 5D Mark II,2023:05:29 13:16:00,,
cali_hdr,20230529/fisheye/coda_334_11:53/IMG_6010.JPG,20230529,fisheye,outdoor,,,,,Canon EOS 5D Mark II,2023:05:29 11:55:54,,
cali_hdr,20230529/fisheye/coda_334_11:53/IMG_6016.JPG,20230529,fisheye,outdoor,,,,,Canon EOS 5D Mark II,2023:05:29 11:55:57,,
cali_hdr,20230529/fisheye/coda_334_11:53/IMG_6017.JPG,20230529,fisheye,outdoor,,,,,Canon EOS 5D Mark II,2023:05:29 11:55:59,,
cali_hdr,20230529/fisheye/coda_334_11:53/IMG_6013.JPG,20230529,fisheye,outdoor,,,,,Canon EOS 5D Mark II,2023:05:29 11:55:56,,
cali_hdr,20230529/fisheye/coda_334_11:53/IMG_6015.JPG,20230529,fisheye,outdoor,,,,,Canon EOS 5D Mark II,2023:05:29 11:55:57,,
cali_hdr,20230529/fisheye/coda_334_11:53/IMG_6012.JPG,20230529,fisheye,outdoor,,,,,Canon EOS 5D Mark II,2023:05:29 11:55:55,,
cali_hdr,20230529/fisheye/coda_334_11:53/IMG_6018.JPG,20230529,fisheye,outdoor,,,,,Canon EOS 5D Mark II,2023:05:29 11:56:00,,
cali_hdr,20230529/fisheye/coda_334_11:53/IMG_6014.JPG,20230529,fisheye,outdoor,,,,,Canon EOS 5D Mark II,2023:05:29 11:55:56,,
cali_hdr,20230529/fisheye/coda_334_11:53/IMG_6011.JPG,20230529,fisheye,outdoor,,,,,Canon EOS 5D Mark II,2023:05:29 11:55:55,,
cali_hdr,20230706/fisheye/coda_334_12:54/IMG_6363.JPG,20230706,fisheye,outdoor,,,,,Canon EOS 5D Mark II,2023:07:06 12:55:47,,
cali_hdr,20230706/fisheye/coda_334_12:54/IMG_6362.JPG,20230706,fisheye,outdoor,,,,,Canon EOS 5D Mark II,2023:07:06 12:55:46,,
cali_hdr,20230706/fisheye/coda_334_12:54/IMG_6364.JPG,20230706,fisheye,outdoor,,,,,Canon EOS 5D Mark II,2023:07:06 12:55:47,,
cali_hdr,20230706/fisheye/coda_334_12:54/IMG_6366.JPG,20230706,fisheye,outdoor,,,,,Canon EOS 5D Mark II,2023:07:06 12:55:49,,
cali_hdr,20230706/fisheye/coda_334_12:54/IMG_6361.JPG,20230706,fisheye,outdoor,,,,,Canon EOS 5D Mark II,2023:07:06 12:55:46,,
cali_hdr,20230706/fisheye/coda_334_12:54/IMG_6367.JPG,20230706,fisheye,outdoor,,,,,Canon EOS 5D Mark II,2023:07:06 12:55:49,,
cali_hdr,20230706/fisheye/coda_334_12:54/IMG_6368.JPG,20230706,fisheye,outdoor,,,,,Canon EOS 5D Mark II,2023:07:06 12:55:51,,
cali_hdr,20230706/fisheye/coda_334_12:54/IMG_6369.JPG,20230706,fisheye,outdoor,,,,,Canon EOS 5D Mark II,2023:07:06 12:55:51,,
cali_hdr,20230706/fisheye/coda_334_12:54/IMG_6365.JPG,20230706,fisheye,outdoor,,,,,Canon EOS 5D Mark II,2023:07:06 12:55:48,,
cali_hdr,20230706/fisheye/coda_334_14:03/IMG_6376.JPG,20230706,fisheye,outdoor,,,,,Canon EOS 5D Mark II,2023:07:06 14:06:07,,
cali_hdr,20230706/fisheye/coda_334_14:03/IMG_6377.JPG,20230706,fisheye,outdoor,,,,,Canon EOS 5D Mark II,2023:07:06 14:06:09,,
cali_hdr,20230706/fisheye/coda_334_14:03/IMG_6373.JPG,20230706,fisheye,outdoor,,,,,Canon EOS 5D Mark II,2023:07:06 14:06:06,,
cali_hdr,20230706/fisheye/coda_334_14:03/IMG_6372.JPG,20230706,fisheye,outdoor,,,,,Canon EOS 5D Mark II,2023:07:06 14:06:05,,
cali_hdr,20230706/fisheye/coda_334_14:03/IMG_6375.JPG,20230706,fisheye,outdoor,,,,,Canon EOS 5D Mark II,2023:07:06 14:06:07,,
cali_hdr,20230706/fisheye/coda_334_14:03/IMG_6371.JPG,20230706,fisheye,outdoor,,,,,Canon EOS 5D Mark II,2023:07:06 14:06:05,,
cali_hdr,20230706/fisheye/coda_334_14:03/IMG_6378.JPG,20230706,fisheye,outdoor,,,,,Canon EOS 5D Mark II,2023:07:06 14:06:10,,
cali_hdr,20230706/fisheye/coda_334_14:03/IMG_6374.JPG,20230706,fisheye,outdoor,,,,,Canon EOS 5D Mark II,2023:07:06 14:06:06,,
cali_hdr,20230706/fisheye/coda_334_14:03/IMG_6370.JPG,20230706,fisheye,outdoor,,,,,Canon EOS 5D Mark II,2023:07:06 14:06:04,,
cali_hdr,20230706/fisheye/coda_334_10:57/IMG_6345.JPG,20230706,fisheye,outdoor,,,,,Canon EOS 5D Mark II,2023:07:06 10:59:34,,
cali_hdr,20230706/fisheye/coda_334_10:57/IMG_6346.JPG,20230706,fisheye,outdoor,,,,,Canon EOS 5D Mark II,2023:07:06 10:59:35,,
cali_hdr,20230706/fisheye/coda_334_10:57/IMG_6344.JPG,20230706,fisheye,outdoor,,,,,Canon EOS 5D Mark II,2023:07:06 10:59:34,,
cali_hdr,20230706/fisheye/coda_334_10:57/IMG_6348.JPG,20230706,fisheye,outdoor,,,,,Canon EOS 5D Mark II,2023:07:06 10:59:36,,
cali_hdr,20230706/fisheye/coda_334_10:57/IMG_6347.JPG,20230706,fisheye,outdoor,,,,,Canon EOS 5D Mark II,2023:07:06 10:59:35,,
cali_hdr,20230706/fisheye/coda_334_10:57/IMG_6350.JPG,20230706,fisheye,outdoor,,,,,Canon EOS 5D Mark II,2023:07:06 10:59:38,,
cali_hdr,20230706/fisheye/coda_334_10:57/IMG_6343.JPG,20230706,fisheye,outdoor,,,,,Canon EOS 5D Mark II,2023:07:06 10:59:34,,
cali_hdr,20230706/fisheye/coda_334_10:57/IMG_6351.JPG,20230706,fisheye,outdoor,,,,,Canon EOS 5D Mark II,2023:07:06 10:59:39,,
cali_hdr,20230706/fisheye/coda_334_10:57/IMG_6349.JPG,20230706,fisheye,outdoor,,,,,Canon EOS 5D Mark II,2023:07:06 10:59:37,,
cali_hdr,20230706/fisheye/coda_334_09:57/IMG_6335.JPG,20230706,fisheye,outdoor,,,,,Canon EOS 5D Mark II,2023:07:06 09:58:33,,
cali_hdr,20230706/fisheye/coda_334_09:57/IMG_6334.JPG,20230706,fisheye,outdoor,,,,,Canon EOS 5D Mark II,2023:07:06 09:58:32,,
cali_hdr,20230706/fisheye/coda_334_09:57/IMG_6341.JPG,20230706,fisheye,outdoor,,,,,Canon EOS 5D Mark II,2023:07:06 09:58:37,,
cali_hdr,20230706/fisheye/coda_334_09:57/IMG_6338.JPG,20230706,fisheye,outdoor,,,,,Canon EOS 5D Mark II,2023:07:06 09:58:34,,
cali_hdr,20230706/fisheye/coda_334_09:57/IMG_6342.JPG,20230706,fisheye,outdoor,,,,,Canon EOS 5D Mark II,2023:07:06 09:58:37,,
cali_hdr,20230706/fisheye/coda_334_09:57/IMG_6337.JPG,20230706,fisheye,outdoor,,,,,Canon EOS 5D Mark II,2023:07:06 09:58:34,,
cali_hdr,20230706/fisheye/coda_334_09:57/IMG_6340.JPG,20230706,fisheye,outdoor,,,,,Canon EOS 5D Mark II,2023:07:06 09:58:35,,
cali_hdr,20230706/fisheye/coda_334_09:57/IMG_6336.JPG,20230706,fisheye,outdoor,,,,,Canon EOS 5D Mark II,2023:07:06 09:58:33,,
cali_hdr,20230706/fisheye/coda_334_09:57/IMG_6339.JPG,20230706,fisheye,outdoor,,,,,Canon EOS 5D Mark II,2023:07:06 09:58:35,,
cali_hdr,20230706/fisheye/coda_334_06:57/IMG_6313.JPG,20230706,fisheye,outdoor,,,,,Canon EOS 5D Mark II,2023:07:06 06:59:19,,
cali_hdr,20230706/fisheye/coda_334_06:57/IMG_6315.JPG,20230706,fisheye,outdoor,,,,,Canon EOS 5D Mark II,2023:07:06 06:59:22,,
cali_hdr,20230706/fisheye/coda_334_06:57/IMG_6314.JPG,20230706,fisheye,outdoor,,,,,Canon EOS 5D Mark II,2023:07:06 06:59:21,,
cali_hdr,20230706/fisheye/coda_334_06:57/IMG_6310.JPG,20230706,fisheye,outdoor,,,,,Canon EOS 5D Mark II,2023:07:06 06:59:18,,
cali_hdr,20230706/fisheye/coda_334_06:57/IMG_6309.JPG,20230706,fisheye,outdoor,,,,,Canon EOS 5D Mark II,2023:07:06 06:59:17,,
cali_hdr,20230706/fisheye/coda_334_06:57/IMG_6311.JPG,20230706,fisheye,outdoor,,,,,Canon EOS 5D Mark II,2023:07:06 06:59:18,,
cali_hdr,20230706/fisheye/coda_334_06:57/IMG_6312.JPG,20230706,fisheye,outdoor,,,,,Canon EOS 5D Mark II,2023:07:06 06:59:19,,
cali_hdr,20230706/fisheye/coda_334_06:57/IMG_6308.JPG,20230706,fisheye,outdoor,,,,,Canon EOS 5D Mark II,2023:07:06 06:59:17,,
cali_hdr,20230706/fisheye/coda_334_06:57/IMG_6307.JPG,20230706,fisheye,outdoor,,,,,Canon EOS 5D Mark II,2023:07:06 06:59:16,,
cali_hdr,20230706/fisheye/coda_334_11:57/IMG_6355.JPG,20230706,fisheye,outdoor,,,,,Canon EOS 5D Mark II,2023:07:06 11:59:32,,
cali_hdr,20230706/fisheye/coda_334_11:57/IMG_6359.JPG,20230706,fisheye,outdoor,,,,,Canon EOS 5D Mark II,2023:07:06 11:59:35,,
cali_hdr,20230706/fisheye/coda_334_11:57/IMG_6354.JPG,20230706,fisheye,outdoor,,,,,Canon EOS 5D Mark II,2023:07:06 11:59:32,,
cali_hdr,20230706/fisheye/coda_334_11:57/IMG_6358.JPG,20230706,fisheye,outdoor,,,,,Canon EOS 5D Mark II,2023:07:06 11:59:34,,
cali_hdr,20230706/fisheye/coda_334_11:57/IMG_6357.JPG,20230706,fisheye,outdoor,,,,,Canon EOS 5D Mark II,2023:07:06 11:59:33,,
cali_hdr,20230706/fisheye/coda_334_11:57/IMG_6356.JPG,20230706,fisheye,outdoor,,,,,Canon EOS 5D Mark II,2023:07:06 11:59:33,,
cali_hdr,20230706/fisheye/coda_334_11:57/IMG_6352.JPG,20230706,fisheye,outdoor,,,,,Canon EOS 5D Mark II,2023:07:06 11:59:31,,
cali_hdr,20230706/fisheye/coda_334_11:57/IMG_6353.JPG,20230706,fisheye,outdoor,,,,,Canon EOS 5D Mark II,2023:07:06 11:59:31,,
cali_hdr,20230706/fisheye/coda_334_11:57/IMG_6360.JPG,20230706,fisheye,outdoor,,,,,Canon EOS 5D Mark II,2023:07:06 11:59:36,,
cali_hdr,20230706/fisheye/coda_334_08:57/IMG_6329.JPG,20230706,fisheye,outdoor,,,,,Canon EOS 5D Mark II,2023:07:06 08:59:44,,
cali_hdr,20230706/fisheye/coda_334_08:57/IMG_6333.JPG,20230706,fisheye,outdoor,,,,,Canon EOS 5D Mark II,2023:07:06 08:59:48,,
cali_hdr,20230706/fisheye/coda_334_08:57/IMG_6332.JPG,20230706,fisheye,outdoor,,,,,Canon EOS 5D Mark II,2023:07:06 08:59:47,,
cali_hdr,20230706/fisheye/coda_334_08:57/IMG_6327.JPG,20230706,fisheye,outdoor,,,,,Canon EOS 5D Mark II,2023:07:06 08:59:43,,
cali_hdr,20230706/fisheye/coda_334_08:57/IMG_6326.JPG,20230706,fisheye,outdoor,,,,,Canon EOS 5D Mark II,2023:07:06 08:59:43,,
cali_hdr,20230706/fisheye/coda_334_08:57/IMG_6331.JPG,20230706,fisheye,outdoor,,,,,Canon EOS 5D Mark II,2023:07:06 08:59:46,,
cali_hdr,20230706/fisheye/coda_334_08:57/IMG_6328.JPG,20230706,fisheye,outdoor,,,,,Canon EOS 5D Mark II,2023:07:06 08:59:44,,
cali_hdr,20230706/fisheye/coda_334_08:57/IMG_6325.JPG,20230706,fisheye,outdoor,,,,,Canon EOS 5D Mark II,2023:07:06 08:59:43,,
cali_hdr,20230706/fisheye/coda_334_08:57/IMG_6330.JPG,20230706,fisheye,outdoor,,,,,Canon EOS 5D Mark II,2023:07:06 08:59:45,,
cali_hdr,20230706/fisheye/coda_334_07:57/IMG_6320.JPG,20230706,fisheye,outdoor,,,,,Canon EOS 5D Mark II,2023:07:06 07:59:50,,
cali_hdr,20230706/fisheye/coda_334_07:57/IMG_6321.JPG,20230706,fisheye,outdoor,,,,,Canon EOS 5D Mark II,2023:07:06 07:59:51,,
cali_hdr,20230706/fisheye/coda_334_07:57/IMG_6318.JPG,20230706,fisheye,outdoor,,,,,Canon EOS 5D Mark II,2023:07:06 07:59:49,,
cali_hdr,20230706/fisheye/coda_334_07:57/IMG_6319.JPG,20230706,fisheye,outdoor,,,,,Canon EOS 5D Mark II,2023:07:06 07:59:50,,
cali_hdr,20230706/fisheye/coda_334_07:57/IMG_6324.JPG,20230706,fisheye,outdoor,,,,,Canon EOS 5D Mark II,2023:07:06 07:59:54,,
cali_hdr,20230706/fisheye/coda_334_07:57/IMG_6317.JPG,20230706,fisheye,outdoor,,,,,Canon EOS 5D Mark II,2023:07:06 07:59:49,,
cali_hdr,20230706/fisheye/coda_334_07:57/IMG_6316.JPG,20230706,fisheye,outdoor,,,,,Canon EOS 5D Mark II,2023:07:06 07:59:49,,
cali_hdr,20230706/fisheye/coda_334_07:57/IMG_6323.JPG,20230706,fisheye,outdoor,,,,,Canon EOS 5D Mark II,2023:07:06 07:59:53,,
cali_hdr,20230706/fisheye/coda_334_07:57/IMG_6322.JPG,20230706,fisheye,outdoor,,,,,Canon EOS 5D Mark II,2023:07:06 07:59:52,,
cali_hdr,20230615/fisheye/coda_334_13:18/IMG_6087.JPG,20230615,fisheye,outdoor,,,,,Canon EOS 5D Mark II,2023:06:15 13:20:29,,
cali_hdr,20230615/fisheye/coda_334_13:18/IMG_6086.JPG,20230615,fisheye,outdoor,,,,,Canon EOS 5D Mark II,2023:06:15 13:20:29,,
cali_hdr,20230615/fisheye/coda_334_13:18/IMG_6082.JPG,20230615,fisheye,outdoor,,,,,Canon EOS 5D Mark II,2023:06:15 13:20:27,,
cali_hdr,20230615/fisheye/coda_334_13:18/IMG_6083.JPG,20230615,fisheye,outdoor,,,,,Canon EOS 5D Mark II,2023:06:15 13:20:27,,
cali_hdr,20230615/fisheye/coda_334_13:18/IMG_6089.JPG,20230615,fisheye,outdoor,,,,,Canon EOS 5D Mark II,2023:06:15 13:20:31,,
cali_hdr,20230615/fisheye/coda_334_13:18/IMG_6090.JPG,20230615,fisheye,outdoor,,,,,Canon EOS 5D Mark II,2023:06:15 13:20:32,,
cali_hdr,20230615/fisheye/coda_334_13:18/IMG_6085.JPG,20230615,fisheye,outdoor,,,,,Canon EOS 5D Mark II,2023:06:15 13:20:28,,
cali_hdr,20230615/fisheye/coda_334_13:18/IMG_6084.JPG,20230615,fisheye,outdoor,,,,,Canon EOS 5D Mark II,2023:06:15 13:20:27,,
cali_hdr,20230615/fisheye/coda_334_13:18/IMG_6088.JPG,20230615,fisheye,outdoor,,,,,Canon EOS 5D Mark II,2023:06:15 13:20:30,,
cali_hdr,20230615/fisheye/coda_334_13:32/IMG_6093.JPG,20230615,fisheye,outdoor,,,,,Canon EOS 5D Mark II,2023:06:15 13:34:30,,
cali_hdr,20230615/fisheye/coda_334_13:32/IMG_6096.JPG,20230615,fisheye,outdoor,,,,,Canon EOS 5D Mark II,2023:06:15 13:34:32,,
cali_hdr,20230615/fisheye/coda_334_13:32/IMG_6092.JPG,20230615,fisheye,outdoor,,,,,Canon EOS 5D Mark II,2023:06:15 13:34:29,,
cali_hdr,20230615/fisheye/coda_334_13:32/IMG_6098.JPG,20230615,fisheye,outdoor,,,,,Canon EOS 5D Mark II,2023:06:15 13:34:34,,
cali_hdr,20230615/fisheye/coda_334_13:32/IMG_6091.JPG,20230615,fisheye,outdoor,,,,,Canon EOS 5D Mark II,2023:06:15 13:34:29,,
cali_hdr,20230615/fisheye/coda_334_13:32/IMG_6097.JPG,20230615,fisheye,outdoor,,,,,Canon EOS 5D Mark II,2023:06:15 13:34:32,,
cali_hdr,20230615/fisheye/coda_334_13:32/IMG_6095.JPG,20230615,fisheye,outdoor,,,,,Canon EOS 5D Mark II,2023:06:15 13:34:31,,
cali_hdr,20230615/fisheye/coda_334_13:32/IMG_6099.JPG,20230615,fisheye,outdoor,,,,,Canon EOS 5D Mark II,2023:06:15 13:34:34,,
cali_hdr,20230615/fisheye/coda_334_13:32/IMG_6094.JPG,20230615,fisheye,outdoor,,,,,Canon EOS 5D Mark II,2023:06:15 13:34:30,,
cali_hdr,20230615/fisheye/coda_334_13:35/IMG_6102.JPG,20230615,fisheye,outdoor,,,,,Canon EOS 5D Mark II,2023:06:15 13:37:42,,
cali_hdr,20230615/fisheye/coda_334_13:35/IMG_6103.JPG,20230615,fisheye,outdoor,,,,,Canon EOS 5D Mark II,2023:06:15 13:37:43,,
cali_hdr,20230615/fisheye/coda_334_13:35/IMG_6105.JPG,20230615,fisheye,outdoor,,,,,Canon EOS 5D Mark II,2023:06:15 13:37:44,,
cali_hdr,20230615/fisheye/coda_334_13:35/IMG_6100.JPG,20230615,fisheye,outdoor,,,,,Canon EOS 5D Mark II,2023:06:15 13:37:41,,
cali_hdr,20230615/fisheye/coda_334_13:35/IMG_6107.JPG,20230615,fisheye,outdoor,,,,,Canon EOS 5D Mark II,2023:06:15 13:37:46,,
cali_hdr,20230615/fisheye/coda_334_13:35/IMG_6104.JPG,20230615,fisheye,outdoor,,,,,Canon EOS 5D Mark II,2023:06:15 13:37:43,,
cali_hdr,20230615/fisheye/coda_334_13:35/IMG_6108.JPG,20230615,fisheye,outdoor,,,,,Canon EOS 5D Mark II,2023:06:15 13:37:46,,
cali_hdr,20230615/fisheye/coda_334_13:35/IMG_6106.JPG,20230615,fisheye,outdoor,,,,,Canon EOS 5D Mark II,2023:06:15 13:37:44,,
cali_hdr,20230615/fisheye/coda_334_13:35/IMG_6101.JPG,20230615,fisheye,outdoor,,,,,Canon EOS 5D Mark II,2023:06:15 13:37:42,,
cali_hdr,20230615/fisheye/coda_334_11:57/IMG_6068.JPG,20230615,fisheye,outdoor,,,,,Canon EOS 5D Mark II,2023:06:15 11:59:46,,
cali_hdr,20230615/fisheye/coda_334_11:57/IMG_6066.JPG,20230615,fisheye,outdoor,,,,,Canon EOS 5D Mark II,2023:06:15 11:59:45,,
cali_hdr,20230615/fisheye/coda_334_11:57/IMG_6071.JPG,20230615,fisheye,outdoor,,,,,Canon EOS 5D Mark II,2023:06:15 11:59:49,,
cali_hdr,20230615/fisheye/coda_334_11:57/IMG_6064.JPG,20230615,fisheye,outdoor,,,,,Canon EOS 5D Mark II,2023:06:15 11:59:44,,
cali_hdr,20230615/fisheye/coda_334_11:57/IMG_6069.JPG,20230615,fisheye,outdoor,,,,,Canon EOS 5D Mark II,2023:06:15 11:59:47,,
cali_hdr,20230615/fisheye/coda_334_11:57/IMG_6065.JPG,20230615,fisheye,outdoor,,,,,Canon EOS 5D Mark II,2023:06:15 11:59:45,,
cali_hdr,20230615/fisheye/coda_334_11:57/IMG_6072.JPG,20230615,fisheye,outdoor,,,,,Canon EOS 5D Mark II,2023:06:15 11:59:50,,
cali_hdr,20230615/fisheye/coda_334_11:57/IMG_6070.JPG,20230615,fisheye,outdoor,,,,,Canon EOS 5D Mark II,2023:06:15 11:59:48,,
cali_hdr,20230615/fisheye/coda_334_11:57/IMG_6067.JPG,20230615,fisheye,outdoor,,,,,Canon EOS 5D Mark II,2023:06:15 11:59:46,,
cali_hdr,20230615/fisheye/coda_334_14:00/IMG_6119.JPG,20230615,fisheye,outdoor,,,,,Canon EOS 5D Mark II,2023:06:15 14:02:38,,
cali_hdr,20230615/fisheye/coda_334_14:00/IMG_6124.JPG,20230615,fisheye,outdoor,,,,,Canon EOS 5D Mark II,2023:06:15 14:02:41,,
cali_hdr,20230615/fisheye/coda_334_14:00/IMG_6121.JPG,20230615,fisheye,outdoor,,,,,Canon EOS 5D Mark II,2023:06:15 14:02:39,,
cali_hdr,20230615/fisheye/coda_334_14:00/IMG_6122.JPG,20230615,fisheye,outdoor,,,,,Canon EOS 5D Mark II,2023:06:15 14:02:40,,
cali_hdr,20230615/fisheye/coda_334_14:00/IMG_6123.JPG,20230615,fisheye,outdoor,,,,,Canon EOS 5D Mark II,2023:06:15 14:02:41,,
cali_hdr,20230615/fisheye/coda_334_14:00/IMG_6118.JPG,20230615,fisheye,outdoor,,,,,Canon EOS 5D Mark II,2023:06:15 14:02:38,,
cali_hdr,20230615/fisheye/coda_334_14:00/IMG_6125.JPG,20230615,fisheye,outdoor,,,,,Canon EOS 5D Mark II,2023:06:15 14:02:43,,
cali_hdr,20230615/fisheye/coda_334_14:00/IMG_6126.JPG,20230615,fisheye,outdoor,,,,,Canon EOS 5D Mark II,2023:06:15 14:02:43,,
cali_hdr,20230615/fisheye/coda_334_14:00/IMG_6120.JPG,20230615,fisheye,outdoor,,,,,Canon EOS 5D Mark II,2023:06:15 14:02:39,,
cali_hdr,20230615/fisheye/coda_334_13:41/IMG_6112.JPG,20230615,fisheye,outdoor,,,,,Canon EOS 5D Mark II,2023:06:15 13:42:58,,
cali_hdr,20230615/fisheye/coda_334_13:41/IMG_6111.JPG,20230615,fisheye,outdoor,,,,,Canon EOS 5D Mark II,2023:06:15 13:42:57,,
cali_hdr,20230615/fisheye/coda_334_13:41/IMG_6113.JPG,20230615,fisheye,outdoor,,,,,Canon EOS 5D Mark II,2023:06:15 13:42:58,,
cali_hdr,20230615/fisheye/coda_334_13:41/IMG_6117.JPG,20230615,fisheye,outdoor,,,,,Canon EOS 5D Mark II,2023:06:15 13:43:02,,
cali_hdr,20230615/fisheye/coda_334_13:41/IMG_6114.JPG,20230615,fisheye,outdoor,,,,,Canon EOS 5D Mark II,2023:06:15 13:42:59,,
cali_hdr,20230615/fisheye/coda_334_13:41/IMG_6110.JPG,20230615,fisheye,outdoor,,,,,Canon EOS 5D Mark II,2023:06:15 13:42:57,,
cali_hdr,20230615/fisheye/coda_334_13:41/IMG_6116.JPG,20230615,fisheye,outdoor,,,,,Canon EOS 5D Mark II,2023:06:15 13:43:01,,
cali_hdr,20230615/fisheye/coda_334_13:41/IMG_6109.JPG,20230615,fisheye,outdoor,,,,,Canon EOS 5D Mark II,2023:06:15 13:42:56,,
cali_hdr,20230615/fisheye/coda_334_13:41/IMG_6115.JPG,20230615,fisheye,outdoor,,,,,Canon EOS 5D Mark II,2023:06:15 13:42:59,,
cali_hdr,20230615/fisheye/coda_334_13:07/IMG_6076.JPG,20230615,fisheye,outdoor,,,,,Canon EOS 5D Mark II,2023:06:15 13:09:26,,
cali_hdr,20230615/fisheye/coda_334_13:07/IMG_6077.JPG,20230615,fisheye,outdoor,,,,,Canon EOS 5D Mark II,2023:06:15 13:09:26,,
cali_hdr,20230615/fisheye/coda_334_13:07/IMG_6079.JPG,20230615,fisheye,outdoor,,,,,Canon EOS 5D Mark II,2023:06:15 13:09:28,,
cali_hdr,20230615/fisheye/coda_334_13:07/IMG_6081.JPG,20230615,fisheye,outdoor,,,,,Canon EOS 5D Mark II,2023:06:15 13:09:30,,
cali_hdr,20230615/fisheye/coda_334_13:07/IMG_6075.JPG,20230615,fisheye,outdoor,,,,,Canon EOS 5D Mark II,2023:06:15 13:09:25,,
cali_hdr,20230615/fisheye/coda_334_13:07/IMG_6078.JPG,20230615,fisheye,outdoor,,,,,Canon EOS 5D Mark II,2023:06:15 13:09:27,,
cali_hdr,20230615/fisheye/coda_334_13:07/IMG_6080.JPG,20230615,fisheye,outdoor,,,,,Canon EOS 5D Mark II,2023:06:15 13:09:29,,
cali_hdr,20230615/fisheye/coda_334_13:07/IMG_6073.JPG,20230615,fisheye,outdoor,,,,,Canon EOS 5D Mark II,2023:06:15 13:09:24,,
cali_hdr,20230615/fisheye/coda_334_13:07/IMG_6074.JPG,20230615,fisheye,outdoor,,,,,Canon EOS 5D Mark II,2023:06:15 13:09:25,,
cali_hdr,20230528/fisheye/coda_334_14:15/IMG_6002.JPG,20230528,fisheye,outdoor,,,,,Canon EOS 5D Mark II,2023:05:28 14:17:42,,
cali_hdr,20230528/fisheye/coda_334_14:15/IMG_6008.JPG,20230528,fisheye,outdoor,,,,,Canon EOS 5D Mark II,2023:05:28 14:17:47,,
cali_hdr,20230528/fisheye/coda_334_14:15/IMG_6009.JPG,20230528,fisheye,outdoor,,,,,Canon EOS 5D Mark II,2023:05:28 14:17:47,,
cali_hdr,20230528/fisheye/coda_334_14:15/IMG_6001.JPG,20230528,fisheye,outdoor,,,,,Canon EOS 5D Mark II,2023:05:28 14:17:42,,
cali_hdr,20230528/fisheye/coda_334_14:15/IMG_6003.JPG,20230528,fisheye,outdoor,,,,,Canon EOS 5D Mark II,2023:05:28 14:17:43,,
cali_hdr,20230528/fisheye/coda_334_14:15/IMG_6004.JPG,20230528,fisheye,outdoor,,,,,Canon EOS 5D Mark II,2023:05:28 14:17:43,,
cali_hdr,20230528/fisheye/coda_334_14:15/IMG_6007.JPG,20230528,fisheye,outdoor,,,,,Canon EOS 5D Mark II,2023:05:28 14:17:45,,
cali_hdr,20230528/fisheye/coda_334_14:15/IMG_6006.JPG,20230528,fisheye,outdoor,,,,,Canon EOS 5D Mark II,2023:05:28 14:17:44,,
cali_hdr,20230528/fisheye/coda_334_14:15/IMG_6005.JPG,20230528,fisheye,outdoor,,,,,Canon EOS 5D Mark II,2023:05:28 14:17:44,,
cali_hdr,20230528/fisheye/coda_334_13:39/IMG_5987.JPG,20230528,fisheye,outdoor,,,,,Canon EOS 5D Mark II,2023:05:28 13:41:38,,
cali_hdr,20230528/fisheye/coda_334_13:39/IMG_5984.JPG,20230528,fisheye,outdoor,,,,,Canon EOS 5D Mark II,2023:05:28 13:41:36,,
cali_hdr,20230528/fisheye/coda_334_13:39/IMG_5986.JPG,20230528,fisheye,outdoor,,,,,Canon EOS 5D Mark II,2023:05:28 13:41:37,,
cali_hdr,20230528/fisheye/coda_334_13:39/IMG_5988.JPG,20230528,fisheye,outdoor,,,,,Canon EOS 5D Mark II,2023:05:28 13:41:38,,
cali_hdr,20230528/fisheye/coda_334_13:39/IMG_5985.JPG,20230528,fisheye,outdoor,,,,,Canon EOS 5D Mark II,2023:05:28 13:41:36,,
cali_hdr,20230528/fisheye/coda_334_13:39/IMG_5990.JPG,20230528,fisheye,outdoor,,,,,Canon EOS 5D Mark II,2023:05:28 13:41:40,,
cali_hdr,20230528/fisheye/coda_334_13:39/IMG_5991.JPG,20230528,fisheye,outdoor,,,,,Canon EOS 5D Mark II,2023:05:28 13:41:41,,
cali_hdr,20230528/fisheye/coda_334_13:39/IMG_5983.JPG,20230528,fisheye,outdoor,,,,,Canon EOS 5D Mark II,2023:05:28 13:41:36,,
cali_hdr,20230528/fisheye/coda_334_13:39/IMG_5989.JPG,20230528,fisheye,outdoor,,,,,Canon EOS 5D Mark II,2023:05:28 13:41:39,,
cali_hdr,20230528/fisheye/coda_334_14:00/IMG_5996.JPG,20230528,fisheye,outdoor,,,,,Canon EOS 5D Mark II,2023:05:28 14:01:36,,
cali_hdr,20230528/fisheye/coda_334_14:00/IMG_6000.JPG,20230528,fisheye,outdoor,,,,,Canon EOS 5D Mark II,2023:05:28 14:01:39,,
cali_hdr,20230528/fisheye/coda_334_14:00/IMG_5993.JPG,20230528,fisheye,outdoor,,,,,Canon EOS 5D Mark II,2023:05:28 14:01:34,,
cali_hdr,20230528/fisheye/coda_334_14:00/IMG_5995.JPG,20230528,fisheye,outdoor,,,,,Canon EOS 5D Mark II,2023:05:28 14:01:35,,
cali_hdr,20230528/fisheye/coda_334_14:00/IMG_5998.JPG,20230528,fisheye,outdoor,,,,,Canon EOS 5D Mark II,2023:05:28 14:01:37,,
cali_hdr,20230528/fisheye/coda_334_14:00/IMG_5997.JPG,20230528,fisheye,outdoor,,,,,Canon EOS 5D Mark II,2023:05:28 14:01:36,,
cali_hdr,20230528/fisheye/coda_334_14:00/IMG_5992.JPG,20230528,fisheye,outdoor,,,,,Canon EOS 5D Mark II,2023:05:28 14:01:34,,
cali_hdr,20230528/fisheye/coda_334_14:00/IMG_5994.JPG,20230528,fisheye,outdoor,,,,,Canon EOS 5D Mark II,2023:05:28 14:01:34,,
cali_hdr,20230528/fisheye/coda_334_14:00/IMG_5999.JPG,20230528,fisheye,outdoor,,,,,Canon EOS 5D Mark II,2023:05:28 14:01:38,,
cali_hdr,20230528/fisheye/coda_334_13:30/IMG_5982.JPG,20230528,fisheye,outdoor,,,,,Canon EOS 5D Mark II,2023:05:28 13:31:41,,
cali_hdr,20230528/fisheye/coda_334_13:30/IMG_5981.JPG,20230528,fisheye,outdoor,,,,,Canon EOS 5D Mark II,2023:05:28 13:31:40,,
cali_hdr,20230528/fisheye/coda_334_13:30/IMG_5976.JPG,20230528,fisheye,outdoor,,,,,Canon EOS 5D Mark II,2023:05:28 13:31:36,,
cali_hdr,20230528/fisheye/coda_334_13:30/IMG_5977.JPG,20230528,fisheye,outdoor,,,,,Canon EOS 5D Mark II,2023:05:28 13:31:37,,
cali_hdr,20230528/fisheye/coda_334_13:30/IMG_5974.JPG,20230528,fisheye,outdoor,,,,,Canon EOS 5D Mark II,2023:05:28 13:31:35,,
cali_hdr,20230528/fisheye/coda_334_13:30/IMG_5979.JPG,20230528,fisheye,outdoor,,,,,Canon EOS 5D Mark II,2023:05:28 13:31:38,,
cali_hdr,20230528/fisheye/coda_334_13:30/IMG_5975.JPG,20230528,fisheye,outdoor,,,,,Canon EOS 5D Mark II,2023:05:28 13:31:36,,
cali_hdr,20230528/fisheye/coda_334_13:30/IMG_5980.JPG,20230528,fisheye,outdoor,,,,,Canon EOS 5D Mark II,2023:05:28 13:31:39,,
cali_hdr,20230528/fisheye/coda_334_13:30/IMG_5978.JPG,20230528,fisheye,outdoor,,,,,Canon EOS 5D Mark II,2023:05:28 13:31:37,,
cali_hdr,20230625/fisheye/coda_334_06:58/IMG_6204.JPG,20230625,fisheye,outdoor,,,,,Canon EOS 5D Mark II,2023:06:25 07:00:34,,
cali_hdr,20230625/fisheye/coda_334_06:58/IMG_6207.JPG,20230625,fisheye,outdoor,,,,,Canon EOS 5D Mark II,2023:06:25 07:00:37,,
cali_hdr,20230625/fisheye/coda_334_06:58/IMG_6203.JPG,20230625,fisheye,outdoor,,,,,Canon EOS 5D Mark II,2023:06:25 07:00:34,,
cali_hdr,20230625/fisheye/coda_334_06:58/IMG_6199.JPG,20230625,fisheye,outdoor,,,,,Canon EOS 5D Mark II,2023:06:25 07:00:32,,
cali_hdr,20230625/fisheye/coda_334_06:58/IMG_6202.JPG,20230625,fisheye,outdoor,,,,,Canon EOS 5D Mark II,2023:06:25 07:00:33,,
cali_hdr,20230625/fisheye/coda_334_06:58/IMG_6200.JPG,20230625,fisheye,outdoor,,,,,Canon EOS 5D Mark II,2023:06:25 07:00:32,,
cali_hdr,20230625/fisheye/coda_334_06:58/IMG_6206.JPG,20230625,fisheye,outdoor,,,,,Canon EOS 5D Mark II,2023:06:25 07:00:36,,
cali_hdr,20230625/fisheye/coda_334_06:58/IMG_6201.JPG,20230625,fisheye,outdoor,,,,,Canon EOS 5D Mark II,2023:06:25 07:00:32,,
cali_hdr,20230625/fisheye/coda_334_06:58/IMG_6205.JPG,20230625,fisheye,outdoor,,,,,Canon EOS 5D Mark II,2023:06:25 07:00:35,,
cali_hdr,20230625/fisheye/coda_334_12:57/IMG_6267.JPG,20230625,fisheye,outdoor,,,,,Canon EOS 5D Mark II,2023:06:25 12:58:58,,
cali_hdr,20230625/fisheye/coda_334_12:57/IMG_6265.JPG,20230625,fisheye,outdoor,,,,,Canon EOS 5D Mark II,2023:06:25 12:58:57,,
cali_hdr,20230625/fisheye/coda_334_12:57/IMG_6266.JPG,20230625,fisheye,outdoor,,,,,Canon EOS 5D Mark II,2023:06:25 12:58:57,,
cali_hdr,20230625/fisheye/coda_334_12:57/IMG_6270.JPG,20230625,fisheye,outdoor,,,,,Canon EOS 5D Mark II,2023:06:25 12:59:01,,
cali_hdr,20230625/fisheye/coda_334_12:57/IMG_6263.JPG,20230625,fisheye,outdoor,,,,,Canon EOS 5D Mark II,2023:06:25 12:58:56,,
cali_hdr,20230625/fisheye/coda_334_12:57/IMG_6262.JPG,20230625,fisheye,outdoor,,,,,Canon EOS 5D Mark II,2023:06:25 12:58:56,,
cali_hdr,20230625/fisheye/coda_334_12:57/IMG_6269.JPG,20230625,fisheye,outdoor,,,,,Canon EOS 5D Mark II,2023:06:25 12:59:00,,
cali_hdr,20230625/fisheye/coda_334_12:57/IMG_6264.JPG,20230625,fisheye,outdoor,,,,,Canon EOS 5D Mark II,2023:06:25 12:58:56,,
cali_hdr,20230625/fisheye/coda_334_12:57/IMG_6268.JPG,20230625,fisheye,outdoor,,,,,Canon EOS 5D Mark II,2023:06:25 12:58:59,,
cali_hdr,20230625/fisheye/coda_334_08:58/IMG_6219.JPG,20230625,fisheye,outdoor,,,,,Canon EOS 5D Mark II,2023:06:25 08:59:22,,
cali_hdr,20230625/fisheye/coda_334_08:58/IMG_6225.JPG,20230625,fisheye,outdoor,,,,,Canon EOS 5D Mark II,2023:06:25 08:59:27,,
cali_hdr,20230625/fisheye/coda_334_08:58/IMG_6218.JPG,20230625,fisheye,outdoor,,,,,Canon EOS 5D Mark II,2023:06:25 08:59:22,,
cali_hdr,20230625/fisheye/coda_334_08:58/IMG_6217.JPG,20230625,fisheye,outdoor,,,,,Canon EOS 5D Mark II,2023:06:25 08:59:21,,
cali_hdr,20230625/fisheye/coda_334_08:58/IMG_6221.JPG,20230625,fisheye,outdoor,,,,,Canon EOS 5D Mark II,2023:06:25 08:59:23,,
cali_hdr,20230625/fisheye/coda_334_08:58/IMG_6222.JPG,20230625,fisheye,outdoor,,,,,Canon EOS 5D Mark II,2023:06:25 08:59:24,,
cali_hdr,20230625/fisheye/coda_334_08:58/IMG_6223.JPG,20230625,fisheye,outdoor,,,,,Canon EOS 5D Mark II,2023:06:25 08:59:24,,
cali_hdr,20230625/fisheye/coda_334_08:58/IMG_6220.JPG,20230625,fisheye,outdoor,,,,,Canon EOS 5D Mark II,2023:06:25 08:59:23,,
cali_hdr,20230625/fisheye/coda_334_08:58/IMG_6224.JPG,20230625,fisheye,outdoor,,,,,Canon EOS 5D Mark II,2023:06:25 08:59:26,,
cali_hdr,20230625/fisheye/coda_334_11:44/IMG_6260.JPG,20230625,fisheye,outdoor,,,,,Canon EOS 5D Mark II,2023:06:25 11:45:48,,
cali_hdr,20230625/fisheye/coda_334_11:44/IMG_6257.JPG,20230625,fisheye,outdoor,,,,,Canon EOS 5D Mark II,2023:06:25 11:45:45,,
cali_hdr,20230625/fisheye/coda_334_11:44/IMG_6261.JPG,20230625,fisheye,outdoor,,,,,Canon EOS 5D Mark II,2023:06:25 11:45:49,,
cali_hdr,20230625/fisheye/coda_334_11:44/IMG_6256.JPG,20230625,fisheye,outdoor,,,,,Canon EOS 5D Mark II,2023:06:25 11:45:45,,
cali_hdr,20230625/fisheye/coda_334_11:44/IMG_6255.JPG,20230625,fisheye,outdoor,,,,,Canon EOS 5D Mark II,2023:06:25 11:45:44,,
cali_hdr,20230625/fisheye/coda_334_11:44/IMG_6253.JPG,20230625,fisheye,outdoor,,,,,Canon EOS 5D Mark II,2023:06:25 11:45:43,,
cali_hdr,20230625/fisheye/coda_334_11:44/IMG_6254.JPG,20230625,fisheye,outdoor,,,,,Canon EOS 5D Mark II,2023:06:25 11:45:44,,
cali_hdr,20230625/fisheye/coda_334_11:44/IMG_6259.JPG,20230625,fisheye,outdoor,,,,,Canon EOS 5D Mark II,2023:06:25 11:45:46,,
cali_hdr,20230625/fisheye/coda_334_11:44/IMG_6258.JPG,20230625,fisheye,outdoor,,,,,Canon EOS 5D Mark II,2023:06:25 11:45:46,,
cali_hdr,20230625/fisheye/coda_334_10:57/IMG_6239.JPG,20230625,fisheye,outdoor,,,,,Canon EOS 5D Mark II,2023:06:25 10:59:27,,
cali_hdr,20230625/fisheye/coda_334_10:57/IMG_6235.JPG,20230625,fisheye,outdoor,,,,,Canon EOS 5D Mark II,2023:06:25 10:59:25,,
cali_hdr,20230625/fisheye/coda_334_10:57/IMG_6242.JPG,20230625,fisheye,outdoor,,,,,Canon EOS 5D Mark II,2023:06:25 10:59:30,,
cali_hdr,20230625/fisheye/coda_334_10:57/IMG_6243.JPG,20230625,fisheye,outdoor,,,,,Canon EOS 5D Mark II,2023:06:25 10:59:30,,
cali_hdr,20230625/fisheye/coda_334_10:57/IMG_6236.JPG,20230625,fisheye,outdoor,,,,,Canon EOS 5D Mark II,2023:06:25 10:59:25,,
cali_hdr,20230625/fisheye/coda_334_10:57/IMG_6237.JPG,20230625,fisheye,outdoor,,,,,Canon EOS 5D Mark II,2023:06:25 10:59:26,,
cali_hdr,20230625/fisheye/coda_334_10:57/IMG_6240.JPG,20230625,fisheye,outdoor,,,,,Canon EOS 5D Mark II,2023:06:25 10:59:28,,
cali_hdr,20230625/fisheye/coda_334_10:57/IMG_6238.JPG,20230625,fisheye,outdoor,,,,,Canon EOS 5D Mark II,2023:06:25 10:59:26,,
cali_hdr,20230625/fisheye/coda_334_10:57/IMG_6241.JPG,20230625,fisheye,outdoor,,,,,Canon EOS 5D Mark II,2023:06:25 10:59:28,,
cali_hdr,20230625/fisheye/coda_334_09:57/IMG_6227.JPG,20230625,fisheye,outdoor,,,,,Canon EOS 5D Mark II,2023:06:25 09:59:03,,
cali_hdr,20230625/fisheye/coda_334_09:57/IMG_6228.JPG,20230625,fisheye,outdoor,,,,,Canon EOS 5D Mark II,2023:06:25 09:59:03,,
cali_hdr,20230625/fisheye/coda_334_09:57/IMG_6231.JPG,20230625,fisheye,outdoor,,,,,Canon EOS 5D Mark II,2023:06:25 09:59:05,,
cali_hdr,20230625/fisheye/coda_334_09:57/IMG_6234.JPG,20230625,fisheye,outdoor,,,,,Canon EOS 5D Mark II,2023:06:25 09:59:07,,
cali_hdr,20230625/fisheye/coda_334_09:57/IMG_6229.JPG,20230625,fisheye,outdoor,,,,,Canon EOS 5D Mark II,2023:06:25 09:59:04,,
cali_hdr,20230625/fisheye/coda_334_09:57/IMG_6226.JPG,20230625,fisheye,outdoor,,,,,Canon EOS 5D Mark II,2023:06:25 09:59:02,,
cali_hdr,20230625/fisheye/coda_334_09:57/IMG_6232.JPG,20230625,fisheye,outdoor,,,,,Canon EOS 5D Mark II,2023:06:25 09:59:05,,
cali_hdr,20230625/fisheye/coda_334_09:57/IMG_6230.JPG,20230625,fisheye,outdoor,,,,,Canon EOS 5D Mark II,2023:06:25 09:59:04,,
cali_hdr,20230625/fisheye/coda_334_09:57/IMG_6233.JPG,20230625,fisheye,outdoor,,,,,Canon EOS 5D Mark II,2023:06:25 09:59:07,,
cali_hdr,20230625/fisheye/coda_334_10:59/IMG_6247.JPG,20230625,fisheye,outdoor,,,,,Canon EOS 5D Mark II,2023:06:25 11:00:39,,
cali_hdr,20230625/fisheye/coda_334_10:59/IMG_6248.JPG,20230625,fisheye,outdoor,,,,,Canon EOS 5D Mark II,2023:06:25 11:00:39,,
cali_hdr,20230625/fisheye/coda_334_10:59/IMG_6249.JPG,20230625,fisheye,outdoor,,,,,Canon EOS 5D Mark II,2023:06:25 11:00:40,,
cali_hdr,20230625/fisheye/coda_334_10:59/IMG_6244.JPG,20230625,fisheye,outdoor,,,,,Canon EOS 5D Mark II,2023:06:25 11:00:37,,
cali_hdr,20230625/fisheye/coda_334_10:59/IMG_6252.JPG,20230625,fisheye,outdoor,,,,,Canon EOS 5D Mark II,2023:06:25 11:00:42,,
cali_hdr,20230625/fisheye/coda_334_10:59/IMG_6245.JPG,20230625,fisheye,outdoor,,,,,Canon EOS 5D Mark II,2023:06:25 11:00:38,,
cali_hdr,20230625/fisheye/coda_334_10:59/IMG_6246.JPG,20230625,fisheye,outdoor,,,,,Canon EOS 5D Mark II,2023:06:25 11:00:38,,
cali_hdr,20230625/fisheye/coda_334_10:59/IMG_6251.JPG,20230625,fisheye,outdoor,,,,,Canon EOS 5D Mark II,2023:06:25 11:00:42,,
cali_hdr,20230625/fisheye/coda_334_10:59/IMG_6250.JPG,20230625,fisheye,outdoor,,,,,Canon EOS 5D Mark II,2023:06:25 11:00:40,,
cali_hdr,20230625/fisheye/coda_334_13:57/IMG_6274.JPG,20230625,fisheye,outdoor,,,,,Canon EOS 5D Mark II,2023:06:25 13:58:34,,
cali_hdr,20230625/fisheye/coda_334_13:57/IMG_6276.JPG,20230625,fisheye,outdoor,,,,,Canon EOS 5D Mark II,2023:06:25 13:58:35,,
cali_hdr,20230625/fisheye/coda_334_13:57/IMG_6272.JPG,20230625,fisheye,outdoor,,,,,Canon EOS 5D Mark II,2023:06:25 13:58:33,,
cali_hdr,20230625/fisheye/coda_334_13:57/IMG_6275.JPG,20230625,fisheye,outdoor,,,,,Canon EOS 5D Mark II,2023:06:25 13:58:34,,
cali_hdr,20230625/fisheye/coda_334_13:57/IMG_6278.JPG,20230625,fisheye,outdoor,,,,,Canon EOS 5D Mark II,2023:06:25 13:58:37,,
cali_hdr,20230625/fisheye/coda_334_13:57/IMG_6273.JPG,20230625,fisheye,outdoor,,,,,Canon EOS 5D Mark II,2023:06:25 13:58:33,,
cali_hdr,20230625/fisheye/coda_334_13:57/IMG_6271.JPG,20230625,fisheye,outdoor,,,,,Canon EOS 5D Mark II,2023:06:25 13:58:33,,
cali_hdr,20230625/fisheye/coda_334_13:57/IMG_6277.JPG,20230625,fisheye,outdoor,,,,,Canon EOS 5D Mark II,2023:06:25 13:58:36,,
cali_hdr,20230625/fisheye/coda_334_13:57/IMG_6279.JPG,20230625,fisheye,outdoor,,,,,Canon EOS 5D Mark II,2023:06:25 13:58:38,,
cali_hdr,20230625/fisheye/coda_334_07:58/IMG_6215.JPG,20230625,fisheye,outdoor,,,,,Canon EOS 5D Mark II,2023:06:25 08:00:23,,
cali_hdr,20230625/fisheye/coda_334_07:58/IMG_6209.JPG,20230625,fisheye,outdoor,,,,,Canon EOS 5D Mark II,2023:06:25 08:00:18,,
cali_hdr,20230625/fisheye/coda_334_07:58/IMG_6216.JPG,20230625,fisheye,outdoor,,,,,Canon EOS 5D Mark II,2023:06:25 08:00:23,,
cali_hdr,20230625/fisheye/coda_334_07:58/IMG_6214.JPG,20230625,fisheye,outdoor,,,,,Canon EOS 5D Mark II,2023:06:25 08:00:21,,
cali_hdr,20230625/fisheye/coda_334_07:58/IMG_6213.JPG,20230625,fisheye,outdoor,,,,,Canon EOS 5D Mark II,2023:06:25 08:00:20,,
cali_hdr,20230625/fisheye/coda_334_07:58/IMG_6208.JPG,20230625,fisheye,outdoor,,,,,Canon EOS 5D Mark II,2023:06:25 08:00:18,,
cali_hdr,20230625/fisheye/coda_334_07:58/IMG_6210.JPG,20230625,fisheye,outdoor,,,,,Canon EOS 5D Mark II,2023:06:25 08:00:19,,
cali_hdr,20230625/fisheye/coda_334_07:58/IMG_6211.JPG,20230625,fisheye,outdoor,,,,,Canon EOS 5D Mark II,2023:06:25 08:00:19,,
cali_hdr,20230625/fisheye/coda_334_07:58/IMG_6212.JPG,20230625,fisheye,outdoor,,,,,Canon EOS 5D Mark II,2023:06:25 08:00:20,,
cali_hdr,20221014/fisheye/basement_15:43/IMG_0155.JPG,20221014,fisheye,outdoor,,,,,Canon EOS 5D Mark II,2022:10:14 15:42:57,,
cali_hdr,20221014/fisheye/basement_15:43/IMG_0160.JPG,20221014,fisheye,outdoor,,,,,Canon EOS 5D Mark II,2022:10:14 15:43:01,,
cali_hdr,20221014/fisheye/basement_15:43/IMG_0153.JPG,20221014,fisheye,outdoor,,,,,Canon EOS 5D Mark II,2022:10:14 15:42:57,,
cali_hdr,20221014/fisheye/basement_15:43/IMG_0157.JPG,20221014,fisheye,outdoor,,,,,Canon EOS 5D Mark II,2022:10:14 15:42:58,,
cali_hdr,20221014/fisheye/basement_15:43/IMG_0156.JPG,20221014,fisheye,outdoor,,,,,Canon EOS 5D Mark II,2022:10:14 15:42:58,,
cali_hdr,20221014/fisheye/basement_15:43/IMG_0159.JPG,20221014,fisheye,outdoor,,,,,Canon EOS 5D Mark II,2022:10:14 15:43:00,,
cali_hdr,20221014/fisheye/basement_15:43/IMG_0161.JPG,20221014,fisheye,outdoor,,,,,Canon EOS 5D Mark II,2022:10:14 15:43:02,,
cali_hdr,20221014/fisheye/basement_15:43/IMG_0158.JPG,20221014,fisheye,outdoor,,,,,Canon EOS 5D Mark II,2022:10:14 15:42:59,,
cali_hdr,20221014/fisheye/basement_15:43/IMG_0154.JPG,20221014,fisheye,outdoor,,,,,Canon EOS 5D Mark II,2022:10:14 15:42:57,,
cali_hdr,20221014/fisheye/basement_14:22/IMG_0032.JPG,20221014,fisheye,outdoor,,,,,Canon EOS 5D Mark II,2022:10:14 14:23:06,,
cali_hdr,20221014/fisheye/basement_14:22/IMG_0037.JPG,20221014,fisheye,outdoor,,,,,Canon EOS 5D Mark II,2022:10:14 14:23:09,,
cali_hdr,20221014/fisheye/basement_14:22/IMG_0035.JPG,20221014,fisheye,outdoor,,,,,Canon EOS 5D Mark II,2022:10:14 14:23:08,,
cali_hdr,20221014/fisheye/basement_14:22/IMG_0034.JPG,20221014,fisheye,outdoor,,,,,Canon EOS 5D Mark II,2022:10:14 14:23:07,,
cali_hdr,20221014/fisheye/basement_14:22/IMG_0036.JPG,20221014,fisheye,outdoor,,,,,Canon EOS 5D Mark II,2022:10:14 14:23:08,,
cali_hdr,20221014/fisheye/basement_14:22/IMG_0038.JPG,20221014,fisheye,outdoor,,,,,Canon EOS 5D Mark II,2022:10:14 14:23:09,,
cali_hdr,20221014/fisheye/basement_14:22/IMG_0033.JPG,20221014,fisheye,outdoor,,,,,Canon EOS 5D Mark II,2022:10:14 14:23:07,,
cali_hdr,20221014/fisheye/basement_14:22/IMG_0040.JPG,20221014,fisheye,outdoor,,,,,Canon EOS 5D Mark II,2022:10:14 14:23:11,,
cali_hdr,20221014/fisheye/basement_14:22/IMG_0039.JPG,20221014,fisheye,outdoor,,,,,Canon EOS 5D Mark II,2022:10:14 14:23:11,,
cali_hdr,20221014/fisheye/basement_16:49/IMG_0251.JPG,20221014,fisheye,outdoor,,,,,Canon EOS 5D Mark II,2022:10:14 16:49:08,,
cali_hdr,20221014/fisheye/basement_16:49/IMG_0245.JPG,20221014,fisheye,outdoor,,,,,Canon EOS 5D Mark II,2022:10:14 16:49:04,,
cali_hdr,20221014/fisheye/basement_16:49/IMG_0244.JPG,20221014,fisheye,outdoor,,,,,Canon EOS 5D Mark II,2022:10:14 16:49:03,,
cali_hdr,20221014/fisheye/basement_16:49/IMG_0246.JPG,20221014,fisheye,outdoor,,,,,Canon EOS 5D Mark II,2022:10:14 16:49:04,,
cali_hdr,20221014/fisheye/basement_16:49/IMG_0248.JPG,20221014,fisheye,outdoor,,,,,Canon EOS 5D Mark II,2022:10:14 16:49:05,,
cali_hdr,20221014/fisheye/basement_16:49/IMG_0243.JPG,20221014,fisheye,outdoor,,,,,Canon EOS 5D Mark II,2022:10:14 16:49:03,,
cali_hdr,20221014/fisheye/basement_16:49/IMG_0250.JPG,20221014,fisheye,outdoor,,,,,Canon EOS 5D Mark II,2022:10:14 16:49:07,,
cali_hdr,20221014/fisheye/basement_16:49/IMG_0247.JPG,20221014,fisheye,outdoor,,,,,Canon EOS 5D Mark II,2022:10:14 16:49:04,,
cali_hdr,20221014/fisheye/basement_16:49/IMG_0249.JPG,20221014,fisheye,outdoor,,,,,Canon EOS 5D Mark II,2022:10:14 16:49:06,,
cali_hdr,20221014/fisheye/basement_13:38/IMG_9934.JPG,20221014,fisheye,outdoor,,,,,Canon EOS 5D Mark II,2022:10:14 13:38:21,,
cali_hdr,20221014/fisheye/basement_13:38/IMG_9933.JPG,20221014,fisheye,outdoor,,,,,Canon EOS 5D Mark II,2022:10:14 13:38:21,,
cali_hdr,20221014/fisheye/basement_13:38/IMG_9935.JPG,20221014,fisheye,outdoor,,,,,Canon EOS 5D Mark II,2022:10:14 13:38:22,,
cali_hdr,20221014/fisheye/basement_13:38/IMG_9938.JPG,20221014,fisheye,outdoor,,,,,Canon EOS 5D Mark II,2022:10:14 13:38:23,,
cali_hdr,20221014/fisheye/basement_13:38/IMG_9937.JPG,20221014,fisheye,outdoor,,,,,Canon EOS 5D Mark II,2022:10:14 13:38:23,,
cali_hdr,20221014/fisheye/basement_13:38/IMG_9940.JPG,20221014,fisheye,outdoor,,,,,Canon EOS 5D Mark II,2022:10:14 13:38:25,,
cali_hdr,20221014/fisheye/basement_13:38/IMG_9936.JPG,20221014,fisheye,outdoor,,,,,Canon EOS 5D Mark II,2022:10:14 13:38:22,,
cali_hdr,20221014/fisheye/basement_13:38/IMG_9932.JPG,20221014,fisheye,outdoor,,,,,Canon EOS 5D Mark II,2022:10:14 13:38:20,,
cali_hdr,20221014/fisheye/basement_13:38/IMG_9939.JPG,20221014,fisheye,outdoor,,,,,Canon EOS 5D Mark II,2022:10:14 13:38:25,,
cali_hdr,20230622/fisheye/coda_334_10:57/IMG_6167.JPG,20230622,fisheye,outdoor,,,,,Canon EOS 5D Mark II,2023:06:22 10:58:12,,
cali_hdr,20230622/fisheye/coda_334_10:57/IMG_6168.JPG,20230622,fisheye,outdoor,,,,,Canon EOS 5D Mark II,2023:06:22 10:58:13,,
cali_hdr,20230622/fisheye/coda_334_10:57/IMG_6165.JPG,20230622,fisheye,outdoor,,,,,Canon EOS 5D Mark II,2023:06:22 10:58:11,,
cali_hdr,20230622/fisheye/coda_334_10:57/IMG_6164.JPG,20230622,fisheye,outdoor,,,,,Canon EOS 5D Mark II,2023:06:22 10:58:11,,
cali_hdr,20230622/fisheye/coda_334_10:57/IMG_6166.JPG,20230622,fisheye,outdoor,,,,,Canon EOS 5D Mark II,2023:06:22 10:58:12,,
cali_hdr,20230622/fisheye/coda_334_10:57/IMG_6169.JPG,20230622,fisheye,outdoor,,,,,Canon EOS 5D Mark II,2023:06:22 10:58:14,,
cali_hdr,20230622/fisheye/coda_334_10:57/IMG_6171.JPG,20230622,fisheye,outdoor,,,,,Canon EOS 5D Mark II,2023:06:22 10:58:16,,
cali_hdr,20230622/fisheye/coda_334_10:57/IMG_6170.JPG,20230622,fisheye,outdoor,,,,,Canon EOS 5D Mark II,2023:06:22 10:58:15,,
cali_hdr,20230622/fisheye/coda_334_10:57/IMG_6163.JPG,20230622,fisheye,outdoor,,,,,Canon EOS 5D Mark II,2023:06:22 10:58:10,,
cali_hdr,20230622/fisheye/coda_334_13:56/IMG_6195.JPG,20230622,fisheye,outdoor,,,,,Canon EOS 5D Mark II,2023:06:22 13:58:33,,
cali_hdr,20230622/fisheye/coda_334_13:56/IMG_6191.JPG,20230622,fisheye,outdoor,,,,,Canon EOS 5D Mark II,2023:06:22 13:58:30,,
cali_hdr,20230622/fisheye/coda_334_13:56/IMG_6198.JPG,20230622,fisheye,outdoor,,,,,Canon EOS 5D Mark II,2023:06:22 13:58:35,,
cali_hdr,20230622/fisheye/coda_334_13:56/IMG_6196.JPG,20230622,fisheye,outdoor,,,,,Canon EOS 5D Mark II,2023:06:22 13:58:33,,
cali_hdr,20230622/fisheye/coda_334_13:56/IMG_6197.JPG,20230622,fisheye,outdoor,,,,,Canon EOS 5D Mark II,2023:06:22 13:58:35,,
cali_hdr,20230622/fisheye/coda_334_13:56/IMG_6190.JPG,20230622,fisheye,outdoor,,,,,Canon EOS 5D Mark II,2023:06:22 13:58:30,,
cali_hdr,20230622/fisheye/coda_334_13:56/IMG_6194.JPG,20230622,fisheye,outdoor,,,,,Canon EOS 5D Mark II,2023:06:22 13:58:32,,
cali_hdr,20230622/fisheye/coda_334_13:56/IMG_6193.JPG,20230622,fisheye,outdoor,,,,,Canon EOS 5D Mark II,2023:06:22 13:58:31,,
cali_hdr,20230622/fisheye/coda_334_13:56/IMG_6192.JPG,20230622,fisheye,outdoor,,,,,Canon EOS 5D Mark II,2023:06:22 13:58:31,,
cali_hdr,20230622/fisheye/coda_334_08:07/IMG_6142.JPG,20230622,fisheye,outdoor,,,,,Canon EOS 5D Mark II,2023:06:22 08:09:14,,
cali_hdr,20230622/fisheye/coda_334_08:07/IMG_6137.JPG,20230622,fisheye,outdoor,,,,,Canon EOS 5D Mark II,2023:06:22 08:09:12,,
cali_hdr,20230622/fisheye/coda_334_08:07/IMG_6144.JPG,20230622,fisheye,outdoor,,,,,Canon EOS 5D Mark II,2023:06:22 08:09:16,,
cali_hdr,20230622/fisheye/coda_334_08:07/IMG_6139.JPG,20230622,fisheye,outdoor,,,,,Canon EOS 5D Mark II,2023:06:22 08:09:13,,
cali_hdr,20230622/fisheye/coda_334_08:07/IMG_6141.JPG,20230622,fisheye,outdoor,,,,,Canon EOS 5D Mark II,2023:06:22 08:09:14,,
cali_hdr,20230622/fisheye/coda_334_08:07/IMG_6140.JPG,20230622,fisheye,outdoor,,,,,Canon EOS 5D Mark II,2023:06:22 08:09:13,,
cali_hdr,20230622/fisheye/coda_334_08:07/IMG_6136.JPG,20230622,fisheye,outdoor,,,,,Canon EOS 5D Mark II,2023:06:22 08:09:11,,
cali_hdr,20230622/fisheye/coda_334_08:07/IMG_6138.JPG,20230622,fisheye,outdoor,,,,,Canon EOS 5D Mark II,2023:06:22 08:09:12,,
cali_hdr,20230622/fisheye/coda_334_08:07/IMG_6143.JPG,20230622,fisheye,outdoor,,,,,Canon EOS 5D Mark II,2023:06:22 08:09:16,,
cali_hdr,20230622/fisheye/coda_334_07:00/IMG_6134.JPG,20230622,fisheye,outdoor,,,,,Canon EOS 5D Mark II,2023:06:22 07:02:06,,
cali_hdr,20230622/fisheye/coda_334_07:00/IMG_6132.JPG,20230622,fisheye,outdoor,,,,,Canon EOS 5D Mark II,2023:06:22 07:02:04,,
cali_hdr,20230622/fisheye/coda_334_07:00/IMG_6133.JPG,20230622,fisheye,outdoor,,,,,Canon EOS 5D Mark II,2023:06:22 07:02:04,,
cali_hdr,20230622/fisheye/coda_334_07:00/IMG_6128.JPG,20230622,fisheye,outdoor,,,,,Canon EOS 5D Mark II,2023:06:22 07:02:02,,
cali_hdr,20230622/fisheye/coda_334_07:00/IMG_6135.JPG,20230622,fisheye,outdoor,,,,,Canon EOS 5D Mark II,2023:06:22 07:02:07,,
cali_hdr,20230622/fisheye/coda_334_07:00/IMG_6130.JPG,20230622,fisheye,outdoor,,,,,Canon EOS 5D Mark II,2023:06:22 07:02:03,,
cali_hdr,20230622/fisheye/coda_334_07:00/IMG_6131.JPG,20230622,fisheye,outdoor,,,,,Canon EOS 5D Mark II,2023:06:22 07:02:03,,
cali_hdr,20230622/fisheye/coda_334_07:00/IMG_6127.JPG,20230622,fisheye,outdoor,,,,,Canon EOS 5D Mark II,2023:06:22 07:02:01,,
cali_hdr,20230622/fisheye/coda_334_07:00/IMG_6129.JPG,20230622,fisheye,outdoor,,,,,Canon EOS 5D Mark II,2023:06:22 07:02:02,,
cali_hdr,20230622/fisheye/coda_334_09:58/IMG_6156.JPG,20230622,fisheye,outdoor,,,,,Canon EOS 5D Mark II,2023:06:22 09:59:50,,
cali_hdr,20230622/fisheye/coda_334_09:58/IMG_6160.JPG,20230622,fisheye,outdoor,,,,,Canon EOS 5D Mark II,2023:06:22 09:59:52,,
cali_hdr,20230622/fisheye/coda_334_09:58/IMG_6158.JPG,20230622,fisheye,outdoor,,,,,Canon EOS 5D Mark II,2023:06:22 09:59:51,,
cali_hdr,20230622/fisheye/coda_334_09:58/IMG_6155.JPG,20230622,fisheye,outdoor,,,,,Canon EOS 5D Mark II,2023:06:22 09:59:50,,
cali_hdr,20230622/fisheye/coda_334_09:58/IMG_6154.JPG,20230622,fisheye,outdoor,,,,,Canon EOS 5D Mark II,2023:06:22 09:59:49,,
cali_hdr,20230622/fisheye/coda_334_09:58/IMG_6159.JPG,20230622,fisheye,outdoor,,,,,Canon EOS 5D Mark II,2023:06:22 09:59:52,,
cali_hdr,20230622/fisheye/coda_334_09:58/IMG_6157.JPG,20230622,fisheye,outdoor,,,,,Canon EOS 5D Mark II,2023:06:22 09:59:51,,
cali_hdr,20230622/fisheye/coda_334_09:58/IMG_6161.JPG,20230622,fisheye,outdoor,,,,,Canon EOS 5D Mark II,2023:06:22 09:59:54,,
cali_hdr,20230622/fisheye/coda_334_09:58/IMG_6162.JPG,20230622,fisheye,outdoor,,,,,Canon EOS 5D Mark II,2023:06:22 09:59:54,,
cali_hdr,20230622/fisheye/coda_334_11:57/IMG_6180.JPG,20230622,fisheye,outdoor,,,,,Canon EOS 5D Mark II,2023:06:22 11:58:47,,
cali_hdr,20230622/fisheye/coda_334_11:57/IMG_6175.JPG,20230622,fisheye,outdoor,,,,,Canon EOS 5D Mark II,2023:06:22 11:58:43,,
cali_hdr,20230622/fisheye/coda_334_11:57/IMG_6178.JPG,20230622,fisheye,outdoor,,,,,Canon EOS 5D Mark II,2023:06:22 11:58:45,,
cali_hdr,20230622/fisheye/coda_334_11:57/IMG_6179.JPG,20230622,fisheye,outdoor,,,,,Canon EOS 5D Mark II,2023:06:22 11:58:46,,
cali_hdr,20230622/fisheye/coda_334_11:57/IMG_6172.JPG,20230622,fisheye,outdoor,,,,,Canon EOS 5D Mark II,2023:06:22 11:58:42,,
cali_hdr,20230622/fisheye/coda_334_11:57/IMG_6174.JPG,20230622,fisheye,outdoor,,,,,Canon EOS 5D Mark II,2023:06:22 11:58:43,,
cali_hdr,20230622/fisheye/coda_334_11:57/IMG_6173.JPG,20230622,fisheye,outdoor,,,,,Canon EOS 5D Mark II,2023:06:22 11:58:42,,
cali_hdr,20230622/fisheye/coda_334_11:57/IMG_6176.JPG,20230622,fisheye,outdoor,,,,,Canon EOS 5D Mark II,2023:06:22 11:58:44,,
cali_hdr,20230622/fisheye/coda_334_11:57/IMG_6177.JPG,20230622,fisheye,outdoor,,,,,Canon EOS 5D Mark II,2023:06:22 11:58:44,,
cali_hdr,20230622/fisheye/coda_334_12:56/IMG_6188.JPG,20230622,fisheye,outdoor,,,,,Canon EOS 5D Mark II,2023:06:22 12:57:42,,
cali_hdr,20230622/fisheye/coda_334_12:56/IMG_6184.JPG,20230622,fisheye,outdoor,,,,,Canon EOS 5D Mark II,2023:06:22 12:57:39,,
cali_hdr,20230622/fisheye/coda_334_12:56/IMG_6187.JPG,20230622,fisheye,outdoor,,,,,Canon EOS 5D Mark II,2023:06:22 12:57:40,,
cali_hdr,20230622/fisheye/coda_334_12:56/IMG_6181.JPG,20230622,fisheye,outdoor,,,,,Canon EOS 5D Mark II,2023:06:22 12:57:37,,
cali_hdr,20230622/fisheye/coda_334_12:56/IMG_6183.JPG,20230622,fisheye,outdoor,,,,,Canon EOS 5D Mark II,2023:06:22 12:57:38,,
cali_hdr,20230622/fisheye/coda_334_12:56/IMG_6185.JPG,20230622,fisheye,outdoor,,,,,Canon EOS 5D Mark II,2023:06:22 12:57:39,,
cali_hdr,20230622/fisheye/coda_334_12:56/IMG_6189.JPG,20230622,fisheye,outdoor,,,,,Canon EOS 5D Mark II,2023:06:22 12:57:43,,
cali_hdr,20230622/fisheye/coda_334_12:56/IMG_6186.JPG,20230622,fisheye,outdoor,,,,,Canon EOS 5D Mark II,2023:06:22 12:57:40,,
cali_hdr,20230622/fisheye/coda_334_12:56/IMG_6182.JPG,20230622,fisheye,outdoor,,,,,Canon EOS 5D Mark II,2023:06:22 12:57:38,,
cali_hdr,20230622/fisheye/coda_334_08:59/IMG_6148.JPG,20230622,fisheye,outdoor,,,,,Canon EOS 5D Mark II,2023:06:22 09:01:11,,
cali_hdr,20230622/fisheye/coda_334_08:59/IMG_6153.JPG,20230622,fisheye,outdoor,,,,,Canon EOS 5D Mark II,2023:06:22 09:01:15,,
cali_hdr,20230622/fisheye/coda_334_08:59/IMG_6147.JPG,20230622,fisheye,outdoor,,,,,Canon EOS 5D Mark II,2023:06:22 09:01:11,,
cali_hdr,20230622/fisheye/coda_334_08:59/IMG_6150.JPG,20230622,fisheye,outdoor,,,,,Canon EOS 5D Mark II,2023:06:22 09:01:13,,
cali_hdr,20230622/fisheye/coda_334_08:59/IMG_6149.JPG,20230622,fisheye,outdoor,,,,,Canon EOS 5D Mark II,2023:06:22 09:01:12,,
cali_hdr,20230622/fisheye/coda_334_08:59/IMG_6152.JPG,20230622,fisheye,outdoor,,,,,Canon EOS 5D Mark II,2023:06:22 09:01:15,,
cali_hdr,20230622/fisheye/coda_334_08:59/IMG_6146.JPG,20230622,fisheye,outdoor,,,,,Canon EOS 5D Mark II,2023:06:22 09:01:10,,
cali_hdr,20230622/fisheye/coda_334_08:59/IMG_6145.JPG,20230622,fisheye,outdoor,,,,,Canon EOS 5D Mark II,2023:06:22 09:01:10,,
cali_hdr,20230622/fisheye/coda_334_08:59/IMG_6151.JPG,20230622,fisheye,outdoor,,,,,Canon EOS 5D Mark II,2023:06:22 09:01:13,,
cali_hdr,20221006/fisheye/1f_living_17:04/IMG_9737.JPG,20221006,fisheye,outdoor,,,,,Canon EOS 5D Mark II,2022:10:06 17:04:56,,
cali_hdr,20221006/fisheye/1f_living_17:04/IMG_9734.JPG,20221006,fisheye,outdoor,,,,,Canon EOS 5D Mark II,2022:10:06 17:04:55,,
cali_hdr,20221006/fisheye/1f_living_17:04/IMG_9733.JPG,20221006,fisheye,outdoor,,,,,Canon EOS 5D Mark II,2022:10:06 17:04:54,,
cali_hdr,20221006/fisheye/1f_living_17:04/IMG_9735.JPG,20221006,fisheye,outdoor,,,,,Canon EOS 5D Mark II,2022:10:06 17:04:55,,
cali_hdr,20221006/fisheye/1f_living_17:04/IMG_9740.JPG,20221006,fisheye,outdoor,,,,,Canon EOS 5D Mark II,2022:10:06 17:04:59,,
cali_hdr,20221006/fisheye/1f_living_17:04/IMG_9738.JPG,20221006,fisheye,outdoor,,,,,Canon EOS 5D Mark II,2022:10:06 17:04:57,,
cali_hdr,20221006/fisheye/1f_living_17:04/IMG_9739.JPG,20221006,fisheye,outdoor,,,,,Canon EOS 5D Mark II,2022:10:06 17:04:57,,
cali_hdr,20221006/fisheye/1f_living_17:04/IMG_9741.JPG,20221006,fisheye,outdoor,,,,,Canon EOS 5D Mark II,2022:10:06 17:05:00,,
cali_hdr,20221006/fisheye/1f_living_17:04/IMG_9736.JPG,20221006,fisheye,outdoor,,,,,Canon EOS 5D Mark II,2022:10:06 17:04:56,,
cali_hdr,20221006/fisheye/1f_living_13:28/IMG_9537.JPG,20221006,fisheye,outdoor,,,,,Canon EOS 5D Mark II,2022:10:06 13:28:34,,
cali_hdr,20221006/fisheye/1f_living_13:28/IMG_9531.JPG,20221006,fisheye,outdoor,,,,,Canon EOS 5D Mark II,2022:10:06 13:28:30,,
cali_hdr,20221006/fisheye/1f_living_13:28/IMG_9530.JPG,20221006,fisheye,outdoor,,,,,Canon EOS 5D Mark II,2022:10:06 13:28:29,,
cali_hdr,20221006/fisheye/1f_living_13:28/IMG_9532.JPG,20221006,fisheye,outdoor,,,,,Canon EOS 5D Mark II,2022:10:06 13:28:30,,
cali_hdr,20221006/fisheye/1f_living_13:28/IMG_9534.JPG,20221006,fisheye,outdoor,,,,,Canon EOS 5D Mark II,2022:10:06 13:28:31,,
cali_hdr,20221006/fisheye/1f_living_13:28/IMG_9535.JPG,20221006,fisheye,outdoor,,,,,Canon EOS 5D Mark II,2022:10:06 13:28:32,,
cali_hdr,20221006/fisheye/1f_living_13:28/IMG_9538.JPG,20221006,fisheye,outdoor,,,,,Canon EOS 5D Mark II,2022:10:06 13:28:34,,
cali_hdr,20221006/fisheye/1f_living_13:28/IMG_9536.JPG,20221006,fisheye,outdoor,,,,,Canon EOS 5D Mark II,2022:10:06 13:28:32,,
cali_hdr,20221006/fisheye/1f_living_13:28/IMG_9533.JPG,20221006,fisheye,outdoor,,,,,Canon EOS 5D Mark II,2022:10:06 13:28:31,,
cali_hdr,20221006/fisheye/1f_living_14:10/IMG_9592.JPG,20221006,fisheye,outdoor,,,,,Canon EOS 5D Mark II,2022:10:06 14:10:35,,
cali_hdr,20221006/fisheye/1f_living_14:10/IMG_9589.JPG,20221006,fisheye,outdoor,,,,,Canon EOS 5D Mark II,2022:10:06 14:10:32,,
cali_hdr,20221006/fisheye/1f_living_14:10/IMG_9586.JPG,20221006,fisheye,outdoor,,,,,Canon EOS 5D Mark II,2022:10:06 14:10:31,,
cali_hdr,20221006/fisheye/1f_living_14:10/IMG_9587.JPG,20221006,fisheye,outdoor,,,,,Canon EOS 5D Mark II,2022:10:06 14:10:31,,
cali_hdr,20221006/fisheye/1f_living_14:10/IMG_9588.JPG,20221006,fisheye,outdoor,,,,,Canon EOS 5D Mark II,2022:10:06 14:10:32,,
cali_hdr,20221006/fisheye/1f_living_14:10/IMG_9590.JPG,20221006,fisheye,outdoor,,,,,Canon EOS 5D Mark II,2022:10:06 14:10:33,,
cali_hdr,20221006/fisheye/1f_living_14:10/IMG_9591.JPG,20221006,fisheye,outdoor,,,,,Canon EOS 5D Mark II,2022:10:06 14:10:35,,
cali_hdr,20221006/fisheye/1f_living_14:10/IMG_9584.JPG,20221006,fisheye,outdoor,,,,,Canon EOS 5D Mark II,2022:10:06 14:10:30,,
cali_hdr,20221006/fisheye/1f_living_14:10/IMG_9585.JPG,20221006,fisheye,outdoor,,,,,Canon EOS 5D Mark II,2022:10:06 14:10:30,,
cali_hdr,20221006/fisheye/1f_living_16:14/IMG_9670.JPG,20221006,fisheye,outdoor,,,,,Canon EOS 5D Mark II,2022:10:06 16:13:40,,
cali_hdr,20221006/fisheye/1f_living_16:14/IMG_9666.JPG,20221006,fisheye,outdoor,,,,,Canon EOS 5D Mark II,2022:10:06 16:13:38,,
cali_hdr,20221006/fisheye/1f_living_16:14/IMG_9665.JPG,20221006,fisheye,outdoor,,,,,Canon EOS 5D Mark II,2022:10:06 16:13:38,,
cali_hdr,20221006/fisheye/1f_living_16:14/IMG_9671.JPG,20221006,fisheye,outdoor,,,,,Canon EOS 5D Mark II,2022:10:06 16:13:41,,
cali_hdr,20221006/fisheye/1f_living_16:14/IMG_9673.JPG,20221006,fisheye,outdoor,,,,,Canon EOS 5D Mark II,2022:10:06 16:13:43,,
cali_hdr,20221006/fisheye/1f_living_16:14/IMG_9669.JPG,20221006,fisheye,outdoor,,,,,Canon EOS 5D Mark II,2022:10:06 16:13:40,,
cali_hdr,20221006/fisheye/1f_living_16:14/IMG_9672.JPG,20221006,fisheye,outdoor,,,,,Canon EOS 5D Mark II,2022:10:06 16:13:43,,
cali_hdr,20221006/fisheye/1f_living_16:14/IMG_9668.JPG,20221006,fisheye,outdoor,,,,,Canon EOS 5D Mark II,2022:10:06 16:13:39,,
cali_hdr,20221006/fisheye/1f_living_16:14/IMG_9667.JPG,20221006,fisheye,outdoor,,,,,Canon EOS 5D Mark II,2022:10:06 16:13:39,,
cali_hdr,20221006/fisheye/2f_living_16:30/IMG_9691.JPG,20221006,fisheye,outdoor,,,,,Canon EOS 5D Mark II,2022:10:06 16:30:31,,
cali_hdr,20221006/fisheye/2f_living_16:30/IMG_9689.JPG,20221006,fisheye,outdoor,,,,,Canon EOS 5D Mark II,2022:10:06 16:30:30,,
cali_hdr,20221006/fisheye/2f_living_16:30/IMG_9692.JPG,20221006,fisheye,outdoor,,,,,Canon EOS 5D Mark II,2022:10:06 16:30:31,,
cali_hdr,20221006/fisheye/2f_living_16:30/IMG_9688.JPG,20221006,fisheye,outdoor,,,,,Canon EOS 5D Mark II,2022:10:06 16:30:30,,
cali_hdr,20221006/fisheye/2f_living_16:30/IMG_9693.JPG,20221006,fisheye,outdoor,,,,,Canon EOS 5D Mark II,2022:10:06 16:30:32,,
cali_hdr,20221006/fisheye/2f_living_16:30/IMG_9696.JPG,20221006,fisheye,outdoor,,,,,Canon EOS 5D Mark II,2022:10:06 16:30:35,,
cali_hdr,20221006/fisheye/2f_living_16:30/IMG_9695.JPG,20221006,fisheye,outdoor,,,,,Canon EOS 5D Mark II,2022:10:06 16:30:34,,
cali_hdr,20221006/fisheye/2f_living_16:30/IMG_9690.JPG,20221006,fisheye,outdoor,,,,,Canon EOS 5D Mark II,2022:10:06 16:30:30,,
cali_hdr,20221006/fisheye/2f_living_16:30/IMG_9694.JPG,20221006,fisheye,outdoor,,,,,Canon EOS 5D Mark II,2022:10:06 16:30:33,,
cali_hdr,20221006/fisheye/2f_living_14:26/IMG_9616.JPG,20221006,fisheye,outdoor,,,,,Canon EOS 5D Mark II,2022:10:06 14:26:39,,
cali_hdr,20221006/fisheye/2f_living_14:26/IMG_9619.JPG,20221006,fisheye,outdoor,,,,,Canon EOS 5D Mark II,2022:10:06 14:26:42,,
cali_hdr,20221006/fisheye/2f_living_14:26/IMG_9613.JPG,20221006,fisheye,outdoor,,,,,Canon EOS 5D Mark II,2022:10:06 14:26:37,,
cali_hdr,20221006/fisheye/2f_living_14:26/IMG_9611.JPG,20221006,fisheye,outdoor,,,,,Canon EOS 5D Mark II,2022:10:06 14:26:36,,
cali_hdr,20221006/fisheye/2f_living_14:26/IMG_9617.JPG,20221006,fisheye,outdoor,,,,,Canon EOS 5D Mark II,2022:10:06 14:26:40,,
cali_hdr,20221006/fisheye/2f_living_14:26/IMG_9618.JPG,20221006,fisheye,outdoor,,,,,Canon EOS 5D Mark II,2022:10:06 14:26:41,,
cali_hdr,20221006/fisheye/2f_living_14:26/IMG_9612.JPG,20221006,fisheye,outdoor,,,,,Canon EOS 5D Mark II,2022:10:06 14:26:37,,
cali_hdr,20221006/fisheye/2f_living_14:26/IMG_9614.JPG,20221006,fisheye,outdoor,,,,,Canon EOS 5D Mark II,2022:10:06 14:26:38,,
cali_hdr,20221006/fisheye/2f_living_14:26/IMG_9615.JPG,20221006,fisheye,outdoor,,,,,Canon EOS 5D Mark II,2022:10:06 14:26:38,,
cali_hdr,20221006/fisheye/2f_living_13:53/IMG_9557.JPG,20221006,fisheye,outdoor,,,,,Canon EOS 5D Mark II,2022:10:06 13:54:06,,
cali_hdr,20221006/fisheye/2f_living_13:53/IMG_9562.JPG,20221006,fisheye,outdoor,,,,,Canon EOS 5D Mark II,2022:10:06 13:54:08,,
cali_hdr,20221006/fisheye/2f_living_13:53/IMG_9565.JPG,20221006,fisheye,outdoor,,,,,Canon EOS 5D Mark II,2022:10:06 13:54:11,,
cali_hdr,20221006/fisheye/2f_living_13:53/IMG_9559.JPG,20221006,fisheye,outdoor,,,,,Canon EOS 5D Mark II,2022:10:06 13:54:07,,
cali_hdr,20221006/fisheye/2f_living_13:53/IMG_9563.JPG,20221006,fisheye,outdoor,,,,,Canon EOS 5D Mark II,2022:10:06 13:54:09,,
cali_hdr,20221006/fisheye/2f_living_13:53/IMG_9560.JPG,20221006,fisheye,outdoor,,,,,Canon EOS 5D Mark II,2022:10:06 13:54:07,,
cali_hdr,20221006/fisheye/2f_living_13:53/IMG_9564.JPG,20221006,fisheye,outdoor,,,,,Canon EOS 5D Mark II,2022:10:06 13:54:11,,
cali_hdr,20221006/fisheye/2f_living_13:53/IMG_9561.JPG,20221006,fisheye,outdoor,,,,,Canon EOS 5D Mark II,2022:10:06 13:54:08,,
cali_hdr,20221006/fisheye/2f_living_13:53/IMG_9558.JPG,20221006,fisheye,outdoor,,,,,Canon EOS 5D Mark II,2022:10:06 13:54:06,,
cali_hdr,20221006/theta/2f_king_bed_16:19/R0010324.JPG,20221006,theta,indoor,40.363836,-80.187308,379.5,,RICOH THETA Z1,2022:10:06 16:18:54,2022-10-06T20:18:10Z,
cali_hdr,20221006/theta/2f_king_bed_16:19/R0010319.JPG,20221006,theta,indoor,40.363836,-80.187308,379.5,,RICOH THETA Z1,2022:10:06 16:18:20,2022-10-06T20:18:10Z,
cali_hdr,20221006/theta/2f_king_bed_16:19/R0010320.JPG,20221006,theta,indoor,40.363836,-80.187308,379.5,,RICOH THETA Z1,2022:10:06 16:18:28,2022-10-06T20:18:10Z,
cali_hdr,20221006/theta/2f_king_bed_16:19/R0010327.JPG,20221006,theta,indoor,40.363836,-80.187308,379.5,,RICOH THETA Z1,2022:10:06 16:19:12,2022-10-06T20:18:10Z,
cali_hdr,20221006/theta/2f_king_bed_16:19/R0010325.JPG,20221006,theta,indoor,40.363836,-80.187308,379.5,,RICOH THETA Z1,2022:10:06 16:19:00,2022-10-06T20:18:10Z,
cali_hdr,20221006/theta/2f_king_bed_16:19/R0010323.JPG,20221006,theta,indoor,40.363836,-80.187308,379.5,,RICOH THETA Z1,2022:10:06 16:18:48,2022-10-06T20:18:10Z,
cali_hdr,20221006/theta/2f_king_bed_16:19/R0010322.JPG,20221006,theta,indoor,40.363836,-80.187308,379.5,,RICOH THETA Z1,2022:10:06 16:18:41,2022-10-06T20:18:10Z,
cali_hdr,20221006/theta/2f_king_bed_16:19/R0010321.JPG,20221006,theta,indoor,40.363836,-80.187308,379.5,,RICOH THETA Z1,2022:10:06 16:18:35,2022-10-06T20:18:10Z,
cali_hdr,20221006/theta/2f_king_bed_16:19/R0010326.JPG,20221006,theta,indoor,40.363836,-80.187308,379.5,,RICOH THETA Z1,2022:10:06 16:19:07,2022-10-06T20:18:10Z,
cali_hdr,20221006/theta/2f_king_bed_13:40/R0010167.JPG,20221006,theta,indoor,40.363578,-80.187469,377.4,,RICOH THETA Z1,2022:10:06 13:40:15,2022-10-06T17:39:31Z,
cali_hdr,20221006/theta/2f_king_bed_13:40/R0010165.JPG,20221006,theta,indoor,40.363578,-80.187469,377.4,,RICOH THETA Z1,2022:10:06 13:40:03,2022-10-06T17:39:31Z,
cali_hdr,20221006/theta/2f_king_bed_13:40/R0010169.JPG,20221006,theta,indoor,40.363578,-80.187469,377.4,,RICOH THETA Z1,2022:10:06 13:40:28,2022-10-06T17:39:31Z,
cali_hdr,20221006/theta/2f_king_bed_13:40/R0010166.JPG,20221006,theta,indoor,40.363578,-80.187469,377.4,,RICOH THETA Z1,2022:10:06 13:40:09,2022-10-06T17:39:31Z,
cali_hdr,20221006/theta/2f_king_bed_13:40/R0010163.JPG,20221006,theta,indoor,40.363578,-80.187469,377.4,,RICOH THETA Z1,2022:10:06 13:39:50,2022-10-06T17:39:31Z,
cali_hdr,20221006/theta/2f_king_bed_13:40/R0010164.JPG,20221006,theta,indoor,40.363578,-80.187469,377.4,,RICOH THETA Z1,2022:10:06 13:39:56,2022-10-06T17:39:31Z,
cali_hdr,20221006/theta/2f_king_bed_13:40/R0010170.JPG,20221006,theta,indoor,40.363578,-80.187469,377.4,,RICOH THETA Z1,2022:10:06 13:40:34,2022-10-06T17:39:31Z,
cali_hdr,20221006/theta/2f_king_bed_13:40/R0010168.JPG,20221006,theta,indoor,40.363578,-80.187469,377.4,,RICOH THETA Z1,2022:10:06 13:40:22,2022-10-06T17:39:31Z,
cali_hdr,20221006/theta/2f_king_bed_13:40/R0010162.JPG,20221006,theta,indoor,40.363578,-80.187469,377.4,,RICOH THETA Z1,2022:10:06 13:39:42,2022-10-06T17:39:31Z,
cali_hdr,20221006/theta/2f_king_bed_14:19/R0010219.JPG,20221006,theta,indoor,40.363544,-80.187292,375.7,,RICOH THETA Z1,2022:10:06 14:17:55,2022-10-06T18:17:36Z,
cali_hdr,20221006/theta/2f_king_bed_14:19/R0010218.JPG,20221006,theta,indoor,40.363544,-80.187292,375.7,,RICOH THETA Z1,2022:10:06 14:17:47,2022-10-06T18:17:36Z,
cali_hdr,20221006/theta/2f_king_bed_14:19/R0010223.JPG,20221006,theta,indoor,40.363544,-80.187292,375.7,,RICOH THETA Z1,2022:10:06 14:18:21,2022-10-06T18:17:36Z,
cali_hdr,20221006/theta/2f_king_bed_14:19/R0010225.JPG,20221006,theta,indoor,40.363544,-80.187292,375.7,,RICOH THETA Z1,2022:10:06 14:18:34,2022-10-06T18:17:36Z,
cali_hdr,20221006/theta/2f_king_bed_14:19/R0010222.JPG,20221006,theta,indoor,40.363544,-80.187292,375.7,,RICOH THETA Z1,2022:10:06 14:18:15,2022-10-06T18:17:36Z,
cali_hdr,20221006/theta/2f_king_bed_14:19/R0010221.JPG,20221006,theta,indoor,40.363544,-80.187292,375.7,,RICOH THETA Z1,2022:10:06 14:18:08,2022-10-06T18:17:36Z,
cali_hdr,20221006/theta/2f_king_bed_14:19/R0010224.JPG,20221006,theta,indoor,40.363544,-80.187292,375.7,,RICOH THETA Z1,2022:10:06 14:18:27,2022-10-06T18:17:36Z,
cali_hdr,20221006/theta/2f_king_bed_14:19/R0010226.JPG,20221006,theta,indoor,40.363544,-80.187292,375.7,,RICOH THETA Z1,2022:10:06 14:18:40,2022-10-06T18:17:36Z,
cali_hdr,20221006/theta/2f_king_bed_14:19/R0010220.JPG,20221006,theta,indoor,40.363544,-80.187292,375.7,,RICOH THETA Z1,2022:10:06 14:18:02,2022-10-06T18:17:36Z,
cali_hdr,20230610/fisheye/colonnade_13:58/IMG_6051.JPG,20230610,fisheye,outdoor,,,,,Canon EOS 5D Mark II,2023:06:10 14:01:15,,
cali_hdr,20230610/fisheye/colonnade_13:58/IMG_6050.JPG,20230610,fisheye,outdoor,,,,,Canon EOS 5D Mark II,2023:06:10 14:01:15,,
cali_hdr,20230610/fisheye/colonnade_13:58/IMG_6048.JPG,20230610,fisheye,outdoor,,,,,Canon EOS 5D Mark II,2023:06:10 14:01:14,,
cali_hdr,20230610/fisheye/colonnade_13:58/IMG_6053.JPG,20230610,fisheye,outdoor,,,,,Canon EOS 5D Mark II,2023:06:10 14:01:18,,
cali_hdr,20230610/fisheye/colonnade_13:58/IMG_6054.JPG,20230610,fisheye,outdoor,,,,,Canon EOS 5D Mark II,2023:06:10 14:01:18,,
cali_hdr,20230610/fisheye/colonnade_13:58/IMG_6049.JPG,20230610,fisheye,outdoor,,,,,Canon EOS 5D Mark II,2023:06:10 14:01:14,,
cali_hdr,20230610/fisheye/colonnade_13:58/IMG_6047.JPG,20230610,fisheye,outdoor,,,,,Canon EOS 5D Mark II,2023:06:10 14:01:13,,
cali_hdr,20230610/fisheye/colonnade_13:58/IMG_6046.JPG,20230610,fisheye,outdoor,,,,,Canon EOS 5D Mark II,2023:06:10 14:01:13,,
cali_hdr,20230610/fisheye/colonnade_13:58/IMG_6052.JPG,20230610,fisheye,outdoor,,,,,Canon EOS 5D Mark II,2023:06:10 14:01:16,,
cali_hdr,20230610/fisheye/colonnade_13:48/IMG_6044.JPG,20230610,fisheye,outdoor,,,,,Canon EOS 5D Mark II,2023:06:10 13:50:27,,
cali_hdr,20230610/fisheye/colonnade_13:48/IMG_6040.JPG,20230610,fisheye,outdoor,,,,,Canon EOS 5D Mark II,2023:06:10 13:50:24,,
cali_hdr,20230610/fisheye/colonnade_13:48/IMG_6042.JPG,20230610,fisheye,outdoor,,,,,Canon EOS 5D Mark II,2023:06:10 13:50:25,,
cali_hdr,20230610/fisheye/colonnade_13:48/IMG_6043.JPG,20230610,fisheye,outdoor,,,,,Canon EOS 5D Mark II,2023:06:10 13:50:26,,
cali_hdr,20230610/fisheye/colonnade_13:48/IMG_6041.JPG,20230610,fisheye,outdoor,,,,,Canon EOS 5D Mark II,2023:06:10 13:50:25,,
cali_hdr,20230610/fisheye/colonnade_13:48/IMG_6045.JPG,20230610,fisheye,outdoor,,,,,Canon EOS 5D Mark II,2023:06:10 13:50:28,,
cali_hdr,20230610/fisheye/colonnade_13:48/IMG_6038.JPG,20230610,fisheye,outdoor,,,,,Canon EOS 5D Mark II,2023:06:10 13:50:23,,
cali_hdr,20230610/fisheye/colonnade_13:48/IMG_6037.JPG,20230610,fisheye,outdoor,,,,,Canon EOS 5D Mark II,2023:06:10 13:50:23,,
cali_hdr,20230610/fisheye/colonnade_13:48/IMG_6039.JPG,20230610,fisheye,outdoor,,,,,Canon EOS 5D Mark II,2023:06:10 13:50:24,,
cali_hdr,20230610/fisheye/colonnade_14:11/IMG_6063.JPG,20230610,fisheye,outdoor,,,,,Canon EOS 5D Mark II,2023:06:10 14:14:32,,
cali_hdr,20230610/fisheye/colonnade_14:11/IMG_6057.JPG,20230610,fisheye,outdoor,,,,,Canon EOS 5D Mark II,2023:06:10 14:14:27,,
cali_hdr,20230610/fisheye/colonnade_14:11/IMG_6059.JPG,20230610,fisheye,outdoor,,,,,Canon EOS 5D Mark II,2023:06:10 14:14:28,,
cali_hdr,20230610/fisheye/colonnade_14:11/IMG_6058.JPG,20230610,fisheye,outdoor,,,,,Canon EOS 5D Mark II,2023:06:10 14:14:28,,
cali_hdr,20230610/fisheye/colonnade_14:11/IMG_6055.JPG,20230610,fisheye,outdoor,,,,,Canon EOS 5D Mark II,2023:06:10 14:14:26,,
cali_hdr,20230610/fisheye/colonnade_14:11/IMG_6062.JPG,20230610,fisheye,outdoor,,,,,Canon EOS 5D Mark II,2023:06:10 14:14:31,,
cali_hdr,20230610/fisheye/colonnade_14:11/IMG_6056.JPG,20230610,fisheye,outdoor,,,,,Canon EOS 5D Mark II,2023:06:10 14:14:27,,
cali_hdr,20230610/fisheye/colonnade_14:11/IMG_6060.JPG,20230610,fisheye,outdoor,,,,,Canon EOS 5D Mark II,2023:06:10 14:14:29,,
cali_hdr,20230610/fisheye/colonnade_14:11/IMG_6061.JPG,20230610,fisheye,outdoor,,,,,Canon EOS 5D Mark II,2023:06:10 14:14:29,,
cali_hdr,20221014/fisheye/1f_living_13:21/IMG_9895.JPG,20221014,fisheye,outdoor,,,,,Canon EOS 5D Mark II,2022:10:14 13:20:53,,
cali_hdr,20221014/fisheye/1f_living_13:21/IMG_9893.JPG,20221014,fisheye,outdoor,,,,,Canon EOS 5D Mark II,2022:10:14 13:20:51,,
cali_hdr,20221014/fisheye/1f_living_13:21/IMG_9894.JPG,20221014,fisheye,outdoor,,,,,Canon EOS 5D Mark II,2022:10:14 13:20:53,,
cali_hdr,20221014/fisheye/1f_living_13:21/IMG_9891.JPG,20221014,fisheye,outdoor,,,,,Canon EOS 5D Mark II,2022:10:14 13:20:50,,
cali_hdr,20221014/fisheye/1f_living_13:21/IMG_9888.JPG,20221014,fisheye,outdoor,,,,,Canon EOS 5D Mark II,2022:10:14 13:20:48,,
cali_hdr,20221014/fisheye/1f_living_13:21/IMG_9892.JPG,20221014,fisheye,outdoor,,,,,Canon EOS 5D Mark II,2022:10:14 13:20:51,,
cali_hdr,20221014/fisheye/1f_living_13:21/IMG_9889.JPG,20221014,fisheye,outdoor,,,,,Canon EOS 5D Mark II,2022:10:14 13:20:49,,
cali_hdr,20221014/fisheye/1f_living_13:21/IMG_9890.JPG,20221014,fisheye,outdoor,,,,,Canon EOS 5D Mark II,2022:10:14 13:20:49,,
cali_hdr,20221014/fisheye/1f_living_13:21/IMG_9887.JPG,20221014,fisheye,outdoor,,,,,Canon EOS 5D Mark II,2022:10:14 13:20:48,,
cali_hdr,20221014/fisheye/1f_living_16:34/IMG_0209.JPG,20221014,fisheye,outdoor,,,,,Canon EOS 5D Mark II,2022:10:14 16:34:41,,
cali_hdr,20221014/fisheye/1f_living_16:34/IMG_0213.JPG,20221014,fisheye,outdoor,,,,,Canon EOS 5D Mark II,2022:10:14 16:34:43,,
cali_hdr,20221014/fisheye/1f_living_16:34/IMG_0214.JPG,20221014,fisheye,outdoor,,,,,Canon EOS 5D Mark II,2022:10:14 16:34:45,,
cali_hdr,20221014/fisheye/1f_living_16:34/IMG_0210.JPG,20221014,fisheye,outdoor,,,,,Canon EOS 5D Mark II,2022:10:14 16:34:41,,
cali_hdr,20221014/fisheye/1f_living_16:34/IMG_0215.JPG,20221014,fisheye,outdoor,,,,,Canon EOS 5D Mark II,2022:10:14 16:34:45,,
cali_hdr,20221014/fisheye/1f_living_16:34/IMG_0208.JPG,20221014,fisheye,outdoor,,,,,Canon EOS 5D Mark II,2022:10:14 16:34:40,,
cali_hdr,20221014/fisheye/1f_living_16:34/IMG_0207.JPG,20221014,fisheye,outdoor,,,,,Canon EOS 5D Mark II,2022:10:14 16:34:40,,
cali_hdr,20221014/fisheye/1f_living_16:34/IMG_0212.JPG,20221014,fisheye,outdoor,,,,,Canon EOS 5D Mark II,2022:10:14 16:34:43,,
cali_hdr,20221014/fisheye/1f_living_16:34/IMG_0211.JPG,20221014,fisheye,outdoor,,,,,Canon EOS 5D Mark II,2022:10:14 16:34:42,,
cali_hdr,20221014/fisheye/1f_living_15:28/IMG_0103.JPG,20221014,fisheye,outdoor,,,,,Canon EOS 5D Mark II,2022:10:14 15:23:34,,
cali_hdr,20221014/fisheye/1f_living_15:28/IMG_0102.JPG,20221014,fisheye,outdoor,,,,,Canon EOS 5D Mark II,2022:10:14 15:23:34,,
cali_hdr,20221014/fisheye/1f_living_15:28/IMG_0100.JPG,20221014,fisheye,outdoor,,,,,Canon EOS 5D Mark II,2022:10:14 15:23:32,,
cali_hdr,20221014/fisheye/1f_living_15:28/IMG_0096.JPG,20221014,fisheye,outdoor,,,,,Canon EOS 5D Mark II,2022:10:14 15:23:30,,
cali_hdr,20221014/fisheye/1f_living_15:28/IMG_0097.JPG,20221014,fisheye,outdoor,,,,,Canon EOS 5D Mark II,2022:10:14 15:23:30,,
cali_hdr,20221014/fisheye/1f_living_15:28/IMG_0099.JPG,20221014,fisheye,outdoor,,,,,Canon EOS 5D Mark II,2022:10:14 15:23:31,,
cali_hdr,20221014/fisheye/1f_living_15:28/IMG_0095.JPG,20221014,fisheye,outdoor,,,,,Canon EOS 5D Mark II,2022:10:14 15:23:29,,
cali_hdr,20221014/fisheye/1f_living_15:28/IMG_0101.JPG,20221014,fisheye,outdoor,,,,,Canon EOS 5D Mark II,2022:10:14 15:23:32,,
cali_hdr,20221014/fisheye/1f_living_15:28/IMG_0098.JPG,20221014,fisheye,outdoor,,,,,Canon EOS 5D Mark II,2022:10:14 15:23:31,,
cali_hdr,20221014/fisheye/1f_living_14:06/IMG_9987.JPG,20221014,fisheye,outdoor,,,,,Canon EOS 5D Mark II,2022:10:14 14:06:20,,
cali_hdr,20221014/fisheye/1f_living_14:06/IMG_9993.JPG,20221014,fisheye,outdoor,,,,,Canon EOS 5D Mark II,2022:10:14 14:06:24,,
cali_hdr,20221014/fisheye/1f_living_14:06/IMG_9986.JPG,20221014,fisheye,outdoor,,,,,Canon EOS 5D Mark II,2022:10:14 14:06:20,,
cali_hdr,20221014/fisheye/1f_living_14:06/IMG_9991.JPG,20221014,fisheye,outdoor,,,,,Canon EOS 5D Mark II,2022:10:14 14:06:22,,
cali_hdr,20221014/fisheye/1f_living_14:06/IMG_9992.JPG,20221014,fisheye,outdoor,,,,,Canon EOS 5D Mark II,2022:10:14 14:06:23,,
cali_hdr,20221014/fisheye/1f_living_14:06/IMG_9989.JPG,20221014,fisheye,outdoor,,,,,Canon EOS 5D Mark II,2022:10:14 14:06:21,,
cali_hdr,20221014/fisheye/1f_living_14:06/IMG_9994.JPG,20221014,fisheye,outdoor,,,,,Canon EOS 5D Mark II,2022:10:14 14:06:25,,
cali_hdr,20221014/fisheye/1f_living_14:06/IMG_9988.JPG,20221014,fisheye,outdoor,,,,,Canon EOS 5D Mark II,2022:10:14 14:06:21,,
cali_hdr,20221014/fisheye/1f_living_14:06/IMG_9990.JPG,20221014,fisheye,outdoor,,,,,Canon EOS 5D Mark II,2022:10:14 14:06:21,,
cali_hdr,20221014/theta/1f_kitchen _14:12/R0010480.JPG,20221014,theta,indoor,40.368217,-80.178306,326.9,,RICOH THETA Z1,2022:10:14 14:11:08,2022-10-14T18:05:27Z,
cali_hdr,20221014/theta/1f_kitchen _14:12/R0010477.JPG,20221014,theta,indoor,40.368217,-80.178306,326.9,,RICOH THETA Z1,2022:10:14 14:10:49,2022-10-14T18:05:27Z,
cali_hdr,20221014/theta/1f_kitchen _14:12/R0010482.JPG,20221014,theta,indoor,40.368217,-80.178306,326.9,,RICOH THETA Z1,2022:10:14 14:11:20,2022-10-14T18:05:27Z,
cali_hdr,20221014/theta/1f_kitchen _14:12/R0010481.JPG,20221014,theta,indoor,40.368217,-80.178306,326.9,,RICOH THETA Z1,2022:10:14 14:11:14,2022-10-14T18:05:27Z,
cali_hdr,20221014/theta/1f_kitchen _14:12/R0010479.JPG,20221014,theta,indoor,40.368217,-80.178306,326.9,,RICOH THETA Z1,2022:10:14 14:11:02,2022-10-14T18:05:27Z,
cali_hdr,20221014/theta/1f_kitchen _14:12/R0010478.JPG,20221014,theta,indoor,40.368217,-80.178306,326.9,,RICOH THETA Z1,2022:10:14 14:10:55,2022-10-14T18:05:27Z,
cali_hdr,20221014/theta/1f_kitchen _14:12/R0010484.JPG,20221014,theta,indoor,40.368217,-80.178306,326.9,,RICOH THETA Z1,2022:10:14 14:11:32,2022-10-14T18:05:27Z,
cali_hdr,20221014/theta/1f_kitchen _14:12/R0010483.JPG,20221014,theta,indoor,40.368217,-80.178306,326.9,,RICOH THETA Z1,2022:10:14 14:11:26,2022-10-14T18:05:27Z,
cali_hdr,20221014/theta/1f_kitchen _14:12/R0010476.JPG,20221014,theta,indoor,40.368217,-80.178306,326.9,,RICOH THETA Z1,2022:10:14 14:10:41,2022-10-14T18:05:27Z,
cali_hdr,20221014/theta/1f_kitchen _15:35/R0010521.JPG,20221014,theta,indoor,40.368253,-80.178247,326.9,,RICOH THETA Z1,2022:10:14 15:34:52,2022-10-14T19:23:09Z,
cali_hdr,20221014/theta/1f_kitchen _15:35/R0010522.JPG,20221014,theta,indoor,40.368253,-80.178247,326.9,,RICOH THETA Z1,2022:10:14 15:34:59,2022-10-14T19:23:09Z,
cali_hdr,20221014/theta/1f_kitchen _15:35/R0010526.JPG,20221014,theta,indoor,40.368253,-80.178247,326.9,,RICOH THETA Z1,2022:10:14 15:35:25,2022-10-14T19:23:09Z,
cali_hdr,20221014/theta/1f_kitchen _15:35/R0010523.JPG,20221014,theta,indoor,40.368253,-80.178247,326.9,,RICOH THETA Z1,2022:10:14 15:35:06,2022-10-14T19:23:09Z,
cali_hdr,20221014/theta/1f_kitchen _15:35/R0010528.JPG,20221014,theta,indoor,40.368253,-80.178247,326.9,,RICOH THETA Z1,2022:10:14 15:35:37,2022-10-14T19:23:09Z,
cali_hdr,20221014/theta/1f_kitchen _15:35/R0010525.JPG,20221014,theta,indoor,40.368253,-80.178247,326.9,,RICOH THETA Z1,2022:10:14 15:35:18,2022-10-14T19:23:09Z,
cali_hdr,20221014/theta/1f_kitchen _15:35/R0010529.JPG,20221014,theta,indoor,40.368253,-80.178247,326.9,,RICOH THETA Z1,2022:10:14 15:35:43,2022-10-14T19:23:09Z,
cali_hdr,20221014/theta/1f_kitchen _15:35/R0010524.JPG,20221014,theta,indoor,40.368253,-80.178247,326.9,,RICOH THETA Z1,2022:10:14 15:35:12,2022-10-14T19:23:09Z,
cali_hdr,20221014/theta/1f_kitchen _15:35/R0010527.JPG,20221014,theta,indoor,40.368253,-80.178247,326.9,,RICOH THETA Z1,2022:10:14 15:35:31,2022-10-14T19:23:09Z,
cali_hdr,20221014/theta/2f_king_bed_13:48/R0010449.JPG,20221014,theta,indoor,40.368247,-80.178292,327.1,,RICOH THETA Z1,2022:10:14 13:47:30,2022-10-14T17:45:40Z,
cali_hdr,20221014/theta/2f_king_bed_13:48/R0010450.JPG,20221014,theta,indoor,40.368247,-80.178292,327.1,,RICOH THETA Z1,2022:10:14 13:47:37,2022-10-14T17:45:40Z,
cali_hdr,20221014/theta/2f_king_bed_13:48/R0010457.JPG,20221014,theta,indoor,40.368247,-80.178292,327.1,,RICOH THETA Z1,2022:10:14 13:48:21,2022-10-14T17:45:40Z,
cali_hdr,20221014/theta/2f_king_bed_13:48/R0010452.JPG,20221014,theta,indoor,40.368247,-80.178292,327.1,,RICOH THETA Z1,2022:10:14 13:47:51,2022-10-14T17:45:40Z,
cali_hdr,20221014/theta/2f_king_bed_13:48/R0010455.JPG,20221014,theta,indoor,40.368247,-80.178292,327.1,,RICOH THETA Z1,2022:10:14 13:48:09,2022-10-14T17:45:40Z,
cali_hdr,20221014/theta/2f_king_bed_13:48/R0010454.JPG,20221014,theta,indoor,40.368247,-80.178292,327.1,,RICOH THETA Z1,2022:10:14 13:48:03,2022-10-14T17:45:40Z,
cali_hdr,20221014/theta/2f_king_bed_13:48/R0010451.JPG,20221014,theta,indoor,40.368247,-80.178292,327.1,,RICOH THETA Z1,2022:10:14 13:47:44,2022-10-14T17:45:40Z,
cali_hdr,20221014/theta/2f_king_bed_13:48/R0010453.JPG,20221014,theta,indoor,40.368247,-80.178292,327.1,,RICOH THETA Z1,2022:10:14 13:47:57,2022-10-14T17:45:40Z,
cali_hdr,20221014/theta/2f_king_bed_13:48/R0010456.JPG,20221014,theta,indoor,40.368247,-80.178292,327.1,,RICOH THETA Z1,2022:10:14 13:48:15,2022-10-14T17:45:40Z,
cali_hdr,20221014/theta/1f_kitchen _16:39/R0010566.JPG,20221014,theta,indoor,40.368244,-80.178233,332.4,,RICOH THETA Z1,2022:10:14 16:38:44,2022-10-14T20:33:25Z,
cali_hdr,20221014/theta/1f_kitchen _16:39/R0010567.JPG,20221014,theta,indoor,40.368244,-80.178233,332.4,,RICOH THETA Z1,2022:10:14 16:38:51,2022-10-14T20:33:25Z,
cali_hdr,20221014/theta/1f_kitchen _16:39/R0010573.JPG,20221014,theta,indoor,40.368244,-80.178233,332.4,,RICOH THETA Z1,2022:10:14 16:39:30,2022-10-14T20:33:25Z,
cali_hdr,20221014/theta/1f_kitchen _16:39/R0010574.JPG,20221014,theta,indoor,40.368244,-80.178233,332.4,,RICOH THETA Z1,2022:10:14 16:39:36,2022-10-14T20:33:25Z,
cali_hdr,20221014/theta/1f_kitchen _16:39/R0010572.JPG,20221014,theta,indoor,40.368244,-80.178233,332.4,,RICOH THETA Z1,2022:10:14 16:39:24,2022-10-14T20:33:25Z,
cali_hdr,20221014/theta/1f_kitchen _16:39/R0010568.JPG,20221014,theta,indoor,40.368244,-80.178233,332.4,,RICOH THETA Z1,2022:10:14 16:38:58,2022-10-14T20:33:25Z,
cali_hdr,20221014/theta/1f_kitchen _16:39/R0010569.JPG,20221014,theta,indoor,40.368244,-80.178233,332.4,,RICOH THETA Z1,2022:10:14 16:39:05,2022-10-14T20:33:25Z,
cali_hdr,20221014/theta/1f_kitchen _16:39/R0010570.JPG,20221014,theta,indoor,40.368244,-80.178233,332.4,,RICOH THETA Z1,2022:10:14 16:39:11,2022-10-14T20:33:25Z,
cali_hdr,20221014/theta/1f_kitchen _16:39/R0010571.JPG,20221014,theta,indoor,40.368244,-80.178233,332.4,,RICOH THETA Z1,2022:10:14 16:39:17,2022-10-14T20:33:25Z,
cali_hdr,20221014/theta/1f_kitchen _13:26/R0010435.JPG,20221014,theta,indoor,40.368233,-80.178308,326.3,,RICOH THETA Z1,2022:10:14 13:26:21,2022-10-14T17:18:24Z,
cali_hdr,20221014/theta/1f_kitchen _13:26/R0010437.JPG,20221014,theta,indoor,40.368233,-80.178308,326.3,,RICOH THETA Z1,2022:10:14 13:26:33,2022-10-14T17:18:24Z,
cali_hdr,20221014/theta/1f_kitchen _13:26/R0010436.JPG,20221014,theta,indoor,40.368233,-80.178308,326.3,,RICOH THETA Z1,2022:10:14 13:26:27,2022-10-14T17:18:24Z,
cali_hdr,20221014/theta/1f_kitchen _13:26/R0010433.JPG,20221014,theta,indoor,40.368233,-80.178308,326.3,,RICOH THETA Z1,2022:10:14 13:26:08,2022-10-14T17:18:24Z,
cali_hdr,20221014/theta/1f_kitchen _13:26/R0010431.JPG,20221014,theta,indoor,40.368233,-80.178308,326.3,,RICOH THETA Z1,2022:10:14 13:25:54,2022-10-14T17:18:24Z,
cali_hdr,20221014/theta/1f_kitchen _13:26/R0010439.JPG,20221014,theta,indoor,40.368233,-80.178308,326.3,,RICOH THETA Z1,2022:10:14 13:26:45,2022-10-14T17:18:24Z,
cali_hdr,20221014/theta/1f_kitchen _13:26/R0010438.JPG,20221014,theta,indoor,40.368233,-80.178308,326.3,,RICOH THETA Z1,2022:10:14 13:26:39,2022-10-14T17:18:24Z,
cali_hdr,20221014/theta/1f_kitchen _13:26/R0010434.JPG,20221014,theta,indoor,40.368233,-80.178308,326.3,,RICOH THETA Z1,2022:10:14 13:26:14,2022-10-14T17:18:24Z,
cali_hdr,20221014/theta/1f_kitchen _13:26/R0010432.JPG,20221014,theta,indoor,40.368233,-80.178308,326.3,,RICOH THETA Z1,2022:10:14 13:26:01,2022-10-14T17:18:24Z,
cali_hdr,20221014/theta/2f_king_bed_16:53/R0010589.JPG,20221014,theta,indoor,40.368175,-80.178358,326.9,,RICOH THETA Z1,2022:10:14 16:54:17,2022-10-14T20:48:35Z,
cali_hdr,20221014/theta/2f_king_bed_16:53/R0010591.JPG,20221014,theta,indoor,40.368175,-80.178358,326.9,,RICOH THETA Z1,2022:10:14 16:54:29,2022-10-14T20:48:35Z,
cali_hdr,20221014/theta/2f_king_bed_16:53/R0010588.JPG,20221014,theta,indoor,40.368175,-80.178358,326.9,,RICOH THETA Z1,2022:10:14 16:54:10,2022-10-14T20:48:35Z,
cali_hdr,20221014/theta/2f_king_bed_16:53/R0010585.JPG,20221014,theta,indoor,40.368175,-80.178358,326.9,,RICOH THETA Z1,2022:10:14 16:53:51,2022-10-14T20:48:35Z,
cali_hdr,20221014/theta/2f_king_bed_16:53/R0010592.JPG,20221014,theta,indoor,40.368175,-80.178358,326.9,,RICOH THETA Z1,2022:10:14 16:54:35,2022-10-14T20:48:35Z,
cali_hdr,20221014/theta/2f_king_bed_16:53/R0010587.JPG,20221014,theta,indoor,40.368175,-80.178358,326.9,,RICOH THETA Z1,2022:10:14 16:54:04,2022-10-14T20:48:35Z,
cali_hdr,20221014/theta/2f_king_bed_16:53/R0010590.JPG,20221014,theta,indoor,40.368175,-80.178358,326.9,,RICOH THETA Z1,2022:10:14 16:54:23,2022-10-14T20:48:35Z,
cali_hdr,20221014/theta/2f_king_bed_16:53/R0010584.JPG,20221014,theta,indoor,40.368175,-80.178358,326.9,,RICOH THETA Z1,2022:10:14 16:53:45,2022-10-14T20:48:35Z,
cali_hdr,20221014/theta/2f_king_bed_16:53/R0010586.JPG,20221014,theta,indoor,40.368175,-80.178358,326.9,,RICOH THETA Z1,2022:10:14 16:53:57,2022-10-14T20:48:35Z,
cali_hdr,20221014/theta/2f_king_bed_15:49/R0010545.JPG,20221014,theta,indoor,40.368231,-80.178042,333.6,,RICOH THETA Z1,2022:10:14 15:50:43,2022-10-14T19:49:53Z,
cali_hdr,20221014/theta/2f_king_bed_15:49/R0010544.JPG,20221014,theta,indoor,40.368231,-80.178042,333.6,,RICOH THETA Z1,2022:10:14 15:50:37,2022-10-14T19:49:53Z,
cali_hdr,20221014/theta/2f_king_bed_15:49/R0010546.JPG,20221014,theta,indoor,40.368231,-80.178042,333.6,,RICOH THETA Z1,2022:10:14 15:50:49,2022-10-14T19:49:53Z,
cali_hdr,20221014/theta/2f_king_bed_15:49/R0010539.JPG,20221014,theta,indoor,40.368231,-80.178042,333.6,,RICOH THETA Z1,2022:10:14 15:50:04,2022-10-14T19:49:53Z,
cali_hdr,20221014/theta/2f_king_bed_15:49/R0010543.JPG,20221014,theta,indoor,40.368231,-80.178042,333.6,,RICOH THETA Z1,2022:10:14 15:50:30,2022-10-14T19:49:53Z,
cali_hdr,20221014/theta/2f_king_bed_15:49/R0010540.JPG,20221014,theta,indoor,40.368231,-80.178042,333.6,,RICOH THETA Z1,2022:10:14 15:50:11,2022-10-14T19:49:53Z,
cali_hdr,20221014/theta/2f_king_bed_15:49/R0010541.JPG,20221014,theta,indoor,40.368231,-80.178042,333.6,,RICOH THETA Z1,2022:10:14 15:50:18,2022-10-14T19:49:53Z,
cali_hdr,20221014/theta/2f_king_bed_15:49/R0010547.JPG,20221014,theta,indoor,40.368231,-80.178042,333.6,,RICOH THETA Z1,2022:10:14 15:50:54,2022-10-14T19:49:53Z,
cali_hdr,20221014/theta/2f_king_bed_15:49/R0010542.JPG,20221014,theta,indoor,40.368231,-80.178042,333.6,,RICOH THETA Z1,2022:10:14 15:50:24,2022-10-14T19:49:53Z,
cali_hdr,20221014/theta/2f_king_bed_14:28/R0010494.JPG,20221014,theta,indoor,40.368194,-80.177989,334.0,,RICOH THETA Z1,2022:10:14 14:28:42,2022-10-14T18:28:31Z,
cali_hdr,20221014/theta/2f_king_bed_14:28/R0010502.JPG,20221014,theta,indoor,40.368194,-80.177989,334.0,,RICOH THETA Z1,2022:10:14 14:29:33,2022-10-14T18:28:31Z,
cali_hdr,20221014/theta/2f_king_bed_14:28/R0010496.JPG,20221014,theta,indoor,40.368194,-80.177989,334.0,,RICOH THETA Z1,2022:10:14 14:28:56,2022-10-14T18:28:31Z,
cali_hdr,20221014/theta/2f_king_bed_14:28/R0010497.JPG,20221014,theta,indoor,40.368194,-80.177989,334.0,,RICOH THETA Z1,2022:10:14 14:29:02,2022-10-14T18:28:31Z,
cali_hdr,20221014/theta/2f_king_bed_14:28/R0010495.JPG,20221014,theta,indoor,40.368194,-80.177989,334.0,,RICOH THETA Z1,2022:10:14 14:28:49,2022-10-14T18:28:31Z,
cali_hdr,20221014/theta/2f_king_bed_14:28/R0010500.JPG,20221014,theta,indoor,40.368194,-80.177989,334.0,,RICOH THETA Z1,2022:10:14 14:29:21,2022-10-14T18:28:31Z,
cali_hdr,20221014/theta/2f_king_bed_14:28/R0010501.JPG,20221014,theta,indoor,40.368194,-80.177989,334.0,,RICOH THETA Z1,2022:10:14 14:29:27,2022-10-14T18:28:31Z,
cali_hdr,20221014/theta/2f_king_bed_14:28/R0010498.JPG,20221014,theta,indoor,40.368194,-80.177989,334.0,,RICOH THETA Z1,2022:10:14 14:29:08,2022-10-14T18:28:31Z,
cali_hdr,20221014/theta/2f_king_bed_14:28/R0010499.JPG,20221014,theta,indoor,40.368194,-80.177989,334.0,,RICOH THETA Z1,2022:10:14 14:29:14,2022-10-14T18:28:31Z,
cali_hdr,20230630/theta/ruth_garden_09:23/R0011339.JPG,20230630,theta,indoor,40.434017,-79.923489,345.5,202.1,RICOH THETA Z1,2023:06:30 09:24:01,2023-06-30T13:23:22Z,
cali_hdr,20230630/theta/ruth_garden_09:23/R0011342.JPG,20230630,theta,indoor,40.434017,-79.923489,345.5,202.0,RICOH THETA Z1,2023:06:30 09:24:19,2023-06-30T13:23:22Z,
cali_hdr,20230630/theta/ruth_garden_09:23/R0011341.JPG,20230630,theta,indoor,40.434017,-79.923489,345.5,194.3,RICOH THETA Z1,2023:06:30 09:24:13,2023-06-30T13:23:22Z,
cali_hdr,20230630/theta/ruth_garden_09:23/R0011343.JPG,20230630,theta,indoor,40.434017,-79.923489,345.5,201.7,RICOH THETA Z1,2023:06:30 09:24:25,2023-06-30T13:23:22Z,
cali_hdr,20230630/theta/ruth_garden_09:23/R0011336.JPG,20230630,theta,indoor,40.434017,-79.923489,345.5,199.8,RICOH THETA Z1,2023:06:30 09:23:41,2023-06-30T13:23:22Z,
cali_hdr,20230630/theta/ruth_garden_09:23/R0011337.JPG,20230630,theta,indoor,40.434017,-79.923489,345.5,205.5,RICOH THETA Z1,2023:06:30 09:23:48,2023-06-30T13:23:22Z,
cali_hdr,20230630/theta/ruth_garden_09:23/R0011340.JPG,20230630,theta,indoor,40.434017,-79.923489,345.5,190.9,RICOH THETA Z1,2023:06:30 09:24:07,2023-06-30T13:23:22Z,
cali_hdr,20230630/theta/ruth_garden_09:23/R0011338.JPG,20230630,theta,indoor,40.434017,-79.923489,345.5,201.8,RICOH THETA Z1,2023:06:30 09:23:54,2023-06-30T13:23:22Z,
cali_hdr,20230630/theta/ruth_garden_09:23/R0011335.JPG,20230630,theta,indoor,40.434017,-79.923489,345.5,204.3,RICOH THETA Z1,2023:06:30 09:23:33,2023-06-30T13:23:22Z,
cali_hdr,20230630/theta/ruth_garden_09:20/R0011327.JPG,20230630,theta,indoor,40.434089,-79.923369,345.5,197.9,RICOH THETA Z1,2023:06:30 09:19:11,2023-06-30T13:15:07Z,
cali_hdr,20230630/theta/ruth_garden_09:20/R0011328.JPG,20230630,theta,indoor,40.434089,-79.923369,345.5,205.3,RICOH THETA Z1,2023:06:30 09:19:18,2023-06-30T13:15:07Z,
cali_hdr,20230630/theta/ruth_garden_09:20/R0011330.JPG,20230630,theta,indoor,40.434089,-79.923369,345.5,192.2,RICOH THETA Z1,2023:06:30 09:19:32,2023-06-30T13:15:07Z,
cali_hdr,20230630/theta/ruth_garden_09:20/R0011333.JPG,20230630,theta,indoor,40.434089,-79.923369,345.5,207.2,RICOH THETA Z1,2023:06:30 09:19:50,2023-06-30T13:15:07Z,
cali_hdr,20230630/theta/ruth_garden_09:20/R0011326.JPG,20230630,theta,indoor,40.434089,-79.923369,345.5,204.7,RICOH THETA Z1,2023:06:30 09:19:03,2023-06-30T13:15:07Z,
cali_hdr,20230630/theta/ruth_garden_09:20/R0011331.JPG,20230630,theta,indoor,40.434089,-79.923369,345.5,210.1,RICOH THETA Z1,2023:06:30 09:19:38,2023-06-30T13:15:07Z,
cali_hdr,20230630/theta/ruth_garden_09:20/R0011329.JPG,20230630,theta,indoor,40.434089,-79.923369,345.5,204.0,RICOH THETA Z1,2023:06:30 09:19:25,2023-06-30T13:15:07Z,
cali_hdr,20230630/theta/ruth_garden_09:20/R0011334.JPG,20230630,theta,indoor,40.434089,-79.923369,345.5,197.3,RICOH THETA Z1,2023:06:30 09:19:56,2023-06-30T13:15:07Z,
cali_hdr,20230630/theta/ruth_garden_09:20/R0011332.JPG,20230630,theta,indoor,40.434089,-79.923369,345.5,218.6,RICOH THETA Z1,2023:06:30 09:19:44,2023-06-30T13:15:07Z,
cali_hdr,20230630/theta/ruth_garden_09:13/R0011317.JPG,20230630,theta,indoor,40.434078,-79.923394,345.5,191.3,RICOH THETA Z1,2023:06:30 09:13:37,2023-06-30T13:13:25Z,
cali_hdr,20230630/theta/ruth_garden_09:13/R0011320.JPG,20230630,theta,indoor,40.434078,-79.923394,345.5,195.6,RICOH THETA Z1,2023:06:30 09:13:59,2023-06-30T13:13:25Z,
cali_hdr,20230630/theta/ruth_garden_09:13/R0011325.JPG,20230630,theta,indoor,40.434078,-79.923394,345.5,189.1,RICOH THETA Z1,2023:06:30 09:14:29,2023-06-30T13:13:25Z,
cali_hdr,20230630/theta/ruth_garden_09:13/R0011323.JPG,20230630,theta,indoor,40.434078,-79.923394,345.5,199.3,RICOH THETA Z1,2023:06:30 09:14:17,2023-06-30T13:13:25Z,
cali_hdr,20230630/theta/ruth_garden_09:13/R0011321.JPG,20230630,theta,indoor,40.434078,-79.923394,345.5,192.0,RICOH THETA Z1,2023:06:30 09:14:05,2023-06-30T13:13:25Z,
cali_hdr,20230630/theta/ruth_garden_09:13/R0011318.JPG,20230630,theta,indoor,40.434078,-79.923394,345.5,194.3,RICOH THETA Z1,2023:06:30 09:13:45,2023-06-30T13:13:25Z,
cali_hdr,20230630/theta/ruth_garden_09:13/R0011324.JPG,20230630,theta,indoor,40.434078,-79.923394,345.5,191.6,RICOH THETA Z1,2023:06:30 09:14:23,2023-06-30T13:13:25Z,
cali_hdr,20230630/theta/ruth_garden_09:13/R0011322.JPG,20230630,theta,indoor,40.434078,-79.923394,345.5,193.0,RICOH THETA Z1,2023:06:30 09:14:11,2023-06-30T13:13:25Z,
cali_hdr,20230630/theta/ruth_garden_09:13/R0011319.JPG,20230630,theta,indoor,40.434078,-79.923394,345.5,199.9,RICOH THETA Z1,2023:06:30 09:13:52,2023-06-30T13:13:25Z,
cali_hdr,20230630/theta/ruth_garden_09:26/R0011349.JPG,20230630,theta,indoor,40.434019,-79.923469,340.2,198.4,RICOH THETA Z1,2023:06:30 09:26:43,2023-06-30T13:24:41Z,
cali_hdr,20230630/theta/ruth_garden_09:26/R0011351.JPG,20230630,theta,indoor,40.434019,-79.923469,340.2,199.8,RICOH THETA Z1,2023:06:30 09:26:54,2023-06-30T13:24:41Z,
cali_hdr,20230630/theta/ruth_garden_09:26/R0011345.JPG,20230630,theta,indoor,40.434019,-79.923469,340.2,202.1,RICOH THETA Z1,2023:06:30 09:26:16,2023-06-30T13:24:41Z,
cali_hdr,20230630/theta/ruth_garden_09:26/R0011348.JPG,20230630,theta,indoor,40.434019,-79.923469,340.2,207.1,RICOH THETA Z1,2023:06:30 09:26:37,2023-06-30T13:24:41Z,
cali_hdr,20230630/theta/ruth_garden_09:26/R0011344.JPG,20230630,theta,indoor,40.434019,-79.923469,340.2,198.8,RICOH THETA Z1,2023:06:30 09:26:09,2023-06-30T13:24:41Z,
cali_hdr,20230630/theta/ruth_garden_09:26/R0011346.JPG,20230630,theta,indoor,40.434019,-79.923469,340.2,208.0,RICOH THETA Z1,2023:06:30 09:26:24,2023-06-30T13:24:41Z,
cali_hdr,20230630/theta/ruth_garden_09:26/R0011347.JPG,20230630,theta,indoor,40.434019,-79.923469,340.2,188.1,RICOH THETA Z1,2023:06:30 09:26:30,2023-06-30T13:24:41Z,
cali_hdr,20230630/theta/ruth_garden_09:26/R0011352.JPG,20230630,theta,indoor,40.434019,-79.923469,340.2,195.2,RICOH THETA Z1,2023:06:30 09:27:01,2023-06-30T13:24:41Z,
cali_hdr,20230630/theta/ruth_garden_09:26/R0011350.JPG,20230630,theta,indoor,40.434019,-79.923469,340.2,198.0,RICOH THETA Z1,2023:06:30 09:26:49,2023-06-30T13:24:41Z,
cali_hdr,20221006/fisheye/1f_kitchen_17:09/IMG_9744.JPG,20221006,fisheye,outdoor,,,,,Canon EOS 5D Mark II,2022:10:06 17:09:20,,
cali_hdr,20221006/fisheye/1f_kitchen_17:09/IMG_9747.JPG,20221006,fisheye,outdoor,,,,,Canon EOS 5D Mark II,2022:10:06 17:09:21,,
cali_hdr,20221006/fisheye/1f_kitchen_17:09/IMG_9742.JPG,20221006,fisheye,outdoor,,,,,Canon EOS 5D Mark II,2022:10:06 17:09:19,,
cali_hdr,20221006/fisheye/1f_kitchen_17:09/IMG_9749.JPG,20221006,fisheye,outdoor,,,,,Canon EOS 5D Mark II,2022:10:06 17:09:23,,
cali_hdr,20221006/fisheye/1f_kitchen_17:09/IMG_9750.JPG,20221006,fisheye,outdoor,,,,,Canon EOS 5D Mark II,2022:10:06 17:09:24,,
cali_hdr,20221006/fisheye/1f_kitchen_17:09/IMG_9746.JPG,20221006,fisheye,outdoor,,,,,Canon EOS 5D Mark II,2022:10:06 17:09:21,,
cali_hdr,20221006/fisheye/1f_kitchen_17:09/IMG_9748.JPG,20221006,fisheye,outdoor,,,,,Canon EOS 5D Mark II,2022:10:06 17:09:22,,
cali_hdr,20221006/fisheye/1f_kitchen_17:09/IMG_9743.JPG,20221006,fisheye,outdoor,,,,,Canon EOS 5D Mark II,2022:10:06 17:09:19,,
cali_hdr,20221006/fisheye/1f_kitchen_17:09/IMG_9745.JPG,20221006,fisheye,outdoor,,,,,Canon EOS 5D Mark II,2022:10:06 17:09:20,,
cali_hdr,20221006/fisheye/1f_kitchen_13:16/IMG_9521.JPG,20221006,fisheye,outdoor,,,,,Canon EOS 5D Mark II,2022:10:06 13:18:44,,
cali_hdr,20221006/fisheye/1f_kitchen_13:16/IMG_9528.JPG,20221006,fisheye,outdoor,,,,,Canon EOS 5D Mark II,2022:10:06 13:18:49,,
cali_hdr,20221006/fisheye/1f_kitchen_13:16/IMG_9525.JPG,20221006,fisheye,outdoor,,,,,Canon EOS 5D Mark II,2022:10:06 13:18:46,,
cali_hdr,20221006/fisheye/1f_kitchen_13:16/IMG_9526.JPG,20221006,fisheye,outdoor,,,,,Canon EOS 5D Mark II,2022:10:06 13:18:47,,
cali_hdr,20221006/fisheye/1f_kitchen_13:16/IMG_9527.JPG,20221006,fisheye,outdoor,,,,,Canon EOS 5D Mark II,2022:10:06 13:18:47,,
cali_hdr,20221006/fisheye/1f_kitchen_13:16/IMG_9522.JPG,20221006,fisheye,outdoor,,,,,Canon EOS 5D Mark II,2022:10:06 13:18:45,,
cali_hdr,20221006/fisheye/1f_kitchen_13:16/IMG_9523.JPG,20221006,fisheye,outdoor,,,,,Canon EOS 5D Mark II,2022:10:06 13:18:45,,
cali_hdr,20221006/fisheye/1f_kitchen_13:16/IMG_9529.JPG,20221006,fisheye,outdoor,,,,,Canon EOS 5D Mark II,2022:10:06 13:18:49,,
cali_hdr,20221006/fisheye/1f_kitchen_13:16/IMG_9524.JPG,20221006,fisheye,outdoor,,,,,Canon EOS 5D Mark II,2022:10:06 13:18:46,,
cali_hdr,20221006/fisheye/1f_kitchen_14:04/IMG_9579.JPG,20221006,fisheye,outdoor,,,,,Canon EOS 5D Mark II,2022:10:06 14:04:45,,
cali_hdr,20221006/fisheye/1f_kitchen_14:04/IMG_9576.JPG,20221006,fisheye,outdoor,,,,,Canon EOS 5D Mark II,2022:10:06 14:04:44,,
cali_hdr,20221006/fisheye/1f_kitchen_14:04/IMG_9577.JPG,20221006,fisheye,outdoor,,,,,Canon EOS 5D Mark II,2022:10:06 14:04:44,,
cali_hdr,20221006/fisheye/1f_kitchen_14:04/IMG_9583.JPG,20221006,fisheye,outdoor,,,,,Canon EOS 5D Mark II,2022:10:06 14:04:49,,
cali_hdr,20221006/fisheye/1f_kitchen_14:04/IMG_9578.JPG,20221006,fisheye,outdoor,,,,,Canon EOS 5D Mark II,2022:10:06 14:04:45,,
cali_hdr,20221006/fisheye/1f_kitchen_14:04/IMG_9580.JPG,20221006,fisheye,outdoor,,,,,Canon EOS 5D Mark II,2022:10:06 14:04:46,,
cali_hdr,20221006/fisheye/1f_kitchen_14:04/IMG_9581.JPG,20221006,fisheye,outdoor,,,,,Canon EOS 5D Mark II,2022:10:06 14:04:47,,
cali_hdr,20221006/fisheye/1f_kitchen_14:04/IMG_9575.JPG,20221006,fisheye,outdoor,,,,,Canon EOS 5D Mark II,2022:10:06 14:04:44,,
cali_hdr,20221006/fisheye/1f_kitchen_14:04/IMG_9582.JPG,20221006,fisheye,outdoor,,,,,Canon EOS 5D Mark II,2022:10:06 14:04:48,,
cali_hdr,20221006/fisheye/1f_kitchen_16:51/IMG_9706.JPG,20221006,fisheye,outdoor,,,,,Canon EOS 5D Mark II,2022:10:06 16:51:04,,
cali_hdr,20221006/fisheye/1f_kitchen_16:51/IMG_9708.JPG,20221006,fisheye,outdoor,,,,,Canon EOS 5D Mark II,2022:10:06 16:51:05,,
cali_hdr,20221006/fisheye/1f_kitchen_16:51/IMG_9713.JPG,20221006,fisheye,outdoor,,,,,Canon EOS 5D Mark II,2022:10:06 16:51:09,,
cali_hdr,20221006/fisheye/1f_kitchen_16:51/IMG_9714.JPG,20221006,fisheye,outdoor,,,,,Canon EOS 5D Mark II,2022:10:06 16:51:09,,
cali_hdr,20221006/fisheye/1f_kitchen_16:51/IMG_9709.JPG,20221006,fisheye,outdoor,,,,,Canon EOS 5D Mark II,2022:10:06 16:51:05,,
cali_hdr,20221006/fisheye/1f_kitchen_16:51/IMG_9707.JPG,20221006,fisheye,outdoor,,,,,Canon EOS 5D Mark II,2022:10:06 16:51:04,,
cali_hdr,20221006/fisheye/1f_kitchen_16:51/IMG_9711.JPG,20221006,fisheye,outdoor,,,,,Canon EOS 5D Mark II,2022:10:06 16:51:06,,
cali_hdr,20221006/fisheye/1f_kitchen_16:51/IMG_9712.JPG,20221006,fisheye,outdoor,,,,,Canon EOS 5D Mark II,2022:10:06 16:51:07,,
cali_hdr,20221006/fisheye/1f_kitchen_16:51/IMG_9710.JPG,20221006,fisheye,outdoor,,,,,Canon EOS 5D Mark II,2022:10:06 16:51:06,,
cali_hdr,20221014/fisheye/1f_kitchen_15:37/IMG_0142.JPG,20221014,fisheye,outdoor,,,,,Canon EOS 5D Mark II,2022:10:14 15:36:31,,
cali_hdr,20221014/fisheye/1f_kitchen_15:37/IMG_0139.JPG,20221014,fisheye,outdoor,,,,,Canon EOS 5D Mark II,2022:10:14 15:36:28,,
cali_hdr,20221014/fisheye/1f_kitchen_15:37/IMG_0140.JPG,20221014,fisheye,outdoor,,,,,Canon EOS 5D Mark II,2022:10:14 15:36:29,,
cali_hdr,20221014/fisheye/1f_kitchen_15:37/IMG_0137.JPG,20221014,fisheye,outdoor,,,,,Canon EOS 5D Mark II,2022:10:14 15:36:27,,
cali_hdr,20221014/fisheye/1f_kitchen_15:37/IMG_0135.JPG,20221014,fisheye,outdoor,,,,,Canon EOS 5D Mark II,2022:10:14 15:36:26,,
cali_hdr,20221014/fisheye/1f_kitchen_15:37/IMG_0141.JPG,20221014,fisheye,outdoor,,,,,Canon EOS 5D Mark II,2022:10:14 15:36:29,,
cali_hdr,20221014/fisheye/1f_kitchen_15:37/IMG_0136.JPG,20221014,fisheye,outdoor,,,,,Canon EOS 5D Mark II,2022:10:14 15:36:27,,
cali_hdr,20221014/fisheye/1f_kitchen_15:37/IMG_0143.JPG,20221014,fisheye,outdoor,,,,,Canon EOS 5D Mark II,2022:10:14 15:36:32,,
cali_hdr,20221014/fisheye/1f_kitchen_15:37/IMG_0138.JPG,20221014,fisheye,outdoor,,,,,Canon EOS 5D Mark II,2022:10:14 15:36:28,,
cali_hdr,20221014/fisheye/1f_kitchen_16:42/IMG_0227.JPG,20221014,fisheye,outdoor,,,,,Canon EOS 5D Mark II,2022:10:14 16:40:24,,
cali_hdr,20221014/fisheye/1f_kitchen_16:42/IMG_0225.JPG,20221014,fisheye,outdoor,,,,,Canon EOS 5D Mark II,2022:10:14 16:40:23,,
cali_hdr,20221014/fisheye/1f_kitchen_16:42/IMG_0231.JPG,20221014,fisheye,outdoor,,,,,Canon EOS 5D Mark II,2022:10:14 16:40:26,,
cali_hdr,20221014/fisheye/1f_kitchen_16:42/IMG_0226.JPG,20221014,fisheye,outdoor,,,,,Canon EOS 5D Mark II,2022:10:14 16:40:23,,
cali_hdr,20221014/fisheye/1f_kitchen_16:42/IMG_0232.JPG,20221014,fisheye,outdoor,,,,,Canon EOS 5D Mark II,2022:10:14 16:40:27,,
cali_hdr,20221014/fisheye/1f_kitchen_16:42/IMG_0230.JPG,20221014,fisheye,outdoor,,,,,Canon EOS 5D Mark II,2022:10:14 16:40:25,,
cali_hdr,20221014/fisheye/1f_kitchen_16:42/IMG_0233.JPG,20221014,fisheye,outdoor,,,,,Canon EOS 5D Mark II,2022:10:14 16:40:28,,
cali_hdr,20221014/fisheye/1f_kitchen_16:42/IMG_0229.JPG,20221014,fisheye,outdoor,,,,,Canon EOS 5D Mark II,2022:10:14 16:40:25,,
cali_hdr,20221014/fisheye/1f_kitchen_16:42/IMG_0228.JPG,20221014,fisheye,outdoor,,,,,Canon EOS 5D Mark II,2022:10:14 16:40:24,,
cali_hdr,20221014/fisheye/1f_kitchen 13:28/IMG_9912.JPG,20221014,fisheye,outdoor,,,,,Canon EOS 5D Mark II,2022:10:14 13:28:55,,
cali_hdr,20221014/fisheye/1f_kitchen 13:28/IMG_9913.JPG,20221014,fisheye,outdoor,,,,,Canon EOS 5D Mark II,2022:10:14 13:28:56,,
cali_hdr,20221014/fisheye/1f_kitchen 13:28/IMG_9909.JPG,20221014,fisheye,outdoor,,,,,Canon EOS 5D Mark II,2022:10:14 13:28:52,,
cali_hdr,20221014/fisheye/1f_kitchen 13:28/IMG_9906.JPG,20221014,fisheye,outdoor,,,,,Canon EOS 5D Mark II,2022:10:14 13:28:51,,
cali_hdr,20221014/fisheye/1f_kitchen 13:28/IMG_9908.JPG,20221014,fisheye,outdoor,,,,,Canon EOS 5D Mark II,2022:10:14 13:28:52,,
cali_hdr,20221014/fisheye/1f_kitchen 13:28/IMG_9907.JPG,20221014,fisheye,outdoor,,,,,Canon EOS 5D Mark II,2022:10:14 13:28:52,,
cali_hdr,20221014/fisheye/1f_kitchen 13:28/IMG_9905.JPG,20221014,fisheye,outdoor,,,,,Canon EOS 5D Mark II,2022:10:14 13:28:51,,
cali_hdr,20221014/fisheye/1f_kitchen 13:28/IMG_9911.JPG,20221014,fisheye,outdoor,,,,,Canon EOS 5D Mark II,2022:10:14 13:28:54,,
cali_hdr,20221014/fisheye/1f_kitchen 13:28/IMG_9910.JPG,20221014,fisheye,outdoor,,,,,Canon EOS 5D Mark II,2022:10:14 13:28:53,,
cali_hdr,20221014/theta/2f_entry_bed_16:59/R0010601.JPG,20221014,theta,indoor,40.368219,-80.178208,333.4,,RICOH THETA Z1,2022:10:14 16:59:37,2022-10-14T20:54:47Z,
cali_hdr,20221014/theta/2f_entry_bed_16:59/R0010599.JPG,20221014,theta,indoor,40.368219,-80.178208,333.4,,RICOH THETA Z1,2022:10:14 16:59:25,2022-10-14T20:54:47Z,
cali_hdr,20221014/theta/2f_entry_bed_16:59/R0010595.JPG,20221014,theta,indoor,40.368219,-80.178208,333.4,,RICOH THETA Z1,2022:10:14 16:59:00,2022-10-14T20:54:47Z,
cali_hdr,20221014/theta/2f_entry_bed_16:59/R0010598.JPG,20221014,theta,indoor,40.368219,-80.178208,333.4,,RICOH THETA Z1,2022:10:14 16:59:19,2022-10-14T20:54:47Z,
cali_hdr,20221014/theta/2f_entry_bed_16:59/R0010600.JPG,20221014,theta,indoor,40.368219,-80.178208,333.4,,RICOH THETA Z1,2022:10:14 16:59:31,2022-10-14T20:54:47Z,
cali_hdr,20221014/theta/2f_entry_bed_16:59/R0010594.JPG,20221014,theta,indoor,40.368219,-80.178208,333.4,,RICOH THETA Z1,2022:10:14 16:58:53,2022-10-14T20:54:47Z,
cali_hdr,20221014/theta/2f_entry_bed_16:59/R0010597.JPG,20221014,theta,indoor,40.368219,-80.178208,333.4,,RICOH THETA Z1,2022:10:14 16:59:12,2022-10-14T20:54:47Z,
cali_hdr,20221014/theta/2f_entry_bed_16:59/R0010593.JPG,20221014,theta,indoor,40.368219,-80.178208,333.4,,RICOH THETA Z1,2022:10:14 16:58:46,2022-10-14T20:54:47Z,
cali_hdr,20221014/theta/2f_entry_bed_16:59/R0010596.JPG,20221014,theta,indoor,40.368219,-80.178208,333.4,,RICOH THETA Z1,2022:10:14 16:59:06,2022-10-14T20:54:47Z,
cali_hdr,20221014/theta/2f_entry_bed_13:57/R0010460.JPG,20221014,theta,indoor,40.368206,-80.178219,330.7,,RICOH THETA Z1,2022:10:14 13:56:59,2022-10-14T17:48:37Z,
cali_hdr,20221014/theta/2f_entry_bed_13:57/R0010465.JPG,20221014,theta,indoor,40.368206,-80.178219,330.7,,RICOH THETA Z1,2022:10:14 13:57:30,2022-10-14T17:48:37Z,
cali_hdr,20221014/theta/2f_entry_bed_13:57/R0010463.JPG,20221014,theta,indoor,40.368206,-80.178219,330.7,,RICOH THETA Z1,2022:10:14 13:57:18,2022-10-14T17:48:37Z,
cali_hdr,20221014/theta/2f_entry_bed_13:57/R0010462.JPG,20221014,theta,indoor,40.368206,-80.178219,330.7,,RICOH THETA Z1,2022:10:14 13:57:12,2022-10-14T17:48:37Z,
cali_hdr,20221014/theta/2f_entry_bed_13:57/R0010466.JPG,20221014,theta,indoor,40.368206,-80.178219,330.7,,RICOH THETA Z1,2022:10:14 13:57:36,2022-10-14T17:48:37Z,
cali_hdr,20221014/theta/2f_entry_bed_13:57/R0010464.JPG,20221014,theta,indoor,40.368206,-80.178219,330.7,,RICOH THETA Z1,2022:10:14 13:57:24,2022-10-14T17:48:37Z,
cali_hdr,20221014/theta/2f_entry_bed_13:57/R0010458.JPG,20221014,theta,indoor,40.368206,-80.178219,330.7,,RICOH THETA Z1,2022:10:14 13:56:45,2022-10-14T17:48:37Z,
cali_hdr,20221014/theta/2f_entry_bed_13:57/R0010461.JPG,20221014,theta,indoor,40.368206,-80.178219,330.7,,RICOH THETA Z1,2022:10:14 13:57:05,2022-10-14T17:48:37Z,
cali_hdr,20221014/theta/2f_entry_bed_13:57/R0010459.JPG,20221014,theta,indoor,40.368206,-80.178219,330.7,,RICOH THETA Z1,2022:10:14 13:56:52,2022-10-14T17:48:37Z,
cali_hdr,20221014/theta/2f_entry_bed_15:54/R0010550.JPG,20221014,theta,indoor,40.368225,-80.178294,334.8,,RICOH THETA Z1,2022:10:14 15:54:44,2022-10-14T19:51:13Z,
cali_hdr,20221014/theta/2f_entry_bed_15:54/R0010549.JPG,20221014,theta,indoor,40.368225,-80.178294,334.8,,RICOH THETA Z1,2022:10:14 15:54:37,2022-10-14T19:51:13Z,
cali_hdr,20221014/theta/2f_entry_bed_15:54/R0010552.JPG,20221014,theta,indoor,40.368225,-80.178294,334.8,,RICOH THETA Z1,2022:10:14 15:54:56,2022-10-14T19:51:13Z,
cali_hdr,20221014/theta/2f_entry_bed_15:54/R0010556.JPG,20221014,theta,indoor,40.368225,-80.178294,334.8,,RICOH THETA Z1,2022:10:14 15:55:20,2022-10-14T19:51:13Z,
cali_hdr,20221014/theta/2f_entry_bed_15:54/R0010548.JPG,20221014,theta,indoor,40.368225,-80.178294,334.8,,RICOH THETA Z1,2022:10:14 15:54:30,2022-10-14T19:51:13Z,
cali_hdr,20221014/theta/2f_entry_bed_15:54/R0010553.JPG,20221014,theta,indoor,40.368225,-80.178294,334.8,,RICOH THETA Z1,2022:10:14 15:55:03,2022-10-14T19:51:13Z,
cali_hdr,20221014/theta/2f_entry_bed_15:54/R0010551.JPG,20221014,theta,indoor,40.368225,-80.178294,334.8,,RICOH THETA Z1,2022:10:14 15:54:50,2022-10-14T19:51:13Z,
cali_hdr,20221014/theta/2f_entry_bed_15:54/R0010554.JPG,20221014,theta,indoor,40.368225,-80.178294,334.8,,RICOH THETA Z1,2022:10:14 15:55:09,2022-10-14T19:51:13Z,
cali_hdr,20221014/theta/2f_entry_bed_15:54/R0010555.JPG,20221014,theta,indoor,40.368225,-80.178294,334.8,,RICOH THETA Z1,2022:10:14 15:55:14,2022-10-14T19:51:13Z,
cali_hdr,20221014/theta/2f_entry_bed_14:35/R0010511.JPG,20221014,theta,indoor,40.368242,-80.178286,326.4,,RICOH THETA Z1,2022:10:14 14:36:27,2022-10-14T18:30:22Z,
cali_hdr,20221014/theta/2f_entry_bed_14:35/R0010503.JPG,20221014,theta,indoor,40.368242,-80.178286,326.4,,RICOH THETA Z1,2022:10:14 14:35:37,2022-10-14T18:30:22Z,
cali_hdr,20221014/theta/2f_entry_bed_14:35/R0010507.JPG,20221014,theta,indoor,40.368242,-80.178286,326.4,,RICOH THETA Z1,2022:10:14 14:36:03,2022-10-14T18:30:22Z,
cali_hdr,20221014/theta/2f_entry_bed_14:35/R0010508.JPG,20221014,theta,indoor,40.368242,-80.178286,326.4,,RICOH THETA Z1,2022:10:14 14:36:09,2022-10-14T18:30:22Z,
cali_hdr,20221014/theta/2f_entry_bed_14:35/R0010510.JPG,20221014,theta,indoor,40.368242,-80.178286,326.4,,RICOH THETA Z1,2022:10:14 14:36:22,2022-10-14T18:30:22Z,
cali_hdr,20221014/theta/2f_entry_bed_14:35/R0010504.JPG,20221014,theta,indoor,40.368242,-80.178286,326.4,,RICOH THETA Z1,2022:10:14 14:35:43,2022-10-14T18:30:22Z,
cali_hdr,20221014/theta/2f_entry_bed_14:35/R0010509.JPG,20221014,theta,indoor,40.368242,-80.178286,326.4,,RICOH THETA Z1,2022:10:14 14:36:16,2022-10-14T18:30:22Z,
cali_hdr,20221014/theta/2f_entry_bed_14:35/R0010505.JPG,20221014,theta,indoor,40.368242,-80.178286,326.4,,RICOH THETA Z1,2022:10:14 14:35:50,2022-10-14T18:30:22Z,
cali_hdr,20221014/theta/2f_entry_bed_14:35/R0010506.JPG,20221014,theta,indoor,40.368242,-80.178286,326.4,,RICOH THETA Z1,2022:10:14 14:35:56,2022-10-14T18:30:22Z,
cali_hdr,20230707/theta/1821_murdoch_13:29/R0011451.JPG,20230707,theta,indoor,40.436017,-79.9304,318.7,78.0,RICOH THETA Z1,2023:07:07 13:30:42,2023-07-07T17:29:38Z,
cali_hdr,20230707/theta/1821_murdoch_13:29/R0011449.JPG,20230707,theta,indoor,40.436017,-79.9304,318.7,49.1,RICOH THETA Z1,2023:07:07 13:30:30,2023-07-07T17:29:38Z,
cali_hdr,20230707/theta/1821_murdoch_13:29/R0011447.JPG,20230707,theta,indoor,40.436017,-79.9304,318.7,74.9,RICOH THETA Z1,2023:07:07 13:30:18,2023-07-07T17:29:38Z,
cali_hdr,20230707/theta/1821_murdoch_13:29/R0011445.JPG,20230707,theta,indoor,40.436017,-79.9304,318.7,59.7,RICOH THETA Z1,2023:07:07 13:30:05,2023-07-07T17:29:38Z,
cali_hdr,20230707/theta/1821_murdoch_13:29/R0011444.JPG,20230707,theta,indoor,40.436017,-79.9304,318.7,72.3,RICOH THETA Z1,2023:07:07 13:29:58,2023-07-07T17:29:38Z,
cali_hdr,20230707/theta/1821_murdoch_13:29/R0011448.JPG,20230707,theta,indoor,40.436017,-79.9304,318.7,69.7,RICOH THETA Z1,2023:07:07 13:30:24,2023-07-07T17:29:38Z,
cali_hdr,20230707/theta/1821_murdoch_13:29/R0011450.JPG,20230707,theta,indoor,40.436017,-79.9304,318.7,37.0,RICOH THETA Z1,2023:07:07 13:30:36,2023-07-07T17:29:38Z,
cali_hdr,20230707/theta/1821_murdoch_13:29/R0011443.JPG,20230707,theta,indoor,40.436017,-79.9304,318.7,74.2,RICOH THETA Z1,2023:07:07 13:29:50,2023-07-07T17:29:38Z,
cali_hdr,20230707/theta/1821_murdoch_13:29/R0011446.JPG,20230707,theta,indoor,40.436017,-79.9304,318.7,67.0,RICOH THETA Z1,2023:07:07 13:30:11,2023-07-07T17:29:38Z,
cali_hdr,20230707/theta/1821_murdoch_13:35/R0011478.JPG,20230707,theta,indoor,40.43595,-79.930536,324.6,79.0,RICOH THETA Z1,2023:07:07 13:37:23,2023-07-07T17:36:19Z,
cali_hdr,20230707/theta/1821_murdoch_13:35/R0011477.JPG,20230707,theta,indoor,40.43595,-79.930536,324.6,79.0,RICOH THETA Z1,2023:07:07 13:37:17,2023-07-07T17:36:19Z,
cali_hdr,20230707/theta/1821_murdoch_13:35/R0011471.JPG,20230707,theta,indoor,40.43595,-79.930536,324.6,78.2,RICOH THETA Z1,2023:07:07 13:36:38,2023-07-07T17:36:19Z,
cali_hdr,20230707/theta/1821_murdoch_13:35/R0011472.JPG,20230707,theta,indoor,40.43595,-79.930536,324.6,74.1,RICOH THETA Z1,2023:07:07 13:36:45,2023-07-07T17:36:19Z,
cali_hdr,20230707/theta/1821_murdoch_13:35/R0011470.JPG,20230707,theta,indoor,40.43595,-79.930536,324.6,79.6,RICOH THETA Z1,2023:07:07 13:36:30,2023-07-07T17:36:19Z,
cali_hdr,20230707/theta/1821_murdoch_13:35/R0011475.JPG,20230707,theta,indoor,40.43595,-79.930536,324.6,63.8,RICOH THETA Z1,2023:07:07 13:37:04,2023-07-07T17:36:19Z,
cali_hdr,20230707/theta/1821_murdoch_13:35/R0011476.JPG,20230707,theta,indoor,40.43595,-79.930536,324.6,58.5,RICOH THETA Z1,2023:07:07 13:37:11,2023-07-07T17:36:19Z,
cali_hdr,20230707/theta/1821_murdoch_13:35/R0011474.JPG,20230707,theta,indoor,40.43595,-79.930536,324.6,78.7,RICOH THETA Z1,2023:07:07 13:36:58,2023-07-07T17:36:19Z,
cali_hdr,20230707/theta/1821_murdoch_13:35/R0011473.JPG,20230707,theta,indoor,40.43595,-79.930536,324.6,74.4,RICOH THETA Z1,2023:07:07 13:36:51,2023-07-07T17:36:19Z,
cali_hdr,20230707/theta/1821_murdoch_13:33/R0011461.JPG,20230707,theta,indoor,40.435919,-79.930472,324.6,73.6,RICOH THETA Z1,2023:07:07 13:34:31,2023-07-07T17:34:20Z,
cali_hdr,20230707/theta/1821_murdoch_13:33/R0011463.JPG,20230707,theta,indoor,40.435919,-79.930472,324.6,78.4,RICOH THETA Z1,2023:07:07 13:34:46,2023-07-07T17:34:20Z,
cali_hdr,20230707/theta/1821_murdoch_13:33/R0011466.JPG,20230707,theta,indoor,40.435919,-79.930472,324.6,79.3,RICOH THETA Z1,2023:07:07 13:35:05,2023-07-07T17:34:20Z,
cali_hdr,20230707/theta/1821_murdoch_13:33/R0011464.JPG,20230707,theta,indoor,40.435919,-79.930472,324.6,73.6,RICOH THETA Z1,2023:07:07 13:34:53,2023-07-07T17:34:20Z,
cali_hdr,20230707/theta/1821_murdoch_13:33/R0011468.JPG,20230707,theta,indoor,40.435919,-79.930472,324.6,79.8,RICOH THETA Z1,2023:07:07 13:35:16,2023-07-07T17:34:20Z,
cali_hdr,20230707/theta/1821_murdoch_13:33/R0011462.JPG,20230707,theta,indoor,40.435919,-79.930472,324.6,74.0,RICOH THETA Z1,2023:07:07 13:34:39,2023-07-07T17:34:20Z,
cali_hdr,20230707/theta/1821_murdoch_13:33/R0011467.JPG,20230707,theta,indoor,40.435919,-79.930472,324.6,75.6,RICOH THETA Z1,2023:07:07 13:35:11,2023-07-07T17:34:20Z,
cali_hdr,20230707/theta/1821_murdoch_13:33/R0011465.JPG,20230707,theta,indoor,40.435919,-79.930472,324.6,80.0,RICOH THETA Z1,2023:07:07 13:34:58,2023-07-07T17:34:20Z,
cali_hdr,20230707/theta/1821_murdoch_13:33/R0011469.JPG,20230707,theta,indoor,40.435919,-79.930472,324.6,79.6,RICOH THETA Z1,2023:07:07 13:35:23,2023-07-07T17:34:20Z,
cali_hdr,20230707/theta/1821_murdoch_13:30/R0011455.JPG,20230707,theta,indoor,40.435992,-79.930461,324.6,83.1,RICOH THETA Z1,2023:07:07 13:32:12,2023-07-07T17:31:39Z,
cali_hdr,20230707/theta/1821_murdoch_13:30/R0011459.JPG,20230707,theta,indoor,40.435992,-79.930461,324.6,71.8,RICOH THETA Z1,2023:07:07 13:32:37,2023-07-07T17:31:39Z,
cali_hdr,20230707/theta/1821_murdoch_13:30/R0011456.JPG,20230707,theta,indoor,40.435992,-79.930461,324.6,81.9,RICOH THETA Z1,2023:07:07 13:32:18,2023-07-07T17:31:39Z,
cali_hdr,20230707/theta/1821_murdoch_13:30/R0011457.JPG,20230707,theta,indoor,40.435992,-79.930461,324.6,75.8,RICOH THETA Z1,2023:07:07 13:32:25,2023-07-07T17:31:39Z,
cali_hdr,20230707/theta/1821_murdoch_13:30/R0011458.JPG,20230707,theta,indoor,40.435992,-79.930461,324.6,75.0,RICOH THETA Z1,2023:07:07 13:32:31,2023-07-07T17:31:39Z,
cali_hdr,20230707/theta/1821_murdoch_13:30/R0011454.JPG,20230707,theta,indoor,40.435992,-79.930461,324.6,67.1,RICOH THETA Z1,2023:07:07 13:32:06,2023-07-07T17:31:39Z,
cali_hdr,20230707/theta/1821_murdoch_13:30/R0011460.JPG,20230707,theta,indoor,40.435992,-79.930461,324.6,78.8,RICOH THETA Z1,2023:07:07 13:32:43,2023-07-07T17:31:39Z,
cali_hdr,20230707/theta/1821_murdoch_13:30/R0011453.JPG,20230707,theta,indoor,40.435992,-79.930461,324.6,78.7,RICOH THETA Z1,2023:07:07 13:31:59,2023-07-07T17:31:39Z,
cali_hdr,20230707/theta/1821_murdoch_13:30/R0011452.JPG,20230707,theta,indoor,40.435992,-79.930461,324.6,74.0,RICOH THETA Z1,2023:07:07 13:31:51,2023-07-07T17:31:39Z,
cali_hdr,20221006/fisheye/2f_king_bed_16:23/IMG_9684.JPG,20221006,fisheye,outdoor,,,,,Canon EOS 5D Mark II,2022:10:06 16:23:43,,
cali_hdr,20221006/fisheye/2f_king_bed_16:23/IMG_9685.JPG,20221006,fisheye,outdoor,,,,,Canon EOS 5D Mark II,2022:10:06 16:23:43,,
cali_hdr,20221006/fisheye/2f_king_bed_16:23/IMG_9682.JPG,20221006,fisheye,outdoor,,,,,Canon EOS 5D Mark II,2022:10:06 16:23:42,,
cali_hdr,20221006/fisheye/2f_king_bed_16:23/IMG_9687.JPG,20221006,fisheye,outdoor,,,,,Canon EOS 5D Mark II,2022:10:06 16:23:46,,
cali_hdr,20221006/fisheye/2f_king_bed_16:23/IMG_9686.JPG,20221006,fisheye,outdoor,,,,,Canon EOS 5D Mark II,2022:10:06 16:23:45,,
cali_hdr,20221006/fisheye/2f_king_bed_16:23/IMG_9680.JPG,20221006,fisheye,outdoor,,,,,Canon EOS 5D Mark II,2022:10:06 16:23:41,,
cali_hdr,20221006/fisheye/2f_king_bed_16:23/IMG_9681.JPG,20221006,fisheye,outdoor,,,,,Canon EOS 5D Mark II,2022:10:06 16:23:41,,
cali_hdr,20221006/fisheye/2f_king_bed_16:23/IMG_9679.JPG,20221006,fisheye,outdoor,,,,,Canon EOS 5D Mark II,2022:10:06 16:23:40,,
cali_hdr,20221006/fisheye/2f_king_bed_16:23/IMG_9683.JPG,20221006,fisheye,outdoor,,,,,Canon EOS 5D Mark II,2022:10:06 16:23:42,,
cali_hdr,20221006/fisheye/2f_king_bed_14:21/IMG_9606.JPG,20221006,fisheye,outdoor,,,,,Canon EOS 5D Mark II,2022:10:06 14:20:28,,
cali_hdr,20221006/fisheye/2f_king_bed_14:21/IMG_9602.JPG,20221006,fisheye,outdoor,,,,,Canon EOS 5D Mark II,2022:10:06 14:20:26,,
cali_hdr,20221006/fisheye/2f_king_bed_14:21/IMG_9608.JPG,20221006,fisheye,outdoor,,,,,Canon EOS 5D Mark II,2022:10:06 14:20:29,,
cali_hdr,20221006/fisheye/2f_king_bed_14:21/IMG_9605.JPG,20221006,fisheye,outdoor,,,,,Canon EOS 5D Mark II,2022:10:06 14:20:27,,
cali_hdr,20221006/fisheye/2f_king_bed_14:21/IMG_9604.JPG,20221006,fisheye,outdoor,,,,,Canon EOS 5D Mark II,2022:10:06 14:20:27,,
cali_hdr,20221006/fisheye/2f_king_bed_14:21/IMG_9607.JPG,20221006,fisheye,outdoor,,,,,Canon EOS 5D Mark II,2022:10:06 14:20:28,,
cali_hdr,20221006/fisheye/2f_king_bed_14:21/IMG_9603.JPG,20221006,fisheye,outdoor,,,,,Canon EOS 5D Mark II,2022:10:06 14:20:26,,
cali_hdr,20221006/fisheye/2f_king_bed_14:21/IMG_9610.JPG,20221006,fisheye,outdoor,,,,,Canon EOS 5D Mark II,2022:10:06 14:20:31,,
cali_hdr,20221006/fisheye/2f_king_bed_14:21/IMG_9609.JPG,20221006,fisheye,outdoor,,,,,Canon EOS 5D Mark II,2022:10:06 14:20:30,,
cali_hdr,20221006/fisheye/2f_king_bed_13:44/IMG_9549.JPG,20221006,fisheye,outdoor,,,,,Canon EOS 5D Mark II,2022:10:06 13:44:28,,
cali_hdr,20221006/fisheye/2f_king_bed_13:44/IMG_9552.JPG,20221006,fisheye,outdoor,,,,,Canon EOS 5D Mark II,2022:10:06 13:44:29,,
cali_hdr,20221006/fisheye/2f_king_bed_13:44/IMG_9548.JPG,20221006,fisheye,outdoor,,,,,Canon EOS 5D Mark II,2022:10:06 13:44:27,,
cali_hdr,20221006/fisheye/2f_king_bed_13:44/IMG_9550.JPG,20221006,fisheye,outdoor,,,,,Canon EOS 5D Mark II,2022:10:06 13:44:28,,
cali_hdr,20221006/fisheye/2f_king_bed_13:44/IMG_9551.JPG,20221006,fisheye,outdoor,,,,,Canon EOS 5D Mark II,2022:10:06 13:44:29,,
cali_hdr,20221006/fisheye/2f_king_bed_13:44/IMG_9553.JPG,20221006,fisheye,outdoor,,,,,Canon EOS 5D Mark II,2022:10:06 13:44:30,,
cali_hdr,20221006/fisheye/2f_king_bed_13:44/IMG_9556.JPG,20221006,fisheye,outdoor,,,,,Canon EOS 5D Mark II,2022:10:06 13:44:32,,
cali_hdr,20221006/fisheye/2f_king_bed_13:44/IMG_9555.JPG,20221006,fisheye,outdoor,,,,,Canon EOS 5D Mark II,2022:10:06 13:44:32,,
cali_hdr,20221006/fisheye/2f_king_bed_13:44/IMG_9554.JPG,20221006,fisheye,outdoor,,,,,Canon EOS 5D Mark II,2022:10:06 13:44:30,,
cali_hdr,20221006/theta/1f_kitchen_p2_14:38/R0010258.JPG,20221006,theta,indoor,40.363556,-80.187194,376.5,,RICOH THETA Z1,2022:10:06 14:37:56,2022-10-06T18:34:32Z,
cali_hdr,20221006/theta/1f_kitchen_p2_14:38/R0010256.JPG,20221006,theta,indoor,40.363556,-80.187194,376.5,,RICOH THETA Z1,2022:10:06 14:37:44,2022-10-06T18:34:32Z,
cali_hdr,20221006/theta/1f_kitchen_p2_14:38/R0010257.JPG,20221006,theta,indoor,40.363556,-80.187194,376.5,,RICOH THETA Z1,2022:10:06 14:37:50,2022-10-06T18:34:32Z,
cali_hdr,20221006/theta/1f_kitchen_p2_14:38/R0010260.JPG,20221006,theta,indoor,40.363556,-80.187194,376.5,,RICOH THETA Z1,2022:10:06 14:38:09,2022-10-06T18:34:32Z,
cali_hdr,20221006/theta/1f_kitchen_p2_14:38/R0010255.JPG,20221006,theta,indoor,40.363556,-80.187194,376.5,,RICOH THETA Z1,2022:10:06 14:37:37,2022-10-06T18:34:32Z,
cali_hdr,20221006/theta/1f_kitchen_p2_14:38/R0010262.JPG,20221006,theta,indoor,40.363556,-80.187194,376.5,,RICOH THETA Z1,2022:10:06 14:38:21,2022-10-06T18:34:32Z,
cali_hdr,20221006/theta/1f_kitchen_p2_14:38/R0010259.JPG,20221006,theta,indoor,40.363556,-80.187194,376.5,,RICOH THETA Z1,2022:10:06 14:38:03,2022-10-06T18:34:32Z,
cali_hdr,20221006/theta/1f_kitchen_p2_14:38/R0010254.JPG,20221006,theta,indoor,40.363556,-80.187194,376.5,,RICOH THETA Z1,2022:10:06 14:37:30,2022-10-06T18:34:32Z,
cali_hdr,20221006/theta/1f_kitchen_p2_14:38/R0010261.JPG,20221006,theta,indoor,40.363556,-80.187194,376.5,,RICOH THETA Z1,2022:10:06 14:38:16,2022-10-06T18:34:32Z,
cali_hdr,20221006/theta/1f_kitchen_p1_14:34/R0010250.JPG,20221006,theta,indoor,40.363519,-80.1878,382.9,,RICOH THETA Z1,2022:10:06 14:33:58,2022-10-06T18:33:14Z,
cali_hdr,20221006/theta/1f_kitchen_p1_14:34/R0010247.JPG,20221006,theta,indoor,40.363519,-80.1878,382.9,,RICOH THETA Z1,2022:10:06 14:33:39,2022-10-06T18:33:14Z,
cali_hdr,20221006/theta/1f_kitchen_p1_14:34/R0010252.JPG,20221006,theta,indoor,40.363519,-80.1878,382.9,,RICOH THETA Z1,2022:10:06 14:34:11,2022-10-06T18:33:14Z,
cali_hdr,20221006/theta/1f_kitchen_p1_14:34/R0010251.JPG,20221006,theta,indoor,40.363519,-80.1878,382.9,,RICOH THETA Z1,2022:10:06 14:34:04,2022-10-06T18:33:14Z,
cali_hdr,20221006/theta/1f_kitchen_p1_14:34/R0010249.JPG,20221006,theta,indoor,40.363519,-80.1878,382.9,,RICOH THETA Z1,2022:10:06 14:33:52,2022-10-06T18:33:14Z,
cali_hdr,20221006/theta/1f_kitchen_p1_14:34/R0010248.JPG,20221006,theta,indoor,40.363519,-80.1878,382.9,,RICOH THETA Z1,2022:10:06 14:33:45,2022-10-06T18:33:14Z,
cali_hdr,20221006/theta/1f_kitchen_p1_14:34/R0010253.JPG,20221006,theta,indoor,40.363519,-80.1878,382.9,,RICOH THETA Z1,2022:10:06 14:34:17,2022-10-06T18:33:14Z,
cali_hdr,20221006/theta/1f_kitchen_p1_14:34/R0010245.JPG,20221006,theta,indoor,40.363519,-80.1878,382.9,,RICOH THETA Z1,2022:10:06 14:33:25,2022-10-06T18:33:14Z,
cali_hdr,20221006/theta/1f_kitchen_p1_14:34/R0010246.JPG,20221006,theta,indoor,40.363519,-80.1878,382.9,,RICOH THETA Z1,2022:10:06 14:33:33,2022-10-06T18:33:14Z,
cali_hdr,20221006/theta/1f_kitchen_p2_14:40/R0010265.JPG,20221006,theta,indoor,40.3634,-80.187319,377.2,,RICOH THETA Z1,2022:10:06 14:39:35,2022-10-06T18:38:55Z,
cali_hdr,20221006/theta/1f_kitchen_p2_14:40/R0010270.JPG,20221006,theta,indoor,40.3634,-80.187319,377.2,,RICOH THETA Z1,2022:10:06 14:40:07,2022-10-06T18:38:55Z,
cali_hdr,20221006/theta/1f_kitchen_p2_14:40/R0010268.JPG,20221006,theta,indoor,40.3634,-80.187319,377.2,,RICOH THETA Z1,2022:10:06 14:39:54,2022-10-06T18:38:55Z,
cali_hdr,20221006/theta/1f_kitchen_p2_14:40/R0010264.JPG,20221006,theta,indoor,40.3634,-80.187319,377.2,,RICOH THETA Z1,2022:10:06 14:39:28,2022-10-06T18:38:55Z,
cali_hdr,20221006/theta/1f_kitchen_p2_14:40/R0010266.JPG,20221006,theta,indoor,40.3634,-80.187319,377.2,,RICOH THETA Z1,2022:10:06 14:39:41,2022-10-06T18:38:55Z,
cali_hdr,20221006/theta/1f_kitchen_p2_14:40/R0010269.JPG,20221006,theta,indoor,40.3634,-80.187319,377.2,,RICOH THETA Z1,2022:10:06 14:40:01,2022-10-06T18:38:55Z,
cali_hdr,20221006/theta/1f_kitchen_p2_14:40/R0010263.JPG,20221006,theta,indoor,40.3634,-80.187319,377.2,,RICOH THETA Z1,2022:10:06 14:39:21,2022-10-06T18:38:55Z,
cali_hdr,20221006/theta/1f_kitchen_p2_14:40/R0010267.JPG,20221006,theta,indoor,40.3634,-80.187319,377.2,,RICOH THETA Z1,2022:10:06 14:39:48,2022-10-06T18:38:55Z,
cali_hdr,20221006/theta/1f_kitchen_p2_14:40/R0010271.JPG,20221006,theta,indoor,40.3634,-80.187319,377.2,,RICOH THETA Z1,2022:10:06 14:40:13,2022-10-06T18:38:55Z,
cali_hdr,20221014/fisheye/1f_kitchen _14:15/IMG_0024.JPG,20221014,fisheye,outdoor,,,,,Canon EOS 5D Mark II,2022:10:14 14:15:32,,
cali_hdr,20221014/fisheye/1f_kitchen _14:15/IMG_0029.JPG,20221014,fisheye,outdoor,,,,,Canon EOS 5D Mark II,2022:10:14 14:15:35,,
cali_hdr,20221014/fisheye/1f_kitchen _14:15/IMG_0026.JPG,20221014,fisheye,outdoor,,,,,Canon EOS 5D Mark II,2022:10:14 14:15:33,,
cali_hdr,20221014/fisheye/1f_kitchen _14:15/IMG_0027.JPG,20221014,fisheye,outdoor,,,,,Canon EOS 5D Mark II,2022:10:14 14:15:34,,
cali_hdr,20221014/fisheye/1f_kitchen _14:15/IMG_0025.JPG,20221014,fisheye,outdoor,,,,,Canon EOS 5D Mark II,2022:10:14 14:15:33,,
cali_hdr,20221014/fisheye/1f_kitchen _14:15/IMG_0028.JPG,20221014,fisheye,outdoor,,,,,Canon EOS 5D Mark II,2022:10:14 14:15:35,,
cali_hdr,20221014/fisheye/1f_kitchen _14:15/IMG_0023.JPG,20221014,fisheye,outdoor,,,,,Canon EOS 5D Mark II,2022:10:14 14:15:32,,
cali_hdr,20221014/fisheye/1f_kitchen _14:15/IMG_0031.JPG,20221014,fisheye,outdoor,,,,,Canon EOS 5D Mark II,2022:10:14 14:15:37,,
cali_hdr,20221014/fisheye/1f_kitchen _14:15/IMG_0030.JPG,20221014,fisheye,outdoor,,,,,Canon EOS 5D Mark II,2022:10:14 14:15:37,,
cali_hdr,20221014/fisheye/2f_king_bed_13:49/IMG_9954.JPG,20221014,fisheye,outdoor,,,,,Canon EOS 5D Mark II,2022:10:14 13:49:27,,
cali_hdr,20221014/fisheye/2f_king_bed_13:49/IMG_9952.JPG,20221014,fisheye,outdoor,,,,,Canon EOS 5D Mark II,2022:10:14 13:49:26,,
cali_hdr,20221014/fisheye/2f_king_bed_13:49/IMG_9955.JPG,20221014,fisheye,outdoor,,,,,Canon EOS 5D Mark II,2022:10:14 13:49:27,,
cali_hdr,20221014/fisheye/2f_king_bed_13:49/IMG_9957.JPG,20221014,fisheye,outdoor,,,,,Canon EOS 5D Mark II,2022:10:14 13:49:29,,
cali_hdr,20221014/fisheye/2f_king_bed_13:49/IMG_9958.JPG,20221014,fisheye,outdoor,,,,,Canon EOS 5D Mark II,2022:10:14 13:49:30,,
cali_hdr,20221014/fisheye/2f_king_bed_13:49/IMG_9953.JPG,20221014,fisheye,outdoor,,,,,Canon EOS 5D Mark II,2022:10:14 13:49:26,,
cali_hdr,20221014/fisheye/2f_king_bed_13:49/IMG_9956.JPG,20221014,fisheye,outdoor,,,,,Canon EOS 5D Mark II,2022:10:14 13:49:28,,
cali_hdr,20221014/fisheye/2f_king_bed_13:49/IMG_9951.JPG,20221014,fisheye,outdoor,,,,,Canon EOS 5D Mark II,2022:10:14 13:49:25,,
cali_hdr,20221014/fisheye/2f_king_bed_13:49/IMG_9950.JPG,20221014,fisheye,outdoor,,,,,Canon EOS 5D Mark II,2022:10:14 13:49:25,,
cali_hdr,20221014/fisheye/2f_king_bed_16:55/IMG_0266.JPG,20221014,fisheye,outdoor,,,,,Canon EOS 5D Mark II,2022:10:14 16:55:11,,
cali_hdr,20221014/fisheye/2f_king_bed_16:55/IMG_0265.JPG,20221014,fisheye,outdoor,,,,,Canon EOS 5D Mark II,2022:10:14 16:55:10,,
cali_hdr,20221014/fisheye/2f_king_bed_16:55/IMG_0261.JPG,20221014,fisheye,outdoor,,,,,Canon EOS 5D Mark II,2022:10:14 16:55:08,,
cali_hdr,20221014/fisheye/2f_king_bed_16:55/IMG_0262.JPG,20221014,fisheye,outdoor,,,,,Canon EOS 5D Mark II,2022:10:14 16:55:09,,
cali_hdr,20221014/fisheye/2f_king_bed_16:55/IMG_0264.JPG,20221014,fisheye,outdoor,,,,,Canon EOS 5D Mark II,2022:10:14 16:55:10,,
cali_hdr,20221014/fisheye/2f_king_bed_16:55/IMG_0268.JPG,20221014,fisheye,outdoor,,,,,Canon EOS 5D Mark II,2022:10:14 16:55:13,,
cali_hdr,20221014/fisheye/2f_king_bed_16:55/IMG_0267.JPG,20221014,fisheye,outdoor,,,,,Canon EOS 5D Mark II,2022:10:14 16:55:11,,
cali_hdr,20221014/fisheye/2f_king_bed_16:55/IMG_0269.JPG,20221014,fisheye,outdoor,,,,,Canon EOS 5D Mark II,2022:10:14 16:55:13,,
cali_hdr,20221014/fisheye/2f_king_bed_16:55/IMG_0263.JPG,20221014,fisheye,outdoor,,,,,Canon EOS 5D Mark II,2022:10:14 16:55:09,,
cali_hdr,20221014/fisheye/2f_king_bed_15:51/IMG_0171.JPG,20221014,fisheye,outdoor,,,,,Canon EOS 5D Mark II,2022:10:14 15:51:26,,
cali_hdr,20221014/fisheye/2f_king_bed_15:51/IMG_0174.JPG,20221014,fisheye,outdoor,,,,,Canon EOS 5D Mark II,2022:10:14 15:51:27,,
cali_hdr,20221014/fisheye/2f_king_bed_15:51/IMG_0173.JPG,20221014,fisheye,outdoor,,,,,Canon EOS 5D Mark II,2022:10:14 15:51:27,,
cali_hdr,20221014/fisheye/2f_king_bed_15:51/IMG_0176.JPG,20221014,fisheye,outdoor,,,,,Canon EOS 5D Mark II,2022:10:14 15:51:29,,
cali_hdr,20221014/fisheye/2f_king_bed_15:51/IMG_0175.JPG,20221014,fisheye,outdoor,,,,,Canon EOS 5D Mark II,2022:10:14 15:51:28,,
cali_hdr,20221014/fisheye/2f_king_bed_15:51/IMG_0172.JPG,20221014,fisheye,outdoor,,,,,Canon EOS 5D Mark II,2022:10:14 15:51:26,,
cali_hdr,20221014/fisheye/2f_king_bed_15:51/IMG_0177.JPG,20221014,fisheye,outdoor,,,,,Canon EOS 5D Mark II,2022:10:14 15:51:29,,
cali_hdr,20221014/fisheye/2f_king_bed_15:51/IMG_0178.JPG,20221014,fisheye,outdoor,,,,,Canon EOS 5D Mark II,2022:10:14 15:51:31,,
cali_hdr,20221014/fisheye/2f_king_bed_15:51/IMG_0179.JPG,20221014,fisheye,outdoor,,,,,Canon EOS 5D Mark II,2022:10:14 15:51:31,,
cali_hdr,20221014/fisheye/2f_king_bed_14:30/IMG_0060.JPG,20221014,fisheye,outdoor,,,,,Canon EOS 5D Mark II,2022:10:14 14:30:39,,
cali_hdr,20221014/fisheye/2f_king_bed_14:30/IMG_0064.JPG,20221014,fisheye,outdoor,,,,,Canon EOS 5D Mark II,2022:10:14 14:30:41,,
cali_hdr,20221014/fisheye/2f_king_bed_14:30/IMG_0065.JPG,20221014,fisheye,outdoor,,,,,Canon EOS 5D Mark II,2022:10:14 14:30:41,,
cali_hdr,20221014/fisheye/2f_king_bed_14:30/IMG_0063.JPG,20221014,fisheye,outdoor,,,,,Canon EOS 5D Mark II,2022:10:14 14:30:40,,
cali_hdr,20221014/fisheye/2f_king_bed_14:30/IMG_0066.JPG,20221014,fisheye,outdoor,,,,,Canon EOS 5D Mark II,2022:10:14 14:30:43,,
cali_hdr,20221014/fisheye/2f_king_bed_14:30/IMG_0067.JPG,20221014,fisheye,outdoor,,,,,Canon EOS 5D Mark II,2022:10:14 14:30:44,,
cali_hdr,20221014/fisheye/2f_king_bed_14:30/IMG_0059.JPG,20221014,fisheye,outdoor,,,,,Canon EOS 5D Mark II,2022:10:14 14:30:38,,
cali_hdr,20221014/fisheye/2f_king_bed_14:30/IMG_0061.JPG,20221014,fisheye,outdoor,,,,,Canon EOS 5D Mark II,2022:10:14 14:30:39,,
cali_hdr,20221014/fisheye/2f_king_bed_14:30/IMG_0062.JPG,20221014,fisheye,outdoor,,,,,Canon EOS 5D Mark II,2022:10:14 14:30:40,,
cali_hdr,20230630/fisheye/ruth_garden_09:31/IMG_6293.JPG,20230630,fisheye,outdoor,,,,,Canon EOS 5D Mark II,2023:06:30 09:31:54,,
cali_hdr,20230630/fisheye/ruth_garden_09:31/IMG_6296.JPG,20230630,fisheye,outdoor,,,,,Canon EOS 5D Mark II,2023:06:30 09:31:57,,
cali_hdr,20230630/fisheye/ruth_garden_09:31/IMG_6289.JPG,20230630,fisheye,outdoor,,,,,Canon EOS 5D Mark II,2023:06:30 09:31:52,,
cali_hdr,20230630/fisheye/ruth_garden_09:31/IMG_6295.JPG,20230630,fisheye,outdoor,,,,,Canon EOS 5D Mark II,2023:06:30 09:31:55,,
cali_hdr,20230630/fisheye/ruth_garden_09:31/IMG_6290.JPG,20230630,fisheye,outdoor,,,,,Canon EOS 5D Mark II,2023:06:30 09:31:53,,
cali_hdr,20230630/fisheye/ruth_garden_09:31/IMG_6297.JPG,20230630,fisheye,outdoor,,,,,Canon EOS 5D Mark II,2023:06:30 09:31:57,,
cali_hdr,20230630/fisheye/ruth_garden_09:31/IMG_6292.JPG,20230630,fisheye,outdoor,,,,,Canon EOS 5D Mark II,2023:06:30 09:31:54,,
cali_hdr,20230630/fisheye/ruth_garden_09:31/IMG_6291.JPG,20230630,fisheye,outdoor,,,,,Canon EOS 5D Mark II,2023:06:30 09:31:53,,
cali_hdr,20230630/fisheye/ruth_garden_09:31/IMG_6294.JPG,20230630,fisheye,outdoor,,,,,Canon EOS 5D Mark II,2023:06:30 09:31:55,,
cali_hdr,20230630/fisheye/ruth_garden_09:17/IMG_6281.JPG,20230630,fisheye,outdoor,,,,,Canon EOS 5D Mark II,2023:06:30 09:19:00,,
cali_hdr,20230630/fisheye/ruth_garden_09:17/IMG_6288.JPG,20230630,fisheye,outdoor,,,,,Canon EOS 5D Mark II,2023:06:30 09:19:05,,
cali_hdr,20230630/fisheye/ruth_garden_09:17/IMG_6283.JPG,20230630,fisheye,outdoor,,,,,Canon EOS 5D Mark II,2023:06:30 09:19:01,,
cali_hdr,20230630/fisheye/ruth_garden_09:17/IMG_6287.JPG,20230630,fisheye,outdoor,,,,,Canon EOS 5D Mark II,2023:06:30 09:19:04,,
cali_hdr,20230630/fisheye/ruth_garden_09:17/IMG_6286.JPG,20230630,fisheye,outdoor,,,,,Canon EOS 5D Mark II,2023:06:30 09:19:02,,
cali_hdr,20230630/fisheye/ruth_garden_09:17/IMG_6280.JPG,20230630,fisheye,outdoor,,,,,Canon EOS 5D Mark II,2023:06:30 09:18:59,,
cali_hdr,20230630/fisheye/ruth_garden_09:17/IMG_6285.JPG,20230630,fisheye,outdoor,,,,,Canon EOS 5D Mark II,2023:06:30 09:19:02,,
cali_hdr,20230630/fisheye/ruth_garden_09:17/IMG_6284.JPG,20230630,fisheye,outdoor,,,,,Canon EOS 5D Mark II,2023:06:30 09:19:01,,
cali_hdr,20230630/fisheye/ruth_garden_09:17/IMG_6282.JPG,20230630,fisheye,outdoor,,,,,Canon EOS 5D Mark II,2023:06:30 09:19:00,,
cali_hdr,20221014/fisheye/2f_entry_bed_14:37/IMG_0084.JPG,20221014,fisheye,outdoor,,,,,Canon EOS 5D Mark II,2022:10:14 14:37:37,,
cali_hdr,20221014/fisheye/2f_entry_bed_14:37/IMG_0079.JPG,20221014,fisheye,outdoor,,,,,Canon EOS 5D Mark II,2022:10:14 14:37:33,,
cali_hdr,20221014/fisheye/2f_entry_bed_14:37/IMG_0081.JPG,20221014,fisheye,outdoor,,,,,Canon EOS 5D Mark II,2022:10:14 14:37:34,,
cali_hdr,20221014/fisheye/2f_entry_bed_14:37/IMG_0083.JPG,20221014,fisheye,outdoor,,,,,Canon EOS 5D Mark II,2022:10:14 14:37:36,,
cali_hdr,20221014/fisheye/2f_entry_bed_14:37/IMG_0080.JPG,20221014,fisheye,outdoor,,,,,Canon EOS 5D Mark II,2022:10:14 14:37:34,,
cali_hdr,20221014/fisheye/2f_entry_bed_14:37/IMG_0082.JPG,20221014,fisheye,outdoor,,,,,Canon EOS 5D Mark II,2022:10:14 14:37:35,,
cali_hdr,20221014/fisheye/2f_entry_bed_14:37/IMG_0077.JPG,20221014,fisheye,outdoor,,,,,Canon EOS 5D Mark II,2022:10:14 14:37:33,,
cali_hdr,20221014/fisheye/2f_entry_bed_14:37/IMG_0085.JPG,20221014,fisheye,outdoor,,,,,Canon EOS 5D Mark II,2022:10:14 14:37:38,,
cali_hdr,20221014/fisheye/2f_entry_bed_14:37/IMG_0078.JPG,20221014,fisheye,outdoor,,,,,Canon EOS 5D Mark II,2022:10:14 14:37:33,,
cali_hdr,20221014/fisheye/2f_entry_bed_15:56/IMG_0196.JPG,20221014,fisheye,outdoor,,,,,Canon EOS 5D Mark II,2022:10:14 15:56:38,,
cali_hdr,20221014/fisheye/2f_entry_bed_15:56/IMG_0197.JPG,20221014,fisheye,outdoor,,,,,Canon EOS 5D Mark II,2022:10:14 15:56:38,,
cali_hdr,20221014/fisheye/2f_entry_bed_15:56/IMG_0193.JPG,20221014,fisheye,outdoor,,,,,Canon EOS 5D Mark II,2022:10:14 15:56:35,,
cali_hdr,20221014/fisheye/2f_entry_bed_15:56/IMG_0192.JPG,20221014,fisheye,outdoor,,,,,Canon EOS 5D Mark II,2022:10:14 15:56:34,,
cali_hdr,20221014/fisheye/2f_entry_bed_15:56/IMG_0189.JPG,20221014,fisheye,outdoor,,,,,Canon EOS 5D Mark II,2022:10:14 15:56:33,,
cali_hdr,20221014/fisheye/2f_entry_bed_15:56/IMG_0195.JPG,20221014,fisheye,outdoor,,,,,Canon EOS 5D Mark II,2022:10:14 15:56:36,,
cali_hdr,20221014/fisheye/2f_entry_bed_15:56/IMG_0191.JPG,20221014,fisheye,outdoor,,,,,Canon EOS 5D Mark II,2022:10:14 15:56:34,,
cali_hdr,20221014/fisheye/2f_entry_bed_15:56/IMG_0190.JPG,20221014,fisheye,outdoor,,,,,Canon EOS 5D Mark II,2022:10:14 15:56:34,,
cali_hdr,20221014/fisheye/2f_entry_bed_15:56/IMG_0194.JPG,20221014,fisheye,outdoor,,,,,Canon EOS 5D Mark II,2022:10:14 15:56:36,,
cali_hdr,20221014/fisheye/2f_entry_bed_13:58/IMG_9973.JPG,20221014,fisheye,outdoor,,,,,Canon EOS 5D Mark II,2022:10:14 13:58:47,,
cali_hdr,20221014/fisheye/2f_entry_bed_13:58/IMG_9969.JPG,20221014,fisheye,outdoor,,,,,Canon EOS 5D Mark II,2022:10:14 13:58:45,,
cali_hdr,20221014/fisheye/2f_entry_bed_13:58/IMG_9972.JPG,20221014,fisheye,outdoor,,,,,Canon EOS 5D Mark II,2022:10:14 13:58:46,,
cali_hdr,20221014/fisheye/2f_entry_bed_13:58/IMG_9970.JPG,20221014,fisheye,outdoor,,,,,Canon EOS 5D Mark II,2022:10:14 13:58:45,,
cali_hdr,20221014/fisheye/2f_entry_bed_13:58/IMG_9975.JPG,20221014,fisheye,outdoor,,,,,Canon EOS 5D Mark II,2022:10:14 13:58:49,,
cali_hdr,20221014/fisheye/2f_entry_bed_13:58/IMG_9971.JPG,20221014,fisheye,outdoor,,,,,Canon EOS 5D Mark II,2022:10:14 13:58:46,,
cali_hdr,20221014/fisheye/2f_entry_bed_13:58/IMG_9968.JPG,20221014,fisheye,outdoor,,,,,Canon EOS 5D Mark II,2022:10:14 13:58:44,,
cali_hdr,20221014/fisheye/2f_entry_bed_13:58/IMG_9974.JPG,20221014,fisheye,outdoor,,,,,Canon EOS 5D Mark II,2022:10:14 13:58:47,,
cali_hdr,20221014/fisheye/2f_entry_bed_13:58/IMG_9976.JPG,20221014,fisheye,outdoor,,,,,Canon EOS 5D Mark II,2022:10:14 13:58:49,,
cali_hdr,20221014/fisheye/2f_entry_bed_17:01/IMG_0289.JPG,20221014,fisheye,outdoor,,,,,Canon EOS 5D Mark II,2022:10:14 17:00:51,,
cali_hdr,20221014/fisheye/2f_entry_bed_17:01/IMG_0294.JPG,20221014,fisheye,outdoor,,,,,Canon EOS 5D Mark II,2022:10:14 17:00:54,,
cali_hdr,20221014/fisheye/2f_entry_bed_17:01/IMG_0293.JPG,20221014,fisheye,outdoor,,,,,Canon EOS 5D Mark II,2022:10:14 17:00:53,,
cali_hdr,20221014/fisheye/2f_entry_bed_17:01/IMG_0290.JPG,20221014,fisheye,outdoor,,,,,Canon EOS 5D Mark II,2022:10:14 17:00:52,,
cali_hdr,20221014/fisheye/2f_entry_bed_17:01/IMG_0292.JPG,20221014,fisheye,outdoor,,,,,Canon EOS 5D Mark II,2022:10:14 17:00:53,,
cali_hdr,20221014/fisheye/2f_entry_bed_17:01/IMG_0291.JPG,20221014,fisheye,outdoor,,,,,Canon EOS 5D Mark II,2022:10:14 17:00:52,,
cali_hdr,20221014/fisheye/2f_entry_bed_17:01/IMG_0296.JPG,20221014,fisheye,outdoor,,,,,Canon EOS 5D Mark II,2022:10:14 17:00:56,,
cali_hdr,20221014/fisheye/2f_entry_bed_17:01/IMG_0288.JPG,20221014,fisheye,outdoor,,,,,Canon EOS 5D Mark II,2022:10:14 17:00:51,,
cali_hdr,20221014/fisheye/2f_entry_bed_17:01/IMG_0295.JPG,20221014,fisheye,outdoor,,,,,Canon EOS 5D Mark II,2022:10:14 17:00:56,,
cali_hdr,20230707/fisheye/1821_murdoch_13:40/IMG_6406.JPG,20230707,fisheye,outdoor,,,,,Canon EOS 5D Mark II,2023:07:07 13:41:55,,
cali_hdr,20230707/fisheye/1821_murdoch_13:40/IMG_6414.JPG,20230707,fisheye,outdoor,,,,,Canon EOS 5D Mark II,2023:07:07 13:42:00,,
cali_hdr,20230707/fisheye/1821_murdoch_13:40/IMG_6407.JPG,20230707,fisheye,outdoor,,,,,Canon EOS 5D Mark II,2023:07:07 13:41:55,,
cali_hdr,20230707/fisheye/1821_murdoch_13:40/IMG_6411.JPG,20230707,fisheye,outdoor,,,,,Canon EOS 5D Mark II,2023:07:07 13:41:57,,
cali_hdr,20230707/fisheye/1821_murdoch_13:40/IMG_6410.JPG,20230707,fisheye,outdoor,,,,,Canon EOS 5D Mark II,2023:07:07 13:41:57,,
cali_hdr,20230707/fisheye/1821_murdoch_13:40/IMG_6413.JPG,20230707,fisheye,outdoor,,,,,Canon EOS 5D Mark II,2023:07:07 13:41:59,,
cali_hdr,20230707/fisheye/1821_murdoch_13:40/IMG_6409.JPG,20230707,fisheye,outdoor,,,,,Canon EOS 5D Mark II,2023:07:07 13:41:56,,
cali_hdr,20230707/fisheye/1821_murdoch_13:40/IMG_6408.JPG,20230707,fisheye,outdoor,,,,,Canon EOS 5D Mark II,2023:07:07 13:41:56,,
cali_hdr,20230707/fisheye/1821_murdoch_13:40/IMG_6412.JPG,20230707,fisheye,outdoor,,,,,Canon EOS 5D Mark II,2023:07:07 13:41:58,,
cali_hdr,20230707/fisheye/1821_murdoch_13:27/IMG_6388.JPG,20230707,fisheye,outdoor,,,,,Canon EOS 5D Mark II,2023:07:07 13:28:47,,
cali_hdr,20230707/fisheye/1821_murdoch_13:27/IMG_6390.JPG,20230707,fisheye,outdoor,,,,,Canon EOS 5D Mark II,2023:07:07 13:28:48,,
cali_hdr,20230707/fisheye/1821_murdoch_13:27/IMG_6396.JPG,20230707,fisheye,outdoor,,,,,Canon EOS 5D Mark II,2023:07:07 13:28:52,,
cali_hdr,20230707/fisheye/1821_murdoch_13:27/IMG_6391.JPG,20230707,fisheye,outdoor,,,,,Canon EOS 5D Mark II,2023:07:07 13:28:48,,
cali_hdr,20230707/fisheye/1821_murdoch_13:27/IMG_6389.JPG,20230707,fisheye,outdoor,,,,,Canon EOS 5D Mark II,2023:07:07 13:28:47,,
cali_hdr,20230707/fisheye/1821_murdoch_13:27/IMG_6392.JPG,20230707,fisheye,outdoor,,,,,Canon EOS 5D Mark II,2023:07:07 13:28:49,,
cali_hdr,20230707/fisheye/1821_murdoch_13:27/IMG_6393.JPG,20230707,fisheye,outdoor,,,,,Canon EOS 5D Mark II,2023:07:07 13:28:49,,
cali_hdr,20230707/fisheye/1821_murdoch_13:27/IMG_6394.JPG,20230707,fisheye,outdoor,,,,,Canon EOS 5D Mark II,2023:07:07 13:28:50,,
cali_hdr,20230707/fisheye/1821_murdoch_13:27/IMG_6395.JPG,20230707,fisheye,outdoor,,,,,Canon EOS 5D Mark II,2023:07:07 13:28:51,,
cali_hdr,20221006/fisheye/1f_kitchen_p1_14:36/IMG_9626.JPG,20221006,fisheye,outdoor,,,,,Canon EOS 5D Mark II,2022:10:06 14:36:07,,
cali_hdr,20221006/fisheye/1f_kitchen_p1_14:36/IMG_9624.JPG,20221006,fisheye,outdoor,,,,,Canon EOS 5D Mark II,2022:10:06 14:36:06,,
cali_hdr,20221006/fisheye/1f_kitchen_p1_14:36/IMG_9620.JPG,20221006,fisheye,outdoor,,,,,Canon EOS 5D Mark II,2022:10:06 14:36:04,,
cali_hdr,20221006/fisheye/1f_kitchen_p1_14:36/IMG_9623.JPG,20221006,fisheye,outdoor,,,,,Canon EOS 5D Mark II,2022:10:06 14:36:05,,
cali_hdr,20221006/fisheye/1f_kitchen_p1_14:36/IMG_9627.JPG,20221006,fisheye,outdoor,,,,,Canon EOS 5D Mark II,2022:10:06 14:36:08,,
cali_hdr,20221006/fisheye/1f_kitchen_p1_14:36/IMG_9622.JPG,20221006,fisheye,outdoor,,,,,Canon EOS 5D Mark II,2022:10:06 14:36:05,,
cali_hdr,20221006/fisheye/1f_kitchen_p1_14:36/IMG_9621.JPG,20221006,fisheye,outdoor,,,,,Canon EOS 5D Mark II,2022:10:06 14:36:04,,
cali_hdr,20221006/fisheye/1f_kitchen_p1_14:36/IMG_9628.JPG,20221006,fisheye,outdoor,,,,,Canon EOS 5D Mark II,2022:10:06 14:36:09,,
cali_hdr,20221006/fisheye/1f_kitchen_p1_14:36/IMG_9625.JPG,20221006,fisheye,outdoor,,,,,Canon EOS 5D Mark II,2022:10:06 14:36:06,,
cali_hdr,20230709/essex/theta/essex_bed_14:20/R0011567.JPG,20230709,essex,indoor,40.457264,-79.933294,302.9,178.2,RICOH THETA Z1,2023:07:09 14:21:14,2023-07-09T18:20:04Z,
cali_hdr,20230709/essex/theta/essex_bed_14:20/R0011564.JPG,20230709,essex,indoor,40.457264,-79.933294,302.9,178.6,RICOH THETA Z1,2023:07:09 14:20:56,2023-07-09T18:20:04Z,
cali_hdr,20230709/essex/theta/essex_bed_14:20/R0011565.JPG,20230709,essex,indoor,40.457264,-79.933294,302.9,178.0,RICOH THETA Z1,2023:07:09 14:21:02,2023-07-09T18:20:04Z,
cali_hdr,20230709/essex/theta/essex_bed_14:20/R0011560.JPG,20230709,essex,indoor,40.457264,-79.933294,302.9,183.0,RICOH THETA Z1,2023:07:09 14:20:30,2023-07-09T18:20:04Z,
cali_hdr,20230709/essex/theta/essex_bed_14:20/R0011568.JPG,20230709,essex,indoor,40.457264,-79.933294,302.9,182.1,RICOH THETA Z1,2023:07:09 14:21:20,2023-07-09T18:20:04Z,
cali_hdr,20230709/essex/theta/essex_bed_14:20/R0011562.JPG,20230709,essex,indoor,40.457264,-79.933294,302.9,182.9,RICOH THETA Z1,2023:07:09 14:20:43,2023-07-09T18:20:04Z,
cali_hdr,20230709/essex/theta/essex_bed_14:20/R0011561.JPG,20230709,essex,indoor,40.457264,-79.933294,302.9,181.7,RICOH THETA Z1,2023:07:09 14:20:37,2023-07-09T18:20:04Z,
cali_hdr,20230709/essex/theta/essex_bed_14:20/R0011566.JPG,20230709,essex,indoor,40.457264,-79.933294,302.9,178.3,RICOH THETA Z1,2023:07:09 14:21:08,2023-07-09T18:20:04Z,
cali_hdr,20230709/essex/theta/essex_bed_14:20/R0011563.JPG,20230709,essex,indoor,40.457264,-79.933294,302.9,180.8,RICOH THETA Z1,2023:07:09 14:20:50,2023-07-09T18:20:04Z,
cali_hdr,20230709/essex/theta/essex_bed_14:48/R0011652.JPG,20230709,essex,indoor,40.457236,-79.933147,307.9,178.0,RICOH THETA Z1,2023:07:09 14:49:07,2023-07-09T18:48:04Z,
cali_hdr,20230709/essex/theta/essex_bed_14:48/R0011656.JPG,20230709,essex,indoor,40.457236,-79.933147,307.9,178.4,RICOH THETA Z1,2023:07:09 14:49:34,2023-07-09T18:48:04Z,
cali_hdr,20230709/essex/theta/essex_bed_14:48/R0011651.JPG,20230709,essex,indoor,40.457236,-79.933147,307.9,183.1,RICOH THETA Z1,2023:07:09 14:49:01,2023-07-09T18:48:04Z,
cali_hdr,20230709/essex/theta/essex_bed_14:48/R0011657.JPG,20230709,essex,indoor,40.457236,-79.933147,307.9,181.1,RICOH THETA Z1,2023:07:09 14:49:40,2023-07-09T18:48:04Z,
cali_hdr,20230709/essex/theta/essex_bed_14:48/R0011650.JPG,20230709,essex,indoor,40.457236,-79.933147,307.9,185.1,RICOH THETA Z1,2023:07:09 14:48:54,2023-07-09T18:48:04Z,
cali_hdr,20230709/essex/theta/essex_bed_14:48/R0011653.JPG,20230709,essex,indoor,40.457236,-79.933147,307.9,178.2,RICOH THETA Z1,2023:07:09 14:49:14,2023-07-09T18:48:04Z,
cali_hdr,20230709/essex/theta/essex_bed_14:48/R0011658.JPG,20230709,essex,indoor,40.457236,-79.933147,307.9,181.1,RICOH THETA Z1,2023:07:09 14:49:47,2023-07-09T18:48:04Z,
cali_hdr,20230709/essex/theta/essex_bed_14:48/R0011654.JPG,20230709,essex,indoor,40.457236,-79.933147,307.9,182.5,RICOH THETA Z1,2023:07:09 14:49:20,2023-07-09T18:48:04Z,
cali_hdr,20230709/essex/theta/essex_bed_14:48/R0011655.JPG,20230709,essex,indoor,40.457236,-79.933147,307.9,182.3,RICOH THETA Z1,2023:07:09 14:49:27,2023-07-09T18:48:04Z,
cali_hdr,20230709/essex/theta/essex_bed_14:26/R0011579.JPG,20230709,essex,indoor,40.457394,-79.933297,302.9,184.8,RICOH THETA Z1,2023:07:09 14:26:42,2023-07-09T18:23:36Z,
cali_hdr,20230709/essex/theta/essex_bed_14:26/R0011584.JPG,20230709,essex,indoor,40.457394,-79.933297,302.9,185.0,RICOH THETA Z1,2023:07:09 14:27:12,2023-07-09T18:23:36Z,
cali_hdr,20230709/essex/theta/essex_bed_14:26/R0011580.JPG,20230709,essex,indoor,40.457394,-79.933297,302.9,190.7,RICOH THETA Z1,2023:07:09 14:26:48,2023-07-09T18:23:36Z,
cali_hdr,20230709/essex/theta/essex_bed_14:26/R0011581.JPG,20230709,essex,indoor,40.457394,-79.933297,302.9,185.1,RICOH THETA Z1,2023:07:09 14:26:55,2023-07-09T18:23:36Z,
cali_hdr,20230709/essex/theta/essex_bed_14:26/R0011578.JPG,20230709,essex,indoor,40.457394,-79.933297,302.9,183.6,RICOH THETA Z1,2023:07:09 14:26:35,2023-07-09T18:23:36Z,
cali_hdr,20230709/essex/theta/essex_bed_14:26/R0011585.JPG,20230709,essex,indoor,40.457394,-79.933297,302.9,186.6,RICOH THETA Z1,2023:07:09 14:27:18,2023-07-09T18:23:36Z,
cali_hdr,20230709/essex/theta/essex_bed_14:26/R0011582.JPG,20230709,essex,indoor,40.457394,-79.933297,302.9,191.1,RICOH THETA Z1,2023:07:09 14:27:01,2023-07-09T18:23:36Z,
cali_hdr,20230709/essex/theta/essex_bed_14:26/R0011586.JPG,20230709,essex,indoor,40.457394,-79.933297,302.9,185.1,RICOH THETA Z1,2023:07:09 14:27:24,2023-07-09T18:23:36Z,
cali_hdr,20230709/essex/theta/essex_bed_14:26/R0011583.JPG,20230709,essex,indoor,40.457394,-79.933297,302.9,183.1,RICOH THETA Z1,2023:07:09 14:27:06,2023-07-09T18:23:36Z,
cali_hdr,20230709/essex/theta/essex_bed_14:19/R0011558.JPG,20230709,essex,indoor,40.457369,-79.933189,272.1,178.6,RICOH THETA Z1,2023:07:09 14:19:41,2023-07-09T18:17:56Z,
cali_hdr,20230709/essex/theta/essex_bed_14:19/R0011554.JPG,20230709,essex,indoor,40.457369,-79.933189,272.1,185.8,RICOH THETA Z1,2023:07:09 14:19:17,2023-07-09T18:17:56Z,
cali_hdr,20230709/essex/theta/essex_bed_14:19/R0011559.JPG,20230709,essex,indoor,40.457369,-79.933189,272.1,182.5,RICOH THETA Z1,2023:07:09 14:19:47,2023-07-09T18:17:56Z,
cali_hdr,20230709/essex/theta/essex_bed_14:19/R0011551.JPG,20230709,essex,indoor,40.457369,-79.933189,272.1,179.8,RICOH THETA Z1,2023:07:09 14:18:57,2023-07-09T18:17:56Z,
cali_hdr,20230709/essex/theta/essex_bed_14:19/R0011552.JPG,20230709,essex,indoor,40.457369,-79.933189,272.1,175.1,RICOH THETA Z1,2023:07:09 14:19:04,2023-07-09T18:17:56Z,
cali_hdr,20230709/essex/theta/essex_bed_14:19/R0011557.JPG,20230709,essex,indoor,40.457369,-79.933189,272.1,186.8,RICOH THETA Z1,2023:07:09 14:19:35,2023-07-09T18:17:56Z,
cali_hdr,20230709/essex/theta/essex_bed_14:19/R0011556.JPG,20230709,essex,indoor,40.457369,-79.933189,272.1,181.0,RICOH THETA Z1,2023:07:09 14:19:29,2023-07-09T18:17:56Z,
cali_hdr,20230709/essex/theta/essex_bed_14:19/R0011555.JPG,20230709,essex,indoor,40.457369,-79.933189,272.1,186.9,RICOH THETA Z1,2023:07:09 14:19:23,2023-07-09T18:17:56Z,
cali_hdr,20230709/essex/theta/essex_bed_14:19/R0011553.JPG,20230709,essex,indoor,40.457369,-79.933189,272.1,183.1,RICOH THETA Z1,2023:07:09 14:19:11,2023-07-09T18:17:56Z,
cali_hdr,20230709/essex/theta/essex_bed_14:37/R0011620.JPG,20230709,essex,indoor,40.457344,-79.93325,271.4,185.1,RICOH THETA Z1,2023:07:09 14:38:08,2023-07-09T18:36:46Z,
cali_hdr,20230709/essex/theta/essex_bed_14:37/R0011614.JPG,20230709,essex,indoor,40.457344,-79.93325,271.4,183.8,RICOH THETA Z1,2023:07:09 14:37:28,2023-07-09T18:36:46Z,
cali_hdr,20230709/essex/theta/essex_bed_14:37/R0011616.JPG,20230709,essex,indoor,40.457344,-79.93325,271.4,194.4,RICOH THETA Z1,2023:07:09 14:37:42,2023-07-09T18:36:46Z,
cali_hdr,20230709/essex/theta/essex_bed_14:37/R0011622.JPG,20230709,essex,indoor,40.457344,-79.93325,271.4,185.2,RICOH THETA Z1,2023:07:09 14:38:21,2023-07-09T18:36:46Z,
cali_hdr,20230709/essex/theta/essex_bed_14:37/R0011619.JPG,20230709,essex,indoor,40.457344,-79.93325,271.4,197.2,RICOH THETA Z1,2023:07:09 14:38:02,2023-07-09T18:36:46Z,
cali_hdr,20230709/essex/theta/essex_bed_14:37/R0011621.JPG,20230709,essex,indoor,40.457344,-79.93325,271.4,184.1,RICOH THETA Z1,2023:07:09 14:38:15,2023-07-09T18:36:46Z,
cali_hdr,20230709/essex/theta/essex_bed_14:37/R0011615.JPG,20230709,essex,indoor,40.457344,-79.93325,271.4,187.4,RICOH THETA Z1,2023:07:09 14:37:36,2023-07-09T18:36:46Z,
cali_hdr,20230709/essex/theta/essex_bed_14:37/R0011618.JPG,20230709,essex,indoor,40.457344,-79.93325,271.4,186.7,RICOH THETA Z1,2023:07:09 14:37:55,2023-07-09T18:36:46Z,
cali_hdr,20230709/essex/theta/essex_bed_14:37/R0011617.JPG,20230709,essex,indoor,40.457344,-79.93325,271.4,188.5,RICOH THETA Z1,2023:07:09 14:37:48,2023-07-09T18:36:46Z,
cali_hdr,20230709/essex/theta/essex_bed_14:51/R0011667.JPG,20230709,essex,indoor,40.457236,-79.933147,307.9,183.2,RICOH THETA Z1,2023:07:09 14:52:16,2023-07-09T18:48:04Z,
cali_hdr,20230709/essex/theta/essex_bed_14:51/R0011665.JPG,20230709,essex,indoor,40.457236,-79.933147,307.9,177.8,RICOH THETA Z1,2023:07:09 14:52:03,2023-07-09T18:48:04Z,
cali_hdr,20230709/essex/theta/essex_bed_14:51/R0011661.JPG,20230709,essex,indoor,40.457236,-79.933147,307.9,185.0,RICOH THETA Z1,2023:07:09 14:51:38,2023-07-09T18:48:04Z,
cali_hdr,20230709/essex/theta/essex_bed_14:51/R0011663.JPG,20230709,essex,indoor,40.457236,-79.933147,307.9,182.9,RICOH THETA Z1,2023:07:09 14:51:51,2023-07-09T18:48:04Z,
cali_hdr,20230709/essex/theta/essex_bed_14:51/R0011662.JPG,20230709,essex,indoor,40.457236,-79.933147,307.9,182.6,RICOH THETA Z1,2023:07:09 14:51:45,2023-07-09T18:48:04Z,
cali_hdr,20230709/essex/theta/essex_bed_14:51/R0011664.JPG,20230709,essex,indoor,40.457236,-79.933147,307.9,187.2,RICOH THETA Z1,2023:07:09 14:51:57,2023-07-09T18:48:04Z,
cali_hdr,20230709/essex/theta/essex_bed_14:51/R0011666.JPG,20230709,essex,indoor,40.457236,-79.933147,307.9,183.4,RICOH THETA Z1,2023:07:09 14:52:10,2023-07-09T18:48:04Z,
cali_hdr,20230709/essex/theta/essex_bed_14:51/R0011660.JPG,20230709,essex,indoor,40.457236,-79.933147,307.9,188.0,RICOH THETA Z1,2023:07:09 14:51:32,2023-07-09T18:48:04Z,
cali_hdr,20230709/essex/theta/essex_bed_14:51/R0011659.JPG,20230709,essex,indoor,40.457236,-79.933147,307.9,187.6,RICOH THETA Z1,2023:07:09 14:51:24,2023-07-09T18:48:04Z,
cali_hdr,20230709/essex/theta/essex_bed_14:39/R0011630.JPG,20230709,essex,indoor,40.457344,-79.93325,271.4,187.0,RICOH THETA Z1,2023:07:09 14:40:50,2023-07-09T18:36:46Z,
cali_hdr,20230709/essex/theta/essex_bed_14:39/R0011626.JPG,20230709,essex,indoor,40.457344,-79.93325,271.4,188.2,RICOH THETA Z1,2023:07:09 14:40:24,2023-07-09T18:36:46Z,
cali_hdr,20230709/essex/theta/essex_bed_14:39/R0011624.JPG,20230709,essex,indoor,40.457344,-79.93325,271.4,183.5,RICOH THETA Z1,2023:07:09 14:40:11,2023-07-09T18:36:46Z,
cali_hdr,20230709/essex/theta/essex_bed_14:39/R0011631.JPG,20230709,essex,indoor,40.457344,-79.93325,271.4,182.2,RICOH THETA Z1,2023:07:09 14:40:56,2023-07-09T18:36:46Z,
cali_hdr,20230709/essex/theta/essex_bed_14:39/R0011628.JPG,20230709,essex,indoor,40.457344,-79.93325,271.4,187.3,RICOH THETA Z1,2023:07:09 14:40:37,2023-07-09T18:36:46Z,
cali_hdr,20230709/essex/theta/essex_bed_14:39/R0011629.JPG,20230709,essex,indoor,40.457344,-79.93325,271.4,190.2,RICOH THETA Z1,2023:07:09 14:40:43,2023-07-09T18:36:46Z,
cali_hdr,20230709/essex/theta/essex_bed_14:39/R0011623.JPG,20230709,essex,indoor,40.457344,-79.93325,271.4,186.8,RICOH THETA Z1,2023:07:09 14:40:04,2023-07-09T18:36:46Z,
cali_hdr,20230709/essex/theta/essex_bed_14:39/R0011625.JPG,20230709,essex,indoor,40.457344,-79.93325,271.4,189.6,RICOH THETA Z1,2023:07:09 14:40:18,2023-07-09T18:36:46Z,
cali_hdr,20230709/essex/theta/essex_bed_14:39/R0011627.JPG,20230709,essex,indoor,40.457344,-79.93325,271.4,187.4,RICOH THETA Z1,2023:07:09 14:40:30,2023-07-09T18:36:46Z,
cali_hdr,20230709/essex/theta/essex_bed_14:42/R0011640.JPG,20230709,essex,indoor,40.457381,-79.933389,302.2,182.5,RICOH THETA Z1,2023:07:09 14:43:20,2023-07-09T18:41:20Z,
cali_hdr,20230709/essex/theta/essex_bed_14:42/R0011634.JPG,20230709,essex,indoor,40.457381,-79.933389,302.2,189.5,RICOH THETA Z1,2023:07:09 14:42:42,2023-07-09T18:41:20Z,
cali_hdr,20230709/essex/theta/essex_bed_14:42/R0011637.JPG,20230709,essex,indoor,40.457381,-79.933389,302.2,180.0,RICOH THETA Z1,2023:07:09 14:43:01,2023-07-09T18:41:20Z,
cali_hdr,20230709/essex/theta/essex_bed_14:42/R0011632.JPG,20230709,essex,indoor,40.457381,-79.933389,302.2,188.0,RICOH THETA Z1,2023:07:09 14:42:28,2023-07-09T18:41:20Z,
cali_hdr,20230709/essex/theta/essex_bed_14:42/R0011636.JPG,20230709,essex,indoor,40.457381,-79.933389,302.2,185.8,RICOH THETA Z1,2023:07:09 14:42:54,2023-07-09T18:41:20Z,
cali_hdr,20230709/essex/theta/essex_bed_14:42/R0011639.JPG,20230709,essex,indoor,40.457381,-79.933389,302.2,182.3,RICOH THETA Z1,2023:07:09 14:43:14,2023-07-09T18:41:20Z,
cali_hdr,20230709/essex/theta/essex_bed_14:42/R0011638.JPG,20230709,essex,indoor,40.457381,-79.933389,302.2,187.4,RICOH THETA Z1,2023:07:09 14:43:07,2023-07-09T18:41:20Z,
cali_hdr,20230709/essex/theta/essex_bed_14:42/R0011635.JPG,20230709,essex,indoor,40.457381,-79.933389,302.2,188.1,RICOH THETA Z1,2023:07:09 14:42:48,2023-07-09T18:41:20Z,
cali_hdr,20230709/essex/theta/essex_bed_14:42/R0011633.JPG,20230709,essex,indoor,40.457381,-79.933389,302.2,187.4,RICOH THETA Z1,2023:07:09 14:42:35,2023-07-09T18:41:20Z,
cali_hdr,20230709/essex/theta/essex_bed_14:23/R0011577.JPG,20230709,essex,indoor,40.457394,-79.933297,302.9,189.5,RICOH THETA Z1,2023:07:09 14:24:38,2023-07-09T18:23:36Z,
cali_hdr,20230709/essex/theta/essex_bed_14:23/R0011574.JPG,20230709,essex,indoor,40.457394,-79.933297,302.9,190.2,RICOH THETA Z1,2023:07:09 14:24:19,2023-07-09T18:23:36Z,
cali_hdr,20230709/essex/theta/essex_bed_14:23/R0011570.JPG,20230709,essex,indoor,40.457394,-79.933297,302.9,190.1,RICOH THETA Z1,2023:07:09 14:23:54,2023-07-09T18:23:36Z,
cali_hdr,20230709/essex/theta/essex_bed_14:23/R0011576.JPG,20230709,essex,indoor,40.457394,-79.933297,302.9,189.2,RICOH THETA Z1,2023:07:09 14:24:32,2023-07-09T18:23:36Z,
cali_hdr,20230709/essex/theta/essex_bed_14:23/R0011573.JPG,20230709,essex,indoor,40.457394,-79.933297,302.9,186.2,RICOH THETA Z1,2023:07:09 14:24:13,2023-07-09T18:23:36Z,
cali_hdr,20230709/essex/theta/essex_bed_14:23/R0011569.JPG,20230709,essex,indoor,40.457394,-79.933297,302.9,183.1,RICOH THETA Z1,2023:07:09 14:23:47,2023-07-09T18:23:36Z,
cali_hdr,20230709/essex/theta/essex_bed_14:23/R0011571.JPG,20230709,essex,indoor,40.457394,-79.933297,302.9,188.7,RICOH THETA Z1,2023:07:09 14:24:00,2023-07-09T18:23:36Z,
cali_hdr,20230709/essex/theta/essex_bed_14:23/R0011575.JPG,20230709,essex,indoor,40.457394,-79.933297,302.9,195.9,RICOH THETA Z1,2023:07:09 14:24:25,2023-07-09T18:23:36Z,
cali_hdr,20230709/essex/theta/essex_bed_14:23/R0011572.JPG,20230709,essex,indoor,40.457394,-79.933297,302.9,184.4,RICOH THETA Z1,2023:07:09 14:24:07,2023-07-09T18:23:36Z,
cali_hdr,20230709/essex/theta/essex_bed_14:31/R0011593.JPG,20230709,essex,indoor,40.4574,-79.9333,270.4,181.6,RICOH THETA Z1,2023:07:09 14:31:59,2023-07-09T18:31:10Z,
cali_hdr,20230709/essex/theta/essex_bed_14:31/R0011595.JPG,20230709,essex,indoor,40.4574,-79.9333,270.4,182.7,RICOH THETA Z1,2023:07:09 14:32:11,2023-07-09T18:31:10Z,
cali_hdr,20230709/essex/theta/essex_bed_14:31/R0011588.JPG,20230709,essex,indoor,40.4574,-79.9333,270.4,182.7,RICOH THETA Z1,2023:07:09 14:31:28,2023-07-09T18:31:10Z,
cali_hdr,20230709/essex/theta/essex_bed_14:31/R0011594.JPG,20230709,essex,indoor,40.4574,-79.9333,270.4,176.5,RICOH THETA Z1,2023:07:09 14:32:05,2023-07-09T18:31:10Z,
cali_hdr,20230709/essex/theta/essex_bed_14:31/R0011590.JPG,20230709,essex,indoor,40.4574,-79.9333,270.4,185.1,RICOH THETA Z1,2023:07:09 14:31:40,2023-07-09T18:31:10Z,
cali_hdr,20230709/essex/theta/essex_bed_14:31/R0011587.JPG,20230709,essex,indoor,40.4574,-79.9333,270.4,185.1,RICOH THETA Z1,2023:07:09 14:31:21,2023-07-09T18:31:10Z,
cali_hdr,20230709/essex/theta/essex_bed_14:31/R0011589.JPG,20230709,essex,indoor,40.4574,-79.9333,270.4,186.7,RICOH THETA Z1,2023:07:09 14:31:34,2023-07-09T18:31:10Z,
cali_hdr,20230709/essex/theta/essex_bed_14:31/R0011591.JPG,20230709,essex,indoor,40.4574,-79.9333,270.4,186.9,RICOH THETA Z1,2023:07:09 14:31:46,2023-07-09T18:31:10Z,
cali_hdr,20230709/essex/theta/essex_bed_14:31/R0011592.JPG,20230709,essex,indoor,40.4574,-79.9333,270.4,182.9,RICOH THETA Z1,2023:07:09 14:31:52,2023-07-09T18:31:10Z,
cali_hdr,20230709/essex/fisheye/essex_bed_14:16/IMG_6448.JPG,20230709,essex,outdoor,,,,,Canon EOS 5D Mark II,2023:07:09 14:18:06,,
cali_hdr,20230709/essex/fisheye/essex_bed_14:16/IMG_6445.JPG,20230709,essex,outdoor,,,,,Canon EOS 5D Mark II,2023:07:09 14:18:04,,
cali_hdr,20230709/essex/fisheye/essex_bed_14:16/IMG_6444.JPG,20230709,essex,outdoor,,,,,Canon EOS 5D Mark II,2023:07:09 14:18:04,,
cali_hdr,20230709/essex/fisheye/essex_bed_14:16/IMG_6447.JPG,20230709,essex,outdoor,,,,,Canon EOS 5D Mark II,2023:07:09 14:18:05,,
cali_hdr,20230709/essex/fisheye/essex_bed_14:16/IMG_6449.JPG,20230709,essex,outdoor,,,,,Canon EOS 5D Mark II,2023:07:09 14:18:07,,
cali_hdr,20230709/essex/fisheye/essex_bed_14:16/IMG_6443.JPG,20230709,essex,outdoor,,,,,Canon EOS 5D Mark II,2023:07:09 14:18:03,,
cali_hdr,20230709/essex/fisheye/essex_bed_14:16/IMG_6450.JPG,20230709,essex,outdoor,,,,,Canon EOS 5D Mark II,2023:07:09 14:18:08,,
cali_hdr,20230709/essex/fisheye/essex_bed_14:16/IMG_6446.JPG,20230709,essex,outdoor,,,,,Canon EOS 5D Mark II,2023:07:09 14:18:05,,
cali_hdr,20230709/essex/fisheye/essex_bed_14:16/IMG_6442.JPG,20230709,essex,outdoor,,,,,Canon EOS 5D Mark II,2023:07:09 14:18:03,,
cali_hdr,20230709/essex/fisheye/essex_bed_14:53/IMG_6468.JPG,20230709,essex,outdoor,,,,,Canon EOS 5D Mark II,2023:07:09 14:54:45,,
cali_hdr,20230709/essex/fisheye/essex_bed_14:53/IMG_6465.JPG,20230709,essex,outdoor,,,,,Canon EOS 5D Mark II,2023:07:09 14:54:43,,
cali_hdr,20230709/essex/fisheye/essex_bed_14:53/IMG_6466.JPG,20230709,essex,outdoor,,,,,Canon EOS 5D Mark II,2023:07:09 14:54:43,,
cali_hdr,20230709/essex/fisheye/essex_bed_14:53/IMG_6461.JPG,20230709,essex,outdoor,,,,,Canon EOS 5D Mark II,2023:07:09 14:54:40,,
cali_hdr,20230709/essex/fisheye/essex_bed_14:53/IMG_6463.JPG,20230709,essex,outdoor,,,,,Canon EOS 5D Mark II,2023:07:09 14:54:41,,
cali_hdr,20230709/essex/fisheye/essex_bed_14:53/IMG_6462.JPG,20230709,essex,outdoor,,,,,Canon EOS 5D Mark II,2023:07:09 14:54:41,,
cali_hdr,20230709/essex/fisheye/essex_bed_14:53/IMG_6460.JPG,20230709,essex,outdoor,,,,,Canon EOS 5D Mark II,2023:07:09 14:54:40,,
cali_hdr,20230709/essex/fisheye/essex_bed_14:53/IMG_6464.JPG,20230709,essex,outdoor,,,,,Canon EOS 5D Mark II,2023:07:09 14:54:42,,
cali_hdr,20230709/essex/fisheye/essex_bed_14:53/IMG_6467.JPG,20230709,essex,outdoor,,,,,Canon EOS 5D Mark II,2023:07:09 14:54:45,,
cali_hdr,20230709/essex/fisheye/essex_bed_14:29/IMG_6456.JPG,20230709,essex,outdoor,,,,,Canon EOS 5D Mark II,2023:07:09 14:30:44,,
cali_hdr,20230709/essex/fisheye/essex_bed_14:29/IMG_6452.JPG,20230709,essex,outdoor,,,,,Canon EOS 5D Mark II,2023:07:09 14:30:42,,
cali_hdr,20230709/essex/fisheye/essex_bed_14:29/IMG_6457.JPG,20230709,essex,outdoor,,,,,Canon EOS 5D Mark II,2023:07:09 14:30:44,,
cali_hdr,20230709/essex/fisheye/essex_bed_14:29/IMG_6453.JPG,20230709,essex,outdoor,,,,,Canon EOS 5D Mark II,2023:07:09 14:30:42,,
cali_hdr,20230709/essex/fisheye/essex_bed_14:29/IMG_6455.JPG,20230709,essex,outdoor,,,,,Canon EOS 5D Mark II,2023:07:09 14:30:43,,
cali_hdr,20230709/essex/fisheye/essex_bed_14:29/IMG_6458.JPG,20230709,essex,outdoor,,,,,Canon EOS 5D Mark II,2023:07:09 14:30:46,,
cali_hdr,20230709/essex/fisheye/essex_bed_14:29/IMG_6459.JPG,20230709,essex,outdoor,,,,,Canon EOS 5D Mark II,2023:07:09 14:30:46,,
cali_hdr,20230709/essex/fisheye/essex_bed_14:29/IMG_6454.JPG,20230709,essex,outdoor,,,,,Canon EOS 5D Mark II,2023:07:09 14:30:43,,
cali_hdr,20230709/essex/fisheye/essex_bed_14:29/IMG_6451.JPG,20230709,essex,outdoor,,,,,Canon EOS 5D Mark II,2023:07:09 14:30:41,,
cali_hdr,20230709/penn_ave/theta/7528_penn_ave_11:35/R0011517.JPG,20230709,penn_ave,indoor,40.447122,-79.895344,286.3,133.5,RICOH THETA Z1,2023:07:09 11:36:38,2023-07-09T15:35:38Z,
cali_hdr,20230709/penn_ave/theta/7528_penn_ave_11:35/R0011519.JPG,20230709,penn_ave,indoor,40.447122,-79.895344,286.3,132.2,RICOH THETA Z1,2023:07:09 11:36:50,2023-07-09T15:35:38Z,
cali_hdr,20230709/penn_ave/theta/7528_penn_ave_11:35/R0011516.JPG,20230709,penn_ave,indoor,40.447122,-79.895344,286.3,132.8,RICOH THETA Z1,2023:07:09 11:36:30,2023-07-09T15:35:38Z,
cali_hdr,20230709/penn_ave/theta/7528_penn_ave_11:35/R0011523.JPG,20230709,penn_ave,indoor,40.447122,-79.895344,286.3,138.4,RICOH THETA Z1,2023:07:09 11:37:15,2023-07-09T15:35:38Z,
cali_hdr,20230709/penn_ave/theta/7528_penn_ave_11:35/R0011522.JPG,20230709,penn_ave,indoor,40.447122,-79.895344,286.3,126.7,RICOH THETA Z1,2023:07:09 11:37:08,2023-07-09T15:35:38Z,
cali_hdr,20230709/penn_ave/theta/7528_penn_ave_11:35/R0011520.JPG,20230709,penn_ave,indoor,40.447122,-79.895344,286.3,131.3,RICOH THETA Z1,2023:07:09 11:36:56,2023-07-09T15:35:38Z,
cali_hdr,20230709/penn_ave/theta/7528_penn_ave_11:35/R0011515.JPG,20230709,penn_ave,indoor,40.447122,-79.895344,286.3,129.8,RICOH THETA Z1,2023:07:09 11:36:23,2023-07-09T15:35:38Z,
cali_hdr,20230709/penn_ave/theta/7528_penn_ave_11:35/R0011521.JPG,20230709,penn_ave,indoor,40.447122,-79.895344,286.3,127.2,RICOH THETA Z1,2023:07:09 11:37:02,2023-07-09T15:35:38Z,
cali_hdr,20230709/penn_ave/theta/7528_penn_ave_11:35/R0011518.JPG,20230709,penn_ave,indoor,40.447122,-79.895344,286.3,127.7,RICOH THETA Z1,2023:07:09 11:36:44,2023-07-09T15:35:38Z,
cali_hdr,20230709/penn_ave/theta/7528_penn_ave_11:29/R0011500.JPG,20230709,penn_ave,indoor,40.447147,-79.895353,289.4,131.2,RICOH THETA Z1,2023:07:09 11:30:38,2023-07-09T15:29:38Z,
cali_hdr,20230709/penn_ave/theta/7528_penn_ave_11:29/R0011505.JPG,20230709,penn_ave,indoor,40.447147,-79.895353,289.4,143.8,RICOH THETA Z1,2023:07:09 11:31:10,2023-07-09T15:29:38Z,
cali_hdr,20230709/penn_ave/theta/7528_penn_ave_11:29/R0011504.JPG,20230709,penn_ave,indoor,40.447147,-79.895353,289.4,131.2,RICOH THETA Z1,2023:07:09 11:31:04,2023-07-09T15:29:38Z,
cali_hdr,20230709/penn_ave/theta/7528_penn_ave_11:29/R0011502.JPG,20230709,penn_ave,indoor,40.447147,-79.895353,289.4,135.2,RICOH THETA Z1,2023:07:09 11:30:51,2023-07-09T15:29:38Z,
cali_hdr,20230709/penn_ave/theta/7528_penn_ave_11:29/R0011501.JPG,20230709,penn_ave,indoor,40.447147,-79.895353,289.4,131.8,RICOH THETA Z1,2023:07:09 11:30:45,2023-07-09T15:29:38Z,
cali_hdr,20230709/penn_ave/theta/7528_penn_ave_11:29/R0011503.JPG,20230709,penn_ave,indoor,40.447147,-79.895353,289.4,134.6,RICOH THETA Z1,2023:07:09 11:30:58,2023-07-09T15:29:38Z,
cali_hdr,20230709/penn_ave/theta/7528_penn_ave_11:29/R0011499.JPG,20230709,penn_ave,indoor,40.447147,-79.895353,289.4,135.6,RICOH THETA Z1,2023:07:09 11:30:31,2023-07-09T15:29:38Z,
cali_hdr,20230709/penn_ave/theta/7528_penn_ave_11:29/R0011497.JPG,20230709,penn_ave,indoor,40.447147,-79.895353,289.4,136.6,RICOH THETA Z1,2023:07:09 11:30:17,2023-07-09T15:29:38Z,
cali_hdr,20230709/penn_ave/theta/7528_penn_ave_11:29/R0011498.JPG,20230709,penn_ave,indoor,40.447147,-79.895353,289.4,129.3,RICOH THETA Z1,2023:07:09 11:30:24,2023-07-09T15:29:38Z,
cali_hdr,20230709/penn_ave/theta/7528_penn_ave_11:37/R0011528.JPG,20230709,penn_ave,indoor,40.447075,-79.895369,293.0,129.6,RICOH THETA Z1,2023:07:09 11:38:43,2023-07-09T15:37:45Z,
cali_hdr,20230709/penn_ave/theta/7528_penn_ave_11:37/R0011532.JPG,20230709,penn_ave,indoor,40.447075,-79.895369,293.0,129.7,RICOH THETA Z1,2023:07:09 11:39:08,2023-07-09T15:37:45Z,
cali_hdr,20230709/penn_ave/theta/7528_penn_ave_11:37/R0011529.JPG,20230709,penn_ave,indoor,40.447075,-79.895369,293.0,131.3,RICOH THETA Z1,2023:07:09 11:38:49,2023-07-09T15:37:45Z,
cali_hdr,20230709/penn_ave/theta/7528_penn_ave_11:37/R0011524.JPG,20230709,penn_ave,indoor,40.447075,-79.895369,293.0,130.7,RICOH THETA Z1,2023:07:09 11:38:15,2023-07-09T15:37:45Z,
cali_hdr,20230709/penn_ave/theta/7528_penn_ave_11:37/R0011530.JPG,20230709,penn_ave,indoor,40.447075,-79.895369,293.0,125.9,RICOH THETA Z1,2023:07:09 11:38:56,2023-07-09T15:37:45Z,
cali_hdr,20230709/penn_ave/theta/7528_penn_ave_11:37/R0011531.JPG,20230709,penn_ave,indoor,40.447075,-79.895369,293.0,129.6,RICOH THETA Z1,2023:07:09 11:39:02,2023-07-09T15:37:45Z,
cali_hdr,20230709/penn_ave/theta/7528_penn_ave_11:37/R0011527.JPG,20230709,penn_ave,indoor,40.447075,-79.895369,293.0,127.2,RICOH THETA Z1,2023:07:09 11:38:36,2023-07-09T15:37:45Z,
cali_hdr,20230709/penn_ave/theta/7528_penn_ave_11:37/R0011526.JPG,20230709,penn_ave,indoor,40.447075,-79.895369,293.0,133.9,RICOH THETA Z1,2023:07:09 11:38:30,2023-07-09T15:37:45Z,
cali_hdr,20230709/penn_ave/theta/7528_penn_ave_11:37/R0011525.JPG,20230709,penn_ave,indoor,40.447075,-79.895369,293.0,132.4,RICOH THETA Z1,2023:07:09 11:38:23,2023-07-09T15:37:45Z,
cali_hdr,20230709/penn_ave/theta/7528_penn_ave_11:39/R0011533.JPG,20230709,penn_ave,indoor,40.447122,-79.895344,291.5,123.1,RICOH THETA Z1,2023:07:09 11:40:08,2023-07-09T15:39:29Z,
cali_hdr,20230709/penn_ave/theta/7528_penn_ave_11:39/R0011538.JPG,20230709,penn_ave,indoor,40.447122,-79.895344,291.5,126.2,RICOH THETA Z1,2023:07:09 11:40:41,2023-07-09T15:39:29Z,
cali_hdr,20230709/penn_ave/theta/7528_penn_ave_11:39/R0011537.JPG,20230709,penn_ave,indoor,40.447122,-79.895344,291.5,136.2,RICOH THETA Z1,2023:07:09 11:40:35,2023-07-09T15:39:29Z,
cali_hdr,20230709/penn_ave/theta/7528_penn_ave_11:39/R0011536.JPG,20230709,penn_ave,indoor,40.447122,-79.895344,291.5,129.7,RICOH THETA Z1,2023:07:09 11:40:28,2023-07-09T15:39:29Z,
cali_hdr,20230709/penn_ave/theta/7528_penn_ave_11:39/R0011534.JPG,20230709,penn_ave,indoor,40.447122,-79.895344,291.5,131.3,RICOH THETA Z1,2023:07:09 11:40:15,2023-07-09T15:39:29Z,
cali_hdr,20230709/penn_ave/theta/7528_penn_ave_11:39/R0011540.JPG,20230709,penn_ave,indoor,40.447122,-79.895344,291.5,120.7,RICOH THETA Z1,2023:07:09 11:40:54,2023-07-09T15:39:29Z,
cali_hdr,20230709/penn_ave/theta/7528_penn_ave_11:39/R0011541.JPG,20230709,penn_ave,indoor,40.447122,-79.895344,291.5,128.0,RICOH THETA Z1,2023:07:09 11:40:59,2023-07-09T15:39:29Z,
cali_hdr,20230709/penn_ave/theta/7528_penn_ave_11:39/R0011539.JPG,20230709,penn_ave,indoor,40.447122,-79.895344,291.5,128.3,RICOH THETA Z1,2023:07:09 11:40:47,2023-07-09T15:39:29Z,
cali_hdr,20230709/penn_ave/theta/7528_penn_ave_11:39/R0011535.JPG,20230709,penn_ave,indoor,40.447122,-79.895344,291.5,124.7,RICOH THETA Z1,2023:07:09 11:40:22,2023-07-09T15:39:29Z,
cali_hdr,20230709/penn_ave/theta/7528_penn_ave_11:41/R0011543.JPG,20230709,penn_ave,indoor,40.44715,-79.895447,289.3,139.1,RICOH THETA Z1,2023:07:09 11:42:18,2023-07-09T15:42:00Z,
cali_hdr,20230709/penn_ave/theta/7528_penn_ave_11:41/R0011547.JPG,20230709,penn_ave,indoor,40.44715,-79.895447,289.3,144.6,RICOH THETA Z1,2023:07:09 11:42:44,2023-07-09T15:42:00Z,
cali_hdr,20230709/penn_ave/theta/7528_penn_ave_11:41/R0011548.JPG,20230709,penn_ave,indoor,40.44715,-79.895447,289.3,127.2,RICOH THETA Z1,2023:07:09 11:42:50,2023-07-09T15:42:00Z,
cali_hdr,20230709/penn_ave/theta/7528_penn_ave_11:41/R0011549.JPG,20230709,penn_ave,indoor,40.44715,-79.895447,289.3,137.1,RICOH THETA Z1,2023:07:09 11:42:56,2023-07-09T15:42:00Z,
cali_hdr,20230709/penn_ave/theta/7528_penn_ave_11:41/R0011550.JPG,20230709,penn_ave,indoor,40.44715,-79.895447,289.3,135.2,RICOH THETA Z1,2023:07:09 11:43:02,2023-07-09T15:42:00Z,
cali_hdr,20230709/penn_ave/theta/7528_penn_ave_11:41/R0011544.JPG,20230709,penn_ave,indoor,40.44715,-79.895447,289.3,133.4,RICOH THETA Z1,2023:07:09 11:42:25,2023-07-09T15:42:00Z,
cali_hdr,20230709/penn_ave/theta/7528_penn_ave_11:41/R0011546.JPG,20230709,penn_ave,indoor,40.44715,-79.895447,289.3,138.5,RICOH THETA Z1,2023:07:09 11:42:37,2023-07-09T15:42:00Z,
cali_hdr,20230709/penn_ave/theta/7528_penn_ave_11:41/R0011542.JPG,20230709,penn_ave,indoor,40.44715,-79.895447,289.3,136.7,RICOH THETA Z1,2023:07:09 11:42:11,2023-07-09T15:42:00Z,
cali_hdr,20230709/penn_ave/theta/7528_penn_ave_11:41/R0011545.JPG,20230709,penn_ave,indoor,40.44715,-79.895447,289.3,137.7,RICOH THETA Z1,2023:07:09 11:42:32,2023-07-09T15:42:00Z,
cali_hdr,20230709/penn_ave/theta/7528_penn_ave_11:27/R0011491.JPG,20230709,penn_ave,indoor,40.447092,-79.895297,289.3,136.2,RICOH THETA Z1,2023:07:09 11:28:39,2023-07-09T15:26:39Z,
cali_hdr,20230709/penn_ave/theta/7528_penn_ave_11:27/R0011496.JPG,20230709,penn_ave,indoor,40.447092,-79.895297,289.3,148.4,RICOH THETA Z1,2023:07:09 11:29:12,2023-07-09T15:26:39Z,
cali_hdr,20230709/penn_ave/theta/7528_penn_ave_11:27/R0011490.JPG,20230709,penn_ave,indoor,40.447092,-79.895297,289.3,129.9,RICOH THETA Z1,2023:07:09 11:28:33,2023-07-09T15:26:39Z,
cali_hdr,20230709/penn_ave/theta/7528_penn_ave_11:27/R0011492.JPG,20230709,penn_ave,indoor,40.447092,-79.895297,289.3,135.7,RICOH THETA Z1,2023:07:09 11:28:46,2023-07-09T15:26:39Z,
cali_hdr,20230709/penn_ave/theta/7528_penn_ave_11:27/R0011495.JPG,20230709,penn_ave,indoor,40.447092,-79.895297,289.3,141.0,RICOH THETA Z1,2023:07:09 11:29:05,2023-07-09T15:26:39Z,
cali_hdr,20230709/penn_ave/theta/7528_penn_ave_11:27/R0011493.JPG,20230709,penn_ave,indoor,40.447092,-79.895297,289.3,139.5,RICOH THETA Z1,2023:07:09 11:28:53,2023-07-09T15:26:39Z,
cali_hdr,20230709/penn_ave/theta/7528_penn_ave_11:27/R0011489.JPG,20230709,penn_ave,indoor,40.447092,-79.895297,289.3,136.9,RICOH THETA Z1,2023:07:09 11:28:26,2023-07-09T15:26:39Z,
cali_hdr,20230709/penn_ave/theta/7528_penn_ave_11:27/R0011488.JPG,20230709,penn_ave,indoor,40.447092,-79.895297,289.3,134.3,RICOH THETA Z1,2023:07:09 11:28:18,2023-07-09T15:26:39Z,
cali_hdr,20230709/penn_ave/theta/7528_penn_ave_11:27/R0011494.JPG,20230709,penn_ave,indoor,40.447092,-79.895297,289.3,134.2,RICOH THETA Z1,2023:07:09 11:28:59,2023-07-09T15:26:39Z,
cali_hdr,20230709/penn_ave/theta/7528_penn_ave_11:24/R0011480.JPG,20230709,penn_ave,indoor,40.447097,-79.895394,289.3,129.4,RICOH THETA Z1,2023:07:09 11:25:49,2023-07-09T15:25:30Z,
cali_hdr,20230709/penn_ave/theta/7528_penn_ave_11:24/R0011485.JPG,20230709,penn_ave,indoor,40.447097,-79.895394,289.3,133.5,RICOH THETA Z1,2023:07:09 11:26:21,2023-07-09T15:25:30Z,
cali_hdr,20230709/penn_ave/theta/7528_penn_ave_11:24/R0011483.JPG,20230709,penn_ave,indoor,40.447097,-79.895394,289.3,129.7,RICOH THETA Z1,2023:07:09 11:26:09,2023-07-09T15:25:30Z,
cali_hdr,20230709/penn_ave/theta/7528_penn_ave_11:24/R0011486.JPG,20230709,penn_ave,indoor,40.447097,-79.895394,289.3,130.2,RICOH THETA Z1,2023:07:09 11:26:27,2023-07-09T15:25:30Z,
cali_hdr,20230709/penn_ave/theta/7528_penn_ave_11:24/R0011479.JPG,20230709,penn_ave,indoor,40.447097,-79.895394,289.3,130.4,RICOH THETA Z1,2023:07:09 11:25:41,2023-07-09T15:25:30Z,
cali_hdr,20230709/penn_ave/theta/7528_penn_ave_11:24/R0011481.JPG,20230709,penn_ave,indoor,40.447097,-79.895394,289.3,125.5,RICOH THETA Z1,2023:07:09 11:25:56,2023-07-09T15:25:30Z,
cali_hdr,20230709/penn_ave/theta/7528_penn_ave_11:24/R0011484.JPG,20230709,penn_ave,indoor,40.447097,-79.895394,289.3,136.2,RICOH THETA Z1,2023:07:09 11:26:15,2023-07-09T15:25:30Z,
cali_hdr,20230709/penn_ave/theta/7528_penn_ave_11:24/R0011487.JPG,20230709,penn_ave,indoor,40.447097,-79.895394,289.3,130.2,RICOH THETA Z1,2023:07:09 11:26:33,2023-07-09T15:25:30Z,
cali_hdr,20230709/penn_ave/theta/7528_penn_ave_11:24/R0011482.JPG,20230709,penn_ave,indoor,40.447097,-79.895394,289.3,130.8,RICOH THETA Z1,2023:07:09 11:26:02,2023-07-09T15:25:30Z,
cali_hdr,20230709/penn_ave/fisheye/7528_penn_ave_11:22/IMG_6421.JPG,20230709,penn_ave,outdoor,,,,,Canon EOS 5D Mark II,2023:07:09 11:25:40,,
cali_hdr,20230709/penn_ave/fisheye/7528_penn_ave_11:22/IMG_6418.JPG,20230709,penn_ave,outdoor,,,,,Canon EOS 5D Mark II,2023:07:09 11:25:38,,
cali_hdr,20230709/penn_ave/fisheye/7528_penn_ave_11:22/IMG_6420.JPG,20230709,penn_ave,outdoor,,,,,Canon EOS 5D Mark II,2023:07:09 11:25:39,,
cali_hdr,20230709/penn_ave/fisheye/7528_penn_ave_11:22/IMG_6423.JPG,20230709,penn_ave,outdoor,,,,,Canon EOS 5D Mark II,2023:07:09 11:25:42,,
cali_hdr,20230709/penn_ave/fisheye/7528_penn_ave_11:22/IMG_6419.JPG,20230709,penn_ave,outdoor,,,,,Canon EOS 5D Mark II,2023:07:09 11:25:38,,
cali_hdr,20230709/penn_ave/fisheye/7528_penn_ave_11:22/IMG_6416.JPG,20230709,penn_ave,outdoor,,,,,Canon EOS 5D Mark II,2023:07:09 11:25:37,,
cali_hdr,20230709/penn_ave/fisheye/7528_penn_ave_11:22/IMG_6417.JPG,20230709,penn_ave,outdoor,,,,,Canon EOS 5D Mark II,2023:07:09 11:25:37,,
cali_hdr,20230709/penn_ave/fisheye/7528_penn_ave_11:22/IMG_6422.JPG,20230709,penn_ave,outdoor,,,,,Canon EOS 5D Mark II,2023:07:09 11:25:41,,
cali_hdr,20230709/penn_ave/fisheye/7528_penn_ave_11:22/IMG_6415.JPG,20230709,penn_ave,outdoor,,,,,Canon EOS 5D Mark II,2023:07:09 11:25:37,,
cali_hdr,20230709/penn_ave/fisheye/7528_penn_ave_11:33/IMG_6429.JPG,20230709,penn_ave,outdoor,,,,,Canon EOS 5D Mark II,2023:07:09 11:36:50,,
cali_hdr,20230709/penn_ave/fisheye/7528_penn_ave_11:33/IMG_6427.JPG,20230709,penn_ave,outdoor,,,,,Canon EOS 5D Mark II,2023:07:09 11:36:49,,
cali_hdr,20230709/penn_ave/fisheye/7528_penn_ave_11:33/IMG_6428.JPG,20230709,penn_ave,outdoor,,,,,Canon EOS 5D Mark II,2023:07:09 11:36:49,,
cali_hdr,20230709/penn_ave/fisheye/7528_penn_ave_11:33/IMG_6432.JPG,20230709,penn_ave,outdoor,,,,,Canon EOS 5D Mark II,2023:07:09 11:36:53,,
cali_hdr,20230709/penn_ave/fisheye/7528_penn_ave_11:33/IMG_6424.JPG,20230709,penn_ave,outdoor,,,,,Canon EOS 5D Mark II,2023:07:09 11:36:48,,
cali_hdr,20230709/penn_ave/fisheye/7528_penn_ave_11:33/IMG_6425.JPG,20230709,penn_ave,outdoor,,,,,Canon EOS 5D Mark II,2023:07:09 11:36:48,,
cali_hdr,20230709/penn_ave/fisheye/7528_penn_ave_11:33/IMG_6426.JPG,20230709,penn_ave,outdoor,,,,,Canon EOS 5D Mark II,2023:07:09 11:36:48,,
cali_hdr,20230709/penn_ave/fisheye/7528_penn_ave_11:33/IMG_6431.JPG,20230709,penn_ave,outdoor,,,,,Canon EOS 5D Mark II,2023:07:09 11:36:52,,
cali_hdr,20230709/penn_ave/fisheye/7528_penn_ave_11:33/IMG_6430.JPG,20230709,penn_ave,outdoor,,,,,Canon EOS 5D Mark II,2023:07:09 11:36:51,,
pano2pano,20240312/1404-in/R0011843.JPG,20240312,1404-in,indoor,40.458147,-79.932564,272.4,91.2,RICOH THETA Z1,2024:03:12 14:05:14,2024-03-12T18:04:42Z,
pano2pano,20240312/1404-in/R0011842.JPG,20240312,1404-in,indoor,40.458147,-79.932564,272.4,77.2,RICOH THETA Z1,2024:03:12 14:05:07,2024-03-12T18:04:42Z,
pano2pano,20240312/1404-in/R0011840.JPG,20240312,1404-in,indoor,40.458147,-79.932564,272.4,109.1,RICOH THETA Z1,2024:03:12 14:04:53,2024-03-12T18:04:42Z,
pano2pano,20240312/1404-in/R0011848.JPG,20240312,1404-in,indoor,40.458147,-79.932564,272.4,66.1,RICOH THETA Z1,2024:03:12 14:05:46,2024-03-12T18:04:42Z,
pano2pano,20240312/1404-in/R0011841.JPG,20240312,1404-in,indoor,40.458147,-79.932564,272.4,79.7,RICOH THETA Z1,2024:03:12 14:05:00,2024-03-12T18:04:42Z,
pano2pano,20240312/1404-in/R0011845.JPG,20240312,1404-in,indoor,40.458147,-79.932564,272.4,90.9,RICOH THETA Z1,2024:03:12 14:05:27,2024-03-12T18:04:42Z,
pano2pano,20240312/1404-in/R0011844.JPG,20240312,1404-in,indoor,40.458147,-79.932564,272.4,79.9,RICOH THETA Z1,2024:03:12 14:05:21,2024-03-12T18:04:42Z,
pano2pano,20240312/1404-in/R0011846.JPG,20240312,1404-in,indoor,40.458147,-79.932564,272.4,82.6,RICOH THETA Z1,2024:03:12 14:05:34,2024-03-12T18:04:42Z,
pano2pano,20240312/1404-in/R0011847.JPG,20240312,1404-in,indoor,40.458147,-79.932564,272.4,89.7,RICOH THETA Z1,2024:03:12 14:05:40,2024-03-12T18:04:42Z,
pano2pano,20240312/1356-in/R0011824.JPG,20240312,1356-in,indoor,40.458125,-79.932478,274.0,70.7,RICOH THETA Z1,2024:03:12 13:56:32,2024-03-12T17:56:06Z,
pano2pano,20240312/1356-in/R0011825.JPG,20240312,1356-in,indoor,40.458125,-79.932478,274.0,76.2,RICOH THETA Z1,2024:03:12 13:56:39,2024-03-12T17:56:06Z,
pano2pano,20240312/1356-in/R0011830.JPG,20240312,1356-in,indoor,40.458125,-79.932478,274.0,77.7,RICOH THETA Z1,2024:03:12 13:57:10,2024-03-12T17:56:06Z,
pano2pano,20240312/1356-in/R0011827.JPG,20240312,1356-in,indoor,40.458125,-79.932478,274.0,89.8,RICOH THETA Z1,2024:03:12 13:56:52,2024-03-12T17:56:06Z,
pano2pano,20240312/1356-in/R0011826.JPG,20240312,1356-in,indoor,40.458125,-79.932478,274.0,78.5,RICOH THETA Z1,2024:03:12 13:56:45,2024-03-12T17:56:06Z,
pano2pano,20240312/1356-in/R0011822.JPG,20240312,1356-in,indoor,40.458125,-79.932478,274.0,79.9,RICOH THETA Z1,2024:03:12 13:56:18,2024-03-12T17:56:06Z,
pano2pano,20240312/1356-in/R0011823.JPG,20240312,1356-in,indoor,40.458125,-79.932478,274.0,80.1,RICOH THETA Z1,2024:03:12 13:56:25,2024-03-12T17:56:06Z,
pano2pano,20240312/1356-in/R0011828.JPG,20240312,1356-in,indoor,40.458125,-79.932478,274.0,80.2,RICOH THETA Z1,2024:03:12 13:56:58,2024-03-12T17:56:06Z,
pano2pano,20240312/1356-in/R0011829.JPG,20240312,1356-in,indoor,40.458125,-79.932478,274.0,73.9,RICOH THETA Z1,2024:03:12 13:57:04,2024-03-12T17:56:06Z,
pano2pano,20240312/2024-in/R0011855.JPG,20240312,2024-in,indoor,40.458106,-79.932556,282.2,61.0,RICOH THETA Z1,2024:03:12 20:23:08,2024-03-13T00:21:49Z,
pano2pano,20240312/2024-in/R0011849.JPG,20240312,2024-in,indoor,40.458106,-79.932556,282.2,80.0,RICOH THETA Z1,2024:03:12 20:22:27,2024-03-13T00:21:49Z,
pano2pano,20240312/2024-in/R0011854.JPG,20240312,2024-in,indoor,40.458106,-79.932556,282.2,74.8,RICOH THETA Z1,2024:03:12 20:23:01,2024-03-13T00:21:49Z,
pano2pano,20240312/2024-in/R0011856.JPG,20240312,2024-in,indoor,40.458106,-79.932556,282.2,84.8,RICOH THETA Z1,2024:03:12 20:23:14,2024-03-13T00:21:49Z,
pano2pano,20240312/2024-in/R0011857.JPG,20240312,2024-in,indoor,40.458106,-79.932556,282.2,82.8,RICOH THETA Z1,2024:03:12 20:23:20,2024-03-13T00:21:49Z,
pano2pano,20240312/2024-in/R0011853.JPG,20240312,2024-in,indoor,40.458106,-79.932556,282.2,79.6,RICOH THETA Z1,2024:03:12 20:22:55,2024-03-13T00:21:49Z,
pano2pano,20240312/2024-in/R0011852.JPG,20240312,2024-in,indoor,40.458106,-79.932556,282.2,89.1,RICOH THETA Z1,2024:03:12 20:22:49,2024-03-13T00:21:49Z,
pano2pano,20240312/2024-in/R0011850.JPG,20240312,2024-in,indoor,40.458106,-79.932556,282.2,95.4,RICOH THETA Z1,2024:03:12 20:22:35,2024-03-13T00:21:49Z,
pano2pano,20240312/2024-in/R0011851.JPG,20240312,2024-in,indoor,40.458106,-79.932556,282.2,84.0,RICOH THETA Z1,2024:03:12 20:22:42,2024-03-13T00:21:49Z,
pano2pano,20240312/1400-out/R0011837.JPG,20240312,1400-out,outdoor,40.458136,-79.932522,274.5,48.1,RICOH THETA Z1,2024:03:12 14:02:09,2024-03-12T18:01:10Z,
pano2pano,20240312/1400-out/R0011836.JPG,20240312,1400-out,outdoor,40.458136,-79.932522,274.5,41.8,RICOH THETA Z1,2024:03:12 14:02:02,2024-03-12T18:01:10Z,
pano2pano,20240312/1400-out/R0011834.JPG,20240312,1400-out,outdoor,40.458136,-79.932522,274.5,47.9,RICOH THETA Z1,2024:03:12 14:01:50,2024-03-12T18:01:10Z,
pano2pano,20240312/1400-out/R0011835.JPG,20240312,1400-out,outdoor,40.458136,-79.932522,274.5,47.7,RICOH THETA Z1,2024:03:12 14:01:56,2024-03-12T18:01:10Z,
pano2pano,20240312/1400-out/R0011831.JPG,20240312,1400-out,outdoor,40.458136,-79.932522,274.5,47.7,RICOH THETA Z1,2024:03:12 14:01:29,2024-03-12T18:01:10Z,
pano2pano,20240312/1400-out/R0011838.JPG,20240312,1400-out,outdoor,40.458136,-79.932522,274.5,47.7,RICOH THETA Z1,2024:03:12 14:02:15,2024-03-12T18:01:10Z,
pano2pano,20240312/1400-out/R0011839.JPG,20240312,1400-out,outdoor,40.458136,-79.932522,274.5,50.4,RICOH THETA Z1,2024:03:12 14:02:21,2024-03-12T18:01:10Z,
pano2pano,20240312/1400-out/R0011832.JPG,20240312,1400-out,outdoor,40.458136,-79.932522,274.5,51.5,RICOH THETA Z1,2024:03:12 14:01:37,2024-03-12T18:01:10Z,
pano2pano,20240312/1400-out/R0011833.JPG,20240312,1400-out,outdoor,40.458136,-79.932522,274.5,46.1,RICOH THETA Z1,2024:03:12 14:01:43,2024-03-12T18:01:10Z,
pano2pano,20240421/indoor/1254_living/R0012966.JPG,20240421,indoor,indoor,40.4439,-80.000903,265.7,225.5,RICOH THETA Z1,2024:04:21 12:54:24,2024-04-21T16:53:01Z,
pano2pano,20240421/indoor/1254_living/R0012973.JPG,20240421,indoor,indoor,40.4439,-80.000903,265.7,221.8,RICOH THETA Z1,2024:04:21 12:55:10,2024-04-21T16:53:01Z,
pano2pano,20240421/indoor/1254_living/R0012967.JPG,20240421,indoor,indoor,40.4439,-80.000903,265.7,213.2,RICOH THETA Z1,2024:04:21 12:54:32,2024-04-21T16:53:01Z,
pano2pano,20240421/indoor/1254_living/R0012972.JPG,20240421,indoor,indoor,40.4439,-80.000903,265.7,217.1,RICOH THETA Z1,2024:04:21 12:55:04,2024-04-21T16:53:01Z,
pano2pano,20240421/indoor/1254_living/R0012970.JPG,20240421,indoor,indoor,40.4439,-80.000903,265.7,212.2,RICOH THETA Z1,2024:04:21 12:54:51,2024-04-21T16:53:01Z,
pano2pano,20240421/indoor/1254_living/R0012971.JPG,20240421,indoor,indoor,40.4439,-80.000903,265.7,215.1,RICOH THETA Z1,2024:04:21 12:54:58,2024-04-21T16:53:01Z,
pano2pano,20240421/indoor/1254_living/R0012969.JPG,20240421,indoor,indoor,40.4439,-80.000903,265.7,218.5,RICOH THETA Z1,2024:04:21 12:54:45,2024-04-21T16:53:01Z,
pano2pano,20240421/indoor/1254_living/R0012974.JPG,20240421,indoor,indoor,40.4439,-80.000903,265.7,232.5,RICOH THETA Z1,2024:04:21 12:55:16,2024-04-21T16:53:01Z,
pano2pano,20240421/indoor/1254_living/R0012968.JPG,20240421,indoor,indoor,40.4439,-80.000903,265.7,217.5,RICOH THETA Z1,2024:04:21 12:54:39,2024-04-21T16:53:01Z,
pano2pano,20240421/indoor/1251_living/R0012960.JPG,20240421,indoor,indoor,40.443936,-80.000889,266.7,221.2,RICOH THETA Z1,2024:04:21 12:52:23,2024-04-21T16:51:51Z,
pano2pano,20240421/indoor/1251_living/R0012957.JPG,20240421,indoor,indoor,40.443936,-80.000889,266.7,195.3,RICOH THETA Z1,2024:04:21 12:52:01,2024-04-21T16:51:51Z,
pano2pano,20240421/indoor/1251_living/R0012961.JPG,20240421,indoor,indoor,40.443936,-80.000889,266.7,202.1,RICOH THETA Z1,2024:04:21 12:52:30,2024-04-21T16:51:51Z,
pano2pano,20240421/indoor/1251_living/R0012963.JPG,20240421,indoor,indoor,40.443936,-80.000889,266.7,208.3,RICOH THETA Z1,2024:04:21 12:52:43,2024-04-21T16:51:51Z,
pano2pano,20240421/indoor/1251_living/R0012962.JPG,20240421,indoor,indoor,40.443936,-80.000889,266.7,195.7,RICOH THETA Z1,2024:04:21 12:52:36,2024-04-21T16:51:51Z,
pano2pano,20240421/indoor/1251_living/R0012959.JPG,20240421,indoor,indoor,40.443936,-80.000889,266.7,225.3,RICOH THETA Z1,2024:04:21 12:52:16,2024-04-21T16:51:51Z,
pano2pano,20240421/indoor/1251_living/R0012958.JPG,20240421,indoor,indoor,40.443936,-80.000889,266.7,201.5,RICOH THETA Z1,2024:04:21 12:52:09,2024-04-21T16:51:51Z,
pano2pano,20240421/indoor/1251_living/R0012965.JPG,20240421,indoor,indoor,40.443936,-80.000889,266.7,187.2,RICOH THETA Z1,2024:04:21 12:52:55,2024-04-21T16:51:51Z,
pano2pano,20240421/indoor/1251_living/R0012964.JPG,20240421,indoor,indoor,40.443936,-80.000889,266.7,191.7,RICOH THETA Z1,2024:04:21 12:52:49,2024-04-21T16:51:51Z,
pano2pano,20240421/indoor/1256_living/R0012977.JPG,20240421,indoor,indoor,40.443944,-80.000911,270.9,211.5,RICOH THETA Z1,2024:04:21 12:56:57,2024-04-21T16:55:44Z,
pano2pano,20240421/indoor/1256_living/R0012983.JPG,20240421,indoor,indoor,40.443944,-80.000911,270.9,210.5,RICOH THETA Z1,2024:04:21 12:57:35,2024-04-21T16:55:44Z,
pano2pano,20240421/indoor/1256_living/R0012982.JPG,20240421,indoor,indoor,40.443944,-80.000911,270.9,208.2,RICOH THETA Z1,2024:04:21 12:57:29,2024-04-21T16:55:44Z,
pano2pano,20240421/indoor/1256_living/R0012976.JPG,20240421,indoor,indoor,40.443944,-80.000911,270.9,218.6,RICOH THETA Z1,2024:04:21 12:56:50,2024-04-21T16:55:44Z,
pano2pano,20240421/indoor/1256_living/R0012980.JPG,20240421,indoor,indoor,40.443944,-80.000911,270.9,216.5,RICOH THETA Z1,2024:04:21 12:57:17,2024-04-21T16:55:44Z,
pano2pano,20240421/indoor/1256_living/R0012975.JPG,20240421,indoor,indoor,40.443944,-80.000911,270.9,204.8,RICOH THETA Z1,2024:04:21 12:56:42,2024-04-21T16:55:44Z,
pano2pano,20240421/indoor/1256_living/R0012981.JPG,20240421,indoor,indoor,40.443944,-80.000911,270.9,208.8,RICOH THETA Z1,2024:04:21 12:57:23,2024-04-21T16:55:44Z,
pano2pano,20240421/indoor/1256_living/R0012978.JPG,20240421,indoor,indoor,40.443944,-80.000911,270.9,208.1,RICOH THETA Z1,2024:04:21 12:57:04,2024-04-21T16:55:44Z,
pano2pano,20240421/indoor/1256_living/R0012979.JPG,20240421,indoor,indoor,40.443944,-80.000911,270.9,211.8,RICOH THETA Z1,2024:04:21 12:57:10,2024-04-21T16:55:44Z,
pano2pano,20240330/indoor/1345_living/R0012648.JPG,20240330,indoor,indoor,40.447231,-79.895878,311.8,310.2,RICOH THETA Z1,2024:03:30 13:46:26,2024-03-30T17:44:16Z,
pano2pano,20240330/indoor/1345_living/R0012649.JPG,20240330,indoor,indoor,40.447231,-79.895878,311.8,309.5,RICOH THETA Z1,2024:03:30 13:46:32,2024-03-30T17:44:16Z,
pano2pano,20240330/indoor/1345_living/R0012642.JPG,20240330,indoor,indoor,40.447231,-79.895878,311.8,315.2,RICOH THETA Z1,2024:03:30 13:45:47,2024-03-30T17:44:16Z,
pano2pano,20240330/indoor/1345_living/R0012643.JPG,20240330,indoor,indoor,40.447231,-79.895878,311.8,307.8,RICOH THETA Z1,2024:03:30 13:45:54,2024-03-30T17:44:16Z,
pano2pano,20240330/indoor/1345_living/R0012647.JPG,20240330,indoor,indoor,40.447231,-79.895878,311.8,313.6,RICOH THETA Z1,2024:03:30 13:46:20,2024-03-30T17:44:16Z,
pano2pano,20240330/indoor/1345_living/R0012646.JPG,20240330,indoor,indoor,40.447231,-79.895878,311.8,313.6,RICOH THETA Z1,2024:03:30 13:46:13,2024-03-30T17:44:16Z,
pano2pano,20240330/indoor/1345_living/R0012644.JPG,20240330,indoor,indoor,40.447231,-79.895878,311.8,312.2,RICOH THETA Z1,2024:03:30 13:46:01,2024-03-30T17:44:16Z,
pano2pano,20240330/indoor/1345_living/R0012650.JPG,20240330,indoor,indoor,40.447231,-79.895878,311.8,314.4,RICOH THETA Z1,2024:03:30 13:46:38,2024-03-30T17:44:16Z,
pano2pano,20240330/indoor/1345_living/R0012645.JPG,20240330,indoor,indoor,40.447231,-79.895878,311.8,307.8,RICOH THETA Z1,2024:03:30 13:46:07,2024-03-30T17:44:16Z,
pano2pano,20240330/indoor/1342_living/R0012633.JPG,20240330,indoor,indoor,40.447158,-79.895775,311.1,312.9,RICOH THETA Z1,2024:03:30 13:43:21,2024-03-30T17:43:10Z,
pano2pano,20240330/indoor/1342_living/R0012640.JPG,20240330,indoor,indoor,40.447158,-79.895775,311.1,315.5,RICOH THETA Z1,2024:03:30 13:44:07,2024-03-30T17:43:10Z,
pano2pano,20240330/indoor/1342_living/R0012639.JPG,20240330,indoor,indoor,40.447158,-79.895775,311.1,313.4,RICOH THETA Z1,2024:03:30 13:44:01,2024-03-30T17:43:10Z,
pano2pano,20240330/indoor/1342_living/R0012638.JPG,20240330,indoor,indoor,40.447158,-79.895775,311.1,315.1,RICOH THETA Z1,2024:03:30 13:43:55,2024-03-30T17:43:10Z,
pano2pano,20240330/indoor/1342_living/R0012641.JPG,20240330,indoor,indoor,40.447158,-79.895775,311.1,310.3,RICOH THETA Z1,2024:03:30 13:44:13,2024-03-30T17:43:10Z,
pano2pano,20240330/indoor/1342_living/R0012635.JPG,20240330,indoor,indoor,40.447158,-79.895775,311.1,313.4,RICOH THETA Z1,2024:03:30 13:43:36,2024-03-30T17:43:10Z,
pano2pano,20240330/indoor/1342_living/R0012634.JPG,20240330,indoor,indoor,40.447158,-79.895775,311.1,312.3,RICOH THETA Z1,2024:03:30 13:43:29,2024-03-30T17:43:10Z,
pano2pano,20240330/indoor/1342_living/R0012636.JPG,20240330,indoor,indoor,40.447158,-79.895775,311.1,311.3,RICOH THETA Z1,2024:03:30 13:43:42,2024-03-30T17:43:10Z,
pano2pano,20240330/indoor/1342_living/R0012637.JPG,20240330,indoor,indoor,40.447158,-79.895775,311.1,315.4,RICOH THETA Z1,2024:03:30 13:43:49,2024-03-30T17:43:10Z,
pano2pano,20240330/indoor/1355_office/R0012674.JPG,20240330,indoor,indoor,40.447217,-79.895928,311.6,306.3,RICOH THETA Z1,2024:03:30 13:56:13,2024-03-30T17:51:41Z,
pano2pano,20240330/indoor/1355_office/R0012675.JPG,20240330,indoor,indoor,40.447217,-79.895928,311.6,307.8,RICOH THETA Z1,2024:03:30 13:56:19,2024-03-30T17:51:41Z,
pano2pano,20240330/indoor/1355_office/R0012669.JPG,20240330,indoor,indoor,40.447217,-79.895928,311.6,305.6,RICOH THETA Z1,2024:03:30 13:55:40,2024-03-30T17:51:41Z,
pano2pano,20240330/indoor/1355_office/R0012677.JPG,20240330,indoor,indoor,40.447217,-79.895928,311.6,304.9,RICOH THETA Z1,2024:03:30 13:56:31,2024-03-30T17:51:41Z,
pano2pano,20240330/indoor/1355_office/R0012676.JPG,20240330,indoor,indoor,40.447217,-79.895928,311.6,309.1,RICOH THETA Z1,2024:03:30 13:56:26,2024-03-30T17:51:41Z,
pano2pano,20240330/indoor/1355_office/R0012672.JPG,20240330,indoor,indoor,40.447217,-79.895928,311.6,308.2,RICOH THETA Z1,2024:03:30 13:56:01,2024-03-30T17:51:41Z,
pano2pano,20240330/indoor/1355_office/R0012673.JPG,20240330,indoor,indoor,40.447217,-79.895928,311.6,301.6,RICOH THETA Z1,2024:03:30 13:56:07,2024-03-30T17:51:41Z,
pano2pano,20240330/indoor/1355_office/R0012671.JPG,20240330,indoor,indoor,40.447217,-79.895928,311.6,306.2,RICOH THETA Z1,2024:03:30 13:55:54,2024-03-30T17:51:41Z,
pano2pano,20240330/indoor/1355_office/R0012670.JPG,20240330,indoor,indoor,40.447217,-79.895928,311.6,308.9,RICOH THETA Z1,2024:03:30 13:55:47,2024-03-30T17:51:41Z,
pano2pano,20240330/indoor/1347_living/R0012659.JPG,20240330,indoor,indoor,40.447158,-79.895769,311.8,310.6,RICOH THETA Z1,2024:03:30 13:49:09,2024-03-30T17:48:07Z,
pano2pano,20240330/indoor/1347_living/R0012651.JPG,20240330,indoor,indoor,40.447158,-79.895769,311.8,312.6,RICOH THETA Z1,2024:03:30 13:48:18,2024-03-30T17:48:07Z,
pano2pano,20240330/indoor/1347_living/R0012658.JPG,20240330,indoor,indoor,40.447158,-79.895769,311.8,308.8,RICOH THETA Z1,2024:03:30 13:49:04,2024-03-30T17:48:07Z,
pano2pano,20240330/indoor/1347_living/R0012653.JPG,20240330,indoor,indoor,40.447158,-79.895769,311.8,307.9,RICOH THETA Z1,2024:03:30 13:48:33,2024-03-30T17:48:07Z,
pano2pano,20240330/indoor/1347_living/R0012652.JPG,20240330,indoor,indoor,40.447158,-79.895769,311.8,308.8,RICOH THETA Z1,2024:03:30 13:48:26,2024-03-30T17:48:07Z,
pano2pano,20240330/indoor/1347_living/R0012656.JPG,20240330,indoor,indoor,40.447158,-79.895769,311.8,309.1,RICOH THETA Z1,2024:03:30 13:48:52,2024-03-30T17:48:07Z,
pano2pano,20240330/indoor/1347_living/R0012657.JPG,20240330,indoor,indoor,40.447158,-79.895769,311.8,311.5,RICOH THETA Z1,2024:03:30 13:48:58,2024-03-30T17:48:07Z,
pano2pano,20240330/indoor/1347_living/R0012655.JPG,20240330,indoor,indoor,40.447158,-79.895769,311.8,307.1,RICOH THETA Z1,2024:03:30 13:48:46,2024-03-30T17:48:07Z,
pano2pano,20240330/indoor/1347_living/R0012654.JPG,20240330,indoor,indoor,40.447158,-79.895769,311.8,308.9,RICOH THETA Z1,2024:03:30 13:48:39,2024-03-30T17:48:07Z,
pano2pano,20240330/indoor/1359_office/R0012694.JPG,20240330,indoor,indoor,40.447194,-79.895814,313.8,314.5,RICOH THETA Z1,2024:03:30 14:01:06,2024-03-30T17:59:07Z,
pano2pano,20240330/indoor/1359_office/R0012688.JPG,20240330,indoor,indoor,40.447194,-79.895814,313.8,313.7,RICOH THETA Z1,2024:03:30 14:00:28,2024-03-30T17:59:07Z,
pano2pano,20240330/indoor/1359_office/R0012689.JPG,20240330,indoor,indoor,40.447194,-79.895814,313.8,311.8,RICOH THETA Z1,2024:03:30 14:00:35,2024-03-30T17:59:07Z,
pano2pano,20240330/indoor/1359_office/R0012695.JPG,20240330,indoor,indoor,40.447194,-79.895814,313.8,310.0,RICOH THETA Z1,2024:03:30 14:01:11,2024-03-30T17:59:07Z,
pano2pano,20240330/indoor/1359_office/R0012687.JPG,20240330,indoor,indoor,40.447194,-79.895814,313.8,300.5,RICOH THETA Z1,2024:03:30 14:00:20,2024-03-30T17:59:07Z,
pano2pano,20240330/indoor/1359_office/R0012692.JPG,20240330,indoor,indoor,40.447194,-79.895814,313.8,310.1,RICOH THETA Z1,2024:03:30 14:00:54,2024-03-30T17:59:07Z,
pano2pano,20240330/indoor/1359_office/R0012693.JPG,20240330,indoor,indoor,40.447194,-79.895814,313.8,312.6,RICOH THETA Z1,2024:03:30 14:01:00,2024-03-30T17:59:07Z,
pano2pano,20240330/indoor/1359_office/R0012691.JPG,20240330,indoor,indoor,40.447194,-79.895814,313.8,312.7,RICOH THETA Z1,2024:03:30 14:00:48,2024-03-30T17:59:07Z,
pano2pano,20240330/indoor/1359_office/R0012690.JPG,20240330,indoor,indoor,40.447194,-79.895814,313.8,311.0,RICOH THETA Z1,2024:03:30 14:00:42,2024-03-30T17:59:07Z,
pano2pano,20240330/indoor/1357_office/R0012679.JPG,20240330,indoor,indoor,40.447083,-79.895847,289.1,311.5,RICOH THETA Z1,2024:03:30 13:58:15,2024-03-30T17:57:00Z,
pano2pano,20240330/indoor/1357_office/R0012684.JPG,20240330,indoor,indoor,40.447083,-79.895847,289.1,302.7,RICOH THETA Z1,2024:03:30 13:58:47,2024-03-30T17:57:00Z,
pano2pano,20240330/indoor/1357_office/R0012685.JPG,20240330,indoor,indoor,40.447083,-79.895847,289.1,313.1,RICOH THETA Z1,2024:03:30 13:58:53,2024-03-30T17:57:00Z,
pano2pano,20240330/indoor/1357_office/R0012678.JPG,20240330,indoor,indoor,40.447083,-79.895847,289.1,310.8,RICOH THETA Z1,2024:03:30 13:58:07,2024-03-30T17:57:00Z,
pano2pano,20240330/indoor/1357_office/R0012686.JPG,20240330,indoor,indoor,40.447083,-79.895847,289.1,310.1,RICOH THETA Z1,2024:03:30 13:58:59,2024-03-30T17:57:00Z,
pano2pano,20240330/indoor/1357_office/R0012682.JPG,20240330,indoor,indoor,40.447083,-79.895847,289.1,311.5,RICOH THETA Z1,2024:03:30 13:58:35,2024-03-30T17:57:00Z,
pano2pano,20240330/indoor/1357_office/R0012683.JPG,20240330,indoor,indoor,40.447083,-79.895847,289.1,310.8,RICOH THETA Z1,2024:03:30 13:58:41,2024-03-30T17:57:00Z,
pano2pano,20240330/indoor/1357_office/R0012681.JPG,20240330,indoor,indoor,40.447083,-79.895847,289.1,310.4,RICOH THETA Z1,2024:03:30 13:58:28,2024-03-30T17:57:00Z,
pano2pano,20240330/indoor/1357_office/R0012680.JPG,20240330,indoor,indoor,40.447083,-79.895847,289.1,303.4,RICOH THETA Z1,2024:03:30 13:58:22,2024-03-30T17:57:00Z,
pano2pano,20240421/indoor/1324_bedroom/R0013058.JPG,20240421,indoor,indoor,40.443889,-80.000917,270.9,234.6,RICOH THETA Z1,2024:04:21 13:24:34,2024-04-21T17:23:14Z,
pano2pano,20240421/indoor/1324_bedroom/R0013059.JPG,20240421,indoor,indoor,40.443889,-80.000917,270.9,228.1,RICOH THETA Z1,2024:04:21 13:24:40,2024-04-21T17:23:14Z,
pano2pano,20240421/indoor/1324_bedroom/R0013064.JPG,20240421,indoor,indoor,40.443889,-80.000917,270.9,225.9,RICOH THETA Z1,2024:04:21 13:25:12,2024-04-21T17:23:14Z,
pano2pano,20240421/indoor/1324_bedroom/R0013061.JPG,20240421,indoor,indoor,40.443889,-80.000917,270.9,232.5,RICOH THETA Z1,2024:04:21 13:24:53,2024-04-21T17:23:14Z,
pano2pano,20240421/indoor/1324_bedroom/R0013057.JPG,20240421,indoor,indoor,40.443889,-80.000917,270.9,228.3,RICOH THETA Z1,2024:04:21 13:24:27,2024-04-21T17:23:14Z,
pano2pano,20240421/indoor/1324_bedroom/R0013056.JPG,20240421,indoor,indoor,40.443889,-80.000917,270.9,223.5,RICOH THETA Z1,2024:04:21 13:24:20,2024-04-21T17:23:14Z,
pano2pano,20240421/indoor/1324_bedroom/R0013060.JPG,20240421,indoor,indoor,40.443889,-80.000917,270.9,227.6,RICOH THETA Z1,2024:04:21 13:24:46,2024-04-21T17:23:14Z,
pano2pano,20240421/indoor/1324_bedroom/R0013062.JPG,20240421,indoor,indoor,40.443889,-80.000917,270.9,222.2,RICOH THETA Z1,2024:04:21 13:24:59,2024-04-21T17:23:14Z,
pano2pano,20240421/indoor/1324_bedroom/R0013063.JPG,20240421,indoor,indoor,40.443889,-80.000917,270.9,231.2,RICOH THETA Z1,2024:04:21 13:25:06,2024-04-21T17:23:14Z,
pano2pano,20240421/indoor/1304_kitchen/R0013005.JPG,20240421,indoor,indoor,40.443878,-80.000886,270.9,206.0,RICOH THETA Z1,2024:04:21 13:06:02,2024-04-21T17:04:52Z,
pano2pano,20240421/indoor/1304_kitchen/R0013010.JPG,20240421,indoor,indoor,40.443878,-80.000886,270.9,202.5,RICOH THETA Z1,2024:04:21 13:06:33,2024-04-21T17:04:52Z,
pano2pano,20240421/indoor/1304_kitchen/R0013004.JPG,20240421,indoor,indoor,40.443878,-80.000886,270.9,202.0,RICOH THETA Z1,2024:04:21 13:05:55,2024-04-21T17:04:52Z,
pano2pano,20240421/indoor/1304_kitchen/R0013006.JPG,20240421,indoor,indoor,40.443878,-80.000886,270.9,195.9,RICOH THETA Z1,2024:04:21 13:06:08,2024-04-21T17:04:52Z,
pano2pano,20240421/indoor/1304_kitchen/R0013007.JPG,20240421,indoor,indoor,40.443878,-80.000886,270.9,201.3,RICOH THETA Z1,2024:04:21 13:06:15,2024-04-21T17:04:52Z,
pano2pano,20240421/indoor/1304_kitchen/R0013003.JPG,20240421,indoor,indoor,40.443878,-80.000886,270.9,199.8,RICOH THETA Z1,2024:04:21 13:05:48,2024-04-21T17:04:52Z,
pano2pano,20240421/indoor/1304_kitchen/R0013002.JPG,20240421,indoor,indoor,40.443878,-80.000886,270.9,201.0,RICOH THETA Z1,2024:04:21 13:05:40,2024-04-21T17:04:52Z,
pano2pano,20240421/indoor/1304_kitchen/R0013009.JPG,20240421,indoor,indoor,40.443878,-80.000886,270.9,200.6,RICOH THETA Z1,2024:04:21 13:06:27,2024-04-21T17:04:52Z,
pano2pano,20240421/indoor/1304_kitchen/R0013008.JPG,20240421,indoor,indoor,40.443878,-80.000886,270.9,201.0,RICOH THETA Z1,2024:04:21 13:06:21,2024-04-21T17:04:52Z,
pano2pano,20240421/indoor/1307_kitchen/R0013018.JPG,20240421,indoor,indoor,40.443978,-80.000886,270.9,219.5,RICOH THETA Z1,2024:04:21 13:08:57,2024-04-21T17:08:00Z,
pano2pano,20240421/indoor/1307_kitchen/R0013011.JPG,20240421,indoor,indoor,40.443978,-80.000886,270.9,215.1,RICOH THETA Z1,2024:04:21 13:08:11,2024-04-21T17:08:00Z,
pano2pano,20240421/indoor/1307_kitchen/R0013019.JPG,20240421,indoor,indoor,40.443978,-80.000886,270.9,206.4,RICOH THETA Z1,2024:04:21 13:09:03,2024-04-21T17:08:00Z,
pano2pano,20240421/indoor/1307_kitchen/R0013012.JPG,20240421,indoor,indoor,40.443978,-80.000886,270.9,216.3,RICOH THETA Z1,2024:04:21 13:08:18,2024-04-21T17:08:00Z,
pano2pano,20240421/indoor/1307_kitchen/R0013013.JPG,20240421,indoor,indoor,40.443978,-80.000886,270.9,227.7,RICOH THETA Z1,2024:04:21 13:08:26,2024-04-21T17:08:00Z,
pano2pano,20240421/indoor/1307_kitchen/R0013017.JPG,20240421,indoor,indoor,40.443978,-80.000886,270.9,223.8,RICOH THETA Z1,2024:04:21 13:08:51,2024-04-21T17:08:00Z,
pano2pano,20240421/indoor/1307_kitchen/R0013016.JPG,20240421,indoor,indoor,40.443978,-80.000886,270.9,218.0,RICOH THETA Z1,2024:04:21 13:08:44,2024-04-21T17:08:00Z,
pano2pano,20240421/indoor/1307_kitchen/R0013014.JPG,20240421,indoor,indoor,40.443978,-80.000886,270.9,214.8,RICOH THETA Z1,2024:04:21 13:08:32,2024-04-21T17:08:00Z,
pano2pano,20240421/indoor/1307_kitchen/R0013015.JPG,20240421,indoor,indoor,40.443978,-80.000886,270.9,215.3,RICOH THETA Z1,2024:04:21 13:08:38,2024-04-21T17:08:00Z,
pano2pano,20240421/indoor/1326_bedroom/R0013073.JPG,20240421,indoor,indoor,40.443911,-80.000919,270.9,197.3,RICOH THETA Z1,2024:04:21 13:27:35,2024-04-21T17:25:17Z,
pano2pano,20240421/indoor/1326_bedroom/R0013066.JPG,20240421,indoor,indoor,40.443911,-80.000919,270.9,190.4,RICOH THETA Z1,2024:04:21 13:26:50,2024-04-21T17:25:17Z,
pano2pano,20240421/indoor/1326_bedroom/R0013072.JPG,20240421,indoor,indoor,40.443911,-80.000919,270.9,190.5,RICOH THETA Z1,2024:04:21 13:27:29,2024-04-21T17:25:17Z,
pano2pano,20240421/indoor/1326_bedroom/R0013067.JPG,20240421,indoor,indoor,40.443911,-80.000919,270.9,188.6,RICOH THETA Z1,2024:04:21 13:26:57,2024-04-21T17:25:17Z,
pano2pano,20240421/indoor/1326_bedroom/R0013065.JPG,20240421,indoor,indoor,40.443911,-80.000919,270.9,183.2,RICOH THETA Z1,2024:04:21 13:26:43,2024-04-21T17:25:17Z,
pano2pano,20240421/indoor/1326_bedroom/R0013070.JPG,20240421,indoor,indoor,40.443911,-80.000919,270.9,189.5,RICOH THETA Z1,2024:04:21 13:27:16,2024-04-21T17:25:17Z,
pano2pano,20240421/indoor/1326_bedroom/R0013071.JPG,20240421,indoor,indoor,40.443911,-80.000919,270.9,192.4,RICOH THETA Z1,2024:04:21 13:27:23,2024-04-21T17:25:17Z,
pano2pano,20240421/indoor/1326_bedroom/R0013069.JPG,20240421,indoor,indoor,40.443911,-80.000919,270.9,189.0,RICOH THETA Z1,2024:04:21 13:27:10,2024-04-21T17:25:17Z,
pano2pano,20240421/indoor/1326_bedroom/R0013068.JPG,20240421,indoor,indoor,40.443911,-80.000919,270.9,190.3,RICOH THETA Z1,2024:04:21 13:27:04,2024-04-21T17:25:17Z,
pano2pano,20240421/indoor/1321_bedroom/R0013052.JPG,20240421,indoor,indoor,40.443958,-80.000878,270.9,227.9,RICOH THETA Z1,2024:04:21 13:22:39,2024-04-21T17:18:52Z,
pano2pano,20240421/indoor/1321_bedroom/R0013047.JPG,20240421,indoor,indoor,40.443958,-80.000878,270.9,219.8,RICOH THETA Z1,2024:04:21 13:22:05,2024-04-21T17:18:52Z,
pano2pano,20240421/indoor/1321_bedroom/R0013053.JPG,20240421,indoor,indoor,40.443958,-80.000878,270.9,235.3,RICOH THETA Z1,2024:04:21 13:22:45,2024-04-21T17:18:52Z,
pano2pano,20240421/indoor/1321_bedroom/R0013051.JPG,20240421,indoor,indoor,40.443958,-80.000878,270.9,214.9,RICOH THETA Z1,2024:04:21 13:22:32,2024-04-21T17:18:52Z,
pano2pano,20240421/indoor/1321_bedroom/R0013050.JPG,20240421,indoor,indoor,40.443958,-80.000878,270.9,218.1,RICOH THETA Z1,2024:04:21 13:22:26,2024-04-21T17:18:52Z,
pano2pano,20240421/indoor/1321_bedroom/R0013054.JPG,20240421,indoor,indoor,40.443958,-80.000878,270.9,237.5,RICOH THETA Z1,2024:04:21 13:22:51,2024-04-21T17:18:52Z,
pano2pano,20240421/indoor/1321_bedroom/R0013048.JPG,20240421,indoor,indoor,40.443958,-80.000878,270.9,217.0,RICOH THETA Z1,2024:04:21 13:22:12,2024-04-21T17:18:52Z,
pano2pano,20240421/indoor/1321_bedroom/R0013049.JPG,20240421,indoor,indoor,40.443958,-80.000878,270.9,221.1,RICOH THETA Z1,2024:04:21 13:22:19,2024-04-21T17:18:52Z,
pano2pano,20240421/indoor/1321_bedroom/R0013055.JPG,20240421,indoor,indoor,40.443958,-80.000878,270.9,226.5,RICOH THETA Z1,2024:04:21 13:22:57,2024-04-21T17:18:52Z,
pano2pano,20240421/indoor/1302_kitchen/R0012995.JPG,20240421,indoor,indoor,40.443872,-80.000925,271.1,199.8,RICOH THETA Z1,2024:04:21 13:03:16,2024-04-21T17:02:46Z,
pano2pano,20240421/indoor/1302_kitchen/R0012994.JPG,20240421,indoor,indoor,40.443872,-80.000925,271.1,204.4,RICOH THETA Z1,2024:04:21 13:03:09,2024-04-21T17:02:46Z,
pano2pano,20240421/indoor/1302_kitchen/R0012996.JPG,20240421,indoor,indoor,40.443872,-80.000925,271.1,200.4,RICOH THETA Z1,2024:04:21 13:03:23,2024-04-21T17:02:46Z,
pano2pano,20240421/indoor/1302_kitchen/R0012997.JPG,20240421,indoor,indoor,40.443872,-80.000925,271.1,196.1,RICOH THETA Z1,2024:04:21 13:03:30,2024-04-21T17:02:46Z,
pano2pano,20240421/indoor/1302_kitchen/R0012993.JPG,20240421,indoor,indoor,40.443872,-80.000925,271.1,194.5,RICOH THETA Z1,2024:04:21 13:03:02,2024-04-21T17:02:46Z,
pano2pano,20240421/indoor/1302_kitchen/R0013001.JPG,20240421,indoor,indoor,40.443872,-80.000925,271.1,204.5,RICOH THETA Z1,2024:04:21 13:03:55,2024-04-21T17:02:46Z,
pano2pano,20240421/indoor/1302_kitchen/R0013000.JPG,20240421,indoor,indoor,40.443872,-80.000925,271.1,209.5,RICOH THETA Z1,2024:04:21 13:03:49,2024-04-21T17:02:46Z,
pano2pano,20240421/indoor/1302_kitchen/R0012999.JPG,20240421,indoor,indoor,40.443872,-80.000925,271.1,201.6,RICOH THETA Z1,2024:04:21 13:03:43,2024-04-21T17:02:46Z,
pano2pano,20240421/indoor/1302_kitchen/R0012998.JPG,20240421,indoor,indoor,40.443872,-80.000925,271.1,198.2,RICOH THETA Z1,2024:04:21 13:03:36,2024-04-21T17:02:46Z,
pano2pano,20240421/indoor/1313_kitchen/R0013037.JPG,20240421,indoor,indoor,40.443911,-80.000925,270.9,272.5,RICOH THETA Z1,2024:04:21 13:15:07,2024-04-21T17:12:14Z,
pano2pano,20240421/indoor/1313_kitchen/R0013036.JPG,20240421,indoor,indoor,40.443911,-80.000925,270.9,246.3,RICOH THETA Z1,2024:04:21 13:15:01,2024-04-21T17:12:14Z,
pano2pano,20240421/indoor/1313_kitchen/R0013034.JPG,20240421,indoor,indoor,40.443911,-80.000925,270.9,281.1,RICOH THETA Z1,2024:04:21 13:14:49,2024-04-21T17:12:14Z,
pano2pano,20240421/indoor/1313_kitchen/R0013035.JPG,20240421,indoor,indoor,40.443911,-80.000925,270.9,290.1,RICOH THETA Z1,2024:04:21 13:14:55,2024-04-21T17:12:14Z,
pano2pano,20240421/indoor/1313_kitchen/R0013029.JPG,20240421,indoor,indoor,40.443911,-80.000925,270.9,269.0,RICOH THETA Z1,2024:04:21 13:14:14,2024-04-21T17:12:14Z,
pano2pano,20240421/indoor/1313_kitchen/R0013031.JPG,20240421,indoor,indoor,40.443911,-80.000925,270.9,244.9,RICOH THETA Z1,2024:04:21 13:14:30,2024-04-21T17:12:14Z,
pano2pano,20240421/indoor/1313_kitchen/R0013030.JPG,20240421,indoor,indoor,40.443911,-80.000925,270.9,263.8,RICOH THETA Z1,2024:04:21 13:14:23,2024-04-21T17:12:14Z,
pano2pano,20240421/indoor/1313_kitchen/R0013032.JPG,20240421,indoor,indoor,40.443911,-80.000925,270.9,227.7,RICOH THETA Z1,2024:04:21 13:14:36,2024-04-21T17:12:14Z,
pano2pano,20240421/indoor/1313_kitchen/R0013033.JPG,20240421,indoor,indoor,40.443911,-80.000925,270.9,238.9,RICOH THETA Z1,2024:04:21 13:14:43,2024-04-21T17:12:14Z,
pano2pano,20240421/indoor/1310_kitchen/R0013023.JPG,20240421,indoor,indoor,40.443875,-80.0009,270.9,232.0,RICOH THETA Z1,2024:04:21 13:11:25,2024-04-21T17:09:09Z,
pano2pano,20240421/indoor/1310_kitchen/R0013022.JPG,20240421,indoor,indoor,40.443875,-80.0009,270.9,303.2,RICOH THETA Z1,2024:04:21 13:11:19,2024-04-21T17:09:09Z,
pano2pano,20240421/indoor/1310_kitchen/R0013020.JPG,20240421,indoor,indoor,40.443875,-80.0009,270.9,278.8,RICOH THETA Z1,2024:04:21 13:11:04,2024-04-21T17:09:09Z,
pano2pano,20240421/indoor/1310_kitchen/R0013021.JPG,20240421,indoor,indoor,40.443875,-80.0009,270.9,230.1,RICOH THETA Z1,2024:04:21 13:11:12,2024-04-21T17:09:09Z,
pano2pano,20240421/indoor/1310_kitchen/R0013028.JPG,20240421,indoor,indoor,40.443875,-80.0009,270.9,295.0,RICOH THETA Z1,2024:04:21 13:11:56,2024-04-21T17:09:09Z,
pano2pano,20240421/indoor/1310_kitchen/R0013025.JPG,20240421,indoor,indoor,40.443875,-80.0009,270.9,268.4,RICOH THETA Z1,2024:04:21 13:11:38,2024-04-21T17:09:09Z,
pano2pano,20240421/indoor/1310_kitchen/R0013024.JPG,20240421,indoor,indoor,40.443875,-80.0009,270.9,254.8,RICOH THETA Z1,2024:04:21 13:11:32,2024-04-21T17:09:09Z,
pano2pano,20240421/indoor/1310_kitchen/R0013026.JPG,20240421,indoor,indoor,40.443875,-80.0009,270.9,305.4,RICOH THETA Z1,2024:04:21 13:11:44,2024-04-21T17:09:09Z,
pano2pano,20240421/indoor/1310_kitchen/R0013027.JPG,20240421,indoor,indoor,40.443875,-80.0009,270.9,282.4,RICOH THETA Z1,2024:04:21 13:11:50,2024-04-21T17:09:09Z,
pano2pano,20240421/indoor/1328_bedroom/R0013076.JPG,20240421,indoor,indoor,40.443886,-80.000908,270.9,229.4,RICOH THETA Z1,2024:04:21 13:28:51,2024-04-21T17:27:38Z,
pano2pano,20240421/indoor/1328_bedroom/R0013082.JPG,20240421,indoor,indoor,40.443886,-80.000908,270.9,234.4,RICOH THETA Z1,2024:04:21 13:29:29,2024-04-21T17:27:38Z,
pano2pano,20240421/indoor/1328_bedroom/R0013077.JPG,20240421,indoor,indoor,40.443886,-80.000908,270.9,232.7,RICOH THETA Z1,2024:04:21 13:28:57,2024-04-21T17:27:38Z,
pano2pano,20240421/indoor/1328_bedroom/R0013081.JPG,20240421,indoor,indoor,40.443886,-80.000908,270.9,228.8,RICOH THETA Z1,2024:04:21 13:29:22,2024-04-21T17:27:38Z,
pano2pano,20240421/indoor/1328_bedroom/R0013075.JPG,20240421,indoor,indoor,40.443886,-80.000908,270.9,229.9,RICOH THETA Z1,2024:04:21 13:28:44,2024-04-21T17:27:38Z,
pano2pano,20240421/indoor/1328_bedroom/R0013074.JPG,20240421,indoor,indoor,40.443886,-80.000908,270.9,221.5,RICOH THETA Z1,2024:04:21 13:28:36,2024-04-21T17:27:38Z,
pano2pano,20240421/indoor/1328_bedroom/R0013080.JPG,20240421,indoor,indoor,40.443886,-80.000908,270.9,242.1,RICOH THETA Z1,2024:04:21 13:29:16,2024-04-21T17:27:38Z,
pano2pano,20240421/indoor/1328_bedroom/R0013079.JPG,20240421,indoor,indoor,40.443886,-80.000908,270.9,224.2,RICOH THETA Z1,2024:04:21 13:29:10,2024-04-21T17:27:38Z,
pano2pano,20240421/indoor/1328_bedroom/R0013078.JPG,20240421,indoor,indoor,40.443886,-80.000908,270.9,230.8,RICOH THETA Z1,2024:04:21 13:29:04,2024-04-21T17:27:38Z,
pano2pano,20240330/indoor/1328_kitchen/R0012589.JPG,20240330,indoor,indoor,40.447222,-79.895828,307.3,303.6,RICOH THETA Z1,2024:03:30 13:28:50,2024-03-30T17:28:31Z,
pano2pano,20240330/indoor/1328_kitchen/R0012595.JPG,20240330,indoor,indoor,40.447222,-79.895828,307.3,299.1,RICOH THETA Z1,2024:03:30 13:29:28,2024-03-30T17:28:31Z,
pano2pano,20240330/indoor/1328_kitchen/R0012594.JPG,20240330,indoor,indoor,40.447222,-79.895828,307.3,304.8,RICOH THETA Z1,2024:03:30 13:29:23,2024-03-30T17:28:31Z,
pano2pano,20240330/indoor/1328_kitchen/R0012588.JPG,20240330,indoor,indoor,40.447222,-79.895828,307.3,304.1,RICOH THETA Z1,2024:03:30 13:28:42,2024-03-30T17:28:31Z,
pano2pano,20240330/indoor/1328_kitchen/R0012596.JPG,20240330,indoor,indoor,40.447222,-79.895828,307.3,301.5,RICOH THETA Z1,2024:03:30 13:29:34,2024-03-30T17:28:31Z,
pano2pano,20240330/indoor/1328_kitchen/R0012593.JPG,20240330,indoor,indoor,40.447222,-79.895828,307.3,308.6,RICOH THETA Z1,2024:03:30 13:29:16,2024-03-30T17:28:31Z,
pano2pano,20240330/indoor/1328_kitchen/R0012592.JPG,20240330,indoor,indoor,40.447222,-79.895828,307.3,309.4,RICOH THETA Z1,2024:03:30 13:29:10,2024-03-30T17:28:31Z,
pano2pano,20240330/indoor/1328_kitchen/R0012590.JPG,20240330,indoor,indoor,40.447222,-79.895828,307.3,302.3,RICOH THETA Z1,2024:03:30 13:28:57,2024-03-30T17:28:31Z,
pano2pano,20240330/indoor/1328_kitchen/R0012591.JPG,20240330,indoor,indoor,40.447222,-79.895828,307.3,308.6,RICOH THETA Z1,2024:03:30 13:29:04,2024-03-30T17:28:31Z,
pano2pano,20240330/indoor/1308_bedroom/R0012535.JPG,20240330,indoor,indoor,40.447122,-79.895783,290.4,19.7,RICOH THETA Z1,2024:03:30 13:08:32,2024-03-30T17:08:13Z,
pano2pano,20240330/indoor/1308_bedroom/R0012534.JPG,20240330,indoor,indoor,40.447122,-79.895783,290.4,16.5,RICOH THETA Z1,2024:03:30 13:08:24,2024-03-30T17:08:13Z,
pano2pano,20240330/indoor/1308_bedroom/R0012536.JPG,20240330,indoor,indoor,40.447122,-79.895783,290.4,16.8,RICOH THETA Z1,2024:03:30 13:08:39,2024-03-30T17:08:13Z,
pano2pano,20240330/indoor/1308_bedroom/R0012537.JPG,20240330,indoor,indoor,40.447122,-79.895783,290.4,20.6,RICOH THETA Z1,2024:03:30 13:08:46,2024-03-30T17:08:13Z,
pano2pano,20240330/indoor/1308_bedroom/R0012542.JPG,20240330,indoor,indoor,40.447122,-79.895783,290.4,20.5,RICOH THETA Z1,2024:03:30 13:09:17,2024-03-30T17:08:13Z,
pano2pano,20240330/indoor/1308_bedroom/R0012539.JPG,20240330,indoor,indoor,40.447122,-79.895783,290.4,20.6,RICOH THETA Z1,2024:03:30 13:08:58,2024-03-30T17:08:13Z,
pano2pano,20240330/indoor/1308_bedroom/R0012540.JPG,20240330,indoor,indoor,40.447122,-79.895783,290.4,16.1,RICOH THETA Z1,2024:03:30 13:09:05,2024-03-30T17:08:13Z,
pano2pano,20240330/indoor/1308_bedroom/R0012541.JPG,20240330,indoor,indoor,40.447122,-79.895783,290.4,13.3,RICOH THETA Z1,2024:03:30 13:09:11,2024-03-30T17:08:13Z,
pano2pano,20240330/indoor/1308_bedroom/R0012538.JPG,20240330,indoor,indoor,40.447122,-79.895783,290.4,17.1,RICOH THETA Z1,2024:03:30 13:08:52,2024-03-30T17:08:13Z,
pano2pano,20240330/indoor/1311_bedroom/R0012551.JPG,20240330,indoor,indoor,40.447067,-79.895758,288.1,29.3,RICOH THETA Z1,2024:03:30 13:12:22,2024-03-30T17:09:47Z,
pano2pano,20240330/indoor/1311_bedroom/R0012544.JPG,20240330,indoor,indoor,40.447067,-79.895758,288.1,24.6,RICOH THETA Z1,2024:03:30 13:11:39,2024-03-30T17:09:47Z,
pano2pano,20240330/indoor/1311_bedroom/R0012550.JPG,20240330,indoor,indoor,40.447067,-79.895758,288.1,24.6,RICOH THETA Z1,2024:03:30 13:12:17,2024-03-30T17:09:47Z,
pano2pano,20240330/indoor/1311_bedroom/R0012545.JPG,20240330,indoor,indoor,40.447067,-79.895758,288.1,30.9,RICOH THETA Z1,2024:03:30 13:11:45,2024-03-30T17:09:47Z,
pano2pano,20240330/indoor/1311_bedroom/R0012547.JPG,20240330,indoor,indoor,40.447067,-79.895758,288.1,24.8,RICOH THETA Z1,2024:03:30 13:11:58,2024-03-30T17:09:47Z,
pano2pano,20240330/indoor/1311_bedroom/R0012546.JPG,20240330,indoor,indoor,40.447067,-79.895758,288.1,25.7,RICOH THETA Z1,2024:03:30 13:11:52,2024-03-30T17:09:47Z,
pano2pano,20240330/indoor/1311_bedroom/R0012543.JPG,20240330,indoor,indoor,40.447067,-79.895758,288.1,29.2,RICOH THETA Z1,2024:03:30 13:11:31,2024-03-30T17:09:47Z,
pano2pano,20240330/indoor/1311_bedroom/R0012548.JPG,20240330,indoor,indoor,40.447067,-79.895758,288.1,28.6,RICOH THETA Z1,2024:03:30 13:12:04,2024-03-30T17:09:47Z,
pano2pano,20240330/indoor/1311_bedroom/R0012549.JPG,20240330,indoor,indoor,40.447067,-79.895758,288.1,26.2,RICOH THETA Z1,2024:03:30 13:12:11,2024-03-30T17:09:47Z,
pano2pano,20240330/indoor/1330_kitchen/R0012604.JPG,20240330,indoor,indoor,40.447119,-79.895789,282.8,305.2,RICOH THETA Z1,2024:03:30 13:31:56,2024-03-30T17:30:59Z,
pano2pano,20240330/indoor/1330_kitchen/R0012605.JPG,20240330,indoor,indoor,40.447119,-79.895789,282.8,303.6,RICOH THETA Z1,2024:03:30 13:32:01,2024-03-30T17:30:59Z,
pano2pano,20240330/indoor/1330_kitchen/R0012597.JPG,20240330,indoor,indoor,40.447119,-79.895789,282.8,299.1,RICOH THETA Z1,2024:03:30 13:31:11,2024-03-30T17:30:59Z,
pano2pano,20240330/indoor/1330_kitchen/R0012602.JPG,20240330,indoor,indoor,40.447119,-79.895789,282.8,299.2,RICOH THETA Z1,2024:03:30 13:31:44,2024-03-30T17:30:59Z,
pano2pano,20240330/indoor/1330_kitchen/R0012603.JPG,20240330,indoor,indoor,40.447119,-79.895789,282.8,303.5,RICOH THETA Z1,2024:03:30 13:31:50,2024-03-30T17:30:59Z,
pano2pano,20240330/indoor/1330_kitchen/R0012601.JPG,20240330,indoor,indoor,40.447119,-79.895789,282.8,301.6,RICOH THETA Z1,2024:03:30 13:31:38,2024-03-30T17:30:59Z,
pano2pano,20240330/indoor/1330_kitchen/R0012598.JPG,20240330,indoor,indoor,40.447119,-79.895789,282.8,300.6,RICOH THETA Z1,2024:03:30 13:31:18,2024-03-30T17:30:59Z,
pano2pano,20240330/indoor/1330_kitchen/R0012599.JPG,20240330,indoor,indoor,40.447119,-79.895789,282.8,300.1,RICOH THETA Z1,2024:03:30 13:31:25,2024-03-30T17:30:59Z,
pano2pano,20240330/indoor/1330_kitchen/R0012600.JPG,20240330,indoor,indoor,40.447119,-79.895789,282.8,301.6,RICOH THETA Z1,2024:03:30 13:31:32,2024-03-30T17:30:59Z,
pano2pano,20240330/indoor/1313_bedroom/R0012559.JPG,20240330,indoor,indoor,40.447103,-79.895831,287.6,21.0,RICOH THETA Z1,2024:03:30 13:14:32,2024-03-30T17:12:53Z,
pano2pano,20240330/indoor/1313_bedroom/R0012558.JPG,20240330,indoor,indoor,40.447103,-79.895831,287.6,20.6,RICOH THETA Z1,2024:03:30 13:14:26,2024-03-30T17:12:53Z,
pano2pano,20240330/indoor/1313_bedroom/R0012553.JPG,20240330,indoor,indoor,40.447103,-79.895831,287.6,17.0,RICOH THETA Z1,2024:03:30 13:13:54,2024-03-30T17:12:53Z,
pano2pano,20240330/indoor/1313_bedroom/R0012552.JPG,20240330,indoor,indoor,40.447103,-79.895831,287.6,18.4,RICOH THETA Z1,2024:03:30 13:13:46,2024-03-30T17:12:53Z,
pano2pano,20240330/indoor/1313_bedroom/R0012560.JPG,20240330,indoor,indoor,40.447103,-79.895831,287.6,17.5,RICOH THETA Z1,2024:03:30 13:14:37,2024-03-30T17:12:53Z,
pano2pano,20240330/indoor/1313_bedroom/R0012556.JPG,20240330,indoor,indoor,40.447103,-79.895831,287.6,17.3,RICOH THETA Z1,2024:03:30 13:14:14,2024-03-30T17:12:53Z,
pano2pano,20240330/indoor/1313_bedroom/R0012557.JPG,20240330,indoor,indoor,40.447103,-79.895831,287.6,22.1,RICOH THETA Z1,2024:03:30 13:14:20,2024-03-30T17:12:53Z,
pano2pano,20240330/indoor/1313_bedroom/R0012555.JPG,20240330,indoor,indoor,40.447103,-79.895831,287.6,20.9,RICOH THETA Z1,2024:03:30 13:14:07,2024-03-30T17:12:53Z,
pano2pano,20240330/indoor/1313_bedroom/R0012554.JPG,20240330,indoor,indoor,40.447103,-79.895831,287.6,21.2,RICOH THETA Z1,2024:03:30 13:14:00,2024-03-30T17:12:53Z,
pano2pano,20240330/indoor/1333_kitchen/R0012610.JPG,20240330,indoor,indoor,40.447164,-79.895719,294.2,306.3,RICOH THETA Z1,2024:03:30 13:34:37,2024-03-30T17:33:56Z,
pano2pano,20240330/indoor/1333_kitchen/R0012611.JPG,20240330,indoor,indoor,40.447164,-79.895719,294.2,303.6,RICOH THETA Z1,2024:03:30 13:34:43,2024-03-30T17:33:56Z,
pano2pano,20240330/indoor/1333_kitchen/R0012606.JPG,20240330,indoor,indoor,40.447164,-79.895719,294.2,302.1,RICOH THETA Z1,2024:03:30 13:34:09,2024-03-30T17:33:56Z,
pano2pano,20240330/indoor/1333_kitchen/R0012613.JPG,20240330,indoor,indoor,40.447164,-79.895719,294.2,302.3,RICOH THETA Z1,2024:03:30 13:34:55,2024-03-30T17:33:56Z,
pano2pano,20240330/indoor/1333_kitchen/R0012607.JPG,20240330,indoor,indoor,40.447164,-79.895719,294.2,306.5,RICOH THETA Z1,2024:03:30 13:34:17,2024-03-30T17:33:56Z,
pano2pano,20240330/indoor/1333_kitchen/R0012612.JPG,20240330,indoor,indoor,40.447164,-79.895719,294.2,302.6,RICOH THETA Z1,2024:03:30 13:34:49,2024-03-30T17:33:56Z,
pano2pano,20240330/indoor/1333_kitchen/R0012609.JPG,20240330,indoor,indoor,40.447164,-79.895719,294.2,302.1,RICOH THETA Z1,2024:03:30 13:34:31,2024-03-30T17:33:56Z,
pano2pano,20240330/indoor/1333_kitchen/R0012614.JPG,20240330,indoor,indoor,40.447164,-79.895719,294.2,303.9,RICOH THETA Z1,2024:03:30 13:35:01,2024-03-30T17:33:56Z,
pano2pano,20240330/indoor/1333_kitchen/R0012608.JPG,20240330,indoor,indoor,40.447164,-79.895719,294.2,305.1,RICOH THETA Z1,2024:03:30 13:34:24,2024-03-30T17:33:56Z,
pano2pano,20240330/outdoor/1339_living/R0012628.JPG,20240330,outdoor,outdoor,40.4472,-79.895806,309.5,0.4,RICOH THETA Z1,2024:03:30 13:40:48,2024-03-30T17:40:10Z,
pano2pano,20240330/outdoor/1339_living/R0012629.JPG,20240330,outdoor,outdoor,40.4472,-79.895806,309.5,2.1,RICOH THETA Z1,2024:03:30 13:40:55,2024-03-30T17:40:10Z,
pano2pano,20240330/outdoor/1339_living/R0012631.JPG,20240330,outdoor,outdoor,40.4472,-79.895806,309.5,359.2,RICOH THETA Z1,2024:03:30 13:41:08,2024-03-30T17:40:10Z,
pano2pano,20240330/outdoor/1339_living/R0012624.JPG,20240330,outdoor,outdoor,40.4472,-79.895806,309.5,359.9,RICOH THETA Z1,2024:03:30 13:40:22,2024-03-30T17:40:10Z,
pano2pano,20240330/outdoor/1339_living/R0012630.JPG,20240330,outdoor,outdoor,40.4472,-79.895806,309.5,3.4,RICOH THETA Z1,2024:03:30 13:41:01,2024-03-30T17:40:10Z,
pano2pano,20240330/outdoor/1339_living/R0012625.JPG,20240330,outdoor,outdoor,40.4472,-79.895806,309.5,358.9,RICOH THETA Z1,2024:03:30 13:40:29,2024-03-30T17:40:10Z,
pano2pano,20240330/outdoor/1339_living/R0012627.JPG,20240330,outdoor,outdoor,40.4472,-79.895806,309.5,359.4,RICOH THETA Z1,2024:03:30 13:40:42,2024-03-30T17:40:10Z,
pano2pano,20240330/outdoor/1339_living/R0012632.JPG,20240330,outdoor,outdoor,40.4472,-79.895806,309.5,360.0,RICOH THETA Z1,2024:03:30 13:41:14,2024-03-30T17:40:10Z,
pano2pano,20240330/outdoor/1339_living/R0012626.JPG,20240330,outdoor,outdoor,40.4472,-79.895806,309.5,360.0,RICOH THETA Z1,2024:03:30 13:40:35,2024-03-30T17:40:10Z,
pano2pano,20240330/outdoor/1405_office/R0012707.JPG,20240330,outdoor,outdoor,40.447222,-79.895847,316.3,0.2,RICOH THETA Z1,2024:03:30 14:06:23,2024-03-30T18:03:22Z,
pano2pano,20240330/outdoor/1405_office/R0012712.JPG,20240330,outdoor,outdoor,40.447222,-79.895847,316.3,357.8,RICOH THETA Z1,2024:03:30 14:06:55,2024-03-30T18:03:22Z,
pano2pano,20240330/outdoor/1405_office/R0012706.JPG,20240330,outdoor,outdoor,40.447222,-79.895847,316.3,0.8,RICOH THETA Z1,2024:03:30 14:06:17,2024-03-30T18:03:22Z,
pano2pano,20240330/outdoor/1405_office/R0012713.JPG,20240330,outdoor,outdoor,40.447222,-79.895847,316.3,359.3,RICOH THETA Z1,2024:03:30 14:07:01,2024-03-30T18:03:22Z,
pano2pano,20240330/outdoor/1405_office/R0012711.JPG,20240330,outdoor,outdoor,40.447222,-79.895847,316.3,1.0,RICOH THETA Z1,2024:03:30 14:06:49,2024-03-30T18:03:22Z,
pano2pano,20240330/outdoor/1405_office/R0012710.JPG,20240330,outdoor,outdoor,40.447222,-79.895847,316.3,1.3,RICOH THETA Z1,2024:03:30 14:06:42,2024-03-30T18:03:22Z,
pano2pano,20240330/outdoor/1405_office/R0012705.JPG,20240330,outdoor,outdoor,40.447222,-79.895847,316.3,357.2,RICOH THETA Z1,2024:03:30 14:06:10,2024-03-30T18:03:22Z,
pano2pano,20240330/outdoor/1405_office/R0012708.JPG,20240330,outdoor,outdoor,40.447222,-79.895847,316.3,2.3,RICOH THETA Z1,2024:03:30 14:06:30,2024-03-30T18:03:22Z,
pano2pano,20240330/outdoor/1405_office/R0012709.JPG,20240330,outdoor,outdoor,40.447222,-79.895847,316.3,4.1,RICOH THETA Z1,2024:03:30 14:06:36,2024-03-30T18:03:22Z,
pano2pano,20240323/indoor/1351_Kitchen/R0011960.JPG,20240323,indoor,indoor,40.430083,-79.926658,327.0,271.9,RICOH THETA Z1,2024:03:23 13:51:47,2024-03-23T17:50:35Z,
pano2pano,20240323/indoor/1351_Kitchen/R0011957.JPG,20240323,indoor,indoor,40.430083,-79.926658,327.0,272.3,RICOH THETA Z1,2024:03:23 13:51:27,2024-03-23T17:50:35Z,
pano2pano,20240323/indoor/1351_Kitchen/R0011961.JPG,20240323,indoor,indoor,40.430083,-79.926658,327.0,272.4,RICOH THETA Z1,2024:03:23 13:51:54,2024-03-23T17:50:35Z,
pano2pano,20240323/indoor/1351_Kitchen/R0011963.JPG,20240323,indoor,indoor,40.430083,-79.926658,327.0,271.3,RICOH THETA Z1,2024:03:23 13:52:06,2024-03-23T17:50:35Z,
pano2pano,20240323/indoor/1351_Kitchen/R0011962.JPG,20240323,indoor,indoor,40.430083,-79.926658,327.0,273.3,RICOH THETA Z1,2024:03:23 13:52:00,2024-03-23T17:50:35Z,
pano2pano,20240323/indoor/1351_Kitchen/R0011959.JPG,20240323,indoor,indoor,40.430083,-79.926658,327.0,273.1,RICOH THETA Z1,2024:03:23 13:51:41,2024-03-23T17:50:35Z,
pano2pano,20240323/indoor/1351_Kitchen/R0011958.JPG,20240323,indoor,indoor,40.430083,-79.926658,327.0,279.6,RICOH THETA Z1,2024:03:23 13:51:35,2024-03-23T17:50:35Z,
pano2pano,20240323/indoor/1351_Kitchen/R0011965.JPG,20240323,indoor,indoor,40.430083,-79.926658,327.0,276.2,RICOH THETA Z1,2024:03:23 13:52:17,2024-03-23T17:50:35Z,
pano2pano,20240323/indoor/1351_Kitchen/R0011964.JPG,20240323,indoor,indoor,40.430083,-79.926658,327.0,274.3,RICOH THETA Z1,2024:03:23 13:52:11,2024-03-23T17:50:35Z,
pano2pano,20240323/indoor/1348_Kitchen/R0011942.JPG,20240323,indoor,indoor,40.430022,-79.926661,327.1,258.8,RICOH THETA Z1,2024:03:23 13:47:39,2024-03-23T17:45:18Z,
pano2pano,20240323/indoor/1348_Kitchen/R0011943.JPG,20240323,indoor,indoor,40.430022,-79.926661,327.1,259.1,RICOH THETA Z1,2024:03:23 13:47:45,2024-03-23T17:45:18Z,
pano2pano,20240323/indoor/1348_Kitchen/R0011941.JPG,20240323,indoor,indoor,40.430022,-79.926661,327.1,261.9,RICOH THETA Z1,2024:03:23 13:47:33,2024-03-23T17:45:18Z,
pano2pano,20240323/indoor/1348_Kitchen/R0011939.JPG,20240323,indoor,indoor,40.430022,-79.926661,327.1,259.0,RICOH THETA Z1,2024:03:23 13:47:18,2024-03-23T17:45:18Z,
pano2pano,20240323/indoor/1348_Kitchen/R0011940.JPG,20240323,indoor,indoor,40.430022,-79.926661,327.1,262.6,RICOH THETA Z1,2024:03:23 13:47:26,2024-03-23T17:45:18Z,
pano2pano,20240323/indoor/1348_Kitchen/R0011944.JPG,20240323,indoor,indoor,40.430022,-79.926661,327.1,259.4,RICOH THETA Z1,2024:03:23 13:47:51,2024-03-23T17:45:18Z,
pano2pano,20240323/indoor/1348_Kitchen/R0011945.JPG,20240323,indoor,indoor,40.430022,-79.926661,327.1,261.4,RICOH THETA Z1,2024:03:23 13:47:57,2024-03-23T17:45:18Z,
pano2pano,20240323/indoor/1348_Kitchen/R0011947.JPG,20240323,indoor,indoor,40.430022,-79.926661,327.1,260.6,RICOH THETA Z1,2024:03:23 13:48:08,2024-03-23T17:45:18Z,
pano2pano,20240323/indoor/1348_Kitchen/R0011946.JPG,20240323,indoor,indoor,40.430022,-79.926661,327.1,260.6,RICOH THETA Z1,2024:03:23 13:48:03,2024-03-23T17:45:18Z,
pano2pano,20240323/indoor/1349_Kitchen/R0011956.JPG,20240323,indoor,indoor,40.430022,-79.926661,327.1,258.5,RICOH THETA Z1,2024:03:23 13:50:19,2024-03-23T17:45:18Z,
pano2pano,20240323/indoor/1349_Kitchen/R0011954.JPG,20240323,indoor,indoor,40.430022,-79.926661,327.1,259.6,RICOH THETA Z1,2024:03:23 13:50:07,2024-03-23T17:45:18Z,
pano2pano,20240323/indoor/1349_Kitchen/R0011948.JPG,20240323,indoor,indoor,40.430022,-79.926661,327.1,260.3,RICOH THETA Z1,2024:03:23 13:49:28,2024-03-23T17:45:18Z,
pano2pano,20240323/indoor/1349_Kitchen/R0011949.JPG,20240323,indoor,indoor,40.430022,-79.926661,327.1,254.5,RICOH THETA Z1,2024:03:23 13:49:36,2024-03-23T17:45:18Z,
pano2pano,20240323/indoor/1349_Kitchen/R0011955.JPG,20240323,indoor,indoor,40.430022,-79.926661,327.1,259.1,RICOH THETA Z1,2024:03:23 13:50:13,2024-03-23T17:45:18Z,
pano2pano,20240323/indoor/1349_Kitchen/R0011951.JPG,20240323,indoor,indoor,40.430022,-79.926661,327.1,257.1,RICOH THETA Z1,2024:03:23 13:49:49,2024-03-23T17:45:18Z,
pano2pano,20240323/indoor/1349_Kitchen/R0011950.JPG,20240323,indoor,indoor,40.430022,-79.926661,327.1,255.1,RICOH THETA Z1,2024:03:23 13:49:42,2024-03-23T17:45:18Z,
pano2pano,20240323/indoor/1349_Kitchen/R0011952.JPG,20240323,indoor,indoor,40.430022,-79.926661,327.1,246.2,RICOH THETA Z1,2024:03:23 13:49:55,2024-03-23T17:45:18Z,
pano2pano,20240323/indoor/1349_Kitchen/R0011953.JPG,20240323,indoor,indoor,40.430022,-79.926661,327.1,248.3,RICOH THETA Z1,2024:03:23 13:50:01,2024-03-23T17:45:18Z,
pano2pano,20240421/outdoor/1259_kitchen/R0012988.JPG,20240421,outdoor,outdoor,40.443822,-80.000831,270.4,199.6,RICOH THETA Z1,2024:04:21 13:00:01,2024-04-21T16:59:23Z,
pano2pano,20240421/outdoor/1259_kitchen/R0012989.JPG,20240421,outdoor,outdoor,40.443822,-80.000831,270.4,193.0,RICOH THETA Z1,2024:04:21 13:00:08,2024-04-21T16:59:23Z,
pano2pano,20240421/outdoor/1259_kitchen/R0012987.JPG,20240421,outdoor,outdoor,40.443822,-80.000831,270.4,203.0,RICOH THETA Z1,2024:04:21 12:59:55,2024-04-21T16:59:23Z,
pano2pano,20240421/outdoor/1259_kitchen/R0012992.JPG,20240421,outdoor,outdoor,40.443822,-80.000831,270.4,199.4,RICOH THETA Z1,2024:04:21 13:00:27,2024-04-21T16:59:23Z,
pano2pano,20240421/outdoor/1259_kitchen/R0012986.JPG,20240421,outdoor,outdoor,40.443822,-80.000831,270.4,202.7,RICOH THETA Z1,2024:04:21 12:59:49,2024-04-21T16:59:23Z,
pano2pano,20240421/outdoor/1259_kitchen/R0012991.JPG,20240421,outdoor,outdoor,40.443822,-80.000831,270.4,197.4,RICOH THETA Z1,2024:04:21 13:00:21,2024-04-21T16:59:23Z,
pano2pano,20240421/outdoor/1259_kitchen/R0012984.JPG,20240421,outdoor,outdoor,40.443822,-80.000831,270.4,198.2,RICOH THETA Z1,2024:04:21 12:59:35,2024-04-21T16:59:23Z,
pano2pano,20240421/outdoor/1259_kitchen/R0012990.JPG,20240421,outdoor,outdoor,40.443822,-80.000831,270.4,200.5,RICOH THETA Z1,2024:04:21 13:00:14,2024-04-21T16:59:23Z,
pano2pano,20240421/outdoor/1259_kitchen/R0012985.JPG,20240421,outdoor,outdoor,40.443822,-80.000831,270.4,199.1,RICOH THETA Z1,2024:04:21 12:59:43,2024-04-21T16:59:23Z,
pano2pano,20240421/outdoor/1317_kitchen/R0013043.JPG,20240421,outdoor,outdoor,40.443925,-80.000872,270.9,200.8,RICOH THETA Z1,2024:04:21 13:18:20,2024-04-21T17:15:16Z,
pano2pano,20240421/outdoor/1317_kitchen/R0013042.JPG,20240421,outdoor,outdoor,40.443925,-80.000872,270.9,199.8,RICOH THETA Z1,2024:04:21 13:18:14,2024-04-21T17:15:16Z,
pano2pano,20240421/outdoor/1317_kitchen/R0013040.JPG,20240421,outdoor,outdoor,40.443925,-80.000872,270.9,207.1,RICOH THETA Z1,2024:04:21 13:18:02,2024-04-21T17:15:16Z,
pano2pano,20240421/outdoor/1317_kitchen/R0013039.JPG,20240421,outdoor,outdoor,40.443925,-80.000872,270.9,201.5,RICOH THETA Z1,2024:04:21 13:17:55,2024-04-21T17:15:16Z,
pano2pano,20240421/outdoor/1317_kitchen/R0013038.JPG,20240421,outdoor,outdoor,40.443925,-80.000872,270.9,201.7,RICOH THETA Z1,2024:04:21 13:17:48,2024-04-21T17:15:16Z,
pano2pano,20240421/outdoor/1317_kitchen/R0013041.JPG,20240421,outdoor,outdoor,40.443925,-80.000872,270.9,198.4,RICOH THETA Z1,2024:04:21 13:18:08,2024-04-21T17:15:16Z,
pano2pano,20240421/outdoor/1317_kitchen/R0013045.JPG,20240421,outdoor,outdoor,40.443925,-80.000872,270.9,208.6,RICOH THETA Z1,2024:04:21 13:18:33,2024-04-21T17:15:16Z,
pano2pano,20240421/outdoor/1317_kitchen/R0013044.JPG,20240421,outdoor,outdoor,40.443925,-80.000872,270.9,201.8,RICOH THETA Z1,2024:04:21 13:18:26,2024-04-21T17:15:16Z,
pano2pano,20240421/outdoor/1317_kitchen/R0013046.JPG,20240421,outdoor,outdoor,40.443925,-80.000872,270.9,209.5,RICOH THETA Z1,2024:04:21 13:18:39,2024-04-21T17:15:16Z,
pano2pano,20240225/indoor/1215_Corridor/R0011819.JPG,20240225,indoor,indoor,40.430086,-79.926661,329.3,181.2,RICOH THETA Z1,2024:02:25 12:16:16,2024-02-25T17:15:26Z,
pano2pano,20240225/indoor/1215_Corridor/R0011818.JPG,20240225,indoor,indoor,40.430086,-79.926661,329.3,181.2,RICOH THETA Z1,2024:02:25 12:16:10,2024-02-25T17:15:26Z,
pano2pano,20240225/indoor/1215_Corridor/R0011813.JPG,20240225,indoor,indoor,40.430086,-79.926661,329.3,186.1,RICOH THETA Z1,2024:02:25 12:15:37,2024-02-25T17:15:26Z,
pano2pano,20240225/indoor/1215_Corridor/R0011820.JPG,20240225,indoor,indoor,40.430086,-79.926661,329.3,186.6,RICOH THETA Z1,2024:02:25 12:16:21,2024-02-25T17:15:26Z,
pano2pano,20240225/indoor/1215_Corridor/R0011816.JPG,20240225,indoor,indoor,40.430086,-79.926661,329.3,184.7,RICOH THETA Z1,2024:02:25 12:15:59,2024-02-25T17:15:26Z,
pano2pano,20240225/indoor/1215_Corridor/R0011817.JPG,20240225,indoor,indoor,40.430086,-79.926661,329.3,186.5,RICOH THETA Z1,2024:02:25 12:16:05,2024-02-25T17:15:26Z,
pano2pano,20240225/indoor/1215_Corridor/R0011821.JPG,20240225,indoor,indoor,40.430086,-79.926661,329.3,185.9,RICOH THETA Z1,2024:02:25 12:16:27,2024-02-25T17:15:26Z,
pano2pano,20240225/indoor/1215_Corridor/R0011815.JPG,20240225,indoor,indoor,40.430086,-79.926661,329.3,188.3,RICOH THETA Z1,2024:02:25 12:15:52,2024-02-25T17:15:26Z,
pano2pano,20240225/indoor/1215_Corridor/R0011814.JPG,20240225,indoor,indoor,40.430086,-79.926661,329.3,182.2,RICOH THETA Z1,2024:02:25 12:15:45,2024-02-25T17:15:26Z,
pano2pano,20240330/outdoor/1326_bedroom/R0012584.JPG,20240330,outdoor,outdoor,40.447047,-79.895814,290.8,359.3,RICOH THETA Z1,2024:03:30 13:25:44,2024-03-30T17:24:56Z,
pano2pano,20240330/outdoor/1326_bedroom/R0012579.JPG,20240330,outdoor,outdoor,40.447047,-79.895814,290.8,358.1,RICOH THETA Z1,2024:03:30 13:25:10,2024-03-30T17:24:56Z,
pano2pano,20240330/outdoor/1326_bedroom/R0012585.JPG,20240330,outdoor,outdoor,40.447047,-79.895814,290.8,1.5,RICOH THETA Z1,2024:03:30 13:25:50,2024-03-30T17:24:56Z,
pano2pano,20240330/outdoor/1326_bedroom/R0012587.JPG,20240330,outdoor,outdoor,40.447047,-79.895814,290.8,356.3,RICOH THETA Z1,2024:03:30 13:26:02,2024-03-30T17:24:56Z,
pano2pano,20240330/outdoor/1326_bedroom/R0012586.JPG,20240330,outdoor,outdoor,40.447047,-79.895814,290.8,359.2,RICOH THETA Z1,2024:03:30 13:25:56,2024-03-30T17:24:56Z,
pano2pano,20240330/outdoor/1326_bedroom/R0012582.JPG,20240330,outdoor,outdoor,40.447047,-79.895814,290.8,359.0,RICOH THETA Z1,2024:03:30 13:25:31,2024-03-30T17:24:56Z,
pano2pano,20240330/outdoor/1326_bedroom/R0012583.JPG,20240330,outdoor,outdoor,40.447047,-79.895814,290.8,359.1,RICOH THETA Z1,2024:03:30 13:25:37,2024-03-30T17:24:56Z,
pano2pano,20240330/outdoor/1326_bedroom/R0012581.JPG,20240330,outdoor,outdoor,40.447047,-79.895814,290.8,357.3,RICOH THETA Z1,2024:03:30 13:25:25,2024-03-30T17:24:56Z,
pano2pano,20240330/outdoor/1326_bedroom/R0012580.JPG,20240330,outdoor,outdoor,40.447047,-79.895814,290.8,356.1,RICOH THETA Z1,2024:03:30 13:25:18,2024-03-30T17:24:56Z,
pano2pano,20240330/outdoor/1321_bedroom/R0012572.JPG,20240330,outdoor,outdoor,40.447222,-79.895822,305.4,27.0,RICOH THETA Z1,2024:03:30 13:21:36,2024-03-30T17:21:10Z,
pano2pano,20240330/outdoor/1321_bedroom/R0012573.JPG,20240330,outdoor,outdoor,40.447222,-79.895822,305.4,27.6,RICOH THETA Z1,2024:03:30 13:21:42,2024-03-30T17:21:10Z,
pano2pano,20240330/outdoor/1321_bedroom/R0012578.JPG,20240330,outdoor,outdoor,40.447222,-79.895822,305.4,24.6,RICOH THETA Z1,2024:03:30 13:22:14,2024-03-30T17:21:10Z,
pano2pano,20240330/outdoor/1321_bedroom/R0012571.JPG,20240330,outdoor,outdoor,40.447222,-79.895822,305.4,29.3,RICOH THETA Z1,2024:03:30 13:21:29,2024-03-30T17:21:10Z,
pano2pano,20240330/outdoor/1321_bedroom/R0012570.JPG,20240330,outdoor,outdoor,40.447222,-79.895822,305.4,27.2,RICOH THETA Z1,2024:03:30 13:21:21,2024-03-30T17:21:10Z,
pano2pano,20240330/outdoor/1321_bedroom/R0012574.JPG,20240330,outdoor,outdoor,40.447222,-79.895822,305.4,30.2,RICOH THETA Z1,2024:03:30 13:21:48,2024-03-30T17:21:10Z,
pano2pano,20240330/outdoor/1321_bedroom/R0012575.JPG,20240330,outdoor,outdoor,40.447222,-79.895822,305.4,26.0,RICOH THETA Z1,2024:03:30 13:21:55,2024-03-30T17:21:10Z,
pano2pano,20240330/outdoor/1321_bedroom/R0012577.JPG,20240330,outdoor,outdoor,40.447222,-79.895822,305.4,29.3,RICOH THETA Z1,2024:03:30 13:22:08,2024-03-30T17:21:10Z,
pano2pano,20240330/outdoor/1321_bedroom/R0012576.JPG,20240330,outdoor,outdoor,40.447222,-79.895822,305.4,26.4,RICOH THETA Z1,2024:03:30 13:22:02,2024-03-30T17:21:10Z,
pano2pano,20240502/indoor/1328_2F-study/R0013135.JPG,20240502,indoor,indoor,40.454003,-79.920767,295.1,340.1,RICOH THETA Z1,2024:05:02 13:29:17,2024-05-02T17:27:17Z,
pano2pano,20240502/indoor/1328_2F-study/R0013129.JPG,20240502,indoor,indoor,40.454003,-79.920767,295.1,337.7,RICOH THETA Z1,2024:05:02 13:28:40,2024-05-02T17:27:17Z,
pano2pano,20240502/indoor/1328_2F-study/R0013128.JPG,20240502,indoor,indoor,40.454003,-79.920767,295.1,339.0,RICOH THETA Z1,2024:05:02 13:28:31,2024-05-02T17:27:17Z,
pano2pano,20240502/indoor/1328_2F-study/R0013134.JPG,20240502,indoor,indoor,40.454003,-79.920767,295.1,344.5,RICOH THETA Z1,2024:05:02 13:29:11,2024-05-02T17:27:17Z,
pano2pano,20240502/indoor/1328_2F-study/R0013136.JPG,20240502,indoor,indoor,40.454003,-79.920767,295.1,343.1,RICOH THETA Z1,2024:05:02 13:29:23,2024-05-02T17:27:17Z,
pano2pano,20240502/indoor/1328_2F-study/R0013133.JPG,20240502,indoor,indoor,40.454003,-79.920767,295.1,335.8,RICOH THETA Z1,2024:05:02 13:29:06,2024-05-02T17:27:17Z,
pano2pano,20240502/indoor/1328_2F-study/R0013132.JPG,20240502,indoor,indoor,40.454003,-79.920767,295.1,339.6,RICOH THETA Z1,2024:05:02 13:29:00,2024-05-02T17:27:17Z,
pano2pano,20240502/indoor/1328_2F-study/R0013130.JPG,20240502,indoor,indoor,40.454003,-79.920767,295.1,342.7,RICOH THETA Z1,2024:05:02 13:28:47,2024-05-02T17:27:17Z,
pano2pano,20240502/indoor/1328_2F-study/R0013131.JPG,20240502,indoor,indoor,40.454003,-79.920767,295.1,338.5,RICOH THETA Z1,2024:05:02 13:28:53,2024-05-02T17:27:17Z,
pano2pano,20240502/indoor/1346_3F-study/R0013182.JPG,20240502,indoor,indoor,40.454039,-79.920569,289.4,339.4,RICOH THETA Z1,2024:05:02 13:47:12,2024-05-02T17:43:29Z,
pano2pano,20240502/indoor/1346_3F-study/R0013183.JPG,20240502,indoor,indoor,40.454039,-79.920569,289.4,334.4,RICOH THETA Z1,2024:05:02 13:47:19,2024-05-02T17:43:29Z,
pano2pano,20240502/indoor/1346_3F-study/R0013188.JPG,20240502,indoor,indoor,40.454039,-79.920569,289.4,342.3,RICOH THETA Z1,2024:05:02 13:47:51,2024-05-02T17:43:29Z,
pano2pano,20240502/indoor/1346_3F-study/R0013189.JPG,20240502,indoor,indoor,40.454039,-79.920569,289.4,337.8,RICOH THETA Z1,2024:05:02 13:47:56,2024-05-02T17:43:29Z,
pano2pano,20240502/indoor/1346_3F-study/R0013184.JPG,20240502,indoor,indoor,40.454039,-79.920569,289.4,344.5,RICOH THETA Z1,2024:05:02 13:47:26,2024-05-02T17:43:29Z,
pano2pano,20240502/indoor/1346_3F-study/R0013190.JPG,20240502,indoor,indoor,40.454039,-79.920569,289.4,343.3,RICOH THETA Z1,2024:05:02 13:48:02,2024-05-02T17:43:29Z,
pano2pano,20240502/indoor/1346_3F-study/R0013185.JPG,20240502,indoor,indoor,40.454039,-79.920569,289.4,337.4,RICOH THETA Z1,2024:05:02 13:47:32,2024-05-02T17:43:29Z,
pano2pano,20240502/indoor/1346_3F-study/R0013187.JPG,20240502,indoor,indoor,40.454039,-79.920569,289.4,347.1,RICOH THETA Z1,2024:05:02 13:47:45,2024-05-02T17:43:29Z,
pano2pano,20240502/indoor/1346_3F-study/R0013186.JPG,20240502,indoor,indoor,40.454039,-79.920569,289.4,346.7,RICOH THETA Z1,2024:05:02 13:47:38,2024-05-02T17:43:29Z,
pano2pano,20240502/indoor/1313_playroom/R0013106.JPG,20240502,indoor,indoor,40.453864,-79.920694,290.6,343.0,RICOH THETA Z1,2024:05:02 13:13:56,2024-05-02T17:12:01Z,
pano2pano,20240502/indoor/1313_playroom/R0013107.JPG,20240502,indoor,indoor,40.453864,-79.920694,290.6,347.1,RICOH THETA Z1,2024:05:02 13:14:02,2024-05-02T17:12:01Z,
pano2pano,20240502/indoor/1313_playroom/R0013105.JPG,20240502,indoor,indoor,40.453864,-79.920694,290.6,341.8,RICOH THETA Z1,2024:05:02 13:13:50,2024-05-02T17:12:01Z,
pano2pano,20240502/indoor/1313_playroom/R0013104.JPG,20240502,indoor,indoor,40.453864,-79.920694,290.6,344.0,RICOH THETA Z1,2024:05:02 13:13:44,2024-05-02T17:12:01Z,
pano2pano,20240502/indoor/1313_playroom/R0013109.JPG,20240502,indoor,indoor,40.453864,-79.920694,290.6,342.4,RICOH THETA Z1,2024:05:02 13:14:14,2024-05-02T17:12:01Z,
pano2pano,20240502/indoor/1313_playroom/R0013101.JPG,20240502,indoor,indoor,40.453864,-79.920694,290.6,348.4,RICOH THETA Z1,2024:05:02 13:13:23,2024-05-02T17:12:01Z,
pano2pano,20240502/indoor/1313_playroom/R0013108.JPG,20240502,indoor,indoor,40.453864,-79.920694,290.6,345.5,RICOH THETA Z1,2024:05:02 13:14:08,2024-05-02T17:12:01Z,
pano2pano,20240502/indoor/1313_playroom/R0013103.JPG,20240502,indoor,indoor,40.453864,-79.920694,290.6,348.1,RICOH THETA Z1,2024:05:02 13:13:38,2024-05-02T17:12:01Z,
pano2pano,20240502/indoor/1313_playroom/R0013102.JPG,20240502,indoor,indoor,40.453864,-79.920694,290.6,346.3,RICOH THETA Z1,2024:05:02 13:13:31,2024-05-02T17:12:01Z,
pano2pano,20240502/indoor/1315_playroom/R0013117.JPG,20240502,indoor,indoor,40.453978,-79.920769,290.6,341.6,RICOH THETA Z1,2024:05:02 13:16:12,2024-05-02T17:14:19Z,
pano2pano,20240502/indoor/1315_playroom/R0013116.JPG,20240502,indoor,indoor,40.453978,-79.920769,290.6,343.5,RICOH THETA Z1,2024:05:02 13:16:06,2024-05-02T17:14:19Z,
pano2pano,20240502/indoor/1315_playroom/R0013114.JPG,20240502,indoor,indoor,40.453978,-79.920769,290.6,339.7,RICOH THETA Z1,2024:05:02 13:15:53,2024-05-02T17:14:19Z,
pano2pano,20240502/indoor/1315_playroom/R0013115.JPG,20240502,indoor,indoor,40.453978,-79.920769,290.6,341.3,RICOH THETA Z1,2024:05:02 13:16:00,2024-05-02T17:14:19Z,
pano2pano,20240502/indoor/1315_playroom/R0013111.JPG,20240502,indoor,indoor,40.453978,-79.920769,290.6,344.3,RICOH THETA Z1,2024:05:02 13:15:34,2024-05-02T17:14:19Z,
pano2pano,20240502/indoor/1315_playroom/R0013118.JPG,20240502,indoor,indoor,40.453978,-79.920769,290.6,344.9,RICOH THETA Z1,2024:05:02 13:16:18,2024-05-02T17:14:19Z,
pano2pano,20240502/indoor/1315_playroom/R0013110.JPG,20240502,indoor,indoor,40.453978,-79.920769,290.6,341.9,RICOH THETA Z1,2024:05:02 13:15:26,2024-05-02T17:14:19Z,
pano2pano,20240502/indoor/1315_playroom/R0013112.JPG,20240502,indoor,indoor,40.453978,-79.920769,290.6,342.3,RICOH THETA Z1,2024:05:02 13:15:41,2024-05-02T17:14:19Z,
pano2pano,20240502/indoor/1315_playroom/R0013113.JPG,20240502,indoor,indoor,40.453978,-79.920769,290.6,342.0,RICOH THETA Z1,2024:05:02 13:15:47,2024-05-02T17:14:19Z,
pano2pano,20240502/indoor/1310_playroom/R0013092.JPG,20240502,indoor,indoor,40.454206,-79.920861,290.6,344.4,RICOH THETA Z1,2024:05:02 13:11:04,2024-05-02T17:10:52Z,
pano2pano,20240502/indoor/1310_playroom/R0013093.JPG,20240502,indoor,indoor,40.454206,-79.920861,290.6,342.8,RICOH THETA Z1,2024:05:02 13:11:12,2024-05-02T17:10:52Z,
pano2pano,20240502/indoor/1310_playroom/R0013098.JPG,20240502,indoor,indoor,40.454206,-79.920861,290.6,340.8,RICOH THETA Z1,2024:05:02 13:11:44,2024-05-02T17:10:52Z,
pano2pano,20240502/indoor/1310_playroom/R0013099.JPG,20240502,indoor,indoor,40.454206,-79.920861,290.6,343.4,RICOH THETA Z1,2024:05:02 13:11:50,2024-05-02T17:10:52Z,
pano2pano,20240502/indoor/1310_playroom/R0013094.JPG,20240502,indoor,indoor,40.454206,-79.920861,290.6,340.5,RICOH THETA Z1,2024:05:02 13:11:19,2024-05-02T17:10:52Z,
pano2pano,20240502/indoor/1310_playroom/R0013095.JPG,20240502,indoor,indoor,40.454206,-79.920861,290.6,341.7,RICOH THETA Z1,2024:05:02 13:11:25,2024-05-02T17:10:52Z,
pano2pano,20240502/indoor/1310_playroom/R0013097.JPG,20240502,indoor,indoor,40.454206,-79.920861,290.6,345.2,RICOH THETA Z1,2024:05:02 13:11:37,2024-05-02T17:10:52Z,
pano2pano,20240502/indoor/1310_playroom/R0013096.JPG,20240502,indoor,indoor,40.454206,-79.920861,290.6,343.1,RICOH THETA Z1,2024:05:02 13:11:31,2024-05-02T17:10:52Z,
pano2pano,20240502/indoor/1310_playroom/R0013100.JPG,20240502,indoor,indoor,40.454206,-79.920861,290.6,342.4,RICOH THETA Z1,2024:05:02 13:11:55,2024-05-02T17:10:52Z,
pano2pano,20240502/indoor/1330_2F-study/R0013143.JPG,20240502,indoor,indoor,40.453969,-79.920736,295.1,332.3,RICOH THETA Z1,2024:05:02 13:31:44,2024-05-02T17:30:53Z,
pano2pano,20240502/indoor/1330_2F-study/R0013142.JPG,20240502,indoor,indoor,40.453969,-79.920736,295.1,331.1,RICOH THETA Z1,2024:05:02 13:31:37,2024-05-02T17:30:53Z,
pano2pano,20240502/indoor/1330_2F-study/R0013140.JPG,20240502,indoor,indoor,40.453969,-79.920736,295.1,331.9,RICOH THETA Z1,2024:05:02 13:31:25,2024-05-02T17:30:53Z,
pano2pano,20240502/indoor/1330_2F-study/R0013139.JPG,20240502,indoor,indoor,40.453969,-79.920736,295.1,336.9,RICOH THETA Z1,2024:05:02 13:31:18,2024-05-02T17:30:53Z,
pano2pano,20240502/indoor/1330_2F-study/R0013138.JPG,20240502,indoor,indoor,40.453969,-79.920736,295.1,337.0,RICOH THETA Z1,2024:05:02 13:31:11,2024-05-02T17:30:53Z,
pano2pano,20240502/indoor/1330_2F-study/R0013141.JPG,20240502,indoor,indoor,40.453969,-79.920736,295.1,326.4,RICOH THETA Z1,2024:05:02 13:31:31,2024-05-02T17:30:53Z,
pano2pano,20240502/indoor/1330_2F-study/R0013145.JPG,20240502,indoor,indoor,40.453969,-79.920736,295.1,333.5,RICOH THETA Z1,2024:05:02 13:31:56,2024-05-02T17:30:53Z,
pano2pano,20240502/indoor/1330_2F-study/R0013144.JPG,20240502,indoor,indoor,40.453969,-79.920736,295.1,338.9,RICOH THETA Z1,2024:05:02 13:31:50,2024-05-02T17:30:53Z,
pano2pano,20240502/indoor/1330_2F-study/R0013137.JPG,20240502,indoor,indoor,40.453969,-79.920736,295.1,336.1,RICOH THETA Z1,2024:05:02 13:31:04,2024-05-02T17:30:53Z,
pano2pano,20240502/indoor/1343_3F-study/R0013179.JPG,20240502,indoor,indoor,40.454039,-79.920569,289.4,349.8,RICOH THETA Z1,2024:05:02 13:45:06,2024-05-02T17:43:29Z,
pano2pano,20240502/indoor/1343_3F-study/R0013178.JPG,20240502,indoor,indoor,40.454039,-79.920569,289.4,347.1,RICOH THETA Z1,2024:05:02 13:45:00,2024-05-02T17:43:29Z,
pano2pano,20240502/indoor/1343_3F-study/R0013173.JPG,20240502,indoor,indoor,40.454039,-79.920569,289.4,348.0,RICOH THETA Z1,2024:05:02 13:44:26,2024-05-02T17:43:29Z,
pano2pano,20240502/indoor/1343_3F-study/R0013176.JPG,20240502,indoor,indoor,40.454039,-79.920569,289.4,346.4,RICOH THETA Z1,2024:05:02 13:44:47,2024-05-02T17:43:29Z,
pano2pano,20240502/indoor/1343_3F-study/R0013177.JPG,20240502,indoor,indoor,40.454039,-79.920569,289.4,341.2,RICOH THETA Z1,2024:05:02 13:44:53,2024-05-02T17:43:29Z,
pano2pano,20240502/indoor/1343_3F-study/R0013175.JPG,20240502,indoor,indoor,40.454039,-79.920569,289.4,353.2,RICOH THETA Z1,2024:05:02 13:44:41,2024-05-02T17:43:29Z,
pano2pano,20240502/indoor/1343_3F-study/R0013181.JPG,20240502,indoor,indoor,40.454039,-79.920569,289.4,349.3,RICOH THETA Z1,2024:05:02 13:45:18,2024-05-02T17:43:29Z,
pano2pano,20240502/indoor/1343_3F-study/R0013180.JPG,20240502,indoor,indoor,40.454039,-79.920569,289.4,346.2,RICOH THETA Z1,2024:05:02 13:45:12,2024-05-02T17:43:29Z,
pano2pano,20240502/indoor/1343_3F-study/R0013174.JPG,20240502,indoor,indoor,40.454039,-79.920569,289.4,342.4,RICOH THETA Z1,2024:05:02 13:44:34,2024-05-02T17:43:29Z,
pano2pano,20240502/indoor/1341_3F-study/R0013168.JPG,20240502,indoor,indoor,40.454008,-79.920686,301.2,343.5,RICOH THETA Z1,2024:05:02 13:42:48,2024-05-02T17:40:53Z,
pano2pano,20240502/indoor/1341_3F-study/R0013169.JPG,20240502,indoor,indoor,40.454008,-79.920686,301.2,348.6,RICOH THETA Z1,2024:05:02 13:42:55,2024-05-02T17:40:53Z,
pano2pano,20240502/indoor/1341_3F-study/R0013167.JPG,20240502,indoor,indoor,40.454008,-79.920686,301.2,344.6,RICOH THETA Z1,2024:05:02 13:42:42,2024-05-02T17:40:53Z,
pano2pano,20240502/indoor/1341_3F-study/R0013172.JPG,20240502,indoor,indoor,40.454008,-79.920686,301.2,339.7,RICOH THETA Z1,2024:05:02 13:43:12,2024-05-02T17:40:53Z,
pano2pano,20240502/indoor/1341_3F-study/R0013166.JPG,20240502,indoor,indoor,40.454008,-79.920686,301.2,343.4,RICOH THETA Z1,2024:05:02 13:42:36,2024-05-02T17:40:53Z,
pano2pano,20240502/indoor/1341_3F-study/R0013171.JPG,20240502,indoor,indoor,40.454008,-79.920686,301.2,343.9,RICOH THETA Z1,2024:05:02 13:43:06,2024-05-02T17:40:53Z,
pano2pano,20240502/indoor/1341_3F-study/R0013164.JPG,20240502,indoor,indoor,40.454008,-79.920686,301.2,341.5,RICOH THETA Z1,2024:05:02 13:42:21,2024-05-02T17:40:53Z,
pano2pano,20240502/indoor/1341_3F-study/R0013170.JPG,20240502,indoor,indoor,40.454008,-79.920686,301.2,341.3,RICOH THETA Z1,2024:05:02 13:43:00,2024-05-02T17:40:53Z,
pano2pano,20240502/indoor/1341_3F-study/R0013165.JPG,20240502,indoor,indoor,40.454008,-79.920686,301.2,328.5,RICOH THETA Z1,2024:05:02 13:42:29,2024-05-02T17:40:53Z,
pano2pano,20240502/indoor/1325_2F-study/R0013119.JPG,20240502,indoor,indoor,40.453964,-79.920814,290.4,344.5,RICOH THETA Z1,2024:05:02 13:26:18,2024-05-02T17:26:08Z,
pano2pano,20240502/indoor/1325_2F-study/R0013126.JPG,20240502,indoor,indoor,40.453964,-79.920814,290.4,341.8,RICOH THETA Z1,2024:05:02 13:27:05,2024-05-02T17:26:08Z,
pano2pano,20240502/indoor/1325_2F-study/R0013127.JPG,20240502,indoor,indoor,40.453964,-79.920814,290.4,340.3,RICOH THETA Z1,2024:05:02 13:27:11,2024-05-02T17:26:08Z,
pano2pano,20240502/indoor/1325_2F-study/R0013125.JPG,20240502,indoor,indoor,40.453964,-79.920814,290.4,336.3,RICOH THETA Z1,2024:05:02 13:26:59,2024-05-02T17:26:08Z,
pano2pano,20240502/indoor/1325_2F-study/R0013124.JPG,20240502,indoor,indoor,40.453964,-79.920814,290.4,340.9,RICOH THETA Z1,2024:05:02 13:26:52,2024-05-02T17:26:08Z,
pano2pano,20240502/indoor/1325_2F-study/R0013120.JPG,20240502,indoor,indoor,40.453964,-79.920814,290.4,336.5,RICOH THETA Z1,2024:05:02 13:26:26,2024-05-02T17:26:08Z,
pano2pano,20240502/indoor/1325_2F-study/R0013121.JPG,20240502,indoor,indoor,40.453964,-79.920814,290.4,341.4,RICOH THETA Z1,2024:05:02 13:26:33,2024-05-02T17:26:08Z,
pano2pano,20240502/indoor/1325_2F-study/R0013123.JPG,20240502,indoor,indoor,40.453964,-79.920814,290.4,340.1,RICOH THETA Z1,2024:05:02 13:26:46,2024-05-02T17:26:08Z,
pano2pano,20240502/indoor/1325_2F-study/R0013122.JPG,20240502,indoor,indoor,40.453964,-79.920814,290.4,332.7,RICOH THETA Z1,2024:05:02 13:26:39,2024-05-02T17:26:08Z,
pano2pano,20240323/outdoor/1344_Kitchen/R0011933.JPG,20240323,outdoor,outdoor,40.430022,-79.926661,327.1,339.5,RICOH THETA Z1,2024:03:23 13:44:43,2024-03-23T17:39:29Z,
pano2pano,20240323/outdoor/1344_Kitchen/R0011932.JPG,20240323,outdoor,outdoor,40.430022,-79.926661,327.1,333.2,RICOH THETA Z1,2024:03:23 13:44:37,2024-03-23T17:39:29Z,
pano2pano,20240323/outdoor/1344_Kitchen/R0011930.JPG,20240323,outdoor,outdoor,40.430022,-79.926661,327.1,335.7,RICOH THETA Z1,2024:03:23 13:44:23,2024-03-23T17:39:29Z,
pano2pano,20240323/outdoor/1344_Kitchen/R0011931.JPG,20240323,outdoor,outdoor,40.430022,-79.926661,327.1,333.6,RICOH THETA Z1,2024:03:23 13:44:30,2024-03-23T17:39:29Z,
pano2pano,20240323/outdoor/1344_Kitchen/R0011938.JPG,20240323,outdoor,outdoor,40.430022,-79.926661,327.1,329.2,RICOH THETA Z1,2024:03:23 13:45:13,2024-03-23T17:39:29Z,
pano2pano,20240323/outdoor/1344_Kitchen/R0011935.JPG,20240323,outdoor,outdoor,40.430022,-79.926661,327.1,333.4,RICOH THETA Z1,2024:03:23 13:44:55,2024-03-23T17:39:29Z,
pano2pano,20240323/outdoor/1344_Kitchen/R0011934.JPG,20240323,outdoor,outdoor,40.430022,-79.926661,327.1,337.6,RICOH THETA Z1,2024:03:23 13:44:49,2024-03-23T17:39:29Z,
pano2pano,20240323/outdoor/1344_Kitchen/R0011936.JPG,20240323,outdoor,outdoor,40.430022,-79.926661,327.1,336.1,RICOH THETA Z1,2024:03:23 13:45:01,2024-03-23T17:39:29Z,
pano2pano,20240323/outdoor/1344_Kitchen/R0011937.JPG,20240323,outdoor,outdoor,40.430022,-79.926661,327.1,336.0,RICOH THETA Z1,2024:03:23 13:45:08,2024-03-23T17:39:29Z,
pano2pano,20240225/indoor/1205_Living-in/R0011791.JPG,20240225,indoor,indoor,40.430117,-79.926686,324.8,357.9,RICOH THETA Z1,2024:02:25 12:06:25,2024-02-25T17:03:58Z,
pano2pano,20240225/indoor/1205_Living-in/R0011790.JPG,20240225,indoor,indoor,40.430117,-79.926686,324.8,350.6,RICOH THETA Z1,2024:02:25 12:06:19,2024-02-25T17:03:58Z,
pano2pano,20240225/indoor/1205_Living-in/R0011792.JPG,20240225,indoor,indoor,40.430117,-79.926686,324.8,352.6,RICOH THETA Z1,2024:02:25 12:06:31,2024-02-25T17:03:58Z,
pano2pano,20240225/indoor/1205_Living-in/R0011787.JPG,20240225,indoor,indoor,40.430117,-79.926686,324.8,351.9,RICOH THETA Z1,2024:02:25 12:05:59,2024-02-25T17:03:58Z,
pano2pano,20240225/indoor/1205_Living-in/R0011793.JPG,20240225,indoor,indoor,40.430117,-79.926686,324.8,348.9,RICOH THETA Z1,2024:02:25 12:06:36,2024-02-25T17:03:58Z,
pano2pano,20240225/indoor/1205_Living-in/R0011786.JPG,20240225,indoor,indoor,40.430117,-79.926686,324.8,352.6,RICOH THETA Z1,2024:02:25 12:05:51,2024-02-25T17:03:58Z,
pano2pano,20240225/indoor/1205_Living-in/R0011794.JPG,20240225,indoor,indoor,40.430117,-79.926686,324.8,352.6,RICOH THETA Z1,2024:02:25 12:06:42,2024-02-25T17:03:58Z,
pano2pano,20240225/indoor/1205_Living-in/R0011788.JPG,20240225,indoor,indoor,40.430117,-79.926686,324.8,355.4,RICOH THETA Z1,2024:02:25 12:06:06,2024-02-25T17:03:58Z,
pano2pano,20240225/indoor/1205_Living-in/R0011789.JPG,20240225,indoor,indoor,40.430117,-79.926686,324.8,347.4,RICOH THETA Z1,2024:02:25 12:06:12,2024-02-25T17:03:58Z,
pano2pano,20240502/indoor/1428_1F-living/R0013323.JPG,20240502,indoor,indoor,40.453992,-79.920806,289.8,203.0,RICOH THETA Z1,2024:05:02 14:29:00,2024-05-02T18:27:17Z,
pano2pano,20240502/indoor/1428_1F-living/R0013322.JPG,20240502,indoor,indoor,40.453992,-79.920806,289.8,199.0,RICOH THETA Z1,2024:05:02 14:28:54,2024-05-02T18:27:17Z,
pano2pano,20240502/indoor/1428_1F-living/R0013320.JPG,20240502,indoor,indoor,40.453992,-79.920806,289.8,201.8,RICOH THETA Z1,2024:05:02 14:28:41,2024-05-02T18:27:17Z,
pano2pano,20240502/indoor/1428_1F-living/R0013317.JPG,20240502,indoor,indoor,40.453992,-79.920806,289.8,195.8,RICOH THETA Z1,2024:05:02 14:28:20,2024-05-02T18:27:17Z,
pano2pano,20240502/indoor/1428_1F-living/R0013321.JPG,20240502,indoor,indoor,40.453992,-79.920806,289.8,199.0,RICOH THETA Z1,2024:05:02 14:28:48,2024-05-02T18:27:17Z,
pano2pano,20240502/indoor/1428_1F-living/R0013325.JPG,20240502,indoor,indoor,40.453992,-79.920806,289.8,200.9,RICOH THETA Z1,2024:05:02 14:29:13,2024-05-02T18:27:17Z,
pano2pano,20240502/indoor/1428_1F-living/R0013324.JPG,20240502,indoor,indoor,40.453992,-79.920806,289.8,200.4,RICOH THETA Z1,2024:05:02 14:29:07,2024-05-02T18:27:17Z,
pano2pano,20240502/indoor/1428_1F-living/R0013319.JPG,20240502,indoor,indoor,40.453992,-79.920806,289.8,196.1,RICOH THETA Z1,2024:05:02 14:28:35,2024-05-02T18:27:17Z,
pano2pano,20240502/indoor/1428_1F-living/R0013318.JPG,20240502,indoor,indoor,40.453992,-79.920806,289.8,198.7,RICOH THETA Z1,2024:05:02 14:28:28,2024-05-02T18:27:17Z,
pano2pano,20240502/indoor/1425_1F-living/R0013308.JPG,20240502,indoor,indoor,40.454075,-79.920467,289.3,198.4,RICOH THETA Z1,2024:05:02 14:26:01,2024-05-02T18:25:49Z,
pano2pano,20240502/indoor/1425_1F-living/R0013314.JPG,20240502,indoor,indoor,40.454075,-79.920467,289.3,202.6,RICOH THETA Z1,2024:05:02 14:26:41,2024-05-02T18:25:49Z,
pano2pano,20240502/indoor/1425_1F-living/R0013315.JPG,20240502,indoor,indoor,40.454075,-79.920467,289.3,200.9,RICOH THETA Z1,2024:05:02 14:26:47,2024-05-02T18:25:49Z,
pano2pano,20240502/indoor/1425_1F-living/R0013309.JPG,20240502,indoor,indoor,40.454075,-79.920467,289.3,197.1,RICOH THETA Z1,2024:05:02 14:26:08,2024-05-02T18:25:49Z,
pano2pano,20240502/indoor/1425_1F-living/R0013316.JPG,20240502,indoor,indoor,40.454075,-79.920467,289.3,206.9,RICOH THETA Z1,2024:05:02 14:26:53,2024-05-02T18:25:49Z,
pano2pano,20240502/indoor/1425_1F-living/R0013312.JPG,20240502,indoor,indoor,40.454075,-79.920467,289.3,197.7,RICOH THETA Z1,2024:05:02 14:26:28,2024-05-02T18:25:49Z,
pano2pano,20240502/indoor/1425_1F-living/R0013313.JPG,20240502,indoor,indoor,40.454075,-79.920467,289.3,205.7,RICOH THETA Z1,2024:05:02 14:26:35,2024-05-02T18:25:49Z,
pano2pano,20240502/indoor/1425_1F-living/R0013311.JPG,20240502,indoor,indoor,40.454075,-79.920467,289.3,198.4,RICOH THETA Z1,2024:05:02 14:26:22,2024-05-02T18:25:49Z,
pano2pano,20240502/indoor/1425_1F-living/R0013310.JPG,20240502,indoor,indoor,40.454075,-79.920467,289.3,205.4,RICOH THETA Z1,2024:05:02 14:26:15,2024-05-02T18:25:49Z,
pano2pano,20240502/indoor/1422_1F-living/R0013300.JPG,20240502,indoor,indoor,40.454,-79.920817,296.9,201.9,RICOH THETA Z1,2024:05:02 14:23:06,2024-05-02T18:21:45Z,
pano2pano,20240502/indoor/1422_1F-living/R0013301.JPG,20240502,indoor,indoor,40.454,-79.920817,296.9,208.7,RICOH THETA Z1,2024:05:02 14:23:13,2024-05-02T18:21:45Z,
pano2pano,20240502/indoor/1422_1F-living/R0013303.JPG,20240502,indoor,indoor,40.454,-79.920817,296.9,207.8,RICOH THETA Z1,2024:05:02 14:23:26,2024-05-02T18:21:45Z,
pano2pano,20240502/indoor/1422_1F-living/R0013302.JPG,20240502,indoor,indoor,40.454,-79.920817,296.9,217.3,RICOH THETA Z1,2024:05:02 14:23:19,2024-05-02T18:21:45Z,
pano2pano,20240502/indoor/1422_1F-living/R0013306.JPG,20240502,indoor,indoor,40.454,-79.920817,296.9,211.6,RICOH THETA Z1,2024:05:02 14:23:44,2024-05-02T18:21:45Z,
pano2pano,20240502/indoor/1422_1F-living/R0013299.JPG,20240502,indoor,indoor,40.454,-79.920817,296.9,205.9,RICOH THETA Z1,2024:05:02 14:22:59,2024-05-02T18:21:45Z,
pano2pano,20240502/indoor/1422_1F-living/R0013307.JPG,20240502,indoor,indoor,40.454,-79.920817,296.9,211.2,RICOH THETA Z1,2024:05:02 14:23:50,2024-05-02T18:21:45Z,
pano2pano,20240502/indoor/1422_1F-living/R0013305.JPG,20240502,indoor,indoor,40.454,-79.920817,296.9,203.7,RICOH THETA Z1,2024:05:02 14:23:38,2024-05-02T18:21:45Z,
pano2pano,20240502/indoor/1422_1F-living/R0013304.JPG,20240502,indoor,indoor,40.454,-79.920817,296.9,209.4,RICOH THETA Z1,2024:05:02 14:23:32,2024-05-02T18:21:45Z,
pano2pano,20240502/indoor/1304_1F-living/R0013088.JPG,20240502,indoor,indoor,40.453878,-79.920675,290.1,188.2,RICOH THETA Z1,2024:05:02 13:02:39,2024-05-02T17:01:54Z,
pano2pano,20240502/indoor/1304_1F-living/R0013089.JPG,20240502,indoor,indoor,40.453878,-79.920675,290.1,195.5,RICOH THETA Z1,2024:05:02 13:02:45,2024-05-02T17:01:54Z,
pano2pano,20240502/indoor/1304_1F-living/R0013083.JPG,20240502,indoor,indoor,40.453878,-79.920675,290.1,207.3,RICOH THETA Z1,2024:05:02 13:02:07,2024-05-02T17:01:54Z,
pano2pano,20240502/indoor/1304_1F-living/R0013087.JPG,20240502,indoor,indoor,40.453878,-79.920675,290.1,189.4,RICOH THETA Z1,2024:05:02 13:02:33,2024-05-02T17:01:54Z,
pano2pano,20240502/indoor/1304_1F-living/R0013086.JPG,20240502,indoor,indoor,40.453878,-79.920675,290.1,190.1,RICOH THETA Z1,2024:05:02 13:02:27,2024-05-02T17:01:54Z,
pano2pano,20240502/indoor/1304_1F-living/R0013091.JPG,20240502,indoor,indoor,40.453878,-79.920675,290.1,196.6,RICOH THETA Z1,2024:05:02 13:02:58,2024-05-02T17:01:54Z,
pano2pano,20240502/indoor/1304_1F-living/R0013084.JPG,20240502,indoor,indoor,40.453878,-79.920675,290.1,190.8,RICOH THETA Z1,2024:05:02 13:02:14,2024-05-02T17:01:54Z,
pano2pano,20240502/indoor/1304_1F-living/R0013090.JPG,20240502,indoor,indoor,40.453878,-79.920675,290.1,193.2,RICOH THETA Z1,2024:05:02 13:02:52,2024-05-02T17:01:54Z,
pano2pano,20240502/indoor/1304_1F-living/R0013085.JPG,20240502,indoor,indoor,40.453878,-79.920675,290.1,196.5,RICOH THETA Z1,2024:05:02 13:02:20,2024-05-02T17:01:54Z,
pano2pano,20240502/indoor/1420_1F-living/R0013293.JPG,20240502,indoor,indoor,40.453894,-79.920775,296.9,194.7,RICOH THETA Z1,2024:05:02 14:21:10,2024-05-02T18:18:33Z,
pano2pano,20240502/indoor/1420_1F-living/R0013292.JPG,20240502,indoor,indoor,40.453894,-79.920775,296.9,194.8,RICOH THETA Z1,2024:05:02 14:21:04,2024-05-02T18:18:33Z,
pano2pano,20240502/indoor/1420_1F-living/R0013290.JPG,20240502,indoor,indoor,40.453894,-79.920775,296.9,194.5,RICOH THETA Z1,2024:05:02 14:20:49,2024-05-02T18:18:33Z,
pano2pano,20240502/indoor/1420_1F-living/R0013291.JPG,20240502,indoor,indoor,40.453894,-79.920775,296.9,199.2,RICOH THETA Z1,2024:05:02 14:20:57,2024-05-02T18:18:33Z,
pano2pano,20240502/indoor/1420_1F-living/R0013298.JPG,20240502,indoor,indoor,40.453894,-79.920775,296.9,200.7,RICOH THETA Z1,2024:05:02 14:21:39,2024-05-02T18:18:33Z,
pano2pano,20240502/indoor/1420_1F-living/R0013295.JPG,20240502,indoor,indoor,40.453894,-79.920775,296.9,201.1,RICOH THETA Z1,2024:05:02 14:21:22,2024-05-02T18:18:33Z,
pano2pano,20240502/indoor/1420_1F-living/R0013294.JPG,20240502,indoor,indoor,40.453894,-79.920775,296.9,197.6,RICOH THETA Z1,2024:05:02 14:21:16,2024-05-02T18:18:33Z,
pano2pano,20240502/indoor/1420_1F-living/R0013296.JPG,20240502,indoor,indoor,40.453894,-79.920775,296.9,199.0,RICOH THETA Z1,2024:05:02 14:21:28,2024-05-02T18:18:33Z,
pano2pano,20240502/indoor/1420_1F-living/R0013297.JPG,20240502,indoor,indoor,40.453894,-79.920775,296.9,192.1,RICOH THETA Z1,2024:05:02 14:21:33,2024-05-02T18:18:33Z,
pano2pano,20240502/outdoor/1339_3F-study/R0013156.JPG,20240502,outdoor,outdoor,40.454064,-79.920683,299.4,14.6,RICOH THETA Z1,2024:05:02 13:39:50,2024-05-02T17:39:32Z,
pano2pano,20240502/outdoor/1339_3F-study/R0013160.JPG,20240502,outdoor,outdoor,40.454064,-79.920683,299.4,14.5,RICOH THETA Z1,2024:05:02 13:40:15,2024-05-02T17:39:32Z,
pano2pano,20240502/outdoor/1339_3F-study/R0013161.JPG,20240502,outdoor,outdoor,40.454064,-79.920683,299.4,16.5,RICOH THETA Z1,2024:05:02 13:40:21,2024-05-02T17:39:32Z,
pano2pano,20240502/outdoor/1339_3F-study/R0013157.JPG,20240502,outdoor,outdoor,40.454064,-79.920683,299.4,15.6,RICOH THETA Z1,2024:05:02 13:39:57,2024-05-02T17:39:32Z,
pano2pano,20240502/outdoor/1339_3F-study/R0013155.JPG,20240502,outdoor,outdoor,40.454064,-79.920683,299.4,15.1,RICOH THETA Z1,2024:05:02 13:39:43,2024-05-02T17:39:32Z,
pano2pano,20240502/outdoor/1339_3F-study/R0013163.JPG,20240502,outdoor,outdoor,40.454064,-79.920683,299.4,14.0,RICOH THETA Z1,2024:05:02 13:40:34,2024-05-02T17:39:32Z,
pano2pano,20240502/outdoor/1339_3F-study/R0013162.JPG,20240502,outdoor,outdoor,40.454064,-79.920683,299.4,15.0,RICOH THETA Z1,2024:05:02 13:40:28,2024-05-02T17:39:32Z,
pano2pano,20240502/outdoor/1339_3F-study/R0013159.JPG,20240502,outdoor,outdoor,40.454064,-79.920683,299.4,13.6,RICOH THETA Z1,2024:05:02 13:40:09,2024-05-02T17:39:32Z,
pano2pano,20240502/outdoor/1339_3F-study/R0013158.JPG,20240502,outdoor,outdoor,40.454064,-79.920683,299.4,11.9,RICOH THETA Z1,2024:05:02 13:40:03,2024-05-02T17:39:32Z,
pano2pano,20240502/outdoor/1334_2F-study/R0013149.JPG,20240502,outdoor,outdoor,40.453892,-79.920714,295.1,17.9,RICOH THETA Z1,2024:05:02 13:35:22,2024-05-02T17:32:05Z,
pano2pano,20240502/outdoor/1334_2F-study/R0013148.JPG,20240502,outdoor,outdoor,40.453892,-79.920714,295.1,16.4,RICOH THETA Z1,2024:05:02 13:35:16,2024-05-02T17:32:05Z,
pano2pano,20240502/outdoor/1334_2F-study/R0013154.JPG,20240502,outdoor,outdoor,40.453892,-79.920714,295.1,17.0,RICOH THETA Z1,2024:05:02 13:35:53,2024-05-02T17:32:05Z,
pano2pano,20240502/outdoor/1334_2F-study/R0013150.JPG,20240502,outdoor,outdoor,40.453892,-79.920714,295.1,16.3,RICOH THETA Z1,2024:05:02 13:35:28,2024-05-02T17:32:05Z,
pano2pano,20240502/outdoor/1334_2F-study/R0013151.JPG,20240502,outdoor,outdoor,40.453892,-79.920714,295.1,17.5,RICOH THETA Z1,2024:05:02 13:35:34,2024-05-02T17:32:05Z,
pano2pano,20240502/outdoor/1334_2F-study/R0013153.JPG,20240502,outdoor,outdoor,40.453892,-79.920714,295.1,14.0,RICOH THETA Z1,2024:05:02 13:35:47,2024-05-02T17:32:05Z,
pano2pano,20240502/outdoor/1334_2F-study/R0013146.JPG,20240502,outdoor,outdoor,40.453892,-79.920714,295.1,14.6,RICOH THETA Z1,2024:05:02 13:35:02,2024-05-02T17:32:05Z,
pano2pano,20240502/outdoor/1334_2F-study/R0013152.JPG,20240502,outdoor,outdoor,40.453892,-79.920714,295.1,17.0,RICOH THETA Z1,2024:05:02 13:35:40,2024-05-02T17:32:05Z,
pano2pano,20240502/outdoor/1334_2F-study/R0013147.JPG,20240502,outdoor,outdoor,40.453892,-79.920714,295.1,13.8,RICOH THETA Z1,2024:05:02 13:35:09,2024-05-02T17:32:05Z,
pano2pano,20240323/indoor/1324_E-Bedroom/R0011892.JPG,20240323,indoor,indoor,40.430022,-79.926661,327.1,82.5,RICOH THETA Z1,2024:03:23 13:25:26,2024-03-23T17:23:27Z,
pano2pano,20240323/indoor/1324_E-Bedroom/R0011887.JPG,20240323,indoor,indoor,40.430022,-79.926661,327.1,74.2,RICOH THETA Z1,2024:03:23 13:24:56,2024-03-23T17:23:27Z,
pano2pano,20240323/indoor/1324_E-Bedroom/R0011893.JPG,20240323,indoor,indoor,40.430022,-79.926661,327.1,80.8,RICOH THETA Z1,2024:03:23 13:25:32,2024-03-23T17:23:27Z,
pano2pano,20240323/indoor/1324_E-Bedroom/R0011886.JPG,20240323,indoor,indoor,40.430022,-79.926661,327.1,83.0,RICOH THETA Z1,2024:03:23 13:24:49,2024-03-23T17:23:27Z,
pano2pano,20240323/indoor/1324_E-Bedroom/R0011891.JPG,20240323,indoor,indoor,40.430022,-79.926661,327.1,81.3,RICOH THETA Z1,2024:03:23 13:25:20,2024-03-23T17:23:27Z,
pano2pano,20240323/indoor/1324_E-Bedroom/R0011885.JPG,20240323,indoor,indoor,40.430022,-79.926661,327.1,78.5,RICOH THETA Z1,2024:03:23 13:24:41,2024-03-23T17:23:27Z,
pano2pano,20240323/indoor/1324_E-Bedroom/R0011890.JPG,20240323,indoor,indoor,40.430022,-79.926661,327.1,76.7,RICOH THETA Z1,2024:03:23 13:25:14,2024-03-23T17:23:27Z,
pano2pano,20240323/indoor/1324_E-Bedroom/R0011888.JPG,20240323,indoor,indoor,40.430022,-79.926661,327.1,80.2,RICOH THETA Z1,2024:03:23 13:25:02,2024-03-23T17:23:27Z,
pano2pano,20240323/indoor/1324_E-Bedroom/R0011889.JPG,20240323,indoor,indoor,40.430022,-79.926661,327.1,83.2,RICOH THETA Z1,2024:03:23 13:25:08,2024-03-23T17:23:27Z,
pano2pano,20240323/indoor/1322_E-Bedroom/R0011880.JPG,20240323,indoor,indoor,40.430033,-79.926692,324.0,68.0,RICOH THETA Z1,2024:03:23 13:22:58,2024-03-23T17:21:39Z,
pano2pano,20240323/indoor/1322_E-Bedroom/R0011881.JPG,20240323,indoor,indoor,40.430033,-79.926692,324.0,77.6,RICOH THETA Z1,2024:03:23 13:23:04,2024-03-23T17:21:39Z,
pano2pano,20240323/indoor/1322_E-Bedroom/R0011883.JPG,20240323,indoor,indoor,40.430033,-79.926692,324.0,74.1,RICOH THETA Z1,2024:03:23 13:23:16,2024-03-23T17:21:39Z,
pano2pano,20240323/indoor/1322_E-Bedroom/R0011877.JPG,20240323,indoor,indoor,40.430033,-79.926692,324.0,82.4,RICOH THETA Z1,2024:03:23 13:22:37,2024-03-23T17:21:39Z,
pano2pano,20240323/indoor/1322_E-Bedroom/R0011876.JPG,20240323,indoor,indoor,40.430033,-79.926692,324.0,83.2,RICOH THETA Z1,2024:03:23 13:22:30,2024-03-23T17:21:39Z,
pano2pano,20240323/indoor/1322_E-Bedroom/R0011882.JPG,20240323,indoor,indoor,40.430033,-79.926692,324.0,82.6,RICOH THETA Z1,2024:03:23 13:23:10,2024-03-23T17:21:39Z,
pano2pano,20240323/indoor/1322_E-Bedroom/R0011878.JPG,20240323,indoor,indoor,40.430033,-79.926692,324.0,82.9,RICOH THETA Z1,2024:03:23 13:22:44,2024-03-23T17:21:39Z,
pano2pano,20240323/indoor/1322_E-Bedroom/R0011879.JPG,20240323,indoor,indoor,40.430033,-79.926692,324.0,75.9,RICOH THETA Z1,2024:03:23 13:22:51,2024-03-23T17:21:39Z,
pano2pano,20240323/indoor/1322_E-Bedroom/R0011884.JPG,20240323,indoor,indoor,40.430033,-79.926692,324.0,69.2,RICOH THETA Z1,2024:03:23 13:23:22,2024-03-23T17:21:39Z,
pano2pano,20240323/indoor/1319_E-Bedroom/R0011873.JPG,20240323,indoor,indoor,40.429972,-79.926656,324.4,75.8,RICOH THETA Z1,2024:03:23 13:20:47,2024-03-23T17:17:58Z,
pano2pano,20240323/indoor/1319_E-Bedroom/R0011872.JPG,20240323,indoor,indoor,40.429972,-79.926656,324.4,86.5,RICOH THETA Z1,2024:03:23 13:20:41,2024-03-23T17:17:58Z,
pano2pano,20240323/indoor/1319_E-Bedroom/R0011867.JPG,20240323,indoor,indoor,40.429972,-79.926656,324.4,82.1,RICOH THETA Z1,2024:03:23 13:20:06,2024-03-23T17:17:58Z,
pano2pano,20240323/indoor/1319_E-Bedroom/R0011870.JPG,20240323,indoor,indoor,40.429972,-79.926656,324.4,77.1,RICOH THETA Z1,2024:03:23 13:20:28,2024-03-23T17:17:58Z,
pano2pano,20240323/indoor/1319_E-Bedroom/R0011871.JPG,20240323,indoor,indoor,40.429972,-79.926656,324.4,66.6,RICOH THETA Z1,2024:03:23 13:20:34,2024-03-23T17:17:58Z,
pano2pano,20240323/indoor/1319_E-Bedroom/R0011869.JPG,20240323,indoor,indoor,40.429972,-79.926656,324.4,80.1,RICOH THETA Z1,2024:03:23 13:20:21,2024-03-23T17:17:58Z,
pano2pano,20240323/indoor/1319_E-Bedroom/R0011875.JPG,20240323,indoor,indoor,40.429972,-79.926656,324.4,83.0,RICOH THETA Z1,2024:03:23 13:20:59,2024-03-23T17:17:58Z,
pano2pano,20240323/indoor/1319_E-Bedroom/R0011874.JPG,20240323,indoor,indoor,40.429972,-79.926656,324.4,78.0,RICOH THETA Z1,2024:03:23 13:20:53,2024-03-23T17:17:58Z,
pano2pano,20240323/indoor/1319_E-Bedroom/R0011868.JPG,20240323,indoor,indoor,40.429972,-79.926656,324.4,80.5,RICOH THETA Z1,2024:03:23 13:20:14,2024-03-23T17:17:58Z,
pano2pano,20240225/indoor/1202_Dinning-in/R0011778.JPG,20240225,indoor,indoor,40.430033,-79.926697,332.1,91.5,RICOH THETA Z1,2024:02:25 12:03:03,2024-02-25T17:00:34Z,
pano2pano,20240225/indoor/1202_Dinning-in/R0011785.JPG,20240225,indoor,indoor,40.430033,-79.926697,332.1,93.0,RICOH THETA Z1,2024:02:25 12:03:47,2024-02-25T17:00:34Z,
pano2pano,20240225/indoor/1202_Dinning-in/R0011784.JPG,20240225,indoor,indoor,40.430033,-79.926697,332.1,93.7,RICOH THETA Z1,2024:02:25 12:03:41,2024-02-25T17:00:34Z,
pano2pano,20240225/indoor/1202_Dinning-in/R0011779.JPG,20240225,indoor,indoor,40.430033,-79.926697,332.1,99.9,RICOH THETA Z1,2024:02:25 12:03:10,2024-02-25T17:00:34Z,
pano2pano,20240225/indoor/1202_Dinning-in/R0011780.JPG,20240225,indoor,indoor,40.430033,-79.926697,332.1,87.9,RICOH THETA Z1,2024:02:25 12:03:17,2024-02-25T17:00:34Z,
pano2pano,20240225/indoor/1202_Dinning-in/R0011781.JPG,20240225,indoor,indoor,40.430033,-79.926697,332.1,90.4,RICOH THETA Z1,2024:02:25 12:03:23,2024-02-25T17:00:34Z,
pano2pano,20240225/indoor/1202_Dinning-in/R0011777.JPG,20240225,indoor,indoor,40.430033,-79.926697,332.1,96.3,RICOH THETA Z1,2024:02:25 12:02:55,2024-02-25T17:00:34Z,
pano2pano,20240225/indoor/1202_Dinning-in/R0011783.JPG,20240225,indoor,indoor,40.430033,-79.926697,332.1,88.3,RICOH THETA Z1,2024:02:25 12:03:35,2024-02-25T17:00:34Z,
pano2pano,20240225/indoor/1202_Dinning-in/R0011782.JPG,20240225,indoor,indoor,40.430033,-79.926697,332.1,84.2,RICOH THETA Z1,2024:02:25 12:03:29,2024-02-25T17:00:34Z,
pano2pano,20240225/indoor/1152_Kitchen-in/R0011753.JPG,20240225,indoor,indoor,40.430033,-79.926697,332.1,260.1,RICOH THETA Z1,2024:02:25 11:54:12,2024-02-25T16:53:40Z,
pano2pano,20240225/indoor/1152_Kitchen-in/R0011752.JPG,20240225,indoor,indoor,40.430033,-79.926697,332.1,261.2,RICOH THETA Z1,2024:02:25 11:54:06,2024-02-25T16:53:40Z,
pano2pano,20240225/indoor/1152_Kitchen-in/R0011750.JPG,20240225,indoor,indoor,40.430033,-79.926697,332.1,263.9,RICOH THETA Z1,2024:02:25 11:53:51,2024-02-25T16:53:40Z,
pano2pano,20240225/indoor/1152_Kitchen-in/R0011758.JPG,20240225,indoor,indoor,40.430033,-79.926697,332.1,259.8,RICOH THETA Z1,2024:02:25 11:54:42,2024-02-25T16:53:40Z,
pano2pano,20240225/indoor/1152_Kitchen-in/R0011751.JPG,20240225,indoor,indoor,40.430033,-79.926697,332.1,260.9,RICOH THETA Z1,2024:02:25 11:53:58,2024-02-25T16:53:40Z,
pano2pano,20240225/indoor/1152_Kitchen-in/R0011755.JPG,20240225,indoor,indoor,40.430033,-79.926697,332.1,263.0,RICOH THETA Z1,2024:02:25 11:54:25,2024-02-25T16:53:40Z,
pano2pano,20240225/indoor/1152_Kitchen-in/R0011754.JPG,20240225,indoor,indoor,40.430033,-79.926697,332.1,257.2,RICOH THETA Z1,2024:02:25 11:54:19,2024-02-25T16:53:40Z,
pano2pano,20240225/indoor/1152_Kitchen-in/R0011756.JPG,20240225,indoor,indoor,40.430033,-79.926697,332.1,259.0,RICOH THETA Z1,2024:02:25 11:54:31,2024-02-25T16:53:40Z,
pano2pano,20240225/indoor/1152_Kitchen-in/R0011757.JPG,20240225,indoor,indoor,40.430033,-79.926697,332.1,260.9,RICOH THETA Z1,2024:02:25 11:54:37,2024-02-25T16:53:40Z,
pano2pano,20240330/indoor/1350_living+lit/R0012663.JPG,20240330,indoor,indoor,40.447247,-79.895781,311.8,304.8,RICOH THETA Z1,2024:03:30 13:51:06,2024-03-30T17:50:35Z,
pano2pano,20240330/indoor/1350_living+lit/R0012662.JPG,20240330,indoor,indoor,40.447247,-79.895781,311.8,308.6,RICOH THETA Z1,2024:03:30 13:51:00,2024-03-30T17:50:35Z,
pano2pano,20240330/indoor/1350_living+lit/R0012660.JPG,20240330,indoor,indoor,40.447247,-79.895781,311.8,304.1,RICOH THETA Z1,2024:03:30 13:50:45,2024-03-30T17:50:35Z,
pano2pano,20240330/indoor/1350_living+lit/R0012661.JPG,20240330,indoor,indoor,40.447247,-79.895781,311.8,309.7,RICOH THETA Z1,2024:03:30 13:50:53,2024-03-30T17:50:35Z,
pano2pano,20240330/indoor/1350_living+lit/R0012668.JPG,20240330,indoor,indoor,40.447247,-79.895781,311.8,306.1,RICOH THETA Z1,2024:03:30 13:51:37,2024-03-30T17:50:35Z,
pano2pano,20240330/indoor/1350_living+lit/R0012665.JPG,20240330,indoor,indoor,40.447247,-79.895781,311.8,310.6,RICOH THETA Z1,2024:03:30 13:51:19,2024-03-30T17:50:35Z,
pano2pano,20240330/indoor/1350_living+lit/R0012664.JPG,20240330,indoor,indoor,40.447247,-79.895781,311.8,311.0,RICOH THETA Z1,2024:03:30 13:51:13,2024-03-30T17:50:35Z,
pano2pano,20240330/indoor/1350_living+lit/R0012666.JPG,20240330,indoor,indoor,40.447247,-79.895781,311.8,312.8,RICOH THETA Z1,2024:03:30 13:51:25,2024-03-30T17:50:35Z,
pano2pano,20240330/indoor/1350_living+lit/R0012667.JPG,20240330,indoor,indoor,40.447247,-79.895781,311.8,310.6,RICOH THETA Z1,2024:03:30 13:51:31,2024-03-30T17:50:35Z,
pano2pano,20240330/indoor/1401_office+lit/R0012703.JPG,20240330,indoor,indoor,40.447219,-79.895828,313.8,312.4,RICOH THETA Z1,2024:03:30 14:03:10,2024-03-30T18:01:16Z,
pano2pano,20240330/indoor/1401_office+lit/R0012702.JPG,20240330,indoor,indoor,40.447219,-79.895828,313.8,310.9,RICOH THETA Z1,2024:03:30 14:03:04,2024-03-30T18:01:16Z,
pano2pano,20240330/indoor/1401_office+lit/R0012700.JPG,20240330,indoor,indoor,40.447219,-79.895828,313.8,310.3,RICOH THETA Z1,2024:03:30 14:02:52,2024-03-30T18:01:16Z,
pano2pano,20240330/indoor/1401_office+lit/R0012696.JPG,20240330,indoor,indoor,40.447219,-79.895828,313.8,314.2,RICOH THETA Z1,2024:03:30 14:02:24,2024-03-30T18:01:16Z,
pano2pano,20240330/indoor/1401_office+lit/R0012697.JPG,20240330,indoor,indoor,40.447219,-79.895828,313.8,313.1,RICOH THETA Z1,2024:03:30 14:02:32,2024-03-30T18:01:16Z,
pano2pano,20240330/indoor/1401_office+lit/R0012701.JPG,20240330,indoor,indoor,40.447219,-79.895828,313.8,315.6,RICOH THETA Z1,2024:03:30 14:02:58,2024-03-30T18:01:16Z,
pano2pano,20240330/indoor/1401_office+lit/R0012704.JPG,20240330,indoor,indoor,40.447219,-79.895828,313.8,308.5,RICOH THETA Z1,2024:03:30 14:03:16,2024-03-30T18:01:16Z,
pano2pano,20240330/indoor/1401_office+lit/R0012699.JPG,20240330,indoor,indoor,40.447219,-79.895828,313.8,314.1,RICOH THETA Z1,2024:03:30 14:02:45,2024-03-30T18:01:16Z,
pano2pano,20240330/indoor/1401_office+lit/R0012698.JPG,20240330,indoor,indoor,40.447219,-79.895828,313.8,307.9,RICOH THETA Z1,2024:03:30 14:02:39,2024-03-30T18:01:16Z,
pano2pano,20240502/indoor/1353_3F-bedroom/R0013212.JPG,20240502,indoor,indoor,40.453892,-79.920733,289.5,212.5,RICOH THETA Z1,2024:05:02 13:54:18,2024-05-02T17:53:11Z,
pano2pano,20240502/indoor/1353_3F-bedroom/R0013213.JPG,20240502,indoor,indoor,40.453892,-79.920733,289.5,205.0,RICOH THETA Z1,2024:05:02 13:54:24,2024-05-02T17:53:11Z,
pano2pano,20240502/indoor/1353_3F-bedroom/R0013211.JPG,20240502,indoor,indoor,40.453892,-79.920733,289.5,212.6,RICOH THETA Z1,2024:05:02 13:54:11,2024-05-02T17:53:11Z,
pano2pano,20240502/indoor/1353_3F-bedroom/R0013210.JPG,20240502,indoor,indoor,40.453892,-79.920733,289.5,203.1,RICOH THETA Z1,2024:05:02 13:54:04,2024-05-02T17:53:11Z,
pano2pano,20240502/indoor/1353_3F-bedroom/R0013214.JPG,20240502,indoor,indoor,40.453892,-79.920733,289.5,200.9,RICOH THETA Z1,2024:05:02 13:54:30,2024-05-02T17:53:11Z,
pano2pano,20240502/indoor/1353_3F-bedroom/R0013209.JPG,20240502,indoor,indoor,40.453892,-79.920733,289.5,203.1,RICOH THETA Z1,2024:05:02 13:53:58,2024-05-02T17:53:11Z,
pano2pano,20240502/indoor/1353_3F-bedroom/R0013215.JPG,20240502,indoor,indoor,40.453892,-79.920733,289.5,203.5,RICOH THETA Z1,2024:05:02 13:54:37,2024-05-02T17:53:11Z,
pano2pano,20240502/indoor/1353_3F-bedroom/R0013217.JPG,20240502,indoor,indoor,40.453892,-79.920733,289.5,217.5,RICOH THETA Z1,2024:05:02 13:54:49,2024-05-02T17:53:11Z,
pano2pano,20240502/indoor/1353_3F-bedroom/R0013216.JPG,20240502,indoor,indoor,40.453892,-79.920733,289.5,197.7,RICOH THETA Z1,2024:05:02 13:54:43,2024-05-02T17:53:11Z,
pano2pano,20240502/indoor/1349_3F-bedroom/R0013194.JPG,20240502,indoor,indoor,40.454039,-79.920569,289.4,190.2,RICOH THETA Z1,2024:05:02 13:50:20,2024-05-02T17:43:29Z,
pano2pano,20240502/indoor/1349_3F-bedroom/R0013195.JPG,20240502,indoor,indoor,40.454039,-79.920569,289.4,192.0,RICOH THETA Z1,2024:05:02 13:50:26,2024-05-02T17:43:29Z,
pano2pano,20240502/indoor/1349_3F-bedroom/R0013197.JPG,20240502,indoor,indoor,40.454039,-79.920569,289.4,186.9,RICOH THETA Z1,2024:05:02 13:50:38,2024-05-02T17:43:29Z,
pano2pano,20240502/indoor/1349_3F-bedroom/R0013196.JPG,20240502,indoor,indoor,40.454039,-79.920569,289.4,187.1,RICOH THETA Z1,2024:05:02 13:50:32,2024-05-02T17:43:29Z,
pano2pano,20240502/indoor/1349_3F-bedroom/R0013192.JPG,20240502,indoor,indoor,40.454039,-79.920569,289.4,193.0,RICOH THETA Z1,2024:05:02 13:50:06,2024-05-02T17:43:29Z,
pano2pano,20240502/indoor/1349_3F-bedroom/R0013193.JPG,20240502,indoor,indoor,40.454039,-79.920569,289.4,188.7,RICOH THETA Z1,2024:05:02 13:50:13,2024-05-02T17:43:29Z,
pano2pano,20240502/indoor/1349_3F-bedroom/R0013198.JPG,20240502,indoor,indoor,40.454039,-79.920569,289.4,189.3,RICOH THETA Z1,2024:05:02 13:50:44,2024-05-02T17:43:29Z,
pano2pano,20240502/indoor/1349_3F-bedroom/R0013191.JPG,20240502,indoor,indoor,40.454039,-79.920569,289.4,188.4,RICOH THETA Z1,2024:05:02 13:49:59,2024-05-02T17:43:29Z,
pano2pano,20240502/indoor/1349_3F-bedroom/R0013199.JPG,20240502,indoor,indoor,40.454039,-79.920569,289.4,191.8,RICOH THETA Z1,2024:05:02 13:50:50,2024-05-02T17:43:29Z,
pano2pano,20240502/indoor/1410_1F-kitchen/R0013256.JPG,20240502,indoor,indoor,40.453983,-79.920747,296.9,332.6,RICOH THETA Z1,2024:05:02 14:10:37,2024-05-02T18:10:11Z,
pano2pano,20240502/indoor/1410_1F-kitchen/R0013260.JPG,20240502,indoor,indoor,40.453983,-79.920747,296.9,339.1,RICOH THETA Z1,2024:05:02 14:11:02,2024-05-02T18:10:11Z,
pano2pano,20240502/indoor/1410_1F-kitchen/R0013261.JPG,20240502,indoor,indoor,40.453983,-79.920747,296.9,324.7,RICOH THETA Z1,2024:05:02 14:11:08,2024-05-02T18:10:11Z,
pano2pano,20240502/indoor/1410_1F-kitchen/R0013257.JPG,20240502,indoor,indoor,40.453983,-79.920747,296.9,332.6,RICOH THETA Z1,2024:05:02 14:10:43,2024-05-02T18:10:11Z,
pano2pano,20240502/indoor/1410_1F-kitchen/R0013255.JPG,20240502,indoor,indoor,40.453983,-79.920747,296.9,330.3,RICOH THETA Z1,2024:05:02 14:10:30,2024-05-02T18:10:11Z,
pano2pano,20240502/indoor/1410_1F-kitchen/R0013262.JPG,20240502,indoor,indoor,40.453983,-79.920747,296.9,329.2,RICOH THETA Z1,2024:05:02 14:11:14,2024-05-02T18:10:11Z,
pano2pano,20240502/indoor/1410_1F-kitchen/R0013254.JPG,20240502,indoor,indoor,40.453983,-79.920747,296.9,335.5,RICOH THETA Z1,2024:05:02 14:10:22,2024-05-02T18:10:11Z,
pano2pano,20240502/indoor/1410_1F-kitchen/R0013259.JPG,20240502,indoor,indoor,40.453983,-79.920747,296.9,342.3,RICOH THETA Z1,2024:05:02 14:10:56,2024-05-02T18:10:11Z,
pano2pano,20240502/indoor/1410_1F-kitchen/R0013258.JPG,20240502,indoor,indoor,40.453983,-79.920747,296.9,331.9,RICOH THETA Z1,2024:05:02 14:10:49,2024-05-02T18:10:11Z,
pano2pano,20240502/indoor/1351_3F-bedroom/R0013201.JPG,20240502,indoor,indoor,40.453861,-79.920817,289.8,195.0,RICOH THETA Z1,2024:05:02 13:52:12,2024-05-02T17:51:34Z,
pano2pano,20240502/indoor/1351_3F-bedroom/R0013208.JPG,20240502,indoor,indoor,40.453861,-79.920817,289.8,189.3,RICOH THETA Z1,2024:05:02 13:52:56,2024-05-02T17:51:34Z,
pano2pano,20240502/indoor/1351_3F-bedroom/R0013200.JPG,20240502,indoor,indoor,40.453861,-79.920817,289.8,195.6,RICOH THETA Z1,2024:05:02 13:52:05,2024-05-02T17:51:34Z,
pano2pano,20240502/indoor/1351_3F-bedroom/R0013202.JPG,20240502,indoor,indoor,40.453861,-79.920817,289.8,192.2,RICOH THETA Z1,2024:05:02 13:52:19,2024-05-02T17:51:34Z,
pano2pano,20240502/indoor/1351_3F-bedroom/R0013203.JPG,20240502,indoor,indoor,40.453861,-79.920817,289.8,190.7,RICOH THETA Z1,2024:05:02 13:52:25,2024-05-02T17:51:34Z,
pano2pano,20240502/indoor/1351_3F-bedroom/R0013207.JPG,20240502,indoor,indoor,40.453861,-79.920817,289.8,196.7,RICOH THETA Z1,2024:05:02 13:52:50,2024-05-02T17:51:34Z,
pano2pano,20240502/indoor/1351_3F-bedroom/R0013206.JPG,20240502,indoor,indoor,40.453861,-79.920817,289.8,185.6,RICOH THETA Z1,2024:05:02 13:52:44,2024-05-02T17:51:34Z,
pano2pano,20240502/indoor/1351_3F-bedroom/R0013204.JPG,20240502,indoor,indoor,40.453861,-79.920817,289.8,199.1,RICOH THETA Z1,2024:05:02 13:52:31,2024-05-02T17:51:34Z,
pano2pano,20240502/indoor/1351_3F-bedroom/R0013205.JPG,20240502,indoor,indoor,40.453861,-79.920817,289.8,189.8,RICOH THETA Z1,2024:05:02 13:52:38,2024-05-02T17:51:34Z,
pano2pano,20240502/outdoor/1432_1F-living/R0013334.JPG,20240502,outdoor,outdoor,40.453869,-79.920686,289.0,204.1,RICOH THETA Z1,2024:05:02 14:32:15,2024-05-02T18:31:10Z,
pano2pano,20240502/outdoor/1432_1F-living/R0013328.JPG,20240502,outdoor,outdoor,40.453869,-79.920686,289.0,197.9,RICOH THETA Z1,2024:05:02 14:31:37,2024-05-02T18:31:10Z,
pano2pano,20240502/outdoor/1432_1F-living/R0013329.JPG,20240502,outdoor,outdoor,40.453869,-79.920686,289.0,205.0,RICOH THETA Z1,2024:05:02 14:31:43,2024-05-02T18:31:10Z,
pano2pano,20240502/outdoor/1432_1F-living/R0013331.JPG,20240502,outdoor,outdoor,40.453869,-79.920686,289.0,199.6,RICOH THETA Z1,2024:05:02 14:31:56,2024-05-02T18:31:10Z,
pano2pano,20240502/outdoor/1432_1F-living/R0013330.JPG,20240502,outdoor,outdoor,40.453869,-79.920686,289.0,199.8,RICOH THETA Z1,2024:05:02 14:31:50,2024-05-02T18:31:10Z,
pano2pano,20240502/outdoor/1432_1F-living/R0013327.JPG,20240502,outdoor,outdoor,40.453869,-79.920686,289.0,200.8,RICOH THETA Z1,2024:05:02 14:31:30,2024-05-02T18:31:10Z,
pano2pano,20240502/outdoor/1432_1F-living/R0013332.JPG,20240502,outdoor,outdoor,40.453869,-79.920686,289.0,211.4,RICOH THETA Z1,2024:05:02 14:32:03,2024-05-02T18:31:10Z,
pano2pano,20240502/outdoor/1432_1F-living/R0013326.JPG,20240502,outdoor,outdoor,40.453869,-79.920686,289.0,200.8,RICOH THETA Z1,2024:05:02 14:31:23,2024-05-02T18:31:10Z,
pano2pano,20240502/outdoor/1432_1F-living/R0013333.JPG,20240502,outdoor,outdoor,40.453869,-79.920686,289.0,206.5,RICOH THETA Z1,2024:05:02 14:32:09,2024-05-02T18:31:10Z,
pano2pano,20240323/outdoor/1317_E-Bedroom/R0011866.JPG,20240323,outdoor,outdoor,40.43,-79.926697,325.9,61.2,RICOH THETA Z1,2024:03:23 13:17:47,2024-03-23T17:16:05Z,
pano2pano,20240323/outdoor/1317_E-Bedroom/R0011859.JPG,20240323,outdoor,outdoor,40.43,-79.926697,325.9,60.5,RICOH THETA Z1,2024:03:23 13:17:02,2024-03-23T17:16:05Z,
pano2pano,20240323/outdoor/1317_E-Bedroom/R0011858.JPG,20240323,outdoor,outdoor,40.43,-79.926697,325.9,58.6,RICOH THETA Z1,2024:03:23 13:16:54,2024-03-23T17:16:05Z,
pano2pano,20240323/outdoor/1317_E-Bedroom/R0011865.JPG,20240323,outdoor,outdoor,40.43,-79.926697,325.9,59.7,RICOH THETA Z1,2024:03:23 13:17:41,2024-03-23T17:16:05Z,
pano2pano,20240323/outdoor/1317_E-Bedroom/R0011864.JPG,20240323,outdoor,outdoor,40.43,-79.926697,325.9,62.1,RICOH THETA Z1,2024:03:23 13:17:35,2024-03-23T17:16:05Z,
pano2pano,20240323/outdoor/1317_E-Bedroom/R0011860.JPG,20240323,outdoor,outdoor,40.43,-79.926697,325.9,62.7,RICOH THETA Z1,2024:03:23 13:17:09,2024-03-23T17:16:05Z,
pano2pano,20240323/outdoor/1317_E-Bedroom/R0011861.JPG,20240323,outdoor,outdoor,40.43,-79.926697,325.9,63.0,RICOH THETA Z1,2024:03:23 13:17:15,2024-03-23T17:16:05Z,
pano2pano,20240323/outdoor/1317_E-Bedroom/R0011863.JPG,20240323,outdoor,outdoor,40.43,-79.926697,325.9,62.9,RICOH THETA Z1,2024:03:23 13:17:28,2024-03-23T17:16:05Z,
pano2pano,20240323/outdoor/1317_E-Bedroom/R0011862.JPG,20240323,outdoor,outdoor,40.43,-79.926697,325.9,51.0,RICOH THETA Z1,2024:03:23 13:17:21,2024-03-23T17:16:05Z,
pano2pano,20240323/indoor/1406_SW_Bedroom/R0011995.JPG,20240323,indoor,indoor,40.429983,-79.926694,324.2,201.1,RICOH THETA Z1,2024:03:23 14:06:45,2024-03-23T18:05:05Z,
pano2pano,20240323/indoor/1406_SW_Bedroom/R0011994.JPG,20240323,indoor,indoor,40.429983,-79.926694,324.2,198.0,RICOH THETA Z1,2024:03:23 14:06:38,2024-03-23T18:05:05Z,
pano2pano,20240323/indoor/1406_SW_Bedroom/R0011996.JPG,20240323,indoor,indoor,40.429983,-79.926694,324.2,209.4,RICOH THETA Z1,2024:03:23 14:06:51,2024-03-23T18:05:05Z,
pano2pano,20240323/indoor/1406_SW_Bedroom/R0011997.JPG,20240323,indoor,indoor,40.429983,-79.926694,324.2,195.0,RICOH THETA Z1,2024:03:23 14:06:57,2024-03-23T18:05:05Z,
pano2pano,20240323/indoor/1406_SW_Bedroom/R0011993.JPG,20240323,indoor,indoor,40.429983,-79.926694,324.2,199.6,RICOH THETA Z1,2024:03:23 14:06:30,2024-03-23T18:05:05Z,
pano2pano,20240323/indoor/1406_SW_Bedroom/R0012001.JPG,20240323,indoor,indoor,40.429983,-79.926694,324.2,213.0,RICOH THETA Z1,2024:03:23 14:07:21,2024-03-23T18:05:05Z,
pano2pano,20240323/indoor/1406_SW_Bedroom/R0011999.JPG,20240323,indoor,indoor,40.429983,-79.926694,324.2,195.5,RICOH THETA Z1,2024:03:23 14:07:09,2024-03-23T18:05:05Z,
pano2pano,20240323/indoor/1406_SW_Bedroom/R0011998.JPG,20240323,indoor,indoor,40.429983,-79.926694,324.2,205.1,RICOH THETA Z1,2024:03:23 14:07:03,2024-03-23T18:05:05Z,
pano2pano,20240323/indoor/1406_SW_Bedroom/R0012000.JPG,20240323,indoor,indoor,40.429983,-79.926694,324.2,196.8,RICOH THETA Z1,2024:03:23 14:07:16,2024-03-23T18:05:05Z,
pano2pano,20240323/indoor/1333_SE-Bedroom/R0011910.JPG,20240323,indoor,indoor,40.429883,-79.926547,326.7,188.7,RICOH THETA Z1,2024:03:23 13:34:47,2024-03-23T17:31:58Z,
pano2pano,20240323/indoor/1333_SE-Bedroom/R0011905.JPG,20240323,indoor,indoor,40.429883,-79.926547,326.7,195.1,RICOH THETA Z1,2024:03:23 13:34:15,2024-03-23T17:31:58Z,
pano2pano,20240323/indoor/1333_SE-Bedroom/R0011911.JPG,20240323,indoor,indoor,40.429883,-79.926547,326.7,199.5,RICOH THETA Z1,2024:03:23 13:34:52,2024-03-23T17:31:58Z,
pano2pano,20240323/indoor/1333_SE-Bedroom/R0011904.JPG,20240323,indoor,indoor,40.429883,-79.926547,326.7,196.8,RICOH THETA Z1,2024:03:23 13:34:08,2024-03-23T17:31:58Z,
pano2pano,20240323/indoor/1333_SE-Bedroom/R0011906.JPG,20240323,indoor,indoor,40.429883,-79.926547,326.7,199.9,RICOH THETA Z1,2024:03:23 13:34:22,2024-03-23T17:31:58Z,
pano2pano,20240323/indoor/1333_SE-Bedroom/R0011907.JPG,20240323,indoor,indoor,40.429883,-79.926547,326.7,199.7,RICOH THETA Z1,2024:03:23 13:34:28,2024-03-23T17:31:58Z,
pano2pano,20240323/indoor/1333_SE-Bedroom/R0011903.JPG,20240323,indoor,indoor,40.429883,-79.926547,326.7,199.1,RICOH THETA Z1,2024:03:23 13:34:01,2024-03-23T17:31:58Z,
pano2pano,20240323/indoor/1333_SE-Bedroom/R0011909.JPG,20240323,indoor,indoor,40.429883,-79.926547,326.7,194.7,RICOH THETA Z1,2024:03:23 13:34:41,2024-03-23T17:31:58Z,
pano2pano,20240323/indoor/1333_SE-Bedroom/R0011908.JPG,20240323,indoor,indoor,40.429883,-79.926547,326.7,195.6,RICOH THETA Z1,2024:03:23 13:34:35,2024-03-23T17:31:58Z,
pano2pano,20240323/indoor/1338_SE-Bedroom/R0011926.JPG,20240323,indoor,indoor,40.430022,-79.926661,327.1,194.8,RICOH THETA Z1,2024:03:23 13:39:08,2024-03-23T17:37:15Z,
pano2pano,20240323/indoor/1338_SE-Bedroom/R0011927.JPG,20240323,indoor,indoor,40.430022,-79.926661,327.1,205.6,RICOH THETA Z1,2024:03:23 13:39:14,2024-03-23T17:37:15Z,
pano2pano,20240323/indoor/1338_SE-Bedroom/R0011925.JPG,20240323,indoor,indoor,40.430022,-79.926661,327.1,201.5,RICOH THETA Z1,2024:03:23 13:39:01,2024-03-23T17:37:15Z,
pano2pano,20240323/indoor/1338_SE-Bedroom/R0011924.JPG,20240323,indoor,indoor,40.430022,-79.926661,327.1,202.8,RICOH THETA Z1,2024:03:23 13:38:55,2024-03-23T17:37:15Z,
pano2pano,20240323/indoor/1338_SE-Bedroom/R0011929.JPG,20240323,indoor,indoor,40.430022,-79.926661,327.1,194.5,RICOH THETA Z1,2024:03:23 13:39:26,2024-03-23T17:37:15Z,
pano2pano,20240323/indoor/1338_SE-Bedroom/R0011928.JPG,20240323,indoor,indoor,40.430022,-79.926661,327.1,197.0,RICOH THETA Z1,2024:03:23 13:39:20,2024-03-23T17:37:15Z,
pano2pano,20240323/indoor/1338_SE-Bedroom/R0011921.JPG,20240323,indoor,indoor,40.430022,-79.926661,327.1,201.1,RICOH THETA Z1,2024:03:23 13:38:34,2024-03-23T17:37:15Z,
pano2pano,20240323/indoor/1338_SE-Bedroom/R0011923.JPG,20240323,indoor,indoor,40.430022,-79.926661,327.1,202.4,RICOH THETA Z1,2024:03:23 13:38:48,2024-03-23T17:37:15Z,
pano2pano,20240323/indoor/1338_SE-Bedroom/R0011922.JPG,20240323,indoor,indoor,40.430022,-79.926661,327.1,201.8,RICOH THETA Z1,2024:03:23 13:38:41,2024-03-23T17:37:15Z,
pano2pano,20240323/indoor/1401_SW_Bedroom/R0011978.JPG,20240323,indoor,indoor,40.43,-79.926739,324.5,203.3,RICOH THETA Z1,2024:03:23 14:01:47,2024-03-23T17:59:54Z,
pano2pano,20240323/indoor/1401_SW_Bedroom/R0011979.JPG,20240323,indoor,indoor,40.43,-79.926739,324.5,202.8,RICOH THETA Z1,2024:03:23 14:01:53,2024-03-23T17:59:54Z,
pano2pano,20240323/indoor/1401_SW_Bedroom/R0011977.JPG,20240323,indoor,indoor,40.43,-79.926739,324.5,205.3,RICOH THETA Z1,2024:03:23 14:01:40,2024-03-23T17:59:54Z,
pano2pano,20240323/indoor/1401_SW_Bedroom/R0011983.JPG,20240323,indoor,indoor,40.43,-79.926739,324.5,205.4,RICOH THETA Z1,2024:03:23 14:02:18,2024-03-23T17:59:54Z,
pano2pano,20240323/indoor/1401_SW_Bedroom/R0011982.JPG,20240323,indoor,indoor,40.43,-79.926739,324.5,196.6,RICOH THETA Z1,2024:03:23 14:02:12,2024-03-23T17:59:54Z,
pano2pano,20240323/indoor/1401_SW_Bedroom/R0011976.JPG,20240323,indoor,indoor,40.43,-79.926739,324.5,201.9,RICOH THETA Z1,2024:03:23 14:01:34,2024-03-23T17:59:54Z,
pano2pano,20240323/indoor/1401_SW_Bedroom/R0011980.JPG,20240323,indoor,indoor,40.43,-79.926739,324.5,199.7,RICOH THETA Z1,2024:03:23 14:02:00,2024-03-23T17:59:54Z,
pano2pano,20240323/indoor/1401_SW_Bedroom/R0011975.JPG,20240323,indoor,indoor,40.43,-79.926739,324.5,197.9,RICOH THETA Z1,2024:03:23 14:01:26,2024-03-23T17:59:54Z,
pano2pano,20240323/indoor/1401_SW_Bedroom/R0011981.JPG,20240323,indoor,indoor,40.43,-79.926739,324.5,201.4,RICOH THETA Z1,2024:03:23 14:02:06,2024-03-23T17:59:54Z,
pano2pano,20240323/indoor/1403_SW_Bedroom/R0011989.JPG,20240323,indoor,indoor,40.430111,-79.926789,327.1,201.8,RICOH THETA Z1,2024:03:23 14:04:33,2024-03-23T18:02:22Z,
pano2pano,20240323/indoor/1403_SW_Bedroom/R0011988.JPG,20240323,indoor,indoor,40.430111,-79.926789,327.1,199.0,RICOH THETA Z1,2024:03:23 14:04:27,2024-03-23T18:02:22Z,
pano2pano,20240323/indoor/1403_SW_Bedroom/R0011985.JPG,20240323,indoor,indoor,40.430111,-79.926789,327.1,198.7,RICOH THETA Z1,2024:03:23 14:04:08,2024-03-23T18:02:22Z,
pano2pano,20240323/indoor/1403_SW_Bedroom/R0011990.JPG,20240323,indoor,indoor,40.430111,-79.926789,327.1,198.0,RICOH THETA Z1,2024:03:23 14:04:39,2024-03-23T18:02:22Z,
pano2pano,20240323/indoor/1403_SW_Bedroom/R0011984.JPG,20240323,indoor,indoor,40.430111,-79.926789,327.1,192.5,RICOH THETA Z1,2024:03:23 14:03:59,2024-03-23T18:02:22Z,
pano2pano,20240323/indoor/1403_SW_Bedroom/R0011991.JPG,20240323,indoor,indoor,40.430111,-79.926789,327.1,192.7,RICOH THETA Z1,2024:03:23 14:04:45,2024-03-23T18:02:22Z,
pano2pano,20240323/indoor/1403_SW_Bedroom/R0011986.JPG,20240323,indoor,indoor,40.430111,-79.926789,327.1,193.1,RICOH THETA Z1,2024:03:23 14:04:14,2024-03-23T18:02:22Z,
pano2pano,20240323/indoor/1403_SW_Bedroom/R0011992.JPG,20240323,indoor,indoor,40.430111,-79.926789,327.1,199.7,RICOH THETA Z1,2024:03:23 14:04:51,2024-03-23T18:02:22Z,
pano2pano,20240323/indoor/1403_SW_Bedroom/R0011987.JPG,20240323,indoor,indoor,40.430111,-79.926789,327.1,199.3,RICOH THETA Z1,2024:03:23 14:04:20,2024-03-23T18:02:22Z,
pano2pano,20240323/indoor/1335_SE-Bedroom/R0011912.JPG,20240323,indoor,indoor,40.430022,-79.926661,327.1,185.5,RICOH THETA Z1,2024:03:23 13:36:18,2024-03-23T17:34:57Z,
pano2pano,20240323/indoor/1335_SE-Bedroom/R0011913.JPG,20240323,indoor,indoor,40.430022,-79.926661,327.1,198.3,RICOH THETA Z1,2024:03:23 13:36:26,2024-03-23T17:34:57Z,
pano2pano,20240323/indoor/1335_SE-Bedroom/R0011918.JPG,20240323,indoor,indoor,40.430022,-79.926661,327.1,194.2,RICOH THETA Z1,2024:03:23 13:36:57,2024-03-23T17:34:57Z,
pano2pano,20240323/indoor/1335_SE-Bedroom/R0011919.JPG,20240323,indoor,indoor,40.430022,-79.926661,327.1,187.2,RICOH THETA Z1,2024:03:23 13:37:04,2024-03-23T17:34:57Z,
pano2pano,20240323/indoor/1335_SE-Bedroom/R0011914.JPG,20240323,indoor,indoor,40.430022,-79.926661,327.1,195.1,RICOH THETA Z1,2024:03:23 13:36:32,2024-03-23T17:34:57Z,
pano2pano,20240323/indoor/1335_SE-Bedroom/R0011915.JPG,20240323,indoor,indoor,40.430022,-79.926661,327.1,188.1,RICOH THETA Z1,2024:03:23 13:36:38,2024-03-23T17:34:57Z,
pano2pano,20240323/indoor/1335_SE-Bedroom/R0011917.JPG,20240323,indoor,indoor,40.430022,-79.926661,327.1,195.7,RICOH THETA Z1,2024:03:23 13:36:51,2024-03-23T17:34:57Z,
pano2pano,20240323/indoor/1335_SE-Bedroom/R0011920.JPG,20240323,indoor,indoor,40.430022,-79.926661,327.1,194.2,RICOH THETA Z1,2024:03:23 13:37:09,2024-03-23T17:34:57Z,
pano2pano,20240323/indoor/1335_SE-Bedroom/R0011916.JPG,20240323,indoor,indoor,40.430022,-79.926661,327.1,190.2,RICOH THETA Z1,2024:03:23 13:36:45,2024-03-23T17:34:57Z,
pano2pano,20240225/outdoor/1208_Living-out/R0011800.JPG,20240225,outdoor,outdoor,40.430033,-79.926697,334.6,22.6,RICOH THETA Z1,2024:02:25 12:09:14,2024-02-25T17:06:46Z,
pano2pano,20240225/outdoor/1208_Living-out/R0011795.JPG,20240225,outdoor,outdoor,40.430033,-79.926697,334.6,23.8,RICOH THETA Z1,2024:02:25 12:08:41,2024-02-25T17:06:46Z,
pano2pano,20240225/outdoor/1208_Living-out/R0011801.JPG,20240225,outdoor,outdoor,40.430033,-79.926697,334.6,26.0,RICOH THETA Z1,2024:02:25 12:09:20,2024-02-25T17:06:46Z,
pano2pano,20240225/outdoor/1208_Living-out/R0011803.JPG,20240225,outdoor,outdoor,40.430033,-79.926697,334.6,23.4,RICOH THETA Z1,2024:02:25 12:09:32,2024-02-25T17:06:46Z,
pano2pano,20240225/outdoor/1208_Living-out/R0011796.JPG,20240225,outdoor,outdoor,40.430033,-79.926697,334.6,22.7,RICOH THETA Z1,2024:02:25 12:08:48,2024-02-25T17:06:46Z,
pano2pano,20240225/outdoor/1208_Living-out/R0011797.JPG,20240225,outdoor,outdoor,40.430033,-79.926697,334.6,25.0,RICOH THETA Z1,2024:02:25 12:08:55,2024-02-25T17:06:46Z,
pano2pano,20240225/outdoor/1208_Living-out/R0011802.JPG,20240225,outdoor,outdoor,40.430033,-79.926697,334.6,24.4,RICOH THETA Z1,2024:02:25 12:09:26,2024-02-25T17:06:46Z,
pano2pano,20240225/outdoor/1208_Living-out/R0011799.JPG,20240225,outdoor,outdoor,40.430033,-79.926697,334.6,23.7,RICOH THETA Z1,2024:02:25 12:09:07,2024-02-25T17:06:46Z,
pano2pano,20240225/outdoor/1208_Living-out/R0011798.JPG,20240225,outdoor,outdoor,40.430033,-79.926697,334.6,23.6,RICOH THETA Z1,2024:02:25 12:09:01,2024-02-25T17:06:46Z,
pano2pano,20240330/indoor/1316_bedroom+lit/R0012569.JPG,20240330,indoor,indoor,40.447178,-79.895708,308.1,24.9,RICOH THETA Z1,2024:03:30 13:17:55,2024-03-30T17:16:51Z,
pano2pano,20240330/indoor/1316_bedroom+lit/R0012561.JPG,20240330,indoor,indoor,40.447178,-79.895708,308.1,18.3,RICOH THETA Z1,2024:03:30 13:17:01,2024-03-30T17:16:51Z,
pano2pano,20240330/indoor/1316_bedroom+lit/R0012568.JPG,20240330,indoor,indoor,40.447178,-79.895708,308.1,24.7,RICOH THETA Z1,2024:03:30 13:17:49,2024-03-30T17:16:51Z,
pano2pano,20240330/indoor/1316_bedroom+lit/R0012563.JPG,20240330,indoor,indoor,40.447178,-79.895708,308.1,19.4,RICOH THETA Z1,2024:03:30 13:17:17,2024-03-30T17:16:51Z,
pano2pano,20240330/indoor/1316_bedroom+lit/R0012562.JPG,20240330,indoor,indoor,40.447178,-79.895708,308.1,22.8,RICOH THETA Z1,2024:03:30 13:17:09,2024-03-30T17:16:51Z,
pano2pano,20240330/indoor/1316_bedroom+lit/R0012566.JPG,20240330,indoor,indoor,40.447178,-79.895708,308.1,22.7,RICOH THETA Z1,2024:03:30 13:17:36,2024-03-30T17:16:51Z,
pano2pano,20240330/indoor/1316_bedroom+lit/R0012567.JPG,20240330,indoor,indoor,40.447178,-79.895708,308.1,23.4,RICOH THETA Z1,2024:03:30 13:17:43,2024-03-30T17:16:51Z,
pano2pano,20240330/indoor/1316_bedroom+lit/R0012565.JPG,20240330,indoor,indoor,40.447178,-79.895708,308.1,14.6,RICOH THETA Z1,2024:03:30 13:17:30,2024-03-30T17:16:51Z,
pano2pano,20240330/indoor/1316_bedroom+lit/R0012564.JPG,20240330,indoor,indoor,40.447178,-79.895708,308.1,15.8,RICOH THETA Z1,2024:03:30 13:17:23,2024-03-30T17:16:51Z,
pano2pano,20240330/indoor/1336_kitchen+lit/R0012617.JPG,20240330,indoor,indoor,40.447214,-79.895794,309.5,306.7,RICOH THETA Z1,2024:03:30 13:36:45,2024-03-30T17:35:07Z,
pano2pano,20240330/indoor/1336_kitchen+lit/R0012621.JPG,20240330,indoor,indoor,40.447214,-79.895794,309.5,301.5,RICOH THETA Z1,2024:03:30 13:37:11,2024-03-30T17:35:07Z,
pano2pano,20240330/indoor/1336_kitchen+lit/R0012620.JPG,20240330,indoor,indoor,40.447214,-79.895794,309.5,302.9,RICOH THETA Z1,2024:03:30 13:37:04,2024-03-30T17:35:07Z,
pano2pano,20240330/indoor/1336_kitchen+lit/R0012616.JPG,20240330,indoor,indoor,40.447214,-79.895794,309.5,301.9,RICOH THETA Z1,2024:03:30 13:36:38,2024-03-30T17:35:07Z,
pano2pano,20240330/indoor/1336_kitchen+lit/R0012622.JPG,20240330,indoor,indoor,40.447214,-79.895794,309.5,310.3,RICOH THETA Z1,2024:03:30 13:37:16,2024-03-30T17:35:07Z,
pano2pano,20240330/indoor/1336_kitchen+lit/R0012623.JPG,20240330,indoor,indoor,40.447214,-79.895794,309.5,300.6,RICOH THETA Z1,2024:03:30 13:37:22,2024-03-30T17:35:07Z,
pano2pano,20240330/indoor/1336_kitchen+lit/R0012615.JPG,20240330,indoor,indoor,40.447214,-79.895794,309.5,306.2,RICOH THETA Z1,2024:03:30 13:36:30,2024-03-30T17:35:07Z,
pano2pano,20240330/indoor/1336_kitchen+lit/R0012618.JPG,20240330,indoor,indoor,40.447214,-79.895794,309.5,301.9,RICOH THETA Z1,2024:03:30 13:36:52,2024-03-30T17:35:07Z,
pano2pano,20240330/indoor/1336_kitchen+lit/R0012619.JPG,20240330,indoor,indoor,40.447214,-79.895794,309.5,307.9,RICOH THETA Z1,2024:03:30 13:36:58,2024-03-30T17:35:07Z,
pano2pano,20240502/outdoor/1356_3F-bedroom/R0013222.JPG,20240502,outdoor,outdoor,40.453892,-79.920733,289.5,67.4,RICOH THETA Z1,2024:05:02 13:57:15,2024-05-02T17:53:11Z,
pano2pano,20240502/outdoor/1356_3F-bedroom/R0013223.JPG,20240502,outdoor,outdoor,40.453892,-79.920733,289.5,75.5,RICOH THETA Z1,2024:05:02 13:57:22,2024-05-02T17:53:11Z,
pano2pano,20240502/outdoor/1356_3F-bedroom/R0013221.JPG,20240502,outdoor,outdoor,40.453892,-79.920733,289.5,77.9,RICOH THETA Z1,2024:05:02 13:57:09,2024-05-02T17:53:11Z,
pano2pano,20240502/outdoor/1356_3F-bedroom/R0013220.JPG,20240502,outdoor,outdoor,40.453892,-79.920733,289.5,56.1,RICOH THETA Z1,2024:05:02 13:57:03,2024-05-02T17:53:11Z,
pano2pano,20240502/outdoor/1356_3F-bedroom/R0013224.JPG,20240502,outdoor,outdoor,40.453892,-79.920733,289.5,76.7,RICOH THETA Z1,2024:05:02 13:57:28,2024-05-02T17:53:11Z,
pano2pano,20240502/outdoor/1356_3F-bedroom/R0013225.JPG,20240502,outdoor,outdoor,40.453892,-79.920733,289.5,63.2,RICOH THETA Z1,2024:05:02 13:57:35,2024-05-02T17:53:11Z,
pano2pano,20240502/outdoor/1356_3F-bedroom/R0013218.JPG,20240502,outdoor,outdoor,40.453892,-79.920733,289.5,81.0,RICOH THETA Z1,2024:05:02 13:56:51,2024-05-02T17:53:11Z,
pano2pano,20240502/outdoor/1356_3F-bedroom/R0013226.JPG,20240502,outdoor,outdoor,40.453892,-79.920733,289.5,74.2,RICOH THETA Z1,2024:05:02 13:57:41,2024-05-02T17:53:11Z,
pano2pano,20240502/outdoor/1356_3F-bedroom/R0013219.JPG,20240502,outdoor,outdoor,40.453892,-79.920733,289.5,63.5,RICOH THETA Z1,2024:05:02 13:56:57,2024-05-02T17:53:11Z,
pano2pano,20240502/outdoor/1417_1F-kitchen/R0013281.JPG,20240502,outdoor,outdoor,40.453894,-79.920756,296.9,12.2,RICOH THETA Z1,2024:05:02 14:17:26,2024-05-02T18:14:59Z,
pano2pano,20240502/outdoor/1417_1F-kitchen/R0013288.JPG,20240502,outdoor,outdoor,40.453894,-79.920756,296.9,11.2,RICOH THETA Z1,2024:05:02 14:18:13,2024-05-02T18:14:59Z,
pano2pano,20240502/outdoor/1417_1F-kitchen/R0013289.JPG,20240502,outdoor,outdoor,40.453894,-79.920756,296.9,14.6,RICOH THETA Z1,2024:05:02 14:18:19,2024-05-02T18:14:59Z,
pano2pano,20240502/outdoor/1417_1F-kitchen/R0013282.JPG,20240502,outdoor,outdoor,40.453894,-79.920756,296.9,10.3,RICOH THETA Z1,2024:05:02 14:17:33,2024-05-02T18:14:59Z,
pano2pano,20240502/outdoor/1417_1F-kitchen/R0013283.JPG,20240502,outdoor,outdoor,40.453894,-79.920756,296.9,13.4,RICOH THETA Z1,2024:05:02 14:17:40,2024-05-02T18:14:59Z,
pano2pano,20240502/outdoor/1417_1F-kitchen/R0013287.JPG,20240502,outdoor,outdoor,40.453894,-79.920756,296.9,10.6,RICOH THETA Z1,2024:05:02 14:18:07,2024-05-02T18:14:59Z,
pano2pano,20240502/outdoor/1417_1F-kitchen/R0013286.JPG,20240502,outdoor,outdoor,40.453894,-79.920756,296.9,10.3,RICOH THETA Z1,2024:05:02 14:18:00,2024-05-02T18:14:59Z,
pano2pano,20240502/outdoor/1417_1F-kitchen/R0013284.JPG,20240502,outdoor,outdoor,40.453894,-79.920756,296.9,13.5,RICOH THETA Z1,2024:05:02 14:17:46,2024-05-02T18:14:59Z,
pano2pano,20240502/outdoor/1417_1F-kitchen/R0013285.JPG,20240502,outdoor,outdoor,40.453894,-79.920756,296.9,11.9,RICOH THETA Z1,2024:05:02 14:17:53,2024-05-02T18:14:59Z,
pano2pano,20240323/outdoor/1358_SW-Bedroom/R0011969.JPG,20240323,outdoor,outdoor,40.430156,-79.926897,330.5,102.4,RICOH THETA Z1,2024:03:23 13:59:07,2024-03-23T17:52:27Z,
pano2pano,20240323/outdoor/1358_SW-Bedroom/R0011974.JPG,20240323,outdoor,outdoor,40.430156,-79.926897,330.5,115.4,RICOH THETA Z1,2024:03:23 13:59:38,2024-03-23T17:52:27Z,
pano2pano,20240323/outdoor/1358_SW-Bedroom/R0011968.JPG,20240323,outdoor,outdoor,40.430156,-79.926897,330.5,95.4,RICOH THETA Z1,2024:03:23 13:59:01,2024-03-23T17:52:27Z,
pano2pano,20240323/outdoor/1358_SW-Bedroom/R0011973.JPG,20240323,outdoor,outdoor,40.430156,-79.926897,330.5,84.7,RICOH THETA Z1,2024:03:23 13:59:32,2024-03-23T17:52:27Z,
pano2pano,20240323/outdoor/1358_SW-Bedroom/R0011966.JPG,20240323,outdoor,outdoor,40.430156,-79.926897,330.5,97.7,RICOH THETA Z1,2024:03:23 13:58:47,2024-03-23T17:52:27Z,
pano2pano,20240323/outdoor/1358_SW-Bedroom/R0011972.JPG,20240323,outdoor,outdoor,40.430156,-79.926897,330.5,102.5,RICOH THETA Z1,2024:03:23 13:59:26,2024-03-23T17:52:27Z,
pano2pano,20240323/outdoor/1358_SW-Bedroom/R0011967.JPG,20240323,outdoor,outdoor,40.430156,-79.926897,330.5,96.2,RICOH THETA Z1,2024:03:23 13:58:55,2024-03-23T17:52:27Z,
pano2pano,20240323/outdoor/1358_SW-Bedroom/R0011970.JPG,20240323,outdoor,outdoor,40.430156,-79.926897,330.5,101.4,RICOH THETA Z1,2024:03:23 13:59:13,2024-03-23T17:52:27Z,
pano2pano,20240323/outdoor/1358_SW-Bedroom/R0011971.JPG,20240323,outdoor,outdoor,40.430156,-79.926897,330.5,105.1,RICOH THETA Z1,2024:03:23 13:59:20,2024-03-23T17:52:27Z,
pano2pano,20240323/outdoor/1330_SE-Bedroom/R0011895.JPG,20240323,outdoor,outdoor,40.430006,-79.926697,325.5,108.0,RICOH THETA Z1,2024:03:23 13:31:05,2024-03-23T17:25:36Z,
pano2pano,20240323/outdoor/1330_SE-Bedroom/R0011902.JPG,20240323,outdoor,outdoor,40.430006,-79.926697,325.5,117.2,RICOH THETA Z1,2024:03:23 13:31:49,2024-03-23T17:25:36Z,
pano2pano,20240323/outdoor/1330_SE-Bedroom/R0011894.JPG,20240323,outdoor,outdoor,40.430006,-79.926697,325.5,94.5,RICOH THETA Z1,2024:03:23 13:30:58,2024-03-23T17:25:36Z,
pano2pano,20240323/outdoor/1330_SE-Bedroom/R0011896.JPG,20240323,outdoor,outdoor,40.430006,-79.926697,325.5,107.0,RICOH THETA Z1,2024:03:23 13:31:12,2024-03-23T17:25:36Z,
pano2pano,20240323/outdoor/1330_SE-Bedroom/R0011900.JPG,20240323,outdoor,outdoor,40.430006,-79.926697,325.5,110.3,RICOH THETA Z1,2024:03:23 13:31:37,2024-03-23T17:25:36Z,
pano2pano,20240323/outdoor/1330_SE-Bedroom/R0011901.JPG,20240323,outdoor,outdoor,40.430006,-79.926697,325.5,102.4,RICOH THETA Z1,2024:03:23 13:31:43,2024-03-23T17:25:36Z,
pano2pano,20240323/outdoor/1330_SE-Bedroom/R0011897.JPG,20240323,outdoor,outdoor,40.430006,-79.926697,325.5,103.3,RICOH THETA Z1,2024:03:23 13:31:18,2024-03-23T17:25:36Z,
pano2pano,20240323/outdoor/1330_SE-Bedroom/R0011899.JPG,20240323,outdoor,outdoor,40.430006,-79.926697,325.5,115.4,RICOH THETA Z1,2024:03:23 13:31:31,2024-03-23T17:25:36Z,
pano2pano,20240323/outdoor/1330_SE-Bedroom/R0011898.JPG,20240323,outdoor,outdoor,40.430006,-79.926697,325.5,97.2,RICOH THETA Z1,2024:03:23 13:31:24,2024-03-23T17:25:36Z,
pano2pano,20240225/outdoor/1158_Dinning-Out/R0011772.JPG,20240225,outdoor,outdoor,40.430033,-79.926697,332.0,64.1,RICOH THETA Z1,2024:02:25 12:00:04,2024-02-25T16:56:14Z,
pano2pano,20240225/outdoor/1158_Dinning-Out/R0011773.JPG,20240225,outdoor,outdoor,40.430033,-79.926697,332.0,62.5,RICOH THETA Z1,2024:02:25 12:00:10,2024-02-25T16:56:14Z,
pano2pano,20240225/outdoor/1158_Dinning-Out/R0011771.JPG,20240225,outdoor,outdoor,40.430033,-79.926697,332.0,60.1,RICOH THETA Z1,2024:02:25 11:59:57,2024-02-25T16:56:14Z,
pano2pano,20240225/outdoor/1158_Dinning-Out/R0011770.JPG,20240225,outdoor,outdoor,40.430033,-79.926697,332.0,61.2,RICOH THETA Z1,2024:02:25 11:59:51,2024-02-25T16:56:14Z,
pano2pano,20240225/outdoor/1158_Dinning-Out/R0011774.JPG,20240225,outdoor,outdoor,40.430033,-79.926697,332.0,64.1,RICOH THETA Z1,2024:02:25 12:00:17,2024-02-25T16:56:14Z,
pano2pano,20240225/outdoor/1158_Dinning-Out/R0011768.JPG,20240225,outdoor,outdoor,40.430033,-79.926697,332.0,57.5,RICOH THETA Z1,2024:02:25 11:59:37,2024-02-25T16:56:14Z,
pano2pano,20240225/outdoor/1158_Dinning-Out/R0011769.JPG,20240225,outdoor,outdoor,40.430033,-79.926697,332.0,61.3,RICOH THETA Z1,2024:02:25 11:59:44,2024-02-25T16:56:14Z,
pano2pano,20240225/outdoor/1158_Dinning-Out/R0011775.JPG,20240225,outdoor,outdoor,40.430033,-79.926697,332.0,62.0,RICOH THETA Z1,2024:02:25 12:00:23,2024-02-25T16:56:14Z,
pano2pano,20240225/outdoor/1158_Dinning-Out/R0011776.JPG,20240225,outdoor,outdoor,40.430033,-79.926697,332.0,57.5,RICOH THETA Z1,2024:02:25 12:00:29,2024-02-25T16:56:14Z,
pano2pano,20240225/outdoor/1156_Kitchen-out/R0011759.JPG,20240225,outdoor,outdoor,40.430033,-79.926697,332.0,1.2,RICOH THETA Z1,2024:02:25 11:56:25,2024-02-25T16:56:14Z,
pano2pano,20240225/outdoor/1156_Kitchen-out/R0011766.JPG,20240225,outdoor,outdoor,40.430033,-79.926697,332.0,1.3,RICOH THETA Z1,2024:02:25 11:57:11,2024-02-25T16:56:14Z,
pano2pano,20240225/outdoor/1156_Kitchen-out/R0011767.JPG,20240225,outdoor,outdoor,40.430033,-79.926697,332.0,356.5,RICOH THETA Z1,2024:02:25 11:57:17,2024-02-25T16:56:14Z,
pano2pano,20240225/outdoor/1156_Kitchen-out/R0011765.JPG,20240225,outdoor,outdoor,40.430033,-79.926697,332.0,355.4,RICOH THETA Z1,2024:02:25 11:57:05,2024-02-25T16:56:14Z,
pano2pano,20240225/outdoor/1156_Kitchen-out/R0011764.JPG,20240225,outdoor,outdoor,40.430033,-79.926697,332.0,353.1,RICOH THETA Z1,2024:02:25 11:56:59,2024-02-25T16:56:14Z,
pano2pano,20240225/outdoor/1156_Kitchen-out/R0011760.JPG,20240225,outdoor,outdoor,40.430033,-79.926697,332.0,355.2,RICOH THETA Z1,2024:02:25 11:56:33,2024-02-25T16:56:14Z,
pano2pano,20240225/outdoor/1156_Kitchen-out/R0011761.JPG,20240225,outdoor,outdoor,40.430033,-79.926697,332.0,352.1,RICOH THETA Z1,2024:02:25 11:56:40,2024-02-25T16:56:14Z,
pano2pano,20240225/outdoor/1156_Kitchen-out/R0011763.JPG,20240225,outdoor,outdoor,40.430033,-79.926697,332.0,2.9,RICOH THETA Z1,2024:02:25 11:56:52,2024-02-25T16:56:14Z,
pano2pano,20240225/outdoor/1156_Kitchen-out/R0011762.JPG,20240225,outdoor,outdoor,40.430033,-79.926697,332.0,353.1,RICOH THETA Z1,2024:02:25 11:56:46,2024-02-25T16:56:14Z,
pano2pano,20240225/indoor/1130_E-Bedroom-in/R0011697.JPG,20240225,indoor,indoor,40.429994,-79.926683,324.7,78.4,RICOH THETA Z1,2024:02:25 11:32:36,2024-02-25T16:32:17Z,
pano2pano,20240225/indoor/1130_E-Bedroom-in/R0011701.JPG,20240225,indoor,indoor,40.429994,-79.926683,324.7,69.4,RICOH THETA Z1,2024:02:25 11:33:03,2024-02-25T16:32:17Z,
pano2pano,20240225/indoor/1130_E-Bedroom-in/R0011700.JPG,20240225,indoor,indoor,40.429994,-79.926683,324.7,61.1,RICOH THETA Z1,2024:02:25 11:32:56,2024-02-25T16:32:17Z,
pano2pano,20240225/indoor/1130_E-Bedroom-in/R0011696.JPG,20240225,indoor,indoor,40.429994,-79.926683,324.7,74.5,RICOH THETA Z1,2024:02:25 11:32:28,2024-02-25T16:32:17Z,
pano2pano,20240225/indoor/1130_E-Bedroom-in/R0011702.JPG,20240225,indoor,indoor,40.429994,-79.926683,324.7,79.3,RICOH THETA Z1,2024:02:25 11:33:09,2024-02-25T16:32:17Z,
pano2pano,20240225/indoor/1130_E-Bedroom-in/R0011703.JPG,20240225,indoor,indoor,40.429994,-79.926683,324.7,68.8,RICOH THETA Z1,2024:02:25 11:33:16,2024-02-25T16:32:17Z,
pano2pano,20240225/indoor/1130_E-Bedroom-in/R0011698.JPG,20240225,indoor,indoor,40.429994,-79.926683,324.7,76.8,RICOH THETA Z1,2024:02:25 11:32:44,2024-02-25T16:32:17Z,
pano2pano,20240225/indoor/1130_E-Bedroom-in/R0011699.JPG,20240225,indoor,indoor,40.429994,-79.926683,324.7,78.6,RICOH THETA Z1,2024:02:25 11:32:50,2024-02-25T16:32:17Z,
pano2pano,20240225/indoor/1130_E-Bedroom-in/R0011704.JPG,20240225,indoor,indoor,40.429994,-79.926683,324.7,83.9,RICOH THETA Z1,2024:02:25 11:33:22,2024-02-25T16:32:17Z,
pano2pano,20240225/indoor/1141_SE-Bedroom-in/R0011723.JPG,20240225,indoor,indoor,40.430033,-79.926697,330.1,193.4,RICOH THETA Z1,2024:02:25 11:42:17,2024-02-25T16:40:11Z,
pano2pano,20240225/indoor/1141_SE-Bedroom-in/R0011728.JPG,20240225,indoor,indoor,40.430033,-79.926697,330.1,187.5,RICOH THETA Z1,2024:02:25 11:42:51,2024-02-25T16:40:11Z,
pano2pano,20240225/indoor/1141_SE-Bedroom-in/R0011729.JPG,20240225,indoor,indoor,40.430033,-79.926697,330.1,189.6,RICOH THETA Z1,2024:02:25 11:42:57,2024-02-25T16:40:11Z,
pano2pano,20240225/indoor/1141_SE-Bedroom-in/R0011731.JPG,20240225,indoor,indoor,40.430033,-79.926697,330.1,195.1,RICOH THETA Z1,2024:02:25 11:43:10,2024-02-25T16:40:11Z,
pano2pano,20240225/indoor/1141_SE-Bedroom-in/R0011724.JPG,20240225,indoor,indoor,40.430033,-79.926697,330.1,193.5,RICOH THETA Z1,2024:02:25 11:42:25,2024-02-25T16:40:11Z,
pano2pano,20240225/indoor/1141_SE-Bedroom-in/R0011730.JPG,20240225,indoor,indoor,40.430033,-79.926697,330.1,188.1,RICOH THETA Z1,2024:02:25 11:43:04,2024-02-25T16:40:11Z,
pano2pano,20240225/indoor/1141_SE-Bedroom-in/R0011725.JPG,20240225,indoor,indoor,40.430033,-79.926697,330.1,195.9,RICOH THETA Z1,2024:02:25 11:42:32,2024-02-25T16:40:11Z,
pano2pano,20240225/indoor/1141_SE-Bedroom-in/R0011727.JPG,20240225,indoor,indoor,40.430033,-79.926697,330.1,186.8,RICOH THETA Z1,2024:02:25 11:42:44,2024-02-25T16:40:11Z,
pano2pano,20240225/indoor/1141_SE-Bedroom-in/R0011726.JPG,20240225,indoor,indoor,40.430033,-79.926697,330.1,187.6,RICOH THETA Z1,2024:02:25 11:42:38,2024-02-25T16:40:11Z,
pano2pano,20240225/indoor/1212_Corrdidor-Ele/R0011808.JPG,20240225,indoor,indoor,40.430033,-79.926697,334.4,183.4,RICOH THETA Z1,2024:02:25 12:12:57,2024-02-25T17:10:09Z,
pano2pano,20240225/indoor/1212_Corrdidor-Ele/R0011809.JPG,20240225,indoor,indoor,40.430033,-79.926697,334.4,187.3,RICOH THETA Z1,2024:02:25 12:13:03,2024-02-25T17:10:09Z,
pano2pano,20240225/indoor/1212_Corrdidor-Ele/R0011804.JPG,20240225,indoor,indoor,40.430033,-79.926697,334.4,179.8,RICOH THETA Z1,2024:02:25 12:12:29,2024-02-25T17:10:09Z,
pano2pano,20240225/indoor/1212_Corrdidor-Ele/R0011811.JPG,20240225,indoor,indoor,40.430033,-79.926697,334.4,188.0,RICOH THETA Z1,2024:02:25 12:13:15,2024-02-25T17:10:09Z,
pano2pano,20240225/indoor/1212_Corrdidor-Ele/R0011805.JPG,20240225,indoor,indoor,40.430033,-79.926697,334.4,186.2,RICOH THETA Z1,2024:02:25 12:12:37,2024-02-25T17:10:09Z,
pano2pano,20240225/indoor/1212_Corrdidor-Ele/R0011810.JPG,20240225,indoor,indoor,40.430033,-79.926697,334.4,180.4,RICOH THETA Z1,2024:02:25 12:13:09,2024-02-25T17:10:09Z,
pano2pano,20240225/indoor/1212_Corrdidor-Ele/R0011812.JPG,20240225,indoor,indoor,40.430033,-79.926697,334.4,185.5,RICOH THETA Z1,2024:02:25 12:13:21,2024-02-25T17:10:09Z,
pano2pano,20240225/indoor/1212_Corrdidor-Ele/R0011807.JPG,20240225,indoor,indoor,40.430033,-79.926697,334.4,184.5,RICOH THETA Z1,2024:02:25 12:12:50,2024-02-25T17:10:09Z,
pano2pano,20240225/indoor/1212_Corrdidor-Ele/R0011806.JPG,20240225,indoor,indoor,40.430033,-79.926697,334.4,185.9,RICOH THETA Z1,2024:02:25 12:12:44,2024-02-25T17:10:09Z,
pano2pano,20240225/indoor/1148_SW-Bedroom-in/R0011742.JPG,20240225,indoor,indoor,40.43,-79.926633,330.0,187.3,RICOH THETA Z1,2024:02:25 11:49:42,2024-02-25T16:47:33Z,
pano2pano,20240225/indoor/1148_SW-Bedroom-in/R0011743.JPG,20240225,indoor,indoor,40.43,-79.926633,330.0,182.9,RICOH THETA Z1,2024:02:25 11:49:49,2024-02-25T16:47:33Z,
pano2pano,20240225/indoor/1148_SW-Bedroom-in/R0011741.JPG,20240225,indoor,indoor,40.43,-79.926633,330.0,182.8,RICOH THETA Z1,2024:02:25 11:49:35,2024-02-25T16:47:33Z,
pano2pano,20240225/indoor/1148_SW-Bedroom-in/R0011748.JPG,20240225,indoor,indoor,40.43,-79.926633,330.0,178.4,RICOH THETA Z1,2024:02:25 11:50:21,2024-02-25T16:47:33Z,
pano2pano,20240225/indoor/1148_SW-Bedroom-in/R0011749.JPG,20240225,indoor,indoor,40.43,-79.926633,330.0,190.6,RICOH THETA Z1,2024:02:25 11:50:28,2024-02-25T16:47:33Z,
pano2pano,20240225/indoor/1148_SW-Bedroom-in/R0011744.JPG,20240225,indoor,indoor,40.43,-79.926633,330.0,181.6,RICOH THETA Z1,2024:02:25 11:49:56,2024-02-25T16:47:33Z,
pano2pano,20240225/indoor/1148_SW-Bedroom-in/R0011745.JPG,20240225,indoor,indoor,40.43,-79.926633,330.0,195.0,RICOH THETA Z1,2024:02:25 11:50:02,2024-02-25T16:47:33Z,
pano2pano,20240225/indoor/1148_SW-Bedroom-in/R0011747.JPG,20240225,indoor,indoor,40.43,-79.926633,330.0,190.2,RICOH THETA Z1,2024:02:25 11:50:15,2024-02-25T16:47:33Z,
pano2pano,20240225/indoor/1148_SW-Bedroom-in/R0011746.JPG,20240225,indoor,indoor,40.43,-79.926633,330.0,188.1,RICOH THETA Z1,2024:02:25 11:50:09,2024-02-25T16:47:33Z,
pano2pano,20240225/outdoor/1135_E-Bedroom-out/R0011709.JPG,20240225,outdoor,outdoor,40.430033,-79.926697,330.1,63.9,RICOH THETA Z1,2024:02:25 11:35:29,2024-02-25T16:34:50Z,
pano2pano,20240225/outdoor/1135_E-Bedroom-out/R0011708.JPG,20240225,outdoor,outdoor,40.430033,-79.926697,330.1,62.1,RICOH THETA Z1,2024:02:25 11:35:23,2024-02-25T16:34:50Z,
pano2pano,20240225/outdoor/1135_E-Bedroom-out/R0011706.JPG,20240225,outdoor,outdoor,40.430033,-79.926697,330.1,63.6,RICOH THETA Z1,2024:02:25 11:35:10,2024-02-25T16:34:50Z,
pano2pano,20240225/outdoor/1135_E-Bedroom-out/R0011713.JPG,20240225,outdoor,outdoor,40.430033,-79.926697,330.1,62.9,RICOH THETA Z1,2024:02:25 11:35:55,2024-02-25T16:34:50Z,
pano2pano,20240225/outdoor/1135_E-Bedroom-out/R0011707.JPG,20240225,outdoor,outdoor,40.430033,-79.926697,330.1,62.4,RICOH THETA Z1,2024:02:25 11:35:17,2024-02-25T16:34:50Z,
pano2pano,20240225/outdoor/1135_E-Bedroom-out/R0011712.JPG,20240225,outdoor,outdoor,40.430033,-79.926697,330.1,62.1,RICOH THETA Z1,2024:02:25 11:35:48,2024-02-25T16:34:50Z,
pano2pano,20240225/outdoor/1135_E-Bedroom-out/R0011710.JPG,20240225,outdoor,outdoor,40.430033,-79.926697,330.1,62.4,RICOH THETA Z1,2024:02:25 11:35:35,2024-02-25T16:34:50Z,
pano2pano,20240225/outdoor/1135_E-Bedroom-out/R0011705.JPG,20240225,outdoor,outdoor,40.430033,-79.926697,330.1,62.5,RICOH THETA Z1,2024:02:25 11:35:03,2024-02-25T16:34:50Z,
pano2pano,20240225/outdoor/1135_E-Bedroom-out/R0011711.JPG,20240225,outdoor,outdoor,40.430033,-79.926697,330.1,63.0,RICOH THETA Z1,2024:02:25 11:35:42,2024-02-25T16:34:50Z,
pano2pano,20240225/outdoor/1146_SW-Bedroom-out/R0011738.JPG,20240225,outdoor,outdoor,40.430033,-79.926697,330.1,94.0,RICOH THETA Z1,2024:02:25 11:47:06,2024-02-25T16:43:15Z,
pano2pano,20240225/outdoor/1146_SW-Bedroom-out/R0011739.JPG,20240225,outdoor,outdoor,40.430033,-79.926697,330.1,95.0,RICOH THETA Z1,2024:02:25 11:47:12,2024-02-25T16:43:15Z,
pano2pano,20240225/outdoor/1146_SW-Bedroom-out/R0011740.JPG,20240225,outdoor,outdoor,40.430033,-79.926697,330.1,89.9,RICOH THETA Z1,2024:02:25 11:47:19,2024-02-25T16:43:15Z,
pano2pano,20240225/outdoor/1146_SW-Bedroom-out/R0011732.JPG,20240225,outdoor,outdoor,40.430033,-79.926697,330.1,92.3,RICOH THETA Z1,2024:02:25 11:46:27,2024-02-25T16:43:15Z,
pano2pano,20240225/outdoor/1146_SW-Bedroom-out/R0011733.JPG,20240225,outdoor,outdoor,40.430033,-79.926697,330.1,92.9,RICOH THETA Z1,2024:02:25 11:46:34,2024-02-25T16:43:15Z,
pano2pano,20240225/outdoor/1146_SW-Bedroom-out/R0011737.JPG,20240225,outdoor,outdoor,40.430033,-79.926697,330.1,89.4,RICOH THETA Z1,2024:02:25 11:47:00,2024-02-25T16:43:15Z,
pano2pano,20240225/outdoor/1146_SW-Bedroom-out/R0011736.JPG,20240225,outdoor,outdoor,40.430033,-79.926697,330.1,96.4,RICOH THETA Z1,2024:02:25 11:46:53,2024-02-25T16:43:15Z,
pano2pano,20240225/outdoor/1146_SW-Bedroom-out/R0011734.JPG,20240225,outdoor,outdoor,40.430033,-79.926697,330.1,93.6,RICOH THETA Z1,2024:02:25 11:46:40,2024-02-25T16:43:15Z,
pano2pano,20240225/outdoor/1146_SW-Bedroom-out/R0011735.JPG,20240225,outdoor,outdoor,40.430033,-79.926697,330.1,104.0,RICOH THETA Z1,2024:02:25 11:46:47,2024-02-25T16:43:15Z,
pano2pano,20240225/outdoor/1138_SE-Bedroom-out/R0011719.JPG,20240225,outdoor,outdoor,40.430033,-79.926697,330.1,100.5,RICOH THETA Z1,2024:02:25 11:39:46,2024-02-25T16:38:58Z,
pano2pano,20240225/outdoor/1138_SE-Bedroom-out/R0011718.JPG,20240225,outdoor,outdoor,40.430033,-79.926697,330.1,97.5,RICOH THETA Z1,2024:02:25 11:39:39,2024-02-25T16:38:58Z,
pano2pano,20240225/outdoor/1138_SE-Bedroom-out/R0011715.JPG,20240225,outdoor,outdoor,40.430033,-79.926697,330.1,99.3,RICOH THETA Z1,2024:02:25 11:39:20,2024-02-25T16:38:58Z,
pano2pano,20240225/outdoor/1138_SE-Bedroom-out/R0011714.JPG,20240225,outdoor,outdoor,40.430033,-79.926697,330.1,99.4,RICOH THETA Z1,2024:02:25 11:39:13,2024-02-25T16:38:58Z,
pano2pano,20240225/outdoor/1138_SE-Bedroom-out/R0011722.JPG,20240225,outdoor,outdoor,40.430033,-79.926697,330.1,98.0,RICOH THETA Z1,2024:02:25 11:40:05,2024-02-25T16:38:58Z,
pano2pano,20240225/outdoor/1138_SE-Bedroom-out/R0011720.JPG,20240225,outdoor,outdoor,40.430033,-79.926697,330.1,95.5,RICOH THETA Z1,2024:02:25 11:39:52,2024-02-25T16:38:58Z,
pano2pano,20240225/outdoor/1138_SE-Bedroom-out/R0011716.JPG,20240225,outdoor,outdoor,40.430033,-79.926697,330.1,94.6,RICOH THETA Z1,2024:02:25 11:39:27,2024-02-25T16:38:58Z,
pano2pano,20240225/outdoor/1138_SE-Bedroom-out/R0011717.JPG,20240225,outdoor,outdoor,40.430033,-79.926697,330.1,95.3,RICOH THETA Z1,2024:02:25 11:39:33,2024-02-25T16:38:58Z,
pano2pano,20240225/outdoor/1138_SE-Bedroom-out/R0011721.JPG,20240225,outdoor,outdoor,40.430033,-79.926697,330.1,97.5,RICOH THETA Z1,2024:02:25 11:39:59,2024-02-25T16:38:58Z,
pano2pano,20240331/6236 5th ave/indoor/1204_living/R0012728.JPG,20240331,6236 5th ave,indoor,40.452428,-79.921394,305.5,285.3,RICOH THETA Z1,2024:03:31 12:06:10,2024-03-31T16:05:25Z,
pano2pano,20240331/6236 5th ave/indoor/1204_living/R0012729.JPG,20240331,6236 5th ave,indoor,40.452428,-79.921394,305.5,286.0,RICOH THETA Z1,2024:03:31 12:06:17,2024-03-31T16:05:25Z,
pano2pano,20240331/6236 5th ave/indoor/1204_living/R0012723.JPG,20240331,6236 5th ave,indoor,40.452428,-79.921394,305.5,288.4,RICOH THETA Z1,2024:03:31 12:05:37,2024-03-31T16:05:25Z,
pano2pano,20240331/6236 5th ave/indoor/1204_living/R0012727.JPG,20240331,6236 5th ave,indoor,40.452428,-79.921394,305.5,284.7,RICOH THETA Z1,2024:03:31 12:06:04,2024-03-31T16:05:25Z,
pano2pano,20240331/6236 5th ave/indoor/1204_living/R0012726.JPG,20240331,6236 5th ave,indoor,40.452428,-79.921394,305.5,286.6,RICOH THETA Z1,2024:03:31 12:05:57,2024-03-31T16:05:25Z,
pano2pano,20240331/6236 5th ave/indoor/1204_living/R0012724.JPG,20240331,6236 5th ave,indoor,40.452428,-79.921394,305.5,282.5,RICOH THETA Z1,2024:03:31 12:05:44,2024-03-31T16:05:25Z,
pano2pano,20240331/6236 5th ave/indoor/1204_living/R0012731.JPG,20240331,6236 5th ave,indoor,40.452428,-79.921394,305.5,286.3,RICOH THETA Z1,2024:03:31 12:06:29,2024-03-31T16:05:25Z,
pano2pano,20240331/6236 5th ave/indoor/1204_living/R0012725.JPG,20240331,6236 5th ave,indoor,40.452428,-79.921394,305.5,284.9,RICOH THETA Z1,2024:03:31 12:05:50,2024-03-31T16:05:25Z,
pano2pano,20240331/6236 5th ave/indoor/1204_living/R0012730.JPG,20240331,6236 5th ave,indoor,40.452428,-79.921394,305.5,288.9,RICOH THETA Z1,2024:03:31 12:06:23,2024-03-31T16:05:25Z,
pano2pano,20240331/6236 5th ave/indoor/1201_living/R0012718.JPG,20240331,6236 5th ave,indoor,40.452517,-79.921386,299.7,287.3,RICOH THETA Z1,2024:03:31 12:03:24,2024-03-31T16:02:44Z,
pano2pano,20240331/6236 5th ave/indoor/1201_living/R0012719.JPG,20240331,6236 5th ave,indoor,40.452517,-79.921386,299.7,286.4,RICOH THETA Z1,2024:03:31 12:03:30,2024-03-31T16:02:44Z,
pano2pano,20240331/6236 5th ave/indoor/1201_living/R0012717.JPG,20240331,6236 5th ave,indoor,40.452517,-79.921386,299.7,282.0,RICOH THETA Z1,2024:03:31 12:03:17,2024-03-31T16:02:44Z,
pano2pano,20240331/6236 5th ave/indoor/1201_living/R0012721.JPG,20240331,6236 5th ave,indoor,40.452517,-79.921386,299.7,288.8,RICOH THETA Z1,2024:03:31 12:03:43,2024-03-31T16:02:44Z,
pano2pano,20240331/6236 5th ave/indoor/1201_living/R0012720.JPG,20240331,6236 5th ave,indoor,40.452517,-79.921386,299.7,286.7,RICOH THETA Z1,2024:03:31 12:03:37,2024-03-31T16:02:44Z,
pano2pano,20240331/6236 5th ave/indoor/1201_living/R0012716.JPG,20240331,6236 5th ave,indoor,40.452517,-79.921386,299.7,289.4,RICOH THETA Z1,2024:03:31 12:03:10,2024-03-31T16:02:44Z,
pano2pano,20240331/6236 5th ave/indoor/1201_living/R0012714.JPG,20240331,6236 5th ave,indoor,40.452517,-79.921386,299.7,281.6,RICOH THETA Z1,2024:03:31 12:02:56,2024-03-31T16:02:44Z,
pano2pano,20240331/6236 5th ave/indoor/1201_living/R0012722.JPG,20240331,6236 5th ave,indoor,40.452517,-79.921386,299.7,283.8,RICOH THETA Z1,2024:03:31 12:03:48,2024-03-31T16:02:44Z,
pano2pano,20240331/6236 5th ave/indoor/1201_living/R0012715.JPG,20240331,6236 5th ave,indoor,40.452517,-79.921386,299.7,285.5,RICOH THETA Z1,2024:03:31 12:03:03,2024-03-31T16:02:44Z,
pano2pano,20240331/6236 5th ave/indoor/1207_living/R0012736.JPG,20240331,6236 5th ave,indoor,40.452522,-79.921142,302.8,277.3,RICOH THETA Z1,2024:03:31 12:08:15,2024-03-31T16:06:34Z,
pano2pano,20240331/6236 5th ave/indoor/1207_living/R0012737.JPG,20240331,6236 5th ave,indoor,40.452522,-79.921142,302.8,276.6,RICOH THETA Z1,2024:03:31 12:08:22,2024-03-31T16:06:34Z,
pano2pano,20240331/6236 5th ave/indoor/1207_living/R0012735.JPG,20240331,6236 5th ave,indoor,40.452522,-79.921142,302.8,271.9,RICOH THETA Z1,2024:03:31 12:08:09,2024-03-31T16:06:34Z,
pano2pano,20240331/6236 5th ave/indoor/1207_living/R0012734.JPG,20240331,6236 5th ave,indoor,40.452522,-79.921142,302.8,272.3,RICOH THETA Z1,2024:03:31 12:08:02,2024-03-31T16:06:34Z,
pano2pano,20240331/6236 5th ave/indoor/1207_living/R0012740.JPG,20240331,6236 5th ave,indoor,40.452522,-79.921142,302.8,269.0,RICOH THETA Z1,2024:03:31 12:08:40,2024-03-31T16:06:34Z,
pano2pano,20240331/6236 5th ave/indoor/1207_living/R0012739.JPG,20240331,6236 5th ave,indoor,40.452522,-79.921142,302.8,278.8,RICOH THETA Z1,2024:03:31 12:08:34,2024-03-31T16:06:34Z,
pano2pano,20240331/6236 5th ave/indoor/1207_living/R0012738.JPG,20240331,6236 5th ave,indoor,40.452522,-79.921142,302.8,272.9,RICOH THETA Z1,2024:03:31 12:08:28,2024-03-31T16:06:34Z,
pano2pano,20240331/6236 5th ave/indoor/1207_living/R0012733.JPG,20240331,6236 5th ave,indoor,40.452522,-79.921142,302.8,275.2,RICOH THETA Z1,2024:03:31 12:07:55,2024-03-31T16:06:34Z,
pano2pano,20240331/6236 5th ave/indoor/1207_living/R0012732.JPG,20240331,6236 5th ave,indoor,40.452522,-79.921142,302.8,275.5,RICOH THETA Z1,2024:03:31 12:07:48,2024-03-31T16:06:34Z,
pano2pano,20240326/city view apt/indoor/1409_entry/R0012450.JPG,20240326,city view apt,indoor,40.440108,-79.9867,266.2,267.4,RICOH THETA Z1,2024:03:26 14:10:16,2024-03-26T18:08:19Z,
pano2pano,20240326/city view apt/indoor/1409_entry/R0012445.JPG,20240326,city view apt,indoor,40.440108,-79.9867,266.2,258.9,RICOH THETA Z1,2024:03:26 14:09:43,2024-03-26T18:08:19Z,
pano2pano,20240326/city view apt/indoor/1409_entry/R0012451.JPG,20240326,city view apt,indoor,40.440108,-79.9867,266.2,259.4,RICOH THETA Z1,2024:03:26 14:10:22,2024-03-26T18:08:19Z,
pano2pano,20240326/city view apt/indoor/1409_entry/R0012444.JPG,20240326,city view apt,indoor,40.440108,-79.9867,266.2,262.3,RICOH THETA Z1,2024:03:26 14:09:36,2024-03-26T18:08:19Z,
pano2pano,20240326/city view apt/indoor/1409_entry/R0012446.JPG,20240326,city view apt,indoor,40.440108,-79.9867,266.2,259.9,RICOH THETA Z1,2024:03:26 14:09:50,2024-03-26T18:08:19Z,
pano2pano,20240326/city view apt/indoor/1409_entry/R0012447.JPG,20240326,city view apt,indoor,40.440108,-79.9867,266.2,256.7,RICOH THETA Z1,2024:03:26 14:09:57,2024-03-26T18:08:19Z,
pano2pano,20240326/city view apt/indoor/1409_entry/R0012452.JPG,20240326,city view apt,indoor,40.440108,-79.9867,266.2,265.4,RICOH THETA Z1,2024:03:26 14:10:28,2024-03-26T18:08:19Z,
pano2pano,20240326/city view apt/indoor/1409_entry/R0012449.JPG,20240326,city view apt,indoor,40.440108,-79.9867,266.2,261.7,RICOH THETA Z1,2024:03:26 14:10:10,2024-03-26T18:08:19Z,
pano2pano,20240326/city view apt/indoor/1409_entry/R0012448.JPG,20240326,city view apt,indoor,40.440108,-79.9867,266.2,270.0,RICOH THETA Z1,2024:03:26 14:10:03,2024-03-26T18:08:19Z,
pano2pano,20240326/city view apt/indoor/1406_entry/R0012437.JPG,20240326,city view apt,indoor,40.440097,-79.9866,281.4,276.5,RICOH THETA Z1,2024:03:26 14:07:14,2024-03-26T18:05:08Z,
pano2pano,20240326/city view apt/indoor/1406_entry/R0012436.JPG,20240326,city view apt,indoor,40.440097,-79.9866,281.4,269.9,RICOH THETA Z1,2024:03:26 14:07:06,2024-03-26T18:05:08Z,
pano2pano,20240326/city view apt/indoor/1406_entry/R0012435.JPG,20240326,city view apt,indoor,40.440097,-79.9866,281.4,266.5,RICOH THETA Z1,2024:03:26 14:06:59,2024-03-26T18:05:08Z,
pano2pano,20240326/city view apt/indoor/1406_entry/R0012438.JPG,20240326,city view apt,indoor,40.440097,-79.9866,281.4,272.7,RICOH THETA Z1,2024:03:26 14:07:20,2024-03-26T18:05:08Z,
pano2pano,20240326/city view apt/indoor/1406_entry/R0012441.JPG,20240326,city view apt,indoor,40.440097,-79.9866,281.4,270.2,RICOH THETA Z1,2024:03:26 14:07:40,2024-03-26T18:05:08Z,
pano2pano,20240326/city view apt/indoor/1406_entry/R0012440.JPG,20240326,city view apt,indoor,40.440097,-79.9866,281.4,274.6,RICOH THETA Z1,2024:03:26 14:07:33,2024-03-26T18:05:08Z,
pano2pano,20240326/city view apt/indoor/1406_entry/R0012439.JPG,20240326,city view apt,indoor,40.440097,-79.9866,281.4,282.6,RICOH THETA Z1,2024:03:26 14:07:27,2024-03-26T18:05:08Z,
pano2pano,20240326/city view apt/indoor/1406_entry/R0012442.JPG,20240326,city view apt,indoor,40.440097,-79.9866,281.4,275.3,RICOH THETA Z1,2024:03:26 14:07:46,2024-03-26T18:05:08Z,
pano2pano,20240326/city view apt/indoor/1406_entry/R0012443.JPG,20240326,city view apt,indoor,40.440097,-79.9866,281.4,268.0,RICOH THETA Z1,2024:03:26 14:07:52,2024-03-26T18:05:08Z,
pano2pano,20240326/city view apt/indoor/1412_entry/R0012461.JPG,20240326,city view apt,indoor,40.440089,-79.986731,281.2,258.8,RICOH THETA Z1,2024:03:26 14:13:18,2024-03-26T18:12:17Z,
pano2pano,20240326/city view apt/indoor/1412_entry/R0012457.JPG,20240326,city view apt,indoor,40.440089,-79.986731,281.2,261.5,RICOH THETA Z1,2024:03:26 14:12:55,2024-03-26T18:12:17Z,
pano2pano,20240326/city view apt/indoor/1412_entry/R0012456.JPG,20240326,city view apt,indoor,40.440089,-79.986731,281.2,258.1,RICOH THETA Z1,2024:03:26 14:12:48,2024-03-26T18:12:17Z,
pano2pano,20240326/city view apt/indoor/1412_entry/R0012460.JPG,20240326,city view apt,indoor,40.440089,-79.986731,281.2,249.6,RICOH THETA Z1,2024:03:26 14:13:12,2024-03-26T18:12:17Z,
pano2pano,20240326/city view apt/indoor/1412_entry/R0012454.JPG,20240326,city view apt,indoor,40.440089,-79.986731,281.2,252.1,RICOH THETA Z1,2024:03:26 14:12:35,2024-03-26T18:12:17Z,
pano2pano,20240326/city view apt/indoor/1412_entry/R0012455.JPG,20240326,city view apt,indoor,40.440089,-79.986731,281.2,259.5,RICOH THETA Z1,2024:03:26 14:12:42,2024-03-26T18:12:17Z,
pano2pano,20240326/city view apt/indoor/1412_entry/R0012458.JPG,20240326,city view apt,indoor,40.440089,-79.986731,281.2,253.8,RICOH THETA Z1,2024:03:26 14:13:01,2024-03-26T18:12:17Z,
pano2pano,20240326/city view apt/indoor/1412_entry/R0012459.JPG,20240326,city view apt,indoor,40.440089,-79.986731,281.2,259.5,RICOH THETA Z1,2024:03:26 14:13:06,2024-03-26T18:12:17Z,
pano2pano,20240326/city view apt/indoor/1412_entry/R0012453.JPG,20240326,city view apt,indoor,40.440089,-79.986731,281.2,257.2,RICOH THETA Z1,2024:03:26 14:12:28,2024-03-26T18:12:17Z,
pano2pano,20240331/6236 5th ave/outdoor/1211_living/R0012756.JPG,20240331,6236 5th ave,outdoor,40.4523,-79.921406,305.1,6.0,RICOH THETA Z1,2024:03:31 12:13:51,2024-03-31T16:13:01Z,
pano2pano,20240331/6236 5th ave/outdoor/1211_living/R0012757.JPG,20240331,6236 5th ave,outdoor,40.4523,-79.921406,305.1,11.2,RICOH THETA Z1,2024:03:31 12:13:58,2024-03-31T16:13:01Z,
pano2pano,20240331/6236 5th ave/outdoor/1211_living/R0012755.JPG,20240331,6236 5th ave,outdoor,40.4523,-79.921406,305.1,9.1,RICOH THETA Z1,2024:03:31 12:13:45,2024-03-31T16:13:01Z,
pano2pano,20240331/6236 5th ave/outdoor/1211_living/R0012754.JPG,20240331,6236 5th ave,outdoor,40.4523,-79.921406,305.1,7.7,RICOH THETA Z1,2024:03:31 12:13:38,2024-03-31T16:13:01Z,
pano2pano,20240331/6236 5th ave/outdoor/1211_living/R0012750.JPG,20240331,6236 5th ave,outdoor,40.4523,-79.921406,305.1,7.5,RICOH THETA Z1,2024:03:31 12:13:12,2024-03-31T16:13:01Z,
pano2pano,20240331/6236 5th ave/outdoor/1211_living/R0012758.JPG,20240331,6236 5th ave,outdoor,40.4523,-79.921406,305.1,11.6,RICOH THETA Z1,2024:03:31 12:14:04,2024-03-31T16:13:01Z,
pano2pano,20240331/6236 5th ave/outdoor/1211_living/R0012751.JPG,20240331,6236 5th ave,outdoor,40.4523,-79.921406,305.1,5.1,RICOH THETA Z1,2024:03:31 12:13:19,2024-03-31T16:13:01Z,
pano2pano,20240331/6236 5th ave/outdoor/1211_living/R0012753.JPG,20240331,6236 5th ave,outdoor,40.4523,-79.921406,305.1,11.5,RICOH THETA Z1,2024:03:31 12:13:32,2024-03-31T16:13:01Z,
pano2pano,20240331/6236 5th ave/outdoor/1211_living/R0012752.JPG,20240331,6236 5th ave,outdoor,40.4523,-79.921406,305.1,2.0,RICOH THETA Z1,2024:03:31 12:13:26,2024-03-31T16:13:01Z,
pano2pano,20240331/6236 5th ave/indoor/1247_kitchen/R0012857.JPG,20240331,6236 5th ave,indoor,40.452403,-79.921483,305.4,63.2,RICOH THETA Z1,2024:03:31 12:48:57,2024-03-31T16:47:54Z,
pano2pano,20240331/6236 5th ave/indoor/1247_kitchen/R0012856.JPG,20240331,6236 5th ave,indoor,40.452403,-79.921483,305.4,63.0,RICOH THETA Z1,2024:03:31 12:48:51,2024-03-31T16:47:54Z,
pano2pano,20240331/6236 5th ave/indoor/1247_kitchen/R0012854.JPG,20240331,6236 5th ave,indoor,40.452403,-79.921483,305.4,66.3,RICOH THETA Z1,2024:03:31 12:48:39,2024-03-31T16:47:54Z,
pano2pano,20240331/6236 5th ave/indoor/1247_kitchen/R0012855.JPG,20240331,6236 5th ave,indoor,40.452403,-79.921483,305.4,68.6,RICOH THETA Z1,2024:03:31 12:48:45,2024-03-31T16:47:54Z,
pano2pano,20240331/6236 5th ave/indoor/1247_kitchen/R0012849.JPG,20240331,6236 5th ave,indoor,40.452403,-79.921483,305.4,73.2,RICOH THETA Z1,2024:03:31 12:48:05,2024-03-31T16:47:54Z,
pano2pano,20240331/6236 5th ave/indoor/1247_kitchen/R0012851.JPG,20240331,6236 5th ave,indoor,40.452403,-79.921483,305.4,66.3,RICOH THETA Z1,2024:03:31 12:48:19,2024-03-31T16:47:54Z,
pano2pano,20240331/6236 5th ave/indoor/1247_kitchen/R0012850.JPG,20240331,6236 5th ave,indoor,40.452403,-79.921483,305.4,74.0,RICOH THETA Z1,2024:03:31 12:48:12,2024-03-31T16:47:54Z,
pano2pano,20240331/6236 5th ave/indoor/1247_kitchen/R0012852.JPG,20240331,6236 5th ave,indoor,40.452403,-79.921483,305.4,81.4,RICOH THETA Z1,2024:03:31 12:48:26,2024-03-31T16:47:54Z,
pano2pano,20240331/6236 5th ave/indoor/1247_kitchen/R0012853.JPG,20240331,6236 5th ave,indoor,40.452403,-79.921483,305.4,69.8,RICOH THETA Z1,2024:03:31 12:48:32,2024-03-31T16:47:54Z,
pano2pano,20240331/6236 5th ave/indoor/1244_kitchen/R0012843.JPG,20240331,6236 5th ave,indoor,40.452264,-79.921219,305.6,56.8,RICOH THETA Z1,2024:03:31 12:46:07,2024-03-31T16:45:35Z,
pano2pano,20240331/6236 5th ave/indoor/1244_kitchen/R0012842.JPG,20240331,6236 5th ave,indoor,40.452264,-79.921219,305.6,76.5,RICOH THETA Z1,2024:03:31 12:46:01,2024-03-31T16:45:35Z,
pano2pano,20240331/6236 5th ave/indoor/1244_kitchen/R0012840.JPG,20240331,6236 5th ave,indoor,40.452264,-79.921219,305.6,76.2,RICOH THETA Z1,2024:03:31 12:45:46,2024-03-31T16:45:35Z,
pano2pano,20240331/6236 5th ave/indoor/1244_kitchen/R0012841.JPG,20240331,6236 5th ave,indoor,40.452264,-79.921219,305.6,70.6,RICOH THETA Z1,2024:03:31 12:45:54,2024-03-31T16:45:35Z,
pano2pano,20240331/6236 5th ave/indoor/1244_kitchen/R0012848.JPG,20240331,6236 5th ave,indoor,40.452264,-79.921219,305.6,79.6,RICOH THETA Z1,2024:03:31 12:46:36,2024-03-31T16:45:35Z,
pano2pano,20240331/6236 5th ave/indoor/1244_kitchen/R0012845.JPG,20240331,6236 5th ave,indoor,40.452264,-79.921219,305.6,63.2,RICOH THETA Z1,2024:03:31 12:46:19,2024-03-31T16:45:35Z,
pano2pano,20240331/6236 5th ave/indoor/1244_kitchen/R0012844.JPG,20240331,6236 5th ave,indoor,40.452264,-79.921219,305.6,74.9,RICOH THETA Z1,2024:03:31 12:46:13,2024-03-31T16:45:35Z,
pano2pano,20240331/6236 5th ave/indoor/1244_kitchen/R0012846.JPG,20240331,6236 5th ave,indoor,40.452264,-79.921219,305.6,71.1,RICOH THETA Z1,2024:03:31 12:46:25,2024-03-31T16:45:35Z,
pano2pano,20240331/6236 5th ave/indoor/1244_kitchen/R0012847.JPG,20240331,6236 5th ave,indoor,40.452264,-79.921219,305.6,78.5,RICOH THETA Z1,2024:03:31 12:46:31,2024-03-31T16:45:35Z,
pano2pano,20240331/6236 5th ave/indoor/1253_kitchen/R0012871.JPG,20240331,6236 5th ave,indoor,40.452356,-79.921467,305.4,53.4,RICOH THETA Z1,2024:03:31 12:53:31,2024-03-31T16:51:41Z,
pano2pano,20240331/6236 5th ave/indoor/1253_kitchen/R0012870.JPG,20240331,6236 5th ave,indoor,40.452356,-79.921467,305.4,61.6,RICOH THETA Z1,2024:03:31 12:53:25,2024-03-31T16:51:41Z,
pano2pano,20240331/6236 5th ave/indoor/1253_kitchen/R0012867.JPG,20240331,6236 5th ave,indoor,40.452356,-79.921467,305.4,50.8,RICOH THETA Z1,2024:03:31 12:53:04,2024-03-31T16:51:41Z,
pano2pano,20240331/6236 5th ave/indoor/1253_kitchen/R0012872.JPG,20240331,6236 5th ave,indoor,40.452356,-79.921467,305.4,55.7,RICOH THETA Z1,2024:03:31 12:53:37,2024-03-31T16:51:41Z,
pano2pano,20240331/6236 5th ave/indoor/1253_kitchen/R0012873.JPG,20240331,6236 5th ave,indoor,40.452356,-79.921467,305.4,53.3,RICOH THETA Z1,2024:03:31 12:53:43,2024-03-31T16:51:41Z,
pano2pano,20240331/6236 5th ave/indoor/1253_kitchen/R0012874.JPG,20240331,6236 5th ave,indoor,40.452356,-79.921467,305.4,61.5,RICOH THETA Z1,2024:03:31 12:53:50,2024-03-31T16:51:41Z,
pano2pano,20240331/6236 5th ave/indoor/1253_kitchen/R0012868.JPG,20240331,6236 5th ave,indoor,40.452356,-79.921467,305.4,49.6,RICOH THETA Z1,2024:03:31 12:53:12,2024-03-31T16:51:41Z,
pano2pano,20240331/6236 5th ave/indoor/1253_kitchen/R0012869.JPG,20240331,6236 5th ave,indoor,40.452356,-79.921467,305.4,55.3,RICOH THETA Z1,2024:03:31 12:53:18,2024-03-31T16:51:41Z,
pano2pano,20240331/6236 5th ave/indoor/1253_kitchen/R0012875.JPG,20240331,6236 5th ave,indoor,40.452356,-79.921467,305.4,58.3,RICOH THETA Z1,2024:03:31 12:53:55,2024-03-31T16:51:41Z,
pano2pano,20240326/city view apt/indoor/1354_living/R0012401.JPG,20240326,city view apt,indoor,40.440244,-79.986633,268.2,257.8,RICOH THETA Z1,2024:03:26 13:54:57,2024-03-26T17:54:31Z,
pano2pano,20240326/city view apt/indoor/1354_living/R0012400.JPG,20240326,city view apt,indoor,40.440244,-79.986633,268.2,262.2,RICOH THETA Z1,2024:03:26 13:54:50,2024-03-26T17:54:31Z,
pano2pano,20240326/city view apt/indoor/1354_living/R0012402.JPG,20240326,city view apt,indoor,40.440244,-79.986633,268.2,264.6,RICOH THETA Z1,2024:03:26 13:55:04,2024-03-26T17:54:31Z,
pano2pano,20240326/city view apt/indoor/1354_living/R0012403.JPG,20240326,city view apt,indoor,40.440244,-79.986633,268.2,267.1,RICOH THETA Z1,2024:03:26 13:55:10,2024-03-26T17:54:31Z,
pano2pano,20240326/city view apt/indoor/1354_living/R0012407.JPG,20240326,city view apt,indoor,40.440244,-79.986633,268.2,251.7,RICOH THETA Z1,2024:03:26 13:55:35,2024-03-26T17:54:31Z,
pano2pano,20240326/city view apt/indoor/1354_living/R0012406.JPG,20240326,city view apt,indoor,40.440244,-79.986633,268.2,267.0,RICOH THETA Z1,2024:03:26 13:55:29,2024-03-26T17:54:31Z,
pano2pano,20240326/city view apt/indoor/1354_living/R0012399.JPG,20240326,city view apt,indoor,40.440244,-79.986633,268.2,265.6,RICOH THETA Z1,2024:03:26 13:54:42,2024-03-26T17:54:31Z,
pano2pano,20240326/city view apt/indoor/1354_living/R0012404.JPG,20240326,city view apt,indoor,40.440244,-79.986633,268.2,247.3,RICOH THETA Z1,2024:03:26 13:55:17,2024-03-26T17:54:31Z,
pano2pano,20240326/city view apt/indoor/1354_living/R0012405.JPG,20240326,city view apt,indoor,40.440244,-79.986633,268.2,267.9,RICOH THETA Z1,2024:03:26 13:55:23,2024-03-26T17:54:31Z,
pano2pano,20240326/city view apt/indoor/1400_living/R0012423.JPG,20240326,city view apt,indoor,40.440072,-79.986628,282.4,250.5,RICOH THETA Z1,2024:03:26 13:59:46,2024-03-26T17:58:54Z,
pano2pano,20240326/city view apt/indoor/1400_living/R0012422.JPG,20240326,city view apt,indoor,40.440072,-79.986628,282.4,261.6,RICOH THETA Z1,2024:03:26 13:59:40,2024-03-26T17:58:54Z,
pano2pano,20240326/city view apt/indoor/1400_living/R0012420.JPG,20240326,city view apt,indoor,40.440072,-79.986628,282.4,255.4,RICOH THETA Z1,2024:03:26 13:59:27,2024-03-26T17:58:54Z,
pano2pano,20240326/city view apt/indoor/1400_living/R0012421.JPG,20240326,city view apt,indoor,40.440072,-79.986628,282.4,258.0,RICOH THETA Z1,2024:03:26 13:59:33,2024-03-26T17:58:54Z,
pano2pano,20240326/city view apt/indoor/1400_living/R0012417.JPG,20240326,city view apt,indoor,40.440072,-79.986628,282.4,262.5,RICOH THETA Z1,2024:03:26 13:59:05,2024-03-26T17:58:54Z,
pano2pano,20240326/city view apt/indoor/1400_living/R0012425.JPG,20240326,city view apt,indoor,40.440072,-79.986628,282.4,259.0,RICOH THETA Z1,2024:03:26 13:59:58,2024-03-26T17:58:54Z,
pano2pano,20240326/city view apt/indoor/1400_living/R0012424.JPG,20240326,city view apt,indoor,40.440072,-79.986628,282.4,264.0,RICOH THETA Z1,2024:03:26 13:59:52,2024-03-26T17:58:54Z,
pano2pano,20240326/city view apt/indoor/1400_living/R0012419.JPG,20240326,city view apt,indoor,40.440072,-79.986628,282.4,271.0,RICOH THETA Z1,2024:03:26 13:59:21,2024-03-26T17:58:54Z,
pano2pano,20240326/city view apt/indoor/1400_living/R0012418.JPG,20240326,city view apt,indoor,40.440072,-79.986628,282.4,262.8,RICOH THETA Z1,2024:03:26 13:59:13,2024-03-26T17:58:54Z,
pano2pano,20240326/city view apt/indoor/1355_living/R0012412.JPG,20240326,city view apt,indoor,40.440072,-79.986814,281.9,271.2,RICOH THETA Z1,2024:03:26 13:56:51,2024-03-26T17:56:11Z,
pano2pano,20240326/city view apt/indoor/1355_living/R0012413.JPG,20240326,city view apt,indoor,40.440072,-79.986814,281.9,271.3,RICOH THETA Z1,2024:03:26 13:56:57,2024-03-26T17:56:11Z,
pano2pano,20240326/city view apt/indoor/1355_living/R0012411.JPG,20240326,city view apt,indoor,40.440072,-79.986814,281.9,273.0,RICOH THETA Z1,2024:03:26 13:56:44,2024-03-26T17:56:11Z,
pano2pano,20240326/city view apt/indoor/1355_living/R0012410.JPG,20240326,city view apt,indoor,40.440072,-79.986814,281.9,273.8,RICOH THETA Z1,2024:03:26 13:56:38,2024-03-26T17:56:11Z,
pano2pano,20240326/city view apt/indoor/1355_living/R0012408.JPG,20240326,city view apt,indoor,40.440072,-79.986814,281.9,268.2,RICOH THETA Z1,2024:03:26 13:56:23,2024-03-26T17:56:11Z,
pano2pano,20240326/city view apt/indoor/1355_living/R0012414.JPG,20240326,city view apt,indoor,40.440072,-79.986814,281.9,273.5,RICOH THETA Z1,2024:03:26 13:57:04,2024-03-26T17:56:11Z,
pano2pano,20240326/city view apt/indoor/1355_living/R0012415.JPG,20240326,city view apt,indoor,40.440072,-79.986814,281.9,275.0,RICOH THETA Z1,2024:03:26 13:57:10,2024-03-26T17:56:11Z,
pano2pano,20240326/city view apt/indoor/1355_living/R0012409.JPG,20240326,city view apt,indoor,40.440072,-79.986814,281.9,265.9,RICOH THETA Z1,2024:03:26 13:56:30,2024-03-26T17:56:11Z,
pano2pano,20240326/city view apt/indoor/1355_living/R0012416.JPG,20240326,city view apt,indoor,40.440072,-79.986814,281.9,263.9,RICOH THETA Z1,2024:03:26 13:57:15,2024-03-26T17:56:11Z,
pano2pano,20240331/6236 5th ave/outdoor/1240_kitchen/R0012835.JPG,20240331,6236 5th ave,outdoor,40.452336,-79.921194,304.0,61.5,RICOH THETA Z1,2024:03:31 12:40:31,2024-03-31T16:39:54Z,
pano2pano,20240331/6236 5th ave/outdoor/1240_kitchen/R0012834.JPG,20240331,6236 5th ave,outdoor,40.452336,-79.921194,304.0,75.5,RICOH THETA Z1,2024:03:31 12:40:25,2024-03-31T16:39:54Z,
pano2pano,20240331/6236 5th ave/outdoor/1240_kitchen/R0012836.JPG,20240331,6236 5th ave,outdoor,40.452336,-79.921194,304.0,77.6,RICOH THETA Z1,2024:03:31 12:40:38,2024-03-31T16:39:54Z,
pano2pano,20240331/6236 5th ave/outdoor/1240_kitchen/R0012837.JPG,20240331,6236 5th ave,outdoor,40.452336,-79.921194,304.0,75.6,RICOH THETA Z1,2024:03:31 12:40:44,2024-03-31T16:39:54Z,
pano2pano,20240331/6236 5th ave/outdoor/1240_kitchen/R0012833.JPG,20240331,6236 5th ave,outdoor,40.452336,-79.921194,304.0,75.2,RICOH THETA Z1,2024:03:31 12:40:19,2024-03-31T16:39:54Z,
pano2pano,20240331/6236 5th ave/outdoor/1240_kitchen/R0012832.JPG,20240331,6236 5th ave,outdoor,40.452336,-79.921194,304.0,76.8,RICOH THETA Z1,2024:03:31 12:40:13,2024-03-31T16:39:54Z,
pano2pano,20240331/6236 5th ave/outdoor/1240_kitchen/R0012839.JPG,20240331,6236 5th ave,outdoor,40.452336,-79.921194,304.0,71.1,RICOH THETA Z1,2024:03:31 12:40:56,2024-03-31T16:39:54Z,
pano2pano,20240331/6236 5th ave/outdoor/1240_kitchen/R0012831.JPG,20240331,6236 5th ave,outdoor,40.452336,-79.921194,304.0,75.5,RICOH THETA Z1,2024:03:31 12:40:05,2024-03-31T16:39:54Z,
pano2pano,20240331/6236 5th ave/outdoor/1240_kitchen/R0012838.JPG,20240331,6236 5th ave,outdoor,40.452336,-79.921194,304.0,72.1,RICOH THETA Z1,2024:03:31 12:40:50,2024-03-31T16:39:54Z,
pano2pano,20240326/city view apt/indoor/1421_kitchen/R0012483.JPG,20240326,city view apt,indoor,40.440069,-79.986797,275.6,54.1,RICOH THETA Z1,2024:03:26 14:21:28,2024-03-26T18:19:57Z,
pano2pano,20240326/city view apt/indoor/1421_kitchen/R0012482.JPG,20240326,city view apt,indoor,40.440069,-79.986797,275.6,62.2,RICOH THETA Z1,2024:03:26 14:21:22,2024-03-26T18:19:57Z,
pano2pano,20240326/city view apt/indoor/1421_kitchen/R0012480.JPG,20240326,city view apt,indoor,40.440069,-79.986797,275.6,60.8,RICOH THETA Z1,2024:03:26 14:21:07,2024-03-26T18:19:57Z,
pano2pano,20240326/city view apt/indoor/1421_kitchen/R0012481.JPG,20240326,city view apt,indoor,40.440069,-79.986797,275.6,56.7,RICOH THETA Z1,2024:03:26 14:21:15,2024-03-26T18:19:57Z,
pano2pano,20240326/city view apt/indoor/1421_kitchen/R0012488.JPG,20240326,city view apt,indoor,40.440069,-79.986797,275.6,62.9,RICOH THETA Z1,2024:03:26 14:21:59,2024-03-26T18:19:57Z,
pano2pano,20240326/city view apt/indoor/1421_kitchen/R0012485.JPG,20240326,city view apt,indoor,40.440069,-79.986797,275.6,61.8,RICOH THETA Z1,2024:03:26 14:21:41,2024-03-26T18:19:57Z,
pano2pano,20240326/city view apt/indoor/1421_kitchen/R0012484.JPG,20240326,city view apt,indoor,40.440069,-79.986797,275.6,66.7,RICOH THETA Z1,2024:03:26 14:21:35,2024-03-26T18:19:57Z,
pano2pano,20240326/city view apt/indoor/1421_kitchen/R0012486.JPG,20240326,city view apt,indoor,40.440069,-79.986797,275.6,58.1,RICOH THETA Z1,2024:03:26 14:21:47,2024-03-26T18:19:57Z,
pano2pano,20240326/city view apt/indoor/1421_kitchen/R0012487.JPG,20240326,city view apt,indoor,40.440069,-79.986797,275.6,60.1,RICOH THETA Z1,2024:03:26 14:21:54,2024-03-26T18:19:57Z,
pano2pano,20240326/city view apt/indoor/1423_kitchen/R0012497.JPG,20240326,city view apt,indoor,40.440278,-79.986767,265.9,68.8,RICOH THETA Z1,2024:03:26 14:23:46,2024-03-26T18:22:37Z,
pano2pano,20240326/city view apt/indoor/1423_kitchen/R0012496.JPG,20240326,city view apt,indoor,40.440278,-79.986767,265.9,69.3,RICOH THETA Z1,2024:03:26 14:23:40,2024-03-26T18:22:37Z,
pano2pano,20240326/city view apt/indoor/1423_kitchen/R0012494.JPG,20240326,city view apt,indoor,40.440278,-79.986767,265.9,66.0,RICOH THETA Z1,2024:03:26 14:23:28,2024-03-26T18:22:37Z,
pano2pano,20240326/city view apt/indoor/1423_kitchen/R0012495.JPG,20240326,city view apt,indoor,40.440278,-79.986767,265.9,67.7,RICOH THETA Z1,2024:03:26 14:23:34,2024-03-26T18:22:37Z,
pano2pano,20240326/city view apt/indoor/1423_kitchen/R0012489.JPG,20240326,city view apt,indoor,40.440278,-79.986767,265.9,69.5,RICOH THETA Z1,2024:03:26 14:22:54,2024-03-26T18:22:37Z,
pano2pano,20240326/city view apt/indoor/1423_kitchen/R0012491.JPG,20240326,city view apt,indoor,40.440278,-79.986767,265.9,73.5,RICOH THETA Z1,2024:03:26 14:23:09,2024-03-26T18:22:37Z,
pano2pano,20240326/city view apt/indoor/1423_kitchen/R0012490.JPG,20240326,city view apt,indoor,40.440278,-79.986767,265.9,62.4,RICOH THETA Z1,2024:03:26 14:23:02,2024-03-26T18:22:37Z,
pano2pano,20240326/city view apt/indoor/1423_kitchen/R0012492.JPG,20240326,city view apt,indoor,40.440278,-79.986767,265.9,67.3,RICOH THETA Z1,2024:03:26 14:23:15,2024-03-26T18:22:37Z,
pano2pano,20240326/city view apt/indoor/1423_kitchen/R0012493.JPG,20240326,city view apt,indoor,40.440278,-79.986767,265.9,69.1,RICOH THETA Z1,2024:03:26 14:23:21,2024-03-26T18:22:37Z,
pano2pano,20240326/city view apt/indoor/1418_kitchen/R0012472.JPG,20240326,city view apt,indoor,40.4401,-79.986664,268.0,70.7,RICOH THETA Z1,2024:03:26 14:19:06,2024-03-26T18:17:57Z,
pano2pano,20240326/city view apt/indoor/1418_kitchen/R0012473.JPG,20240326,city view apt,indoor,40.4401,-79.986664,268.0,67.1,RICOH THETA Z1,2024:03:26 14:19:14,2024-03-26T18:17:57Z,
pano2pano,20240326/city view apt/indoor/1418_kitchen/R0012478.JPG,20240326,city view apt,indoor,40.4401,-79.986664,268.0,66.3,RICOH THETA Z1,2024:03:26 14:19:45,2024-03-26T18:17:57Z,
pano2pano,20240326/city view apt/indoor/1418_kitchen/R0012471.JPG,20240326,city view apt,indoor,40.4401,-79.986664,268.0,68.4,RICOH THETA Z1,2024:03:26 14:18:59,2024-03-26T18:17:57Z,
pano2pano,20240326/city view apt/indoor/1418_kitchen/R0012479.JPG,20240326,city view apt,indoor,40.4401,-79.986664,268.0,68.3,RICOH THETA Z1,2024:03:26 14:19:52,2024-03-26T18:17:57Z,
pano2pano,20240326/city view apt/indoor/1418_kitchen/R0012474.JPG,20240326,city view apt,indoor,40.4401,-79.986664,268.0,67.7,RICOH THETA Z1,2024:03:26 14:19:20,2024-03-26T18:17:57Z,
pano2pano,20240326/city view apt/indoor/1418_kitchen/R0012475.JPG,20240326,city view apt,indoor,40.4401,-79.986664,268.0,78.8,RICOH THETA Z1,2024:03:26 14:19:27,2024-03-26T18:17:57Z,
pano2pano,20240326/city view apt/indoor/1418_kitchen/R0012477.JPG,20240326,city view apt,indoor,40.4401,-79.986664,268.0,64.2,RICOH THETA Z1,2024:03:26 14:19:39,2024-03-26T18:17:57Z,
pano2pano,20240326/city view apt/indoor/1418_kitchen/R0012476.JPG,20240326,city view apt,indoor,40.4401,-79.986664,268.0,74.6,RICOH THETA Z1,2024:03:26 14:19:33,2024-03-26T18:17:57Z,
pano2pano,20240326/city view apt/indoor/1428_bedroom/R0012511.JPG,20240326,city view apt,indoor,40.440019,-79.986922,264.1,266.8,RICOH THETA Z1,2024:03:26 14:28:57,2024-03-26T18:27:25Z,
pano2pano,20240326/city view apt/indoor/1428_bedroom/R0012510.JPG,20240326,city view apt,indoor,40.440019,-79.986922,264.1,262.0,RICOH THETA Z1,2024:03:26 14:28:51,2024-03-26T18:27:25Z,
pano2pano,20240326/city view apt/indoor/1428_bedroom/R0012512.JPG,20240326,city view apt,indoor,40.440019,-79.986922,264.1,274.4,RICOH THETA Z1,2024:03:26 14:29:04,2024-03-26T18:27:25Z,
pano2pano,20240326/city view apt/indoor/1428_bedroom/R0012507.JPG,20240326,city view apt,indoor,40.440019,-79.986922,264.1,264.4,RICOH THETA Z1,2024:03:26 14:28:31,2024-03-26T18:27:25Z,
pano2pano,20240326/city view apt/indoor/1428_bedroom/R0012513.JPG,20240326,city view apt,indoor,40.440019,-79.986922,264.1,267.3,RICOH THETA Z1,2024:03:26 14:29:10,2024-03-26T18:27:25Z,
pano2pano,20240326/city view apt/indoor/1428_bedroom/R0012514.JPG,20240326,city view apt,indoor,40.440019,-79.986922,264.1,265.7,RICOH THETA Z1,2024:03:26 14:29:16,2024-03-26T18:27:25Z,
pano2pano,20240326/city view apt/indoor/1428_bedroom/R0012508.JPG,20240326,city view apt,indoor,40.440019,-79.986922,264.1,263.1,RICOH THETA Z1,2024:03:26 14:28:38,2024-03-26T18:27:25Z,
pano2pano,20240326/city view apt/indoor/1428_bedroom/R0012509.JPG,20240326,city view apt,indoor,40.440019,-79.986922,264.1,269.2,RICOH THETA Z1,2024:03:26 14:28:44,2024-03-26T18:27:25Z,
pano2pano,20240326/city view apt/indoor/1428_bedroom/R0012515.JPG,20240326,city view apt,indoor,40.440019,-79.986922,264.1,265.3,RICOH THETA Z1,2024:03:26 14:29:21,2024-03-26T18:27:25Z,
pano2pano,20240326/city view apt/indoor/1432_bedroom/R0012532.JPG,20240326,city view apt,indoor,40.440036,-79.986906,284.4,284.0,RICOH THETA Z1,2024:03:26 14:33:36,2024-03-26T18:31:45Z,
pano2pano,20240326/city view apt/indoor/1432_bedroom/R0012527.JPG,20240326,city view apt,indoor,40.440036,-79.986906,284.4,284.3,RICOH THETA Z1,2024:03:26 14:33:05,2024-03-26T18:31:45Z,
pano2pano,20240326/city view apt/indoor/1432_bedroom/R0012533.JPG,20240326,city view apt,indoor,40.440036,-79.986906,284.4,273.9,RICOH THETA Z1,2024:03:26 14:33:43,2024-03-26T18:31:45Z,
pano2pano,20240326/city view apt/indoor/1432_bedroom/R0012526.JPG,20240326,city view apt,indoor,40.440036,-79.986906,284.4,281.6,RICOH THETA Z1,2024:03:26 14:32:58,2024-03-26T18:31:45Z,
pano2pano,20240326/city view apt/indoor/1432_bedroom/R0012531.JPG,20240326,city view apt,indoor,40.440036,-79.986906,284.4,276.8,RICOH THETA Z1,2024:03:26 14:33:30,2024-03-26T18:31:45Z,
pano2pano,20240326/city view apt/indoor/1432_bedroom/R0012525.JPG,20240326,city view apt,indoor,40.440036,-79.986906,284.4,282.2,RICOH THETA Z1,2024:03:26 14:32:51,2024-03-26T18:31:45Z,
pano2pano,20240326/city view apt/indoor/1432_bedroom/R0012530.JPG,20240326,city view apt,indoor,40.440036,-79.986906,284.4,286.2,RICOH THETA Z1,2024:03:26 14:33:24,2024-03-26T18:31:45Z,
pano2pano,20240326/city view apt/indoor/1432_bedroom/R0012528.JPG,20240326,city view apt,indoor,40.440036,-79.986906,284.4,274.9,RICOH THETA Z1,2024:03:26 14:33:11,2024-03-26T18:31:45Z,
pano2pano,20240326/city view apt/indoor/1432_bedroom/R0012529.JPG,20240326,city view apt,indoor,40.440036,-79.986906,284.4,277.4,RICOH THETA Z1,2024:03:26 14:33:18,2024-03-26T18:31:45Z,
pano2pano,20240326/city view apt/indoor/1430_bedroom/R0012519.JPG,20240326,city view apt,indoor,40.439742,-79.986947,261.1,276.8,RICOH THETA Z1,2024:03:26 14:31:09,2024-03-26T18:29:44Z,
pano2pano,20240326/city view apt/indoor/1430_bedroom/R0012518.JPG,20240326,city view apt,indoor,40.439742,-79.986947,261.1,267.0,RICOH THETA Z1,2024:03:26 14:31:02,2024-03-26T18:29:44Z,
pano2pano,20240326/city view apt/indoor/1430_bedroom/R0012524.JPG,20240326,city view apt,indoor,40.439742,-79.986947,261.1,272.4,RICOH THETA Z1,2024:03:26 14:31:39,2024-03-26T18:29:44Z,
pano2pano,20240326/city view apt/indoor/1430_bedroom/R0012520.JPG,20240326,city view apt,indoor,40.439742,-79.986947,261.1,266.8,RICOH THETA Z1,2024:03:26 14:31:15,2024-03-26T18:29:44Z,
pano2pano,20240326/city view apt/indoor/1430_bedroom/R0012516.JPG,20240326,city view apt,indoor,40.439742,-79.986947,261.1,263.1,RICOH THETA Z1,2024:03:26 14:30:47,2024-03-26T18:29:44Z,
pano2pano,20240326/city view apt/indoor/1430_bedroom/R0012517.JPG,20240326,city view apt,indoor,40.439742,-79.986947,261.1,275.3,RICOH THETA Z1,2024:03:26 14:30:55,2024-03-26T18:29:44Z,
pano2pano,20240326/city view apt/indoor/1430_bedroom/R0012521.JPG,20240326,city view apt,indoor,40.439742,-79.986947,261.1,271.6,RICOH THETA Z1,2024:03:26 14:31:22,2024-03-26T18:29:44Z,
pano2pano,20240326/city view apt/indoor/1430_bedroom/R0012523.JPG,20240326,city view apt,indoor,40.439742,-79.986947,261.1,265.9,RICOH THETA Z1,2024:03:26 14:31:34,2024-03-26T18:29:44Z,
pano2pano,20240326/city view apt/indoor/1430_bedroom/R0012522.JPG,20240326,city view apt,indoor,40.439742,-79.986947,261.1,271.5,RICOH THETA Z1,2024:03:26 14:31:28,2024-03-26T18:29:44Z,
pano2pano,20240326/city view apt/outdoor/1403_living/R0012429.JPG,20240326,city view apt,outdoor,40.44035,-79.986667,269.6,261.2,RICOH THETA Z1,2024:03:26 14:04:30,2024-03-26T18:03:57Z,
pano2pano,20240326/city view apt/outdoor/1403_living/R0012428.JPG,20240326,city view apt,outdoor,40.44035,-79.986667,269.6,256.7,RICOH THETA Z1,2024:03:26 14:04:23,2024-03-26T18:03:57Z,
pano2pano,20240326/city view apt/outdoor/1403_living/R0012434.JPG,20240326,city view apt,outdoor,40.44035,-79.986667,269.6,270.1,RICOH THETA Z1,2024:03:26 14:05:02,2024-03-26T18:03:57Z,
pano2pano,20240326/city view apt/outdoor/1403_living/R0012426.JPG,20240326,city view apt,outdoor,40.44035,-79.986667,269.6,260.5,RICOH THETA Z1,2024:03:26 14:04:09,2024-03-26T18:03:57Z,
pano2pano,20240326/city view apt/outdoor/1403_living/R0012433.JPG,20240326,city view apt,outdoor,40.44035,-79.986667,269.6,270.7,RICOH THETA Z1,2024:03:26 14:04:55,2024-03-26T18:03:57Z,
pano2pano,20240326/city view apt/outdoor/1403_living/R0012427.JPG,20240326,city view apt,outdoor,40.44035,-79.986667,269.6,258.1,RICOH THETA Z1,2024:03:26 14:04:16,2024-03-26T18:03:57Z,
pano2pano,20240326/city view apt/outdoor/1403_living/R0012432.JPG,20240326,city view apt,outdoor,40.44035,-79.986667,269.6,278.2,RICOH THETA Z1,2024:03:26 14:04:49,2024-03-26T18:03:57Z,
pano2pano,20240326/city view apt/outdoor/1403_living/R0012430.JPG,20240326,city view apt,outdoor,40.44035,-79.986667,269.6,259.5,RICOH THETA Z1,2024:03:26 14:04:36,2024-03-26T18:03:57Z,
pano2pano,20240326/city view apt/outdoor/1403_living/R0012431.JPG,20240326,city view apt,outdoor,40.44035,-79.986667,269.6,251.2,RICOH THETA Z1,2024:03:26 14:04:43,2024-03-26T18:03:57Z,
pano2pano,20240331/6236 5th ave/indoor/1227_bedroom-E/R0012798.JPG,20240331,6236 5th ave,indoor,40.452511,-79.921042,305.5,81.2,RICOH THETA Z1,2024:03:31 12:27:57,2024-03-31T16:27:23Z,
pano2pano,20240331/6236 5th ave/indoor/1227_bedroom-E/R0012799.JPG,20240331,6236 5th ave,indoor,40.452511,-79.921042,305.5,82.2,RICOH THETA Z1,2024:03:31 12:28:03,2024-03-31T16:27:23Z,
pano2pano,20240331/6236 5th ave/indoor/1227_bedroom-E/R0012801.JPG,20240331,6236 5th ave,indoor,40.452511,-79.921042,305.5,81.9,RICOH THETA Z1,2024:03:31 12:28:16,2024-03-31T16:27:23Z,
pano2pano,20240331/6236 5th ave/indoor/1227_bedroom-E/R0012800.JPG,20240331,6236 5th ave,indoor,40.452511,-79.921042,305.5,83.0,RICOH THETA Z1,2024:03:31 12:28:09,2024-03-31T16:27:23Z,
pano2pano,20240331/6236 5th ave/indoor/1227_bedroom-E/R0012795.JPG,20240331,6236 5th ave,indoor,40.452511,-79.921042,305.5,77.0,RICOH THETA Z1,2024:03:31 12:27:36,2024-03-31T16:27:23Z,
pano2pano,20240331/6236 5th ave/indoor/1227_bedroom-E/R0012797.JPG,20240331,6236 5th ave,indoor,40.452511,-79.921042,305.5,84.1,RICOH THETA Z1,2024:03:31 12:27:50,2024-03-31T16:27:23Z,
pano2pano,20240331/6236 5th ave/indoor/1227_bedroom-E/R0012802.JPG,20240331,6236 5th ave,indoor,40.452511,-79.921042,305.5,77.1,RICOH THETA Z1,2024:03:31 12:28:22,2024-03-31T16:27:23Z,
pano2pano,20240331/6236 5th ave/indoor/1227_bedroom-E/R0012803.JPG,20240331,6236 5th ave,indoor,40.452511,-79.921042,305.5,75.4,RICOH THETA Z1,2024:03:31 12:28:27,2024-03-31T16:27:23Z,
pano2pano,20240331/6236 5th ave/indoor/1227_bedroom-E/R0012796.JPG,20240331,6236 5th ave,indoor,40.452511,-79.921042,305.5,79.2,RICOH THETA Z1,2024:03:31 12:27:43,2024-03-31T16:27:23Z,
pano2pano,20240331/6236 5th ave/indoor/1218_bedroom-W/R0012770.JPG,20240331,6236 5th ave,indoor,40.452339,-79.921372,302.9,274.3,RICOH THETA Z1,2024:03:31 12:19:16,2024-03-31T16:18:34Z,
pano2pano,20240331/6236 5th ave/indoor/1218_bedroom-W/R0012771.JPG,20240331,6236 5th ave,indoor,40.452339,-79.921372,302.9,271.5,RICOH THETA Z1,2024:03:31 12:19:23,2024-03-31T16:18:34Z,
pano2pano,20240331/6236 5th ave/indoor/1218_bedroom-W/R0012773.JPG,20240331,6236 5th ave,indoor,40.452339,-79.921372,302.9,273.4,RICOH THETA Z1,2024:03:31 12:19:36,2024-03-31T16:18:34Z,
pano2pano,20240331/6236 5th ave/indoor/1218_bedroom-W/R0012772.JPG,20240331,6236 5th ave,indoor,40.452339,-79.921372,302.9,274.4,RICOH THETA Z1,2024:03:31 12:19:29,2024-03-31T16:18:34Z,
pano2pano,20240331/6236 5th ave/indoor/1218_bedroom-W/R0012776.JPG,20240331,6236 5th ave,indoor,40.452339,-79.921372,302.9,271.3,RICOH THETA Z1,2024:03:31 12:19:53,2024-03-31T16:18:34Z,
pano2pano,20240331/6236 5th ave/indoor/1218_bedroom-W/R0012769.JPG,20240331,6236 5th ave,indoor,40.452339,-79.921372,302.9,275.6,RICOH THETA Z1,2024:03:31 12:19:09,2024-03-31T16:18:34Z,
pano2pano,20240331/6236 5th ave/indoor/1218_bedroom-W/R0012775.JPG,20240331,6236 5th ave,indoor,40.452339,-79.921372,302.9,274.3,RICOH THETA Z1,2024:03:31 12:19:48,2024-03-31T16:18:34Z,
pano2pano,20240331/6236 5th ave/indoor/1218_bedroom-W/R0012774.JPG,20240331,6236 5th ave,indoor,40.452339,-79.921372,302.9,274.1,RICOH THETA Z1,2024:03:31 12:19:42,2024-03-31T16:18:34Z,
pano2pano,20240331/6236 5th ave/indoor/1218_bedroom-W/R0012768.JPG,20240331,6236 5th ave,indoor,40.452339,-79.921372,302.9,279.9,RICOH THETA Z1,2024:03:31 12:19:02,2024-03-31T16:18:34Z,
pano2pano,20240331/6236 5th ave/indoor/1221_bedroom-W/R0012778.JPG,20240331,6236 5th ave,indoor,40.452369,-79.921408,305.5,274.9,RICOH THETA Z1,2024:03:31 12:21:24,2024-03-31T16:20:13Z,
pano2pano,20240331/6236 5th ave/indoor/1221_bedroom-W/R0012785.JPG,20240331,6236 5th ave,indoor,40.452369,-79.921408,305.5,271.5,RICOH THETA Z1,2024:03:31 12:22:08,2024-03-31T16:20:13Z,
pano2pano,20240331/6236 5th ave/indoor/1221_bedroom-W/R0012784.JPG,20240331,6236 5th ave,indoor,40.452369,-79.921408,305.5,268.8,RICOH THETA Z1,2024:03:31 12:22:02,2024-03-31T16:20:13Z,
pano2pano,20240331/6236 5th ave/indoor/1221_bedroom-W/R0012779.JPG,20240331,6236 5th ave,indoor,40.452369,-79.921408,305.5,269.9,RICOH THETA Z1,2024:03:31 12:21:31,2024-03-31T16:20:13Z,
pano2pano,20240331/6236 5th ave/indoor/1221_bedroom-W/R0012780.JPG,20240331,6236 5th ave,indoor,40.452369,-79.921408,305.5,269.8,RICOH THETA Z1,2024:03:31 12:21:37,2024-03-31T16:20:13Z,
pano2pano,20240331/6236 5th ave/indoor/1221_bedroom-W/R0012781.JPG,20240331,6236 5th ave,indoor,40.452369,-79.921408,305.5,270.9,RICOH THETA Z1,2024:03:31 12:21:44,2024-03-31T16:20:13Z,
pano2pano,20240331/6236 5th ave/indoor/1221_bedroom-W/R0012783.JPG,20240331,6236 5th ave,indoor,40.452369,-79.921408,305.5,270.9,RICOH THETA Z1,2024:03:31 12:21:56,2024-03-31T16:20:13Z,
pano2pano,20240331/6236 5th ave/indoor/1221_bedroom-W/R0012777.JPG,20240331,6236 5th ave,indoor,40.452369,-79.921408,305.5,269.6,RICOH THETA Z1,2024:03:31 12:21:17,2024-03-31T16:20:13Z,
pano2pano,20240331/6236 5th ave/indoor/1221_bedroom-W/R0012782.JPG,20240331,6236 5th ave,indoor,40.452369,-79.921408,305.5,264.4,RICOH THETA Z1,2024:03:31 12:21:50,2024-03-31T16:20:13Z,
pano2pano,20240331/6236 5th ave/indoor/1229_bedroom-E/R0012805.JPG,20240331,6236 5th ave,indoor,40.452342,-79.921397,306.0,87.9,RICOH THETA Z1,2024:03:31 12:30:17,2024-03-31T16:28:32Z,
pano2pano,20240331/6236 5th ave/indoor/1229_bedroom-E/R0012810.JPG,20240331,6236 5th ave,indoor,40.452342,-79.921397,306.0,83.2,RICOH THETA Z1,2024:03:31 12:30:49,2024-03-31T16:28:32Z,
pano2pano,20240331/6236 5th ave/indoor/1229_bedroom-E/R0012804.JPG,20240331,6236 5th ave,indoor,40.452342,-79.921397,306.0,72.1,RICOH THETA Z1,2024:03:31 12:30:09,2024-03-31T16:28:32Z,
pano2pano,20240331/6236 5th ave/indoor/1229_bedroom-E/R0012811.JPG,20240331,6236 5th ave,indoor,40.452342,-79.921397,306.0,82.1,RICOH THETA Z1,2024:03:31 12:30:55,2024-03-31T16:28:32Z,
pano2pano,20240331/6236 5th ave/indoor/1229_bedroom-E/R0012806.JPG,20240331,6236 5th ave,indoor,40.452342,-79.921397,306.0,84.3,RICOH THETA Z1,2024:03:31 12:30:24,2024-03-31T16:28:32Z,
pano2pano,20240331/6236 5th ave/indoor/1229_bedroom-E/R0012812.JPG,20240331,6236 5th ave,indoor,40.452342,-79.921397,306.0,78.6,RICOH THETA Z1,2024:03:31 12:31:00,2024-03-31T16:28:32Z,
pano2pano,20240331/6236 5th ave/indoor/1229_bedroom-E/R0012807.JPG,20240331,6236 5th ave,indoor,40.452342,-79.921397,306.0,72.4,RICOH THETA Z1,2024:03:31 12:30:30,2024-03-31T16:28:32Z,
pano2pano,20240331/6236 5th ave/indoor/1229_bedroom-E/R0012809.JPG,20240331,6236 5th ave,indoor,40.452342,-79.921397,306.0,79.0,RICOH THETA Z1,2024:03:31 12:30:43,2024-03-31T16:28:32Z,
pano2pano,20240331/6236 5th ave/indoor/1229_bedroom-E/R0012808.JPG,20240331,6236 5th ave,indoor,40.452342,-79.921397,306.0,84.2,RICOH THETA Z1,2024:03:31 12:30:37,2024-03-31T16:28:32Z,
pano2pano,20240331/6236 5th ave/indoor/1217_bedroom-W/R0012761.JPG,20240331,6236 5th ave,indoor,40.452978,-79.925483,305.2,279.7,RICOH THETA Z1,2024:03:31 12:17:31,2024-03-31T16:17:04Z,
pano2pano,20240331/6236 5th ave/indoor/1217_bedroom-W/R0012760.JPG,20240331,6236 5th ave,indoor,40.452978,-79.925483,305.2,262.6,RICOH THETA Z1,2024:03:31 12:17:24,2024-03-31T16:17:04Z,
pano2pano,20240331/6236 5th ave/indoor/1217_bedroom-W/R0012762.JPG,20240331,6236 5th ave,indoor,40.452978,-79.925483,305.2,268.7,RICOH THETA Z1,2024:03:31 12:17:37,2024-03-31T16:17:04Z,
pano2pano,20240331/6236 5th ave/indoor/1217_bedroom-W/R0012763.JPG,20240331,6236 5th ave,indoor,40.452978,-79.925483,305.2,269.1,RICOH THETA Z1,2024:03:31 12:17:44,2024-03-31T16:17:04Z,
pano2pano,20240331/6236 5th ave/indoor/1217_bedroom-W/R0012767.JPG,20240331,6236 5th ave,indoor,40.452978,-79.925483,305.2,269.3,RICOH THETA Z1,2024:03:31 12:18:08,2024-03-31T16:17:04Z,
pano2pano,20240331/6236 5th ave/indoor/1217_bedroom-W/R0012759.JPG,20240331,6236 5th ave,indoor,40.452978,-79.925483,305.2,274.6,RICOH THETA Z1,2024:03:31 12:17:16,2024-03-31T16:17:04Z,
pano2pano,20240331/6236 5th ave/indoor/1217_bedroom-W/R0012766.JPG,20240331,6236 5th ave,indoor,40.452978,-79.925483,305.2,264.0,RICOH THETA Z1,2024:03:31 12:18:02,2024-03-31T16:17:04Z,
pano2pano,20240331/6236 5th ave/indoor/1217_bedroom-W/R0012764.JPG,20240331,6236 5th ave,indoor,40.452978,-79.925483,305.2,271.6,RICOH THETA Z1,2024:03:31 12:17:50,2024-03-31T16:17:04Z,
pano2pano,20240331/6236 5th ave/indoor/1217_bedroom-W/R0012765.JPG,20240331,6236 5th ave,indoor,40.452978,-79.925483,305.2,269.2,RICOH THETA Z1,2024:03:31 12:17:56,2024-03-31T16:17:04Z,
pano2pano,20240331/6236 5th ave/indoor/1235_bedroom-E/R0012826.JPG,20240331,6236 5th ave,indoor,40.452439,-79.921219,305.5,84.4,RICOH THETA Z1,2024:03:31 12:35:39,2024-03-31T16:35:01Z,
pano2pano,20240331/6236 5th ave/indoor/1235_bedroom-E/R0012827.JPG,20240331,6236 5th ave,indoor,40.452439,-79.921219,305.5,82.9,RICOH THETA Z1,2024:03:31 12:35:45,2024-03-31T16:35:01Z,
pano2pano,20240331/6236 5th ave/indoor/1235_bedroom-E/R0012830.JPG,20240331,6236 5th ave,indoor,40.452439,-79.921219,305.5,82.0,RICOH THETA Z1,2024:03:31 12:36:04,2024-03-31T16:35:01Z,
pano2pano,20240331/6236 5th ave/indoor/1235_bedroom-E/R0012825.JPG,20240331,6236 5th ave,indoor,40.452439,-79.921219,305.5,85.3,RICOH THETA Z1,2024:03:31 12:35:33,2024-03-31T16:35:01Z,
pano2pano,20240331/6236 5th ave/indoor/1235_bedroom-E/R0012824.JPG,20240331,6236 5th ave,indoor,40.452439,-79.921219,305.5,91.5,RICOH THETA Z1,2024:03:31 12:35:27,2024-03-31T16:35:01Z,
pano2pano,20240331/6236 5th ave/indoor/1235_bedroom-E/R0012829.JPG,20240331,6236 5th ave,indoor,40.452439,-79.921219,305.5,71.1,RICOH THETA Z1,2024:03:31 12:35:58,2024-03-31T16:35:01Z,
pano2pano,20240331/6236 5th ave/indoor/1235_bedroom-E/R0012828.JPG,20240331,6236 5th ave,indoor,40.452439,-79.921219,305.5,86.7,RICOH THETA Z1,2024:03:31 12:35:52,2024-03-31T16:35:01Z,
pano2pano,20240331/6236 5th ave/indoor/1235_bedroom-E/R0012823.JPG,20240331,6236 5th ave,indoor,40.452439,-79.921219,305.5,87.5,RICOH THETA Z1,2024:03:31 12:35:20,2024-03-31T16:35:01Z,
pano2pano,20240331/6236 5th ave/indoor/1235_bedroom-E/R0012822.JPG,20240331,6236 5th ave,indoor,40.452439,-79.921219,305.5,81.5,RICOH THETA Z1,2024:03:31 12:35:12,2024-03-31T16:35:01Z,
pano2pano,20240324/776 Montclair St/indoor/1103_Entry/R0012104.JPG,20240324,776 Montclair St,indoor,40.420903,-79.930389,332.2,,RICOH THETA Z1,2024:03:24 11:03:31,2024-03-24T15:03:04Z,
pano2pano,20240324/776 Montclair St/indoor/1103_Entry/R0012110.JPG,20240324,776 Montclair St,indoor,40.420903,-79.930389,332.2,,RICOH THETA Z1,2024:03:24 11:04:08,2024-03-24T15:03:04Z,
pano2pano,20240324/776 Montclair St/indoor/1103_Entry/R0012105.JPG,20240324,776 Montclair St,indoor,40.420903,-79.930389,332.2,,RICOH THETA Z1,2024:03:24 11:03:38,2024-03-24T15:03:04Z,
pano2pano,20240324/776 Montclair St/indoor/1103_Entry/R0012107.JPG,20240324,776 Montclair St,indoor,40.420903,-79.930389,332.2,,RICOH THETA Z1,2024:03:24 11:03:50,2024-03-24T15:03:04Z,
pano2pano,20240324/776 Montclair St/indoor/1103_Entry/R0012106.JPG,20240324,776 Montclair St,indoor,40.420903,-79.930389,332.2,,RICOH THETA Z1,2024:03:24 11:03:44,2024-03-24T15:03:04Z,
pano2pano,20240324/776 Montclair St/indoor/1103_Entry/R0012102.JPG,20240324,776 Montclair St,indoor,40.420903,-79.930389,332.2,,RICOH THETA Z1,2024:03:24 11:03:17,2024-03-24T15:03:04Z,
pano2pano,20240324/776 Montclair St/indoor/1103_Entry/R0012103.JPG,20240324,776 Montclair St,indoor,40.420903,-79.930389,332.2,,RICOH THETA Z1,2024:03:24 11:03:24,2024-03-24T15:03:04Z,
pano2pano,20240324/776 Montclair St/indoor/1103_Entry/R0012108.JPG,20240324,776 Montclair St,indoor,40.420903,-79.930389,332.2,,RICOH THETA Z1,2024:03:24 11:03:57,2024-03-24T15:03:04Z,
pano2pano,20240324/776 Montclair St/indoor/1103_Entry/R0012109.JPG,20240324,776 Montclair St,indoor,40.420903,-79.930389,332.2,,RICOH THETA Z1,2024:03:24 11:04:03,2024-03-24T15:03:04Z,
pano2pano,20240324/776 Montclair St/indoor/1100_Entry/R0012095.JPG,20240324,776 Montclair St,indoor,40.4209,-79.930431,328.6,,RICOH THETA Z1,2024:03:24 11:01:07,2024-03-24T15:00:39Z,
pano2pano,20240324/776 Montclair St/indoor/1100_Entry/R0012094.JPG,20240324,776 Montclair St,indoor,40.4209,-79.930431,328.6,,RICOH THETA Z1,2024:03:24 11:01:00,2024-03-24T15:00:39Z,
pano2pano,20240324/776 Montclair St/indoor/1100_Entry/R0012096.JPG,20240324,776 Montclair St,indoor,40.4209,-79.930431,328.6,,RICOH THETA Z1,2024:03:24 11:01:13,2024-03-24T15:00:39Z,
pano2pano,20240324/776 Montclair St/indoor/1100_Entry/R0012100.JPG,20240324,776 Montclair St,indoor,40.4209,-79.930431,328.6,,RICOH THETA Z1,2024:03:24 11:01:37,2024-03-24T15:00:39Z,
pano2pano,20240324/776 Montclair St/indoor/1100_Entry/R0012101.JPG,20240324,776 Montclair St,indoor,40.4209,-79.930431,328.6,,RICOH THETA Z1,2024:03:24 11:01:43,2024-03-24T15:00:39Z,
pano2pano,20240324/776 Montclair St/indoor/1100_Entry/R0012097.JPG,20240324,776 Montclair St,indoor,40.4209,-79.930431,328.6,,RICOH THETA Z1,2024:03:24 11:01:19,2024-03-24T15:00:39Z,
pano2pano,20240324/776 Montclair St/indoor/1100_Entry/R0012093.JPG,20240324,776 Montclair St,indoor,40.4209,-79.930431,328.6,,RICOH THETA Z1,2024:03:24 11:00:52,2024-03-24T15:00:39Z,
pano2pano,20240324/776 Montclair St/indoor/1100_Entry/R0012099.JPG,20240324,776 Montclair St,indoor,40.4209,-79.930431,328.6,,RICOH THETA Z1,2024:03:24 11:01:31,2024-03-24T15:00:39Z,
pano2pano,20240324/776 Montclair St/indoor/1100_Entry/R0012098.JPG,20240324,776 Montclair St,indoor,40.4209,-79.930431,328.6,,RICOH THETA Z1,2024:03:24 11:01:25,2024-03-24T15:00:39Z,
pano2pano,20240324/776 Montclair St/indoor/1057_Entry/R0012088.JPG,20240324,776 Montclair St,indoor,40.420875,-79.930469,335.9,,RICOH THETA Z1,2024:03:24 10:58:34,2024-03-24T14:55:47Z,
pano2pano,20240324/776 Montclair St/indoor/1057_Entry/R0012089.JPG,20240324,776 Montclair St,indoor,40.420875,-79.930469,335.9,,RICOH THETA Z1,2024:03:24 10:58:41,2024-03-24T14:55:47Z,
pano2pano,20240324/776 Montclair St/indoor/1057_Entry/R0012084.JPG,20240324,776 Montclair St,indoor,40.420875,-79.930469,335.9,,RICOH THETA Z1,2024:03:24 10:58:07,2024-03-24T14:55:47Z,
pano2pano,20240324/776 Montclair St/indoor/1057_Entry/R0012091.JPG,20240324,776 Montclair St,indoor,40.420875,-79.930469,335.9,,RICOH THETA Z1,2024:03:24 10:58:53,2024-03-24T14:55:47Z,
pano2pano,20240324/776 Montclair St/indoor/1057_Entry/R0012085.JPG,20240324,776 Montclair St,indoor,40.420875,-79.930469,335.9,,RICOH THETA Z1,2024:03:24 10:58:15,2024-03-24T14:55:47Z,
pano2pano,20240324/776 Montclair St/indoor/1057_Entry/R0012090.JPG,20240324,776 Montclair St,indoor,40.420875,-79.930469,335.9,,RICOH THETA Z1,2024:03:24 10:58:47,2024-03-24T14:55:47Z,
pano2pano,20240324/776 Montclair St/indoor/1057_Entry/R0012092.JPG,20240324,776 Montclair St,indoor,40.420875,-79.930469,335.9,,RICOH THETA Z1,2024:03:24 10:58:58,2024-03-24T14:55:47Z,
pano2pano,20240324/776 Montclair St/indoor/1057_Entry/R0012087.JPG,20240324,776 Montclair St,indoor,40.420875,-79.930469,335.9,,RICOH THETA Z1,2024:03:24 10:58:28,2024-03-24T14:55:47Z,
pano2pano,20240324/776 Montclair St/indoor/1057_Entry/R0012086.JPG,20240324,776 Montclair St,indoor,40.420875,-79.930469,335.9,,RICOH THETA Z1,2024:03:24 10:58:21,2024-03-24T14:55:47Z,
pano2pano,20240326/city view apt/outdoor/1426_bedroom/R0012499.JPG,20240326,city view apt,outdoor,40.440108,-79.986622,281.8,269.5,RICOH THETA Z1,2024:03:26 14:26:18,2024-03-26T18:24:19Z,
pano2pano,20240326/city view apt/outdoor/1426_bedroom/R0012506.JPG,20240326,city view apt,outdoor,40.440108,-79.986622,281.8,268.0,RICOH THETA Z1,2024:03:26 14:27:02,2024-03-26T18:24:19Z,
pano2pano,20240326/city view apt/outdoor/1426_bedroom/R0012498.JPG,20240326,city view apt,outdoor,40.440108,-79.986622,281.8,276.0,RICOH THETA Z1,2024:03:26 14:26:11,2024-03-26T18:24:19Z,
pano2pano,20240326/city view apt/outdoor/1426_bedroom/R0012505.JPG,20240326,city view apt,outdoor,40.440108,-79.986622,281.8,264.8,RICOH THETA Z1,2024:03:26 14:26:57,2024-03-26T18:24:19Z,
pano2pano,20240326/city view apt/outdoor/1426_bedroom/R0012504.JPG,20240326,city view apt,outdoor,40.440108,-79.986622,281.8,263.3,RICOH THETA Z1,2024:03:26 14:26:51,2024-03-26T18:24:19Z,
pano2pano,20240326/city view apt/outdoor/1426_bedroom/R0012500.JPG,20240326,city view apt,outdoor,40.440108,-79.986622,281.8,269.9,RICOH THETA Z1,2024:03:26 14:26:25,2024-03-26T18:24:19Z,
pano2pano,20240326/city view apt/outdoor/1426_bedroom/R0012501.JPG,20240326,city view apt,outdoor,40.440108,-79.986622,281.8,267.4,RICOH THETA Z1,2024:03:26 14:26:31,2024-03-26T18:24:19Z,
pano2pano,20240326/city view apt/outdoor/1426_bedroom/R0012503.JPG,20240326,city view apt,outdoor,40.440108,-79.986622,281.8,276.3,RICOH THETA Z1,2024:03:26 14:26:44,2024-03-26T18:24:19Z,
pano2pano,20240326/city view apt/outdoor/1426_bedroom/R0012502.JPG,20240326,city view apt,outdoor,40.440108,-79.986622,281.8,276.0,RICOH THETA Z1,2024:03:26 14:26:38,2024-03-26T18:24:19Z,
pano2pano,20240326/city view apt/outdoor/1416_kitchen/R0012470.JPG,20240326,city view apt,outdoor,40.440161,-79.986744,268.6,66.9,RICOH THETA Z1,2024:03:26 14:17:22,2024-03-26T18:14:05Z,
pano2pano,20240326/city view apt/outdoor/1416_kitchen/R0012465.JPG,20240326,city view apt,outdoor,40.440161,-79.986744,268.6,61.4,RICOH THETA Z1,2024:03:26 14:16:50,2024-03-26T18:14:05Z,
pano2pano,20240326/city view apt/outdoor/1416_kitchen/R0012464.JPG,20240326,city view apt,outdoor,40.440161,-79.986744,268.6,59.5,RICOH THETA Z1,2024:03:26 14:16:43,2024-03-26T18:14:05Z,
pano2pano,20240326/city view apt/outdoor/1416_kitchen/R0012466.JPG,20240326,city view apt,outdoor,40.440161,-79.986744,268.6,66.3,RICOH THETA Z1,2024:03:26 14:16:56,2024-03-26T18:14:05Z,
pano2pano,20240326/city view apt/outdoor/1416_kitchen/R0012467.JPG,20240326,city view apt,outdoor,40.440161,-79.986744,268.6,63.5,RICOH THETA Z1,2024:03:26 14:17:03,2024-03-26T18:14:05Z,
pano2pano,20240326/city view apt/outdoor/1416_kitchen/R0012463.JPG,20240326,city view apt,outdoor,40.440161,-79.986744,268.6,62.8,RICOH THETA Z1,2024:03:26 14:16:37,2024-03-26T18:14:05Z,
pano2pano,20240326/city view apt/outdoor/1416_kitchen/R0012462.JPG,20240326,city view apt,outdoor,40.440161,-79.986744,268.6,64.5,RICOH THETA Z1,2024:03:26 14:16:29,2024-03-26T18:14:05Z,
pano2pano,20240326/city view apt/outdoor/1416_kitchen/R0012469.JPG,20240326,city view apt,outdoor,40.440161,-79.986744,268.6,63.3,RICOH THETA Z1,2024:03:26 14:17:16,2024-03-26T18:14:05Z,
pano2pano,20240326/city view apt/outdoor/1416_kitchen/R0012468.JPG,20240326,city view apt,outdoor,40.440161,-79.986744,268.6,68.7,RICOH THETA Z1,2024:03:26 14:17:10,2024-03-26T18:14:05Z,
pano2pano,20240331/6236 5th ave/indoor/1209_living+lit/R0012749.JPG,20240331,6236 5th ave,indoor,40.452558,-79.921183,305.5,273.8,RICOH THETA Z1,2024:03:31 12:10:41,2024-03-31T16:09:38Z,
pano2pano,20240331/6236 5th ave/indoor/1209_living+lit/R0012741.JPG,20240331,6236 5th ave,indoor,40.452558,-79.921183,305.5,272.2,RICOH THETA Z1,2024:03:31 12:09:48,2024-03-31T16:09:38Z,
pano2pano,20240331/6236 5th ave/indoor/1209_living+lit/R0012748.JPG,20240331,6236 5th ave,indoor,40.452558,-79.921183,305.5,272.4,RICOH THETA Z1,2024:03:31 12:10:35,2024-03-31T16:09:38Z,
pano2pano,20240331/6236 5th ave/indoor/1209_living+lit/R0012743.JPG,20240331,6236 5th ave,indoor,40.452558,-79.921183,305.5,278.5,RICOH THETA Z1,2024:03:31 12:10:03,2024-03-31T16:09:38Z,
pano2pano,20240331/6236 5th ave/indoor/1209_living+lit/R0012742.JPG,20240331,6236 5th ave,indoor,40.452558,-79.921183,305.5,274.0,RICOH THETA Z1,2024:03:31 12:09:56,2024-03-31T16:09:38Z,
pano2pano,20240331/6236 5th ave/indoor/1209_living+lit/R0012746.JPG,20240331,6236 5th ave,indoor,40.452558,-79.921183,305.5,275.8,RICOH THETA Z1,2024:03:31 12:10:23,2024-03-31T16:09:38Z,
pano2pano,20240331/6236 5th ave/indoor/1209_living+lit/R0012747.JPG,20240331,6236 5th ave,indoor,40.452558,-79.921183,305.5,280.9,RICOH THETA Z1,2024:03:31 12:10:28,2024-03-31T16:09:38Z,
pano2pano,20240331/6236 5th ave/indoor/1209_living+lit/R0012745.JPG,20240331,6236 5th ave,indoor,40.452558,-79.921183,305.5,274.6,RICOH THETA Z1,2024:03:31 12:10:16,2024-03-31T16:09:38Z,
pano2pano,20240331/6236 5th ave/indoor/1209_living+lit/R0012744.JPG,20240331,6236 5th ave,indoor,40.452558,-79.921183,305.5,268.0,RICOH THETA Z1,2024:03:31 12:10:10,2024-03-31T16:09:38Z,
pano2pano,20240324/776 Montclair St/outdoor/1054_Entry/R0012080.JPG,20240324,776 Montclair St,outdoor,40.420933,-79.930475,331.8,,RICOH THETA Z1,2024:03:24 10:55:23,2024-03-24T14:50:42Z,
pano2pano,20240324/776 Montclair St/outdoor/1054_Entry/R0012075.JPG,20240324,776 Montclair St,outdoor,40.420933,-79.930475,331.8,,RICOH THETA Z1,2024:03:24 10:54:49,2024-03-24T14:50:42Z,
pano2pano,20240324/776 Montclair St/outdoor/1054_Entry/R0012081.JPG,20240324,776 Montclair St,outdoor,40.420933,-79.930475,331.8,,RICOH THETA Z1,2024:03:24 10:55:30,2024-03-24T14:50:42Z,
pano2pano,20240324/776 Montclair St/outdoor/1054_Entry/R0012077.JPG,20240324,776 Montclair St,outdoor,40.420933,-79.930475,331.8,,RICOH THETA Z1,2024:03:24 10:55:04,2024-03-24T14:50:42Z,
pano2pano,20240324/776 Montclair St/outdoor/1054_Entry/R0012083.JPG,20240324,776 Montclair St,outdoor,40.420933,-79.930475,331.8,,RICOH THETA Z1,2024:03:24 10:55:42,2024-03-24T14:50:42Z,
pano2pano,20240324/776 Montclair St/outdoor/1054_Entry/R0012082.JPG,20240324,776 Montclair St,outdoor,40.420933,-79.930475,331.8,,RICOH THETA Z1,2024:03:24 10:55:36,2024-03-24T14:50:42Z,
pano2pano,20240324/776 Montclair St/outdoor/1054_Entry/R0012076.JPG,20240324,776 Montclair St,outdoor,40.420933,-79.930475,331.8,,RICOH THETA Z1,2024:03:24 10:54:57,2024-03-24T14:50:42Z,
pano2pano,20240324/776 Montclair St/outdoor/1054_Entry/R0012078.JPG,20240324,776 Montclair St,outdoor,40.420933,-79.930475,331.8,,RICOH THETA Z1,2024:03:24 10:55:11,2024-03-24T14:50:42Z,
pano2pano,20240324/776 Montclair St/outdoor/1054_Entry/R0012079.JPG,20240324,776 Montclair St,outdoor,40.420933,-79.930475,331.8,,RICOH THETA Z1,2024:03:24 10:55:17,2024-03-24T14:50:42Z,
pano2pano,20240324/776 Montclair St/indoor/1046_Living/R0012058.JPG,20240324,776 Montclair St,indoor,40.420892,-79.930419,328.2,,RICOH THETA Z1,2024:03:24 10:47:18,2024-03-24T14:46:14Z,
pano2pano,20240324/776 Montclair St/indoor/1046_Living/R0012059.JPG,20240324,776 Montclair St,indoor,40.420892,-79.930419,328.2,,RICOH THETA Z1,2024:03:24 10:47:25,2024-03-24T14:46:14Z,
pano2pano,20240324/776 Montclair St/indoor/1046_Living/R0012064.JPG,20240324,776 Montclair St,indoor,40.420892,-79.930419,328.2,,RICOH THETA Z1,2024:03:24 10:47:56,2024-03-24T14:46:14Z,
pano2pano,20240324/776 Montclair St/indoor/1046_Living/R0012065.JPG,20240324,776 Montclair St,indoor,40.420892,-79.930419,328.2,,RICOH THETA Z1,2024:03:24 10:48:02,2024-03-24T14:46:14Z,
pano2pano,20240324/776 Montclair St/indoor/1046_Living/R0012057.JPG,20240324,776 Montclair St,indoor,40.420892,-79.930419,328.2,,RICOH THETA Z1,2024:03:24 10:47:11,2024-03-24T14:46:14Z,
pano2pano,20240324/776 Montclair St/indoor/1046_Living/R0012061.JPG,20240324,776 Montclair St,indoor,40.420892,-79.930419,328.2,,RICOH THETA Z1,2024:03:24 10:47:38,2024-03-24T14:46:14Z,
pano2pano,20240324/776 Montclair St/indoor/1046_Living/R0012060.JPG,20240324,776 Montclair St,indoor,40.420892,-79.930419,328.2,,RICOH THETA Z1,2024:03:24 10:47:31,2024-03-24T14:46:14Z,
pano2pano,20240324/776 Montclair St/indoor/1046_Living/R0012062.JPG,20240324,776 Montclair St,indoor,40.420892,-79.930419,328.2,,RICOH THETA Z1,2024:03:24 10:47:44,2024-03-24T14:46:14Z,
pano2pano,20240324/776 Montclair St/indoor/1046_Living/R0012063.JPG,20240324,776 Montclair St,indoor,40.420892,-79.930419,328.2,,RICOH THETA Z1,2024:03:24 10:47:50,2024-03-24T14:46:14Z,
pano2pano,20240324/776 Montclair St/indoor/1044_Living/R0012049.JPG,20240324,776 Montclair St,indoor,40.420883,-79.930453,331.8,,RICOH THETA Z1,2024:03:24 10:44:50,2024-03-24T14:42:26Z,
pano2pano,20240324/776 Montclair St/indoor/1044_Living/R0012055.JPG,20240324,776 Montclair St,indoor,40.420883,-79.930453,331.8,,RICOH THETA Z1,2024:03:24 10:45:29,2024-03-24T14:42:26Z,
pano2pano,20240324/776 Montclair St/indoor/1044_Living/R0012054.JPG,20240324,776 Montclair St,indoor,40.420883,-79.930453,331.8,,RICOH THETA Z1,2024:03:24 10:45:23,2024-03-24T14:42:26Z,
pano2pano,20240324/776 Montclair St/indoor/1044_Living/R0012048.JPG,20240324,776 Montclair St,indoor,40.420883,-79.930453,331.8,,RICOH THETA Z1,2024:03:24 10:44:42,2024-03-24T14:42:26Z,
pano2pano,20240324/776 Montclair St/indoor/1044_Living/R0012056.JPG,20240324,776 Montclair St,indoor,40.420883,-79.930453,331.8,,RICOH THETA Z1,2024:03:24 10:45:35,2024-03-24T14:42:26Z,
pano2pano,20240324/776 Montclair St/indoor/1044_Living/R0012053.JPG,20240324,776 Montclair St,indoor,40.420883,-79.930453,331.8,,RICOH THETA Z1,2024:03:24 10:45:16,2024-03-24T14:42:26Z,
pano2pano,20240324/776 Montclair St/indoor/1044_Living/R0012052.JPG,20240324,776 Montclair St,indoor,40.420883,-79.930453,331.8,,RICOH THETA Z1,2024:03:24 10:45:10,2024-03-24T14:42:26Z,
pano2pano,20240324/776 Montclair St/indoor/1044_Living/R0012050.JPG,20240324,776 Montclair St,indoor,40.420883,-79.930453,331.8,,RICOH THETA Z1,2024:03:24 10:44:57,2024-03-24T14:42:26Z,
pano2pano,20240324/776 Montclair St/indoor/1044_Living/R0012051.JPG,20240324,776 Montclair St,indoor,40.420883,-79.930453,331.8,,RICOH THETA Z1,2024:03:24 10:45:03,2024-03-24T14:42:26Z,
pano2pano,20240324/776 Montclair St/indoor/1049_Living/R0012071.JPG,20240324,776 Montclair St,indoor,40.420814,-79.930425,331.8,,RICOH THETA Z1,2024:03:24 10:50:17,2024-03-24T14:48:07Z,
pano2pano,20240324/776 Montclair St/indoor/1049_Living/R0012070.JPG,20240324,776 Montclair St,indoor,40.420814,-79.930425,331.8,,RICOH THETA Z1,2024:03:24 10:50:11,2024-03-24T14:48:07Z,
pano2pano,20240324/776 Montclair St/indoor/1049_Living/R0012067.JPG,20240324,776 Montclair St,indoor,40.420814,-79.930425,331.8,,RICOH THETA Z1,2024:03:24 10:49:51,2024-03-24T14:48:07Z,
pano2pano,20240324/776 Montclair St/indoor/1049_Living/R0012072.JPG,20240324,776 Montclair St,indoor,40.420814,-79.930425,331.8,,RICOH THETA Z1,2024:03:24 10:50:24,2024-03-24T14:48:07Z,
pano2pano,20240324/776 Montclair St/indoor/1049_Living/R0012066.JPG,20240324,776 Montclair St,indoor,40.420814,-79.930425,331.8,,RICOH THETA Z1,2024:03:24 10:49:43,2024-03-24T14:48:07Z,
pano2pano,20240324/776 Montclair St/indoor/1049_Living/R0012073.JPG,20240324,776 Montclair St,indoor,40.420814,-79.930425,331.8,,RICOH THETA Z1,2024:03:24 10:50:30,2024-03-24T14:48:07Z,
pano2pano,20240324/776 Montclair St/indoor/1049_Living/R0012074.JPG,20240324,776 Montclair St,indoor,40.420814,-79.930425,331.8,,RICOH THETA Z1,2024:03:24 10:50:36,2024-03-24T14:48:07Z,
pano2pano,20240324/776 Montclair St/indoor/1049_Living/R0012068.JPG,20240324,776 Montclair St,indoor,40.420814,-79.930425,331.8,,RICOH THETA Z1,2024:03:24 10:49:58,2024-03-24T14:48:07Z,
pano2pano,20240324/776 Montclair St/indoor/1049_Living/R0012069.JPG,20240324,776 Montclair St,indoor,40.420814,-79.930425,331.8,,RICOH THETA Z1,2024:03:24 10:50:04,2024-03-24T14:48:07Z,
pano2pano,20240331/6236 5th ave/indoor/1250_kitchen+lit/R0012862.JPG,20240331,6236 5th ave,indoor,40.452267,-79.921456,307.4,68.9,RICOH THETA Z1,2024:03:31 12:51:11,2024-03-31T16:50:34Z,
pano2pano,20240331/6236 5th ave/indoor/1250_kitchen+lit/R0012863.JPG,20240331,6236 5th ave,indoor,40.452267,-79.921456,307.4,66.8,RICOH THETA Z1,2024:03:31 12:51:18,2024-03-31T16:50:34Z,
pano2pano,20240331/6236 5th ave/indoor/1250_kitchen+lit/R0012861.JPG,20240331,6236 5th ave,indoor,40.452267,-79.921456,307.4,67.0,RICOH THETA Z1,2024:03:31 12:51:05,2024-03-31T16:50:34Z,
pano2pano,20240331/6236 5th ave/indoor/1250_kitchen+lit/R0012860.JPG,20240331,6236 5th ave,indoor,40.452267,-79.921456,307.4,78.6,RICOH THETA Z1,2024:03:31 12:50:59,2024-03-31T16:50:34Z,
pano2pano,20240331/6236 5th ave/indoor/1250_kitchen+lit/R0012864.JPG,20240331,6236 5th ave,indoor,40.452267,-79.921456,307.4,75.2,RICOH THETA Z1,2024:03:31 12:51:24,2024-03-31T16:50:34Z,
pano2pano,20240331/6236 5th ave/indoor/1250_kitchen+lit/R0012865.JPG,20240331,6236 5th ave,indoor,40.452267,-79.921456,307.4,61.6,RICOH THETA Z1,2024:03:31 12:51:30,2024-03-31T16:50:34Z,
pano2pano,20240331/6236 5th ave/indoor/1250_kitchen+lit/R0012858.JPG,20240331,6236 5th ave,indoor,40.452267,-79.921456,307.4,73.0,RICOH THETA Z1,2024:03:31 12:50:45,2024-03-31T16:50:34Z,
pano2pano,20240331/6236 5th ave/indoor/1250_kitchen+lit/R0012866.JPG,20240331,6236 5th ave,indoor,40.452267,-79.921456,307.4,72.0,RICOH THETA Z1,2024:03:31 12:51:36,2024-03-31T16:50:34Z,
pano2pano,20240331/6236 5th ave/indoor/1250_kitchen+lit/R0012859.JPG,20240331,6236 5th ave,indoor,40.452267,-79.921456,307.4,76.9,RICOH THETA Z1,2024:03:31 12:50:52,2024-03-31T16:50:34Z,
pano2pano,20240324/6311 Darlington Rd/Indoor/1213_2F_SE/R0012216.JPG,20240324,6311 Darlington Rd,indoor,40.437286,-79.918903,353.9,,RICOH THETA Z1,2024:03:24 12:14:52,2024-03-24T16:13:05Z,
pano2pano,20240324/6311 Darlington Rd/Indoor/1213_2F_SE/R0012217.JPG,20240324,6311 Darlington Rd,indoor,40.437286,-79.918903,353.9,,RICOH THETA Z1,2024:03:24 12:14:58,2024-03-24T16:13:05Z,
pano2pano,20240324/6311 Darlington Rd/Indoor/1213_2F_SE/R0012215.JPG,20240324,6311 Darlington Rd,indoor,40.437286,-79.918903,353.9,,RICOH THETA Z1,2024:03:24 12:14:46,2024-03-24T16:13:05Z,
pano2pano,20240324/6311 Darlington Rd/Indoor/1213_2F_SE/R0012214.JPG,20240324,6311 Darlington Rd,indoor,40.437286,-79.918903,353.9,,RICOH THETA Z1,2024:03:24 12:14:39,2024-03-24T16:13:05Z,
pano2pano,20240324/6311 Darlington Rd/Indoor/1213_2F_SE/R0012210.JPG,20240324,6311 Darlington Rd,indoor,40.437286,-79.918903,353.9,,RICOH THETA Z1,2024:03:24 12:14:12,2024-03-24T16:13:05Z,
pano2pano,20240324/6311 Darlington Rd/Indoor/1213_2F_SE/R0012211.JPG,20240324,6311 Darlington Rd,indoor,40.437286,-79.918903,353.9,,RICOH THETA Z1,2024:03:24 12:14:19,2024-03-24T16:13:05Z,
pano2pano,20240324/6311 Darlington Rd/Indoor/1213_2F_SE/R0012218.JPG,20240324,6311 Darlington Rd,indoor,40.437286,-79.918903,353.9,,RICOH THETA Z1,2024:03:24 12:15:04,2024-03-24T16:13:05Z,
pano2pano,20240324/6311 Darlington Rd/Indoor/1213_2F_SE/R0012213.JPG,20240324,6311 Darlington Rd,indoor,40.437286,-79.918903,353.9,,RICOH THETA Z1,2024:03:24 12:14:33,2024-03-24T16:13:05Z,
pano2pano,20240324/6311 Darlington Rd/Indoor/1213_2F_SE/R0012212.JPG,20240324,6311 Darlington Rd,indoor,40.437286,-79.918903,353.9,,RICOH THETA Z1,2024:03:24 12:14:26,2024-03-24T16:13:05Z,
pano2pano,20240324/6311 Darlington Rd/Indoor/1200_2F_SW/R0012169.JPG,20240324,6311 Darlington Rd,indoor,40.437364,-79.918592,347.9,,RICOH THETA Z1,2024:03:24 12:00:53,2024-03-24T15:58:54Z,
pano2pano,20240324/6311 Darlington Rd/Indoor/1200_2F_SW/R0012168.JPG,20240324,6311 Darlington Rd,indoor,40.437364,-79.918592,347.9,,RICOH THETA Z1,2024:03:24 12:00:47,2024-03-24T15:58:54Z,
pano2pano,20240324/6311 Darlington Rd/Indoor/1200_2F_SW/R0012166.JPG,20240324,6311 Darlington Rd,indoor,40.437364,-79.918592,347.9,,RICOH THETA Z1,2024:03:24 12:00:34,2024-03-24T15:58:54Z,
pano2pano,20240324/6311 Darlington Rd/Indoor/1200_2F_SW/R0012173.JPG,20240324,6311 Darlington Rd,indoor,40.437364,-79.918592,347.9,,RICOH THETA Z1,2024:03:24 12:01:18,2024-03-24T15:58:54Z,
pano2pano,20240324/6311 Darlington Rd/Indoor/1200_2F_SW/R0012167.JPG,20240324,6311 Darlington Rd,indoor,40.437364,-79.918592,347.9,,RICOH THETA Z1,2024:03:24 12:00:40,2024-03-24T15:58:54Z,
pano2pano,20240324/6311 Darlington Rd/Indoor/1200_2F_SW/R0012172.JPG,20240324,6311 Darlington Rd,indoor,40.437364,-79.918592,347.9,,RICOH THETA Z1,2024:03:24 12:01:13,2024-03-24T15:58:54Z,
pano2pano,20240324/6311 Darlington Rd/Indoor/1200_2F_SW/R0012170.JPG,20240324,6311 Darlington Rd,indoor,40.437364,-79.918592,347.9,,RICOH THETA Z1,2024:03:24 12:01:00,2024-03-24T15:58:54Z,
pano2pano,20240324/6311 Darlington Rd/Indoor/1200_2F_SW/R0012165.JPG,20240324,6311 Darlington Rd,indoor,40.437364,-79.918592,347.9,,RICOH THETA Z1,2024:03:24 12:00:26,2024-03-24T15:58:54Z,
pano2pano,20240324/6311 Darlington Rd/Indoor/1200_2F_SW/R0012171.JPG,20240324,6311 Darlington Rd,indoor,40.437364,-79.918592,347.9,,RICOH THETA Z1,2024:03:24 12:01:06,2024-03-24T15:58:54Z,
pano2pano,20240324/6311 Darlington Rd/Indoor/1209_2F_SE/R0012196.JPG,20240324,6311 Darlington Rd,indoor,40.437336,-79.918625,353.9,,RICOH THETA Z1,2024:03:24 12:10:15,2024-03-24T16:07:54Z,
pano2pano,20240324/6311 Darlington Rd/Indoor/1209_2F_SE/R0012197.JPG,20240324,6311 Darlington Rd,indoor,40.437336,-79.918625,353.9,,RICOH THETA Z1,2024:03:24 12:10:21,2024-03-24T16:07:54Z,
pano2pano,20240324/6311 Darlington Rd/Indoor/1209_2F_SE/R0012195.JPG,20240324,6311 Darlington Rd,indoor,40.437336,-79.918625,353.9,,RICOH THETA Z1,2024:03:24 12:10:08,2024-03-24T16:07:54Z,
pano2pano,20240324/6311 Darlington Rd/Indoor/1209_2F_SE/R0012194.JPG,20240324,6311 Darlington Rd,indoor,40.437336,-79.918625,353.9,,RICOH THETA Z1,2024:03:24 12:10:01,2024-03-24T16:07:54Z,
pano2pano,20240324/6311 Darlington Rd/Indoor/1209_2F_SE/R0012200.JPG,20240324,6311 Darlington Rd,indoor,40.437336,-79.918625,353.9,,RICOH THETA Z1,2024:03:24 12:10:40,2024-03-24T16:07:54Z,
pano2pano,20240324/6311 Darlington Rd/Indoor/1209_2F_SE/R0012199.JPG,20240324,6311 Darlington Rd,indoor,40.437336,-79.918625,353.9,,RICOH THETA Z1,2024:03:24 12:10:34,2024-03-24T16:07:54Z,
pano2pano,20240324/6311 Darlington Rd/Indoor/1209_2F_SE/R0012198.JPG,20240324,6311 Darlington Rd,indoor,40.437336,-79.918625,353.9,,RICOH THETA Z1,2024:03:24 12:10:27,2024-03-24T16:07:54Z,
pano2pano,20240324/6311 Darlington Rd/Indoor/1209_2F_SE/R0012193.JPG,20240324,6311 Darlington Rd,indoor,40.437336,-79.918625,353.9,,RICOH THETA Z1,2024:03:24 12:09:54,2024-03-24T16:07:54Z,
pano2pano,20240324/6311 Darlington Rd/Indoor/1209_2F_SE/R0012192.JPG,20240324,6311 Darlington Rd,indoor,40.437336,-79.918625,353.9,,RICOH THETA Z1,2024:03:24 12:09:47,2024-03-24T16:07:54Z,
pano2pano,20240324/6311 Darlington Rd/Indoor/1211_2F_SE/R0012206.JPG,20240324,6311 Darlington Rd,indoor,40.437131,-79.918536,348.4,,RICOH THETA Z1,2024:03:24 12:12:39,2024-03-24T16:10:50Z,
pano2pano,20240324/6311 Darlington Rd/Indoor/1211_2F_SE/R0012207.JPG,20240324,6311 Darlington Rd,indoor,40.437131,-79.918536,348.4,,RICOH THETA Z1,2024:03:24 12:12:46,2024-03-24T16:10:50Z,
pano2pano,20240324/6311 Darlington Rd/Indoor/1211_2F_SE/R0012205.JPG,20240324,6311 Darlington Rd,indoor,40.437131,-79.918536,348.4,,RICOH THETA Z1,2024:03:24 12:12:33,2024-03-24T16:10:50Z,
pano2pano,20240324/6311 Darlington Rd/Indoor/1211_2F_SE/R0012204.JPG,20240324,6311 Darlington Rd,indoor,40.437131,-79.918536,348.4,,RICOH THETA Z1,2024:03:24 12:12:26,2024-03-24T16:10:50Z,
pano2pano,20240324/6311 Darlington Rd/Indoor/1211_2F_SE/R0012209.JPG,20240324,6311 Darlington Rd,indoor,40.437131,-79.918536,348.4,,RICOH THETA Z1,2024:03:24 12:12:58,2024-03-24T16:10:50Z,
pano2pano,20240324/6311 Darlington Rd/Indoor/1211_2F_SE/R0012201.JPG,20240324,6311 Darlington Rd,indoor,40.437131,-79.918536,348.4,,RICOH THETA Z1,2024:03:24 12:12:05,2024-03-24T16:10:50Z,
pano2pano,20240324/6311 Darlington Rd/Indoor/1211_2F_SE/R0012208.JPG,20240324,6311 Darlington Rd,indoor,40.437131,-79.918536,348.4,,RICOH THETA Z1,2024:03:24 12:12:52,2024-03-24T16:10:50Z,
pano2pano,20240324/6311 Darlington Rd/Indoor/1211_2F_SE/R0012203.JPG,20240324,6311 Darlington Rd,indoor,40.437131,-79.918536,348.4,,RICOH THETA Z1,2024:03:24 12:12:20,2024-03-24T16:10:50Z,
pano2pano,20240324/6311 Darlington Rd/Indoor/1211_2F_SE/R0012202.JPG,20240324,6311 Darlington Rd,indoor,40.437131,-79.918536,348.4,,RICOH THETA Z1,2024:03:24 12:12:13,2024-03-24T16:10:50Z,
pano2pano,20240324/6311 Darlington Rd/Indoor/1202_2F_SW/R0012179.JPG,20240324,6311 Darlington Rd,indoor,40.437142,-79.918975,347.4,,RICOH THETA Z1,2024:03:24 12:03:17,2024-03-24T16:02:32Z,
pano2pano,20240324/6311 Darlington Rd/Indoor/1202_2F_SW/R0012178.JPG,20240324,6311 Darlington Rd,indoor,40.437142,-79.918975,347.4,,RICOH THETA Z1,2024:03:24 12:03:10,2024-03-24T16:02:32Z,
pano2pano,20240324/6311 Darlington Rd/Indoor/1202_2F_SW/R0012182.JPG,20240324,6311 Darlington Rd,indoor,40.437142,-79.918975,347.4,,RICOH THETA Z1,2024:03:24 12:03:35,2024-03-24T16:02:32Z,
pano2pano,20240324/6311 Darlington Rd/Indoor/1202_2F_SW/R0012176.JPG,20240324,6311 Darlington Rd,indoor,40.437142,-79.918975,347.4,,RICOH THETA Z1,2024:03:24 12:02:57,2024-03-24T16:02:32Z,
pano2pano,20240324/6311 Darlington Rd/Indoor/1202_2F_SW/R0012177.JPG,20240324,6311 Darlington Rd,indoor,40.437142,-79.918975,347.4,,RICOH THETA Z1,2024:03:24 12:03:04,2024-03-24T16:02:32Z,
pano2pano,20240324/6311 Darlington Rd/Indoor/1202_2F_SW/R0012175.JPG,20240324,6311 Darlington Rd,indoor,40.437142,-79.918975,347.4,,RICOH THETA Z1,2024:03:24 12:02:51,2024-03-24T16:02:32Z,
pano2pano,20240324/6311 Darlington Rd/Indoor/1202_2F_SW/R0012181.JPG,20240324,6311 Darlington Rd,indoor,40.437142,-79.918975,347.4,,RICOH THETA Z1,2024:03:24 12:03:29,2024-03-24T16:02:32Z,
pano2pano,20240324/6311 Darlington Rd/Indoor/1202_2F_SW/R0012180.JPG,20240324,6311 Darlington Rd,indoor,40.437142,-79.918975,347.4,,RICOH THETA Z1,2024:03:24 12:03:23,2024-03-24T16:02:32Z,
pano2pano,20240324/6311 Darlington Rd/Indoor/1202_2F_SW/R0012174.JPG,20240324,6311 Darlington Rd,indoor,40.437142,-79.918975,347.4,,RICOH THETA Z1,2024:03:24 12:02:43,2024-03-24T16:02:32Z,
pano2pano,20240324/6311 Darlington Rd/Indoor/1157_2F_SW/R0012163.JPG,20240324,6311 Darlington Rd,indoor,40.437328,-79.918642,348.5,,RICOH THETA Z1,2024:03:24 11:58:37,2024-03-24T15:57:39Z,
pano2pano,20240324/6311 Darlington Rd/Indoor/1157_2F_SW/R0012162.JPG,20240324,6311 Darlington Rd,indoor,40.437328,-79.918642,348.5,,RICOH THETA Z1,2024:03:24 11:58:30,2024-03-24T15:57:39Z,
pano2pano,20240324/6311 Darlington Rd/Indoor/1157_2F_SW/R0012160.JPG,20240324,6311 Darlington Rd,indoor,40.437328,-79.918642,348.5,,RICOH THETA Z1,2024:03:24 11:58:17,2024-03-24T15:57:39Z,
pano2pano,20240324/6311 Darlington Rd/Indoor/1157_2F_SW/R0012156.JPG,20240324,6311 Darlington Rd,indoor,40.437328,-79.918642,348.5,,RICOH THETA Z1,2024:03:24 11:57:50,2024-03-24T15:57:39Z,
pano2pano,20240324/6311 Darlington Rd/Indoor/1157_2F_SW/R0012157.JPG,20240324,6311 Darlington Rd,indoor,40.437328,-79.918642,348.5,,RICOH THETA Z1,2024:03:24 11:57:57,2024-03-24T15:57:39Z,
pano2pano,20240324/6311 Darlington Rd/Indoor/1157_2F_SW/R0012161.JPG,20240324,6311 Darlington Rd,indoor,40.437328,-79.918642,348.5,,RICOH THETA Z1,2024:03:24 11:58:23,2024-03-24T15:57:39Z,
pano2pano,20240324/6311 Darlington Rd/Indoor/1157_2F_SW/R0012164.JPG,20240324,6311 Darlington Rd,indoor,40.437328,-79.918642,348.5,,RICOH THETA Z1,2024:03:24 11:58:42,2024-03-24T15:57:39Z,
pano2pano,20240324/6311 Darlington Rd/Indoor/1157_2F_SW/R0012159.JPG,20240324,6311 Darlington Rd,indoor,40.437328,-79.918642,348.5,,RICOH THETA Z1,2024:03:24 11:58:11,2024-03-24T15:57:39Z,
pano2pano,20240324/6311 Darlington Rd/Indoor/1157_2F_SW/R0012158.JPG,20240324,6311 Darlington Rd,indoor,40.437328,-79.918642,348.5,,RICOH THETA Z1,2024:03:24 11:58:04,2024-03-24T15:57:39Z,
pano2pano,20240324/776 Montclair St/outdoor/1041_Living/R0012044.JPG,20240324,776 Montclair St,outdoor,40.420878,-79.930433,328.1,,RICOH THETA Z1,2024:03:24 10:42:03,2024-03-24T14:40:44Z,
pano2pano,20240324/776 Montclair St/outdoor/1041_Living/R0012045.JPG,20240324,776 Montclair St,outdoor,40.420878,-79.930433,328.1,,RICOH THETA Z1,2024:03:24 10:42:09,2024-03-24T14:40:44Z,
pano2pano,20240324/776 Montclair St/outdoor/1041_Living/R0012047.JPG,20240324,776 Montclair St,outdoor,40.420878,-79.930433,328.1,,RICOH THETA Z1,2024:03:24 10:42:21,2024-03-24T14:40:44Z,
pano2pano,20240324/776 Montclair St/outdoor/1041_Living/R0012046.JPG,20240324,776 Montclair St,outdoor,40.420878,-79.930433,328.1,,RICOH THETA Z1,2024:03:24 10:42:15,2024-03-24T14:40:44Z,
pano2pano,20240324/776 Montclair St/outdoor/1041_Living/R0012042.JPG,20240324,776 Montclair St,outdoor,40.420878,-79.930433,328.1,,RICOH THETA Z1,2024:03:24 10:41:50,2024-03-24T14:40:44Z,
pano2pano,20240324/776 Montclair St/outdoor/1041_Living/R0012043.JPG,20240324,776 Montclair St,outdoor,40.420878,-79.930433,328.1,,RICOH THETA Z1,2024:03:24 10:41:57,2024-03-24T14:40:44Z,
pano2pano,20240324/776 Montclair St/outdoor/1041_Living/R0012041.JPG,20240324,776 Montclair St,outdoor,40.420878,-79.930433,328.1,,RICOH THETA Z1,2024:03:24 10:41:44,2024-03-24T14:40:44Z,
pano2pano,20240324/776 Montclair St/outdoor/1041_Living/R0012040.JPG,20240324,776 Montclair St,outdoor,40.420878,-79.930433,328.1,,RICOH THETA Z1,2024:03:24 10:41:37,2024-03-24T14:40:44Z,
pano2pano,20240324/776 Montclair St/outdoor/1041_Living/R0012039.JPG,20240324,776 Montclair St,outdoor,40.420878,-79.930433,328.1,,RICOH THETA Z1,2024:03:24 10:41:30,2024-03-24T14:40:44Z,
pano2pano,20240324/776 Montclair St/indoor/1109_Bedroom/R0012117.JPG,20240324,776 Montclair St,indoor,40.420942,-79.930358,332.2,,RICOH THETA Z1,2024:03:24 11:10:26,2024-03-24T15:04:14Z,
pano2pano,20240324/776 Montclair St/indoor/1109_Bedroom/R0012116.JPG,20240324,776 Montclair St,indoor,40.420942,-79.930358,332.2,,RICOH THETA Z1,2024:03:24 11:10:20,2024-03-24T15:04:14Z,
pano2pano,20240324/776 Montclair St/indoor/1109_Bedroom/R0012114.JPG,20240324,776 Montclair St,indoor,40.420942,-79.930358,332.2,,RICOH THETA Z1,2024:03:24 11:10:07,2024-03-24T15:04:14Z,
pano2pano,20240324/776 Montclair St/indoor/1109_Bedroom/R0012115.JPG,20240324,776 Montclair St,indoor,40.420942,-79.930358,332.2,,RICOH THETA Z1,2024:03:24 11:10:14,2024-03-24T15:04:14Z,
pano2pano,20240324/776 Montclair St/indoor/1109_Bedroom/R0012111.JPG,20240324,776 Montclair St,indoor,40.420942,-79.930358,332.2,,RICOH THETA Z1,2024:03:24 11:09:46,2024-03-24T15:04:14Z,
pano2pano,20240324/776 Montclair St/indoor/1109_Bedroom/R0012118.JPG,20240324,776 Montclair St,indoor,40.420942,-79.930358,332.2,,RICOH THETA Z1,2024:03:24 11:10:32,2024-03-24T15:04:14Z,
pano2pano,20240324/776 Montclair St/indoor/1109_Bedroom/R0012119.JPG,20240324,776 Montclair St,indoor,40.420942,-79.930358,332.2,,RICOH THETA Z1,2024:03:24 11:10:38,2024-03-24T15:04:14Z,
pano2pano,20240324/776 Montclair St/indoor/1109_Bedroom/R0012112.JPG,20240324,776 Montclair St,indoor,40.420942,-79.930358,332.2,,RICOH THETA Z1,2024:03:24 11:09:54,2024-03-24T15:04:14Z,
pano2pano,20240324/776 Montclair St/indoor/1109_Bedroom/R0012113.JPG,20240324,776 Montclair St,indoor,40.420942,-79.930358,332.2,,RICOH THETA Z1,2024:03:24 11:10:01,2024-03-24T15:04:14Z,
pano2pano,20240324/776 Montclair St/indoor/1114_Bedroom/R0012136.JPG,20240324,776 Montclair St,indoor,40.420922,-79.930517,333.0,,RICOH THETA Z1,2024:03:24 11:15:15,2024-03-24T15:13:03Z,
pano2pano,20240324/776 Montclair St/indoor/1114_Bedroom/R0012137.JPG,20240324,776 Montclair St,indoor,40.420922,-79.930517,333.0,,RICOH THETA Z1,2024:03:24 11:15:21,2024-03-24T15:13:03Z,
pano2pano,20240324/776 Montclair St/indoor/1114_Bedroom/R0012135.JPG,20240324,776 Montclair St,indoor,40.420922,-79.930517,333.0,,RICOH THETA Z1,2024:03:24 11:15:09,2024-03-24T15:13:03Z,
pano2pano,20240324/776 Montclair St/indoor/1114_Bedroom/R0012129.JPG,20240324,776 Montclair St,indoor,40.420922,-79.930517,333.0,,RICOH THETA Z1,2024:03:24 11:14:29,2024-03-24T15:13:03Z,
pano2pano,20240324/776 Montclair St/indoor/1114_Bedroom/R0012134.JPG,20240324,776 Montclair St,indoor,40.420922,-79.930517,333.0,,RICOH THETA Z1,2024:03:24 11:15:03,2024-03-24T15:13:03Z,
pano2pano,20240324/776 Montclair St/indoor/1114_Bedroom/R0012130.JPG,20240324,776 Montclair St,indoor,40.420922,-79.930517,333.0,,RICOH THETA Z1,2024:03:24 11:14:37,2024-03-24T15:13:03Z,
pano2pano,20240324/776 Montclair St/indoor/1114_Bedroom/R0012131.JPG,20240324,776 Montclair St,indoor,40.420922,-79.930517,333.0,,RICOH THETA Z1,2024:03:24 11:14:44,2024-03-24T15:13:03Z,
pano2pano,20240324/776 Montclair St/indoor/1114_Bedroom/R0012133.JPG,20240324,776 Montclair St,indoor,40.420922,-79.930517,333.0,,RICOH THETA Z1,2024:03:24 11:14:57,2024-03-24T15:13:03Z,
pano2pano,20240324/776 Montclair St/indoor/1114_Bedroom/R0012132.JPG,20240324,776 Montclair St,indoor,40.420922,-79.930517,333.0,,RICOH THETA Z1,2024:03:24 11:14:50,2024-03-24T15:13:03Z,
pano2pano,20240324/776 Montclair St/indoor/1111_Bedroom/R0012120.JPG,20240324,776 Montclair St,indoor,40.420947,-79.930575,333.0,,RICOH THETA Z1,2024:03:24 11:12:07,2024-03-24T15:10:44Z,
pano2pano,20240324/776 Montclair St/indoor/1111_Bedroom/R0012121.JPG,20240324,776 Montclair St,indoor,40.420947,-79.930575,333.0,,RICOH THETA Z1,2024:03:24 11:12:14,2024-03-24T15:10:44Z,
pano2pano,20240324/776 Montclair St/indoor/1111_Bedroom/R0012128.JPG,20240324,776 Montclair St,indoor,40.420947,-79.930575,333.0,,RICOH THETA Z1,2024:03:24 11:12:57,2024-03-24T15:10:44Z,
pano2pano,20240324/776 Montclair St/indoor/1111_Bedroom/R0012123.JPG,20240324,776 Montclair St,indoor,40.420947,-79.930575,333.0,,RICOH THETA Z1,2024:03:24 11:12:28,2024-03-24T15:10:44Z,
pano2pano,20240324/776 Montclair St/indoor/1111_Bedroom/R0012122.JPG,20240324,776 Montclair St,indoor,40.420947,-79.930575,333.0,,RICOH THETA Z1,2024:03:24 11:12:21,2024-03-24T15:10:44Z,
pano2pano,20240324/776 Montclair St/indoor/1111_Bedroom/R0012126.JPG,20240324,776 Montclair St,indoor,40.420947,-79.930575,333.0,,RICOH THETA Z1,2024:03:24 11:12:46,2024-03-24T15:10:44Z,
pano2pano,20240324/776 Montclair St/indoor/1111_Bedroom/R0012127.JPG,20240324,776 Montclair St,indoor,40.420947,-79.930575,333.0,,RICOH THETA Z1,2024:03:24 11:12:52,2024-03-24T15:10:44Z,
pano2pano,20240324/776 Montclair St/indoor/1111_Bedroom/R0012125.JPG,20240324,776 Montclair St,indoor,40.420947,-79.930575,333.0,,RICOH THETA Z1,2024:03:24 11:12:40,2024-03-24T15:10:44Z,
pano2pano,20240324/776 Montclair St/indoor/1111_Bedroom/R0012124.JPG,20240324,776 Montclair St,indoor,40.420947,-79.930575,333.0,,RICOH THETA Z1,2024:03:24 11:12:34,2024-03-24T15:10:44Z,
pano2pano,20240324/776 Montclair St/indoor/1031_Kitchen/R0012019.JPG,20240324,776 Montclair St,indoor,40.420978,-79.930319,331.8,,RICOH THETA Z1,2024:03:24 10:32:01,2024-03-24T14:30:57Z,
pano2pano,20240324/776 Montclair St/indoor/1031_Kitchen/R0012018.JPG,20240324,776 Montclair St,indoor,40.420978,-79.930319,331.8,,RICOH THETA Z1,2024:03:24 10:31:56,2024-03-24T14:30:57Z,
pano2pano,20240324/776 Montclair St/indoor/1031_Kitchen/R0012011.JPG,20240324,776 Montclair St,indoor,40.420978,-79.930319,331.8,,RICOH THETA Z1,2024:03:24 10:31:10,2024-03-24T14:30:57Z,
pano2pano,20240324/776 Montclair St/indoor/1031_Kitchen/R0012013.JPG,20240324,776 Montclair St,indoor,40.420978,-79.930319,331.8,,RICOH THETA Z1,2024:03:24 10:31:24,2024-03-24T14:30:57Z,
pano2pano,20240324/776 Montclair St/indoor/1031_Kitchen/R0012012.JPG,20240324,776 Montclair St,indoor,40.420978,-79.930319,331.8,,RICOH THETA Z1,2024:03:24 10:31:17,2024-03-24T14:30:57Z,
pano2pano,20240324/776 Montclair St/indoor/1031_Kitchen/R0012016.JPG,20240324,776 Montclair St,indoor,40.420978,-79.930319,331.8,,RICOH THETA Z1,2024:03:24 10:31:43,2024-03-24T14:30:57Z,
pano2pano,20240324/776 Montclair St/indoor/1031_Kitchen/R0012017.JPG,20240324,776 Montclair St,indoor,40.420978,-79.930319,331.8,,RICOH THETA Z1,2024:03:24 10:31:50,2024-03-24T14:30:57Z,
pano2pano,20240324/776 Montclair St/indoor/1031_Kitchen/R0012015.JPG,20240324,776 Montclair St,indoor,40.420978,-79.930319,331.8,,RICOH THETA Z1,2024:03:24 10:31:37,2024-03-24T14:30:57Z,
pano2pano,20240324/776 Montclair St/indoor/1031_Kitchen/R0012014.JPG,20240324,776 Montclair St,indoor,40.420978,-79.930319,331.8,,RICOH THETA Z1,2024:03:24 10:31:31,2024-03-24T14:30:57Z,
pano2pano,20240324/776 Montclair St/indoor/1033_Kitchen/R0012027.JPG,20240324,776 Montclair St,indoor,40.420881,-79.930439,329.5,,RICOH THETA Z1,2024:03:24 10:34:26,2024-03-24T14:32:20Z,
pano2pano,20240324/776 Montclair St/indoor/1033_Kitchen/R0012026.JPG,20240324,776 Montclair St,indoor,40.420881,-79.930439,329.5,,RICOH THETA Z1,2024:03:24 10:34:21,2024-03-24T14:32:20Z,
pano2pano,20240324/776 Montclair St/indoor/1033_Kitchen/R0012024.JPG,20240324,776 Montclair St,indoor,40.420881,-79.930439,329.5,,RICOH THETA Z1,2024:03:24 10:34:08,2024-03-24T14:32:20Z,
pano2pano,20240324/776 Montclair St/indoor/1033_Kitchen/R0012025.JPG,20240324,776 Montclair St,indoor,40.420881,-79.930439,329.5,,RICOH THETA Z1,2024:03:24 10:34:14,2024-03-24T14:32:20Z,
pano2pano,20240324/776 Montclair St/indoor/1033_Kitchen/R0012021.JPG,20240324,776 Montclair St,indoor,40.420881,-79.930439,329.5,,RICOH THETA Z1,2024:03:24 10:33:49,2024-03-24T14:32:20Z,
pano2pano,20240324/776 Montclair St/indoor/1033_Kitchen/R0012028.JPG,20240324,776 Montclair St,indoor,40.420881,-79.930439,329.5,,RICOH THETA Z1,2024:03:24 10:34:32,2024-03-24T14:32:20Z,
pano2pano,20240324/776 Montclair St/indoor/1033_Kitchen/R0012020.JPG,20240324,776 Montclair St,indoor,40.420881,-79.930439,329.5,,RICOH THETA Z1,2024:03:24 10:33:40,2024-03-24T14:32:20Z,
pano2pano,20240324/776 Montclair St/indoor/1033_Kitchen/R0012022.JPG,20240324,776 Montclair St,indoor,40.420881,-79.930439,329.5,,RICOH THETA Z1,2024:03:24 10:33:56,2024-03-24T14:32:20Z,
pano2pano,20240324/776 Montclair St/indoor/1033_Kitchen/R0012023.JPG,20240324,776 Montclair St,indoor,40.420881,-79.930439,329.5,,RICOH THETA Z1,2024:03:24 10:34:02,2024-03-24T14:32:20Z,
pano2pano,20240324/776 Montclair St/indoor/1036_Kitchen/R0012031.JPG,20240324,776 Montclair St,indoor,40.420875,-79.930367,323.1,,RICOH THETA Z1,2024:03:24 10:37:20,2024-03-24T14:36:56Z,
pano2pano,20240324/776 Montclair St/indoor/1036_Kitchen/R0012030.JPG,20240324,776 Montclair St,indoor,40.420875,-79.930367,323.1,,RICOH THETA Z1,2024:03:24 10:37:13,2024-03-24T14:36:56Z,
pano2pano,20240324/776 Montclair St/indoor/1036_Kitchen/R0012032.JPG,20240324,776 Montclair St,indoor,40.420875,-79.930367,323.1,,RICOH THETA Z1,2024:03:24 10:37:26,2024-03-24T14:36:56Z,
pano2pano,20240324/776 Montclair St/indoor/1036_Kitchen/R0012033.JPG,20240324,776 Montclair St,indoor,40.420875,-79.930367,323.1,,RICOH THETA Z1,2024:03:24 10:37:33,2024-03-24T14:36:56Z,
pano2pano,20240324/776 Montclair St/indoor/1036_Kitchen/R0012037.JPG,20240324,776 Montclair St,indoor,40.420875,-79.930367,323.1,,RICOH THETA Z1,2024:03:24 10:37:57,2024-03-24T14:36:56Z,
pano2pano,20240324/776 Montclair St/indoor/1036_Kitchen/R0012036.JPG,20240324,776 Montclair St,indoor,40.420875,-79.930367,323.1,,RICOH THETA Z1,2024:03:24 10:37:51,2024-03-24T14:36:56Z,
pano2pano,20240324/776 Montclair St/indoor/1036_Kitchen/R0012034.JPG,20240324,776 Montclair St,indoor,40.420875,-79.930367,323.1,,RICOH THETA Z1,2024:03:24 10:37:39,2024-03-24T14:36:56Z,
pano2pano,20240324/776 Montclair St/indoor/1036_Kitchen/R0012035.JPG,20240324,776 Montclair St,indoor,40.420875,-79.930367,323.1,,RICOH THETA Z1,2024:03:24 10:37:45,2024-03-24T14:36:56Z,
pano2pano,20240324/776 Montclair St/indoor/1036_Kitchen/R0012029.JPG,20240324,776 Montclair St,indoor,40.420875,-79.930367,323.1,,RICOH THETA Z1,2024:03:24 10:37:05,2024-03-24T14:36:56Z,
pano2pano,20240326/highland plaza apt/indoor/1245_entry/R0012336.JPG,20240326,highland plaza apt,indoor,40.457083,-79.925069,291.9,90.3,RICOH THETA Z1,2024:03:26 12:46:05,2024-03-26T16:45:54Z,
pano2pano,20240326/highland plaza apt/indoor/1245_entry/R0012337.JPG,20240326,highland plaza apt,indoor,40.457083,-79.925069,291.9,98.1,RICOH THETA Z1,2024:03:26 12:46:13,2024-03-26T16:45:54Z,
pano2pano,20240326/highland plaza apt/indoor/1245_entry/R0012344.JPG,20240326,highland plaza apt,indoor,40.457083,-79.925069,291.9,89.1,RICOH THETA Z1,2024:03:26 12:46:56,2024-03-26T16:45:54Z,
pano2pano,20240326/highland plaza apt/indoor/1245_entry/R0012340.JPG,20240326,highland plaza apt,indoor,40.457083,-79.925069,291.9,92.0,RICOH THETA Z1,2024:03:26 12:46:32,2024-03-26T16:45:54Z,
pano2pano,20240326/highland plaza apt/indoor/1245_entry/R0012339.JPG,20240326,highland plaza apt,indoor,40.457083,-79.925069,291.9,93.9,RICOH THETA Z1,2024:03:26 12:46:26,2024-03-26T16:45:54Z,
pano2pano,20240326/highland plaza apt/indoor/1245_entry/R0012338.JPG,20240326,highland plaza apt,indoor,40.457083,-79.925069,291.9,95.1,RICOH THETA Z1,2024:03:26 12:46:19,2024-03-26T16:45:54Z,
pano2pano,20240326/highland plaza apt/indoor/1245_entry/R0012341.JPG,20240326,highland plaza apt,indoor,40.457083,-79.925069,291.9,92.0,RICOH THETA Z1,2024:03:26 12:46:38,2024-03-26T16:45:54Z,
pano2pano,20240326/highland plaza apt/indoor/1245_entry/R0012343.JPG,20240326,highland plaza apt,indoor,40.457083,-79.925069,291.9,91.9,RICOH THETA Z1,2024:03:26 12:46:50,2024-03-26T16:45:54Z,
pano2pano,20240326/highland plaza apt/indoor/1245_entry/R0012342.JPG,20240326,highland plaza apt,indoor,40.457083,-79.925069,291.9,88.6,RICOH THETA Z1,2024:03:26 12:46:44,2024-03-26T16:45:54Z,
pano2pano,20240331/6311 Darlington Rd/indoor/1400_living/R0012890.JPG,20240331,6311 Darlington Rd,indoor,40.437331,-79.918658,347.6,208.9,RICOH THETA Z1,2024:03:31 14:01:46,2024-03-31T18:00:56Z,
pano2pano,20240331/6311 Darlington Rd/indoor/1400_living/R0012885.JPG,20240331,6311 Darlington Rd,indoor,40.437331,-79.918658,347.6,211.9,RICOH THETA Z1,2024:03:31 14:01:11,2024-03-31T18:00:56Z,
pano2pano,20240331/6311 Darlington Rd/indoor/1400_living/R0012891.JPG,20240331,6311 Darlington Rd,indoor,40.437331,-79.918658,347.6,209.8,RICOH THETA Z1,2024:03:31 14:01:52,2024-03-31T18:00:56Z,
pano2pano,20240331/6311 Darlington Rd/indoor/1400_living/R0012886.JPG,20240331,6311 Darlington Rd,indoor,40.437331,-79.918658,347.6,205.1,RICOH THETA Z1,2024:03:31 14:01:19,2024-03-31T18:00:56Z,
pano2pano,20240331/6311 Darlington Rd/indoor/1400_living/R0012893.JPG,20240331,6311 Darlington Rd,indoor,40.437331,-79.918658,347.6,207.5,RICOH THETA Z1,2024:03:31 14:02:05,2024-03-31T18:00:56Z,
pano2pano,20240331/6311 Darlington Rd/indoor/1400_living/R0012887.JPG,20240331,6311 Darlington Rd,indoor,40.437331,-79.918658,347.6,208.2,RICOH THETA Z1,2024:03:31 14:01:26,2024-03-31T18:00:56Z,
pano2pano,20240331/6311 Darlington Rd/indoor/1400_living/R0012892.JPG,20240331,6311 Darlington Rd,indoor,40.437331,-79.918658,347.6,205.3,RICOH THETA Z1,2024:03:31 14:01:58,2024-03-31T18:00:56Z,
pano2pano,20240331/6311 Darlington Rd/indoor/1400_living/R0012889.JPG,20240331,6311 Darlington Rd,indoor,40.437331,-79.918658,347.6,207.7,RICOH THETA Z1,2024:03:31 14:01:40,2024-03-31T18:00:56Z,
pano2pano,20240331/6311 Darlington Rd/indoor/1400_living/R0012888.JPG,20240331,6311 Darlington Rd,indoor,40.437331,-79.918658,347.6,203.4,RICOH THETA Z1,2024:03:31 14:01:33,2024-03-31T18:00:56Z,
pano2pano,20240331/6311 Darlington Rd/indoor/1407_living/R0012904.JPG,20240331,6311 Darlington Rd,indoor,40.437294,-79.918631,351.1,211.2,RICOH THETA Z1,2024:03:31 14:07:46,2024-03-31T18:07:27Z,
pano2pano,20240331/6311 Darlington Rd/indoor/1407_living/R0012911.JPG,20240331,6311 Darlington Rd,indoor,40.437294,-79.918631,351.1,213.3,RICOH THETA Z1,2024:03:31 14:08:30,2024-03-31T18:07:27Z,
pano2pano,20240331/6311 Darlington Rd/indoor/1407_living/R0012905.JPG,20240331,6311 Darlington Rd,indoor,40.437294,-79.918631,351.1,202.5,RICOH THETA Z1,2024:03:31 14:07:53,2024-03-31T18:07:27Z,
pano2pano,20240331/6311 Darlington Rd/indoor/1407_living/R0012910.JPG,20240331,6311 Darlington Rd,indoor,40.437294,-79.918631,351.1,202.1,RICOH THETA Z1,2024:03:31 14:08:24,2024-03-31T18:07:27Z,
pano2pano,20240331/6311 Darlington Rd/indoor/1407_living/R0012907.JPG,20240331,6311 Darlington Rd,indoor,40.437294,-79.918631,351.1,207.6,RICOH THETA Z1,2024:03:31 14:08:06,2024-03-31T18:07:27Z,
pano2pano,20240331/6311 Darlington Rd/indoor/1407_living/R0012906.JPG,20240331,6311 Darlington Rd,indoor,40.437294,-79.918631,351.1,206.6,RICOH THETA Z1,2024:03:31 14:07:59,2024-03-31T18:07:27Z,
pano2pano,20240331/6311 Darlington Rd/indoor/1407_living/R0012903.JPG,20240331,6311 Darlington Rd,indoor,40.437294,-79.918631,351.1,204.0,RICOH THETA Z1,2024:03:31 14:07:38,2024-03-31T18:07:27Z,
pano2pano,20240331/6311 Darlington Rd/indoor/1407_living/R0012908.JPG,20240331,6311 Darlington Rd,indoor,40.437294,-79.918631,351.1,207.7,RICOH THETA Z1,2024:03:31 14:08:12,2024-03-31T18:07:27Z,
pano2pano,20240331/6311 Darlington Rd/indoor/1407_living/R0012909.JPG,20240331,6311 Darlington Rd,indoor,40.437294,-79.918631,351.1,205.4,RICOH THETA Z1,2024:03:31 14:08:18,2024-03-31T18:07:27Z,
pano2pano,20240331/6311 Darlington Rd/indoor/1403_living/R0012898.JPG,20240331,6311 Darlington Rd,indoor,40.437297,-79.918564,347.6,212.9,RICOH THETA Z1,2024:03:31 14:04:26,2024-03-31T18:03:46Z,
pano2pano,20240331/6311 Darlington Rd/indoor/1403_living/R0012899.JPG,20240331,6311 Darlington Rd,indoor,40.437297,-79.918564,347.6,211.4,RICOH THETA Z1,2024:03:31 14:04:32,2024-03-31T18:03:46Z,
pano2pano,20240331/6311 Darlington Rd/indoor/1403_living/R0012902.JPG,20240331,6311 Darlington Rd,indoor,40.437297,-79.918564,347.6,205.4,RICOH THETA Z1,2024:03:31 14:04:50,2024-03-31T18:03:46Z,
pano2pano,20240331/6311 Darlington Rd/indoor/1403_living/R0012894.JPG,20240331,6311 Darlington Rd,indoor,40.437297,-79.918564,347.6,208.2,RICOH THETA Z1,2024:03:31 14:03:57,2024-03-31T18:03:46Z,
pano2pano,20240331/6311 Darlington Rd/indoor/1403_living/R0012895.JPG,20240331,6311 Darlington Rd,indoor,40.437297,-79.918564,347.6,208.9,RICOH THETA Z1,2024:03:31 14:04:05,2024-03-31T18:03:46Z,
pano2pano,20240331/6311 Darlington Rd/indoor/1403_living/R0012901.JPG,20240331,6311 Darlington Rd,indoor,40.437297,-79.918564,347.6,209.4,RICOH THETA Z1,2024:03:31 14:04:44,2024-03-31T18:03:46Z,
pano2pano,20240331/6311 Darlington Rd/indoor/1403_living/R0012897.JPG,20240331,6311 Darlington Rd,indoor,40.437297,-79.918564,347.6,208.0,RICOH THETA Z1,2024:03:31 14:04:19,2024-03-31T18:03:46Z,
pano2pano,20240331/6311 Darlington Rd/indoor/1403_living/R0012896.JPG,20240331,6311 Darlington Rd,indoor,40.437297,-79.918564,347.6,211.8,RICOH THETA Z1,2024:03:31 14:04:12,2024-03-31T18:03:46Z,
pano2pano,20240331/6311 Darlington Rd/indoor/1403_living/R0012900.JPG,20240331,6311 Darlington Rd,indoor,40.437297,-79.918564,347.6,207.9,RICOH THETA Z1,2024:03:31 14:04:38,2024-03-31T18:03:46Z,
pano2pano,20240324/6311 Darlington Rd/Outdoor/1154_2F_SW/R0012150.JPG,20240324,6311 Darlington Rd,outdoor,40.437378,-79.918619,348.6,,RICOH THETA Z1,2024:03:24 11:55:14,2024-03-24T15:54:43Z,
pano2pano,20240324/6311 Darlington Rd/Outdoor/1154_2F_SW/R0012151.JPG,20240324,6311 Darlington Rd,outdoor,40.437378,-79.918619,348.6,,RICOH THETA Z1,2024:03:24 11:55:21,2024-03-24T15:54:43Z,
pano2pano,20240324/6311 Darlington Rd/Outdoor/1154_2F_SW/R0012153.JPG,20240324,6311 Darlington Rd,outdoor,40.437378,-79.918619,348.6,,RICOH THETA Z1,2024:03:24 11:55:34,2024-03-24T15:54:43Z,
pano2pano,20240324/6311 Darlington Rd/Outdoor/1154_2F_SW/R0012147.JPG,20240324,6311 Darlington Rd,outdoor,40.437378,-79.918619,348.6,,RICOH THETA Z1,2024:03:24 11:54:55,2024-03-24T15:54:43Z,
pano2pano,20240324/6311 Darlington Rd/Outdoor/1154_2F_SW/R0012152.JPG,20240324,6311 Darlington Rd,outdoor,40.437378,-79.918619,348.6,,RICOH THETA Z1,2024:03:24 11:55:27,2024-03-24T15:54:43Z,
pano2pano,20240324/6311 Darlington Rd/Outdoor/1154_2F_SW/R0012155.JPG,20240324,6311 Darlington Rd,outdoor,40.437378,-79.918619,348.6,,RICOH THETA Z1,2024:03:24 11:55:47,2024-03-24T15:54:43Z,
pano2pano,20240324/6311 Darlington Rd/Outdoor/1154_2F_SW/R0012149.JPG,20240324,6311 Darlington Rd,outdoor,40.437378,-79.918619,348.6,,RICOH THETA Z1,2024:03:24 11:55:08,2024-03-24T15:54:43Z,
pano2pano,20240324/6311 Darlington Rd/Outdoor/1154_2F_SW/R0012148.JPG,20240324,6311 Darlington Rd,outdoor,40.437378,-79.918619,348.6,,RICOH THETA Z1,2024:03:24 11:55:02,2024-03-24T15:54:43Z,
pano2pano,20240324/6311 Darlington Rd/Outdoor/1154_2F_SW/R0012154.JPG,20240324,6311 Darlington Rd,outdoor,40.437378,-79.918619,348.6,,RICOH THETA Z1,2024:03:24 11:55:40,2024-03-24T15:54:43Z,
pano2pano,20240324/6311 Darlington Rd/Outdoor/1206_2F_SE/R0012183.JPG,20240324,6311 Darlington Rd,outdoor,40.437133,-79.918889,353.9,,RICOH THETA Z1,2024:03:24 12:06:57,2024-03-24T16:03:40Z,
pano2pano,20240324/6311 Darlington Rd/Outdoor/1206_2F_SE/R0012189.JPG,20240324,6311 Darlington Rd,outdoor,40.437133,-79.918889,353.9,,RICOH THETA Z1,2024:03:24 12:07:36,2024-03-24T16:03:40Z,
pano2pano,20240324/6311 Darlington Rd/Outdoor/1206_2F_SE/R0012188.JPG,20240324,6311 Darlington Rd,outdoor,40.437133,-79.918889,353.9,,RICOH THETA Z1,2024:03:24 12:07:30,2024-03-24T16:03:40Z,
pano2pano,20240324/6311 Darlington Rd/Outdoor/1206_2F_SE/R0012185.JPG,20240324,6311 Darlington Rd,outdoor,40.437133,-79.918889,353.9,,RICOH THETA Z1,2024:03:24 12:07:10,2024-03-24T16:03:40Z,
pano2pano,20240324/6311 Darlington Rd/Outdoor/1206_2F_SE/R0012190.JPG,20240324,6311 Darlington Rd,outdoor,40.437133,-79.918889,353.9,,RICOH THETA Z1,2024:03:24 12:07:43,2024-03-24T16:03:40Z,
pano2pano,20240324/6311 Darlington Rd/Outdoor/1206_2F_SE/R0012184.JPG,20240324,6311 Darlington Rd,outdoor,40.437133,-79.918889,353.9,,RICOH THETA Z1,2024:03:24 12:07:04,2024-03-24T16:03:40Z,
pano2pano,20240324/6311 Darlington Rd/Outdoor/1206_2F_SE/R0012191.JPG,20240324,6311 Darlington Rd,outdoor,40.437133,-79.918889,353.9,,RICOH THETA Z1,2024:03:24 12:07:49,2024-03-24T16:03:40Z,
pano2pano,20240324/6311 Darlington Rd/Outdoor/1206_2F_SE/R0012186.JPG,20240324,6311 Darlington Rd,outdoor,40.437133,-79.918889,353.9,,RICOH THETA Z1,2024:03:24 12:07:17,2024-03-24T16:03:40Z,
pano2pano,20240324/6311 Darlington Rd/Outdoor/1206_2F_SE/R0012187.JPG,20240324,6311 Darlington Rd,outdoor,40.437133,-79.918889,353.9,,RICOH THETA Z1,2024:03:24 12:07:23,2024-03-24T16:03:40Z,
pano2pano,20240324/776 Montclair St/outdoor/1027_kitchen/R0012009.JPG,20240324,776 Montclair St,outdoor,40.420944,-79.930494,328.9,,RICOH THETA Z1,2024:03:24 10:28:47,2024-03-24T14:27:06Z,
pano2pano,20240324/776 Montclair St/outdoor/1027_kitchen/R0012008.JPG,20240324,776 Montclair St,outdoor,40.420944,-79.930494,328.9,,RICOH THETA Z1,2024:03:24 10:28:41,2024-03-24T14:27:06Z,
pano2pano,20240324/776 Montclair St/outdoor/1027_kitchen/R0012003.JPG,20240324,776 Montclair St,outdoor,40.420944,-79.930494,328.9,,RICOH THETA Z1,2024:03:24 10:28:08,2024-03-24T14:27:06Z,
pano2pano,20240324/776 Montclair St/outdoor/1027_kitchen/R0012002.JPG,20240324,776 Montclair St,outdoor,40.420944,-79.930494,328.9,,RICOH THETA Z1,2024:03:24 10:28:01,2024-03-24T14:27:06Z,
pano2pano,20240324/776 Montclair St/outdoor/1027_kitchen/R0012006.JPG,20240324,776 Montclair St,outdoor,40.420944,-79.930494,328.9,,RICOH THETA Z1,2024:03:24 10:28:28,2024-03-24T14:27:06Z,
pano2pano,20240324/776 Montclair St/outdoor/1027_kitchen/R0012007.JPG,20240324,776 Montclair St,outdoor,40.420944,-79.930494,328.9,,RICOH THETA Z1,2024:03:24 10:28:34,2024-03-24T14:27:06Z,
pano2pano,20240324/776 Montclair St/outdoor/1027_kitchen/R0012005.JPG,20240324,776 Montclair St,outdoor,40.420944,-79.930494,328.9,,RICOH THETA Z1,2024:03:24 10:28:21,2024-03-24T14:27:06Z,
pano2pano,20240324/776 Montclair St/outdoor/1027_kitchen/R0012010.JPG,20240324,776 Montclair St,outdoor,40.420944,-79.930494,328.9,,RICOH THETA Z1,2024:03:24 10:28:53,2024-03-24T14:27:06Z,
pano2pano,20240324/776 Montclair St/outdoor/1027_kitchen/R0012004.JPG,20240324,776 Montclair St,outdoor,40.420944,-79.930494,328.9,,RICOH THETA Z1,2024:03:24 10:28:15,2024-03-24T14:27:06Z,
pano2pano,20240324/776 Montclair St/outdoor/1116_Bedroom/R0012146.JPG,20240324,776 Montclair St,outdoor,40.420867,-79.930508,333.0,,RICOH THETA Z1,2024:03:24 11:18:10,2024-03-24T15:15:25Z,
pano2pano,20240324/776 Montclair St/outdoor/1116_Bedroom/R0012145.JPG,20240324,776 Montclair St,outdoor,40.420867,-79.930508,333.0,,RICOH THETA Z1,2024:03:24 11:18:04,2024-03-24T15:15:25Z,
pano2pano,20240324/776 Montclair St/outdoor/1116_Bedroom/R0012144.JPG,20240324,776 Montclair St,outdoor,40.420867,-79.930508,333.0,,RICOH THETA Z1,2024:03:24 11:17:58,2024-03-24T15:15:25Z,
pano2pano,20240324/776 Montclair St/outdoor/1116_Bedroom/R0012139.JPG,20240324,776 Montclair St,outdoor,40.420867,-79.930508,333.0,,RICOH THETA Z1,2024:03:24 11:17:26,2024-03-24T15:15:25Z,
pano2pano,20240324/776 Montclair St/outdoor/1116_Bedroom/R0012140.JPG,20240324,776 Montclair St,outdoor,40.420867,-79.930508,333.0,,RICOH THETA Z1,2024:03:24 11:17:33,2024-03-24T15:15:25Z,
pano2pano,20240324/776 Montclair St/outdoor/1116_Bedroom/R0012141.JPG,20240324,776 Montclair St,outdoor,40.420867,-79.930508,333.0,,RICOH THETA Z1,2024:03:24 11:17:39,2024-03-24T15:15:25Z,
pano2pano,20240324/776 Montclair St/outdoor/1116_Bedroom/R0012138.JPG,20240324,776 Montclair St,outdoor,40.420867,-79.930508,333.0,,RICOH THETA Z1,2024:03:24 11:17:19,2024-03-24T15:15:25Z,
pano2pano,20240324/776 Montclair St/outdoor/1116_Bedroom/R0012143.JPG,20240324,776 Montclair St,outdoor,40.420867,-79.930508,333.0,,RICOH THETA Z1,2024:03:24 11:17:52,2024-03-24T15:15:25Z,
pano2pano,20240324/776 Montclair St/outdoor/1116_Bedroom/R0012142.JPG,20240324,776 Montclair St,outdoor,40.420867,-79.930508,333.0,,RICOH THETA Z1,2024:03:24 11:17:45,2024-03-24T15:15:25Z,
pano2pano,20240326/highland plaza apt/indoor/1226_living/R0012269.JPG,20240326,highland plaza apt,indoor,40.457,-79.925142,279.6,292.8,RICOH THETA Z1,2024:03:26 12:26:26,2024-03-26T16:24:59Z,
pano2pano,20240326/highland plaza apt/indoor/1226_living/R0012268.JPG,20240326,highland plaza apt,indoor,40.457,-79.925142,279.6,297.0,RICOH THETA Z1,2024:03:26 12:26:19,2024-03-26T16:24:59Z,
pano2pano,20240326/highland plaza apt/indoor/1226_living/R0012265.JPG,20240326,highland plaza apt,indoor,40.457,-79.925142,279.6,297.0,RICOH THETA Z1,2024:03:26 12:25:59,2024-03-26T16:24:59Z,
pano2pano,20240326/highland plaza apt/indoor/1226_living/R0012270.JPG,20240326,highland plaza apt,indoor,40.457,-79.925142,279.6,289.4,RICOH THETA Z1,2024:03:26 12:26:32,2024-03-26T16:24:59Z,
pano2pano,20240326/highland plaza apt/indoor/1226_living/R0012264.JPG,20240326,highland plaza apt,indoor,40.457,-79.925142,279.6,294.9,RICOH THETA Z1,2024:03:26 12:25:52,2024-03-26T16:24:59Z,
pano2pano,20240326/highland plaza apt/indoor/1226_living/R0012271.JPG,20240326,highland plaza apt,indoor,40.457,-79.925142,279.6,295.7,RICOH THETA Z1,2024:03:26 12:26:38,2024-03-26T16:24:59Z,
pano2pano,20240326/highland plaza apt/indoor/1226_living/R0012266.JPG,20240326,highland plaza apt,indoor,40.457,-79.925142,279.6,294.5,RICOH THETA Z1,2024:03:26 12:26:06,2024-03-26T16:24:59Z,
pano2pano,20240326/highland plaza apt/indoor/1226_living/R0012272.JPG,20240326,highland plaza apt,indoor,40.457,-79.925142,279.6,294.3,RICOH THETA Z1,2024:03:26 12:26:43,2024-03-26T16:24:59Z,
pano2pano,20240326/highland plaza apt/indoor/1226_living/R0012267.JPG,20240326,highland plaza apt,indoor,40.457,-79.925142,279.6,296.4,RICOH THETA Z1,2024:03:26 12:26:13,2024-03-26T16:24:59Z,
pano2pano,20240326/highland plaza apt/indoor/1228_living/R0012273.JPG,20240326,highland plaza apt,indoor,40.457072,-79.924953,289.9,286.6,RICOH THETA Z1,2024:03:26 12:28:00,2024-03-26T16:26:49Z,
pano2pano,20240326/highland plaza apt/indoor/1228_living/R0012279.JPG,20240326,highland plaza apt,indoor,40.457072,-79.924953,289.9,291.8,RICOH THETA Z1,2024:03:26 12:28:40,2024-03-26T16:26:49Z,
pano2pano,20240326/highland plaza apt/indoor/1228_living/R0012278.JPG,20240326,highland plaza apt,indoor,40.457072,-79.924953,289.9,296.5,RICOH THETA Z1,2024:03:26 12:28:34,2024-03-26T16:26:49Z,
pano2pano,20240326/highland plaza apt/indoor/1228_living/R0012281.JPG,20240326,highland plaza apt,indoor,40.457072,-79.924953,289.9,283.6,RICOH THETA Z1,2024:03:26 12:28:53,2024-03-26T16:26:49Z,
pano2pano,20240326/highland plaza apt/indoor/1228_living/R0012275.JPG,20240326,highland plaza apt,indoor,40.457072,-79.924953,289.9,294.0,RICOH THETA Z1,2024:03:26 12:28:15,2024-03-26T16:26:49Z,
pano2pano,20240326/highland plaza apt/indoor/1228_living/R0012274.JPG,20240326,highland plaza apt,indoor,40.457072,-79.924953,289.9,290.9,RICOH THETA Z1,2024:03:26 12:28:08,2024-03-26T16:26:49Z,
pano2pano,20240326/highland plaza apt/indoor/1228_living/R0012280.JPG,20240326,highland plaza apt,indoor,40.457072,-79.924953,289.9,289.2,RICOH THETA Z1,2024:03:26 12:28:46,2024-03-26T16:26:49Z,
pano2pano,20240326/highland plaza apt/indoor/1228_living/R0012276.JPG,20240326,highland plaza apt,indoor,40.457072,-79.924953,289.9,290.4,RICOH THETA Z1,2024:03:26 12:28:22,2024-03-26T16:26:49Z,
pano2pano,20240326/highland plaza apt/indoor/1228_living/R0012277.JPG,20240326,highland plaza apt,indoor,40.457072,-79.924953,289.9,288.9,RICOH THETA Z1,2024:03:26 12:28:28,2024-03-26T16:26:49Z,
pano2pano,20240326/highland plaza apt/indoor/1224_living/R0012258.JPG,20240326,highland plaza apt,indoor,40.457014,-79.925328,278.5,300.4,RICOH THETA Z1,2024:03:26 12:23:45,2024-03-26T16:23:05Z,
pano2pano,20240326/highland plaza apt/indoor/1224_living/R0012259.JPG,20240326,highland plaza apt,indoor,40.457014,-79.925328,278.5,297.1,RICOH THETA Z1,2024:03:26 12:23:52,2024-03-26T16:23:05Z,
pano2pano,20240326/highland plaza apt/indoor/1224_living/R0012257.JPG,20240326,highland plaza apt,indoor,40.457014,-79.925328,278.5,294.3,RICOH THETA Z1,2024:03:26 12:23:38,2024-03-26T16:23:05Z,
pano2pano,20240326/highland plaza apt/indoor/1224_living/R0012261.JPG,20240326,highland plaza apt,indoor,40.457014,-79.925328,278.5,299.2,RICOH THETA Z1,2024:03:26 12:24:04,2024-03-26T16:23:05Z,
pano2pano,20240326/highland plaza apt/indoor/1224_living/R0012260.JPG,20240326,highland plaza apt,indoor,40.457014,-79.925328,278.5,296.2,RICOH THETA Z1,2024:03:26 12:23:58,2024-03-26T16:23:05Z,
pano2pano,20240326/highland plaza apt/indoor/1224_living/R0012256.JPG,20240326,highland plaza apt,indoor,40.457014,-79.925328,278.5,298.6,RICOH THETA Z1,2024:03:26 12:23:32,2024-03-26T16:23:05Z,
pano2pano,20240326/highland plaza apt/indoor/1224_living/R0012262.JPG,20240326,highland plaza apt,indoor,40.457014,-79.925328,278.5,298.6,RICOH THETA Z1,2024:03:26 12:24:10,2024-03-26T16:23:05Z,
pano2pano,20240326/highland plaza apt/indoor/1224_living/R0012263.JPG,20240326,highland plaza apt,indoor,40.457014,-79.925328,278.5,303.7,RICOH THETA Z1,2024:03:26 12:24:16,2024-03-26T16:23:05Z,
pano2pano,20240326/highland plaza apt/indoor/1224_living/R0012255.JPG,20240326,highland plaza apt,indoor,40.457014,-79.925328,278.5,294.1,RICOH THETA Z1,2024:03:26 12:23:24,2024-03-26T16:23:05Z,
pano2pano,20240326/highland plaza apt/outdoor/1248_entry/R0012350.JPG,20240326,highland plaza apt,outdoor,40.457092,-79.925064,291.9,85.5,RICOH THETA Z1,2024:03:26 12:48:45,2024-03-26T16:48:02Z,
pano2pano,20240326/highland plaza apt/outdoor/1248_entry/R0012345.JPG,20240326,highland plaza apt,outdoor,40.457092,-79.925064,291.9,90.8,RICOH THETA Z1,2024:03:26 12:48:13,2024-03-26T16:48:02Z,
pano2pano,20240326/highland plaza apt/outdoor/1248_entry/R0012351.JPG,20240326,highland plaza apt,outdoor,40.457092,-79.925064,291.9,77.5,RICOH THETA Z1,2024:03:26 12:48:52,2024-03-26T16:48:02Z,
pano2pano,20240326/highland plaza apt/outdoor/1248_entry/R0012346.JPG,20240326,highland plaza apt,outdoor,40.457092,-79.925064,291.9,91.2,RICOH THETA Z1,2024:03:26 12:48:20,2024-03-26T16:48:02Z,
pano2pano,20240326/highland plaza apt/outdoor/1248_entry/R0012353.JPG,20240326,highland plaza apt,outdoor,40.457092,-79.925064,291.9,81.6,RICOH THETA Z1,2024:03:26 12:49:04,2024-03-26T16:48:02Z,
pano2pano,20240326/highland plaza apt/outdoor/1248_entry/R0012347.JPG,20240326,highland plaza apt,outdoor,40.457092,-79.925064,291.9,90.8,RICOH THETA Z1,2024:03:26 12:48:26,2024-03-26T16:48:02Z,
pano2pano,20240326/highland plaza apt/outdoor/1248_entry/R0012352.JPG,20240326,highland plaza apt,outdoor,40.457092,-79.925064,291.9,96.3,RICOH THETA Z1,2024:03:26 12:48:58,2024-03-26T16:48:02Z,
pano2pano,20240326/highland plaza apt/outdoor/1248_entry/R0012349.JPG,20240326,highland plaza apt,outdoor,40.457092,-79.925064,291.9,91.0,RICOH THETA Z1,2024:03:26 12:48:39,2024-03-26T16:48:02Z,
pano2pano,20240326/highland plaza apt/outdoor/1248_entry/R0012348.JPG,20240326,highland plaza apt,outdoor,40.457092,-79.925064,291.9,82.8,RICOH THETA Z1,2024:03:26 12:48:33,2024-03-26T16:48:02Z,
pano2pano,20240331/6311 Darlington Rd/outdoor/1357_living/R0012878.JPG,20240331,6311 Darlington Rd,outdoor,40.437258,-79.918503,348.1,56.5,RICOH THETA Z1,2024:03:31 13:58:01,2024-03-31T17:57:32Z,
pano2pano,20240331/6311 Darlington Rd/outdoor/1357_living/R0012879.JPG,20240331,6311 Darlington Rd,outdoor,40.437258,-79.918503,348.1,36.0,RICOH THETA Z1,2024:03:31 13:58:08,2024-03-31T17:57:32Z,
pano2pano,20240331/6311 Darlington Rd/outdoor/1357_living/R0012884.JPG,20240331,6311 Darlington Rd,outdoor,40.437258,-79.918503,348.1,51.8,RICOH THETA Z1,2024:03:31 13:58:40,2024-03-31T17:57:32Z,
pano2pano,20240331/6311 Darlington Rd/outdoor/1357_living/R0012880.JPG,20240331,6311 Darlington Rd,outdoor,40.437258,-79.918503,348.1,50.4,RICOH THETA Z1,2024:03:31 13:58:14,2024-03-31T17:57:32Z,
pano2pano,20240331/6311 Darlington Rd/outdoor/1357_living/R0012881.JPG,20240331,6311 Darlington Rd,outdoor,40.437258,-79.918503,348.1,42.6,RICOH THETA Z1,2024:03:31 13:58:20,2024-03-31T17:57:32Z,
pano2pano,20240331/6311 Darlington Rd/outdoor/1357_living/R0012883.JPG,20240331,6311 Darlington Rd,outdoor,40.437258,-79.918503,348.1,55.5,RICOH THETA Z1,2024:03:31 13:58:33,2024-03-31T17:57:32Z,
pano2pano,20240331/6311 Darlington Rd/outdoor/1357_living/R0012877.JPG,20240331,6311 Darlington Rd,outdoor,40.437258,-79.918503,348.1,40.3,RICOH THETA Z1,2024:03:31 13:57:55,2024-03-31T17:57:32Z,
pano2pano,20240331/6311 Darlington Rd/outdoor/1357_living/R0012876.JPG,20240331,6311 Darlington Rd,outdoor,40.437258,-79.918503,348.1,52.3,RICOH THETA Z1,2024:03:31 13:57:47,2024-03-31T17:57:32Z,
pano2pano,20240331/6311 Darlington Rd/outdoor/1357_living/R0012882.JPG,20240331,6311 Darlington Rd,outdoor,40.437258,-79.918503,348.1,41.4,RICOH THETA Z1,2024:03:31 13:58:27,2024-03-31T17:57:32Z,
pano2pano,20240331/6236 5th ave/indoor/1231_bedroom-E+lit/R0012820.JPG,20240331,6236 5th ave,indoor,40.452414,-79.921117,299.3,83.8,RICOH THETA Z1,2024:03:31 12:33:13,2024-03-31T16:31:31Z,
pano2pano,20240331/6236 5th ave/indoor/1231_bedroom-E+lit/R0012816.JPG,20240331,6236 5th ave,indoor,40.452414,-79.921117,299.3,79.2,RICOH THETA Z1,2024:03:31 12:32:48,2024-03-31T16:31:31Z,
pano2pano,20240331/6236 5th ave/indoor/1231_bedroom-E+lit/R0012817.JPG,20240331,6236 5th ave,indoor,40.452414,-79.921117,299.3,85.8,RICOH THETA Z1,2024:03:31 12:32:54,2024-03-31T16:31:31Z,
pano2pano,20240331/6236 5th ave/indoor/1231_bedroom-E+lit/R0012821.JPG,20240331,6236 5th ave,indoor,40.452414,-79.921117,299.3,87.5,RICOH THETA Z1,2024:03:31 12:33:18,2024-03-31T16:31:31Z,
pano2pano,20240331/6236 5th ave/indoor/1231_bedroom-E+lit/R0012815.JPG,20240331,6236 5th ave,indoor,40.452414,-79.921117,299.3,80.4,RICOH THETA Z1,2024:03:31 12:32:42,2024-03-31T16:31:31Z,
pano2pano,20240331/6236 5th ave/indoor/1231_bedroom-E+lit/R0012814.JPG,20240331,6236 5th ave,indoor,40.452414,-79.921117,299.3,79.3,RICOH THETA Z1,2024:03:31 12:32:35,2024-03-31T16:31:31Z,
pano2pano,20240331/6236 5th ave/indoor/1231_bedroom-E+lit/R0012819.JPG,20240331,6236 5th ave,indoor,40.452414,-79.921117,299.3,79.2,RICOH THETA Z1,2024:03:31 12:33:07,2024-03-31T16:31:31Z,
pano2pano,20240331/6236 5th ave/indoor/1231_bedroom-E+lit/R0012818.JPG,20240331,6236 5th ave,indoor,40.452414,-79.921117,299.3,78.9,RICOH THETA Z1,2024:03:31 12:33:00,2024-03-31T16:31:31Z,
pano2pano,20240331/6236 5th ave/indoor/1231_bedroom-E+lit/R0012813.JPG,20240331,6236 5th ave,indoor,40.452414,-79.921117,299.3,86.4,RICOH THETA Z1,2024:03:31 12:32:28,2024-03-31T16:31:31Z,
pano2pano,20240331/6236 5th ave/indoor/1223_bedroom-W+lit/R0012789.JPG,20240331,6236 5th ave,indoor,40.452344,-79.921503,305.5,270.1,RICOH THETA Z1,2024:03:31 12:23:55,2024-03-31T16:22:33Z,
pano2pano,20240331/6236 5th ave/indoor/1223_bedroom-W+lit/R0012794.JPG,20240331,6236 5th ave,indoor,40.452344,-79.921503,305.5,276.4,RICOH THETA Z1,2024:03:31 12:24:25,2024-03-31T16:22:33Z,
pano2pano,20240331/6236 5th ave/indoor/1223_bedroom-W+lit/R0012788.JPG,20240331,6236 5th ave,indoor,40.452344,-79.921503,305.5,267.9,RICOH THETA Z1,2024:03:31 12:23:48,2024-03-31T16:22:33Z,
pano2pano,20240331/6236 5th ave/indoor/1223_bedroom-W+lit/R0012786.JPG,20240331,6236 5th ave,indoor,40.452344,-79.921503,305.5,270.9,RICOH THETA Z1,2024:03:31 12:23:34,2024-03-31T16:22:33Z,
pano2pano,20240331/6236 5th ave/indoor/1223_bedroom-W+lit/R0012793.JPG,20240331,6236 5th ave,indoor,40.452344,-79.921503,305.5,263.8,RICOH THETA Z1,2024:03:31 12:24:20,2024-03-31T16:22:33Z,
pano2pano,20240331/6236 5th ave/indoor/1223_bedroom-W+lit/R0012787.JPG,20240331,6236 5th ave,indoor,40.452344,-79.921503,305.5,274.1,RICOH THETA Z1,2024:03:31 12:23:42,2024-03-31T16:22:33Z,
pano2pano,20240331/6236 5th ave/indoor/1223_bedroom-W+lit/R0012792.JPG,20240331,6236 5th ave,indoor,40.452344,-79.921503,305.5,270.9,RICOH THETA Z1,2024:03:31 12:24:14,2024-03-31T16:22:33Z,
pano2pano,20240331/6236 5th ave/indoor/1223_bedroom-W+lit/R0012790.JPG,20240331,6236 5th ave,indoor,40.452344,-79.921503,305.5,268.0,RICOH THETA Z1,2024:03:31 12:24:01,2024-03-31T16:22:33Z,
pano2pano,20240331/6236 5th ave/indoor/1223_bedroom-W+lit/R0012791.JPG,20240331,6236 5th ave,indoor,40.452344,-79.921503,305.5,268.7,RICOH THETA Z1,2024:03:31 12:24:08,2024-03-31T16:22:33Z,
pano2pano,20240324/6311 Darlington Rd/Indoor/1225_Kitchen/R0012238.JPG,20240324,6311 Darlington Rd,indoor,40.437433,-79.918733,350.9,,RICOH THETA Z1,2024:03:24 12:25:32,2024-03-24T16:24:18Z,
pano2pano,20240324/6311 Darlington Rd/Indoor/1225_Kitchen/R0012241.JPG,20240324,6311 Darlington Rd,indoor,40.437433,-79.918733,350.9,,RICOH THETA Z1,2024:03:24 12:25:51,2024-03-24T16:24:18Z,
pano2pano,20240324/6311 Darlington Rd/Indoor/1225_Kitchen/R0012240.JPG,20240324,6311 Darlington Rd,indoor,40.437433,-79.918733,350.9,,RICOH THETA Z1,2024:03:24 12:25:45,2024-03-24T16:24:18Z,
pano2pano,20240324/6311 Darlington Rd/Indoor/1225_Kitchen/R0012239.JPG,20240324,6311 Darlington Rd,indoor,40.437433,-79.918733,350.9,,RICOH THETA Z1,2024:03:24 12:25:39,2024-03-24T16:24:18Z,
pano2pano,20240324/6311 Darlington Rd/Indoor/1225_Kitchen/R0012242.JPG,20240324,6311 Darlington Rd,indoor,40.437433,-79.918733,350.9,,RICOH THETA Z1,2024:03:24 12:25:58,2024-03-24T16:24:18Z,
pano2pano,20240324/6311 Darlington Rd/Indoor/1225_Kitchen/R0012243.JPG,20240324,6311 Darlington Rd,indoor,40.437433,-79.918733,350.9,,RICOH THETA Z1,2024:03:24 12:26:04,2024-03-24T16:24:18Z,
pano2pano,20240324/6311 Darlington Rd/Indoor/1225_Kitchen/R0012237.JPG,20240324,6311 Darlington Rd,indoor,40.437433,-79.918733,350.9,,RICOH THETA Z1,2024:03:24 12:25:25,2024-03-24T16:24:18Z,
pano2pano,20240324/6311 Darlington Rd/Indoor/1225_Kitchen/R0012244.JPG,20240324,6311 Darlington Rd,indoor,40.437433,-79.918733,350.9,,RICOH THETA Z1,2024:03:24 12:26:09,2024-03-24T16:24:18Z,
pano2pano,20240324/6311 Darlington Rd/Indoor/1225_Kitchen/R0012245.JPG,20240324,6311 Darlington Rd,indoor,40.437433,-79.918733,350.9,,RICOH THETA Z1,2024:03:24 12:26:15,2024-03-24T16:24:18Z,
pano2pano,20240324/6311 Darlington Rd/Indoor/1227_Kitchen/R0012249.JPG,20240324,6311 Darlington Rd,indoor,40.437353,-79.918842,350.9,,RICOH THETA Z1,2024:03:24 12:27:47,2024-03-24T16:26:21Z,
pano2pano,20240324/6311 Darlington Rd/Indoor/1227_Kitchen/R0012248.JPG,20240324,6311 Darlington Rd,indoor,40.437353,-79.918842,350.9,,RICOH THETA Z1,2024:03:24 12:27:40,2024-03-24T16:26:21Z,
pano2pano,20240324/6311 Darlington Rd/Indoor/1227_Kitchen/R0012254.JPG,20240324,6311 Darlington Rd,indoor,40.437353,-79.918842,350.9,,RICOH THETA Z1,2024:03:24 12:28:19,2024-03-24T16:26:21Z,
pano2pano,20240324/6311 Darlington Rd/Indoor/1227_Kitchen/R0012246.JPG,20240324,6311 Darlington Rd,indoor,40.437353,-79.918842,350.9,,RICOH THETA Z1,2024:03:24 12:27:26,2024-03-24T16:26:21Z,
pano2pano,20240324/6311 Darlington Rd/Indoor/1227_Kitchen/R0012253.JPG,20240324,6311 Darlington Rd,indoor,40.437353,-79.918842,350.9,,RICOH THETA Z1,2024:03:24 12:28:12,2024-03-24T16:26:21Z,
pano2pano,20240324/6311 Darlington Rd/Indoor/1227_Kitchen/R0012247.JPG,20240324,6311 Darlington Rd,indoor,40.437353,-79.918842,350.9,,RICOH THETA Z1,2024:03:24 12:27:33,2024-03-24T16:26:21Z,
pano2pano,20240324/6311 Darlington Rd/Indoor/1227_Kitchen/R0012252.JPG,20240324,6311 Darlington Rd,indoor,40.437353,-79.918842,350.9,,RICOH THETA Z1,2024:03:24 12:28:06,2024-03-24T16:26:21Z,
pano2pano,20240324/6311 Darlington Rd/Indoor/1227_Kitchen/R0012250.JPG,20240324,6311 Darlington Rd,indoor,40.437353,-79.918842,350.9,,RICOH THETA Z1,2024:03:24 12:27:53,2024-03-24T16:26:21Z,
pano2pano,20240324/6311 Darlington Rd/Indoor/1227_Kitchen/R0012251.JPG,20240324,6311 Darlington Rd,indoor,40.437353,-79.918842,350.9,,RICOH THETA Z1,2024:03:24 12:28:00,2024-03-24T16:26:21Z,
pano2pano,20240324/6311 Darlington Rd/Indoor/1223_Kitchen/R0012233.JPG,20240324,6311 Darlington Rd,indoor,40.437214,-79.918858,350.9,,RICOH THETA Z1,2024:03:24 12:23:54,2024-03-24T16:21:49Z,
pano2pano,20240324/6311 Darlington Rd/Indoor/1223_Kitchen/R0012232.JPG,20240324,6311 Darlington Rd,indoor,40.437214,-79.918858,350.9,,RICOH THETA Z1,2024:03:24 12:23:48,2024-03-24T16:21:49Z,
pano2pano,20240324/6311 Darlington Rd/Indoor/1223_Kitchen/R0012230.JPG,20240324,6311 Darlington Rd,indoor,40.437214,-79.918858,350.9,,RICOH THETA Z1,2024:03:24 12:23:34,2024-03-24T16:21:49Z,
pano2pano,20240324/6311 Darlington Rd/Indoor/1223_Kitchen/R0012231.JPG,20240324,6311 Darlington Rd,indoor,40.437214,-79.918858,350.9,,RICOH THETA Z1,2024:03:24 12:23:41,2024-03-24T16:21:49Z,
pano2pano,20240324/6311 Darlington Rd/Indoor/1223_Kitchen/R0012229.JPG,20240324,6311 Darlington Rd,indoor,40.437214,-79.918858,350.9,,RICOH THETA Z1,2024:03:24 12:23:27,2024-03-24T16:21:49Z,
pano2pano,20240324/6311 Darlington Rd/Indoor/1223_Kitchen/R0012235.JPG,20240324,6311 Darlington Rd,indoor,40.437214,-79.918858,350.9,,RICOH THETA Z1,2024:03:24 12:24:07,2024-03-24T16:21:49Z,
pano2pano,20240324/6311 Darlington Rd/Indoor/1223_Kitchen/R0012234.JPG,20240324,6311 Darlington Rd,indoor,40.437214,-79.918858,350.9,,RICOH THETA Z1,2024:03:24 12:24:01,2024-03-24T16:21:49Z,
pano2pano,20240324/6311 Darlington Rd/Indoor/1223_Kitchen/R0012228.JPG,20240324,6311 Darlington Rd,indoor,40.437214,-79.918858,350.9,,RICOH THETA Z1,2024:03:24 12:23:20,2024-03-24T16:21:49Z,
pano2pano,20240324/6311 Darlington Rd/Indoor/1223_Kitchen/R0012236.JPG,20240324,6311 Darlington Rd,indoor,40.437214,-79.918858,350.9,,RICOH THETA Z1,2024:03:24 12:24:13,2024-03-24T16:21:49Z,
pano2pano,20240326/highland plaza apt/indoor/1300_bedroom/R0012374.JPG,20240326,highland plaza apt,indoor,40.457072,-79.924944,295.3,180.1,RICOH THETA Z1,2024:03:26 12:59:46,2024-03-26T16:58:28Z,
pano2pano,20240326/highland plaza apt/indoor/1300_bedroom/R0012380.JPG,20240326,highland plaza apt,indoor,40.457072,-79.924944,295.3,193.4,RICOH THETA Z1,2024:03:26 13:00:23,2024-03-26T16:58:28Z,
pano2pano,20240326/highland plaza apt/indoor/1300_bedroom/R0012375.JPG,20240326,highland plaza apt,indoor,40.457072,-79.924944,295.3,186.3,RICOH THETA Z1,2024:03:26 12:59:52,2024-03-26T16:58:28Z,
pano2pano,20240326/highland plaza apt/indoor/1300_bedroom/R0012377.JPG,20240326,highland plaza apt,indoor,40.457072,-79.924944,295.3,188.3,RICOH THETA Z1,2024:03:26 13:00:05,2024-03-26T16:58:28Z,
pano2pano,20240326/highland plaza apt/indoor/1300_bedroom/R0012376.JPG,20240326,highland plaza apt,indoor,40.457072,-79.924944,295.3,188.2,RICOH THETA Z1,2024:03:26 12:59:59,2024-03-26T16:58:28Z,
pano2pano,20240326/highland plaza apt/indoor/1300_bedroom/R0012372.JPG,20240326,highland plaza apt,indoor,40.457072,-79.924944,295.3,188.6,RICOH THETA Z1,2024:03:26 12:59:31,2024-03-26T16:58:28Z,
pano2pano,20240326/highland plaza apt/indoor/1300_bedroom/R0012373.JPG,20240326,highland plaza apt,indoor,40.457072,-79.924944,295.3,201.6,RICOH THETA Z1,2024:03:26 12:59:39,2024-03-26T16:58:28Z,
pano2pano,20240326/highland plaza apt/indoor/1300_bedroom/R0012378.JPG,20240326,highland plaza apt,indoor,40.457072,-79.924944,295.3,194.5,RICOH THETA Z1,2024:03:26 13:00:11,2024-03-26T16:58:28Z,
pano2pano,20240326/highland plaza apt/indoor/1300_bedroom/R0012379.JPG,20240326,highland plaza apt,indoor,40.457072,-79.924944,295.3,190.2,RICOH THETA Z1,2024:03:26 13:00:16,2024-03-26T16:58:28Z,
pano2pano,20240326/highland plaza apt/indoor/1233_kitchen/R0012294.JPG,20240326,highland plaza apt,indoor,40.4571,-79.925017,289.9,294.4,RICOH THETA Z1,2024:03:26 12:34:01,2024-03-26T16:33:26Z,
pano2pano,20240326/highland plaza apt/indoor/1233_kitchen/R0012295.JPG,20240326,highland plaza apt,indoor,40.4571,-79.925017,289.9,297.3,RICOH THETA Z1,2024:03:26 12:34:07,2024-03-26T16:33:26Z,
pano2pano,20240326/highland plaza apt/indoor/1233_kitchen/R0012297.JPG,20240326,highland plaza apt,indoor,40.4571,-79.925017,289.9,299.0,RICOH THETA Z1,2024:03:26 12:34:19,2024-03-26T16:33:26Z,
pano2pano,20240326/highland plaza apt/indoor/1233_kitchen/R0012296.JPG,20240326,highland plaza apt,indoor,40.4571,-79.925017,289.9,303.4,RICOH THETA Z1,2024:03:26 12:34:13,2024-03-26T16:33:26Z,
pano2pano,20240326/highland plaza apt/indoor/1233_kitchen/R0012292.JPG,20240326,highland plaza apt,indoor,40.4571,-79.925017,289.9,301.1,RICOH THETA Z1,2024:03:26 12:33:47,2024-03-26T16:33:26Z,
pano2pano,20240326/highland plaza apt/indoor/1233_kitchen/R0012293.JPG,20240326,highland plaza apt,indoor,40.4571,-79.925017,289.9,293.0,RICOH THETA Z1,2024:03:26 12:33:54,2024-03-26T16:33:26Z,
pano2pano,20240326/highland plaza apt/indoor/1233_kitchen/R0012291.JPG,20240326,highland plaza apt,indoor,40.4571,-79.925017,289.9,297.9,RICOH THETA Z1,2024:03:26 12:33:38,2024-03-26T16:33:26Z,
pano2pano,20240326/highland plaza apt/indoor/1233_kitchen/R0012298.JPG,20240326,highland plaza apt,indoor,40.4571,-79.925017,289.9,299.8,RICOH THETA Z1,2024:03:26 12:34:25,2024-03-26T16:33:26Z,
pano2pano,20240326/highland plaza apt/indoor/1233_kitchen/R0012299.JPG,20240326,highland plaza apt,indoor,40.4571,-79.925017,289.9,295.2,RICOH THETA Z1,2024:03:26 12:34:30,2024-03-26T16:33:26Z,
pano2pano,20240326/highland plaza apt/indoor/1237_kitchen/R0012314.JPG,20240326,highland plaza apt,indoor,40.457086,-79.925056,291.9,286.4,RICOH THETA Z1,2024:03:26 12:38:45,2024-03-26T16:38:02Z,
pano2pano,20240326/highland plaza apt/indoor/1237_kitchen/R0012315.JPG,20240326,highland plaza apt,indoor,40.457086,-79.925056,291.9,289.9,RICOH THETA Z1,2024:03:26 12:38:50,2024-03-26T16:38:02Z,
pano2pano,20240326/highland plaza apt/indoor/1237_kitchen/R0012309.JPG,20240326,highland plaza apt,indoor,40.457086,-79.925056,291.9,282.3,RICOH THETA Z1,2024:03:26 12:38:12,2024-03-26T16:38:02Z,
pano2pano,20240326/highland plaza apt/indoor/1237_kitchen/R0012317.JPG,20240326,highland plaza apt,indoor,40.457086,-79.925056,291.9,296.9,RICOH THETA Z1,2024:03:26 12:39:02,2024-03-26T16:38:02Z,
pano2pano,20240326/highland plaza apt/indoor/1237_kitchen/R0012316.JPG,20240326,highland plaza apt,indoor,40.457086,-79.925056,291.9,294.8,RICOH THETA Z1,2024:03:26 12:38:56,2024-03-26T16:38:02Z,
pano2pano,20240326/highland plaza apt/indoor/1237_kitchen/R0012312.JPG,20240326,highland plaza apt,indoor,40.457086,-79.925056,291.9,290.6,RICOH THETA Z1,2024:03:26 12:38:33,2024-03-26T16:38:02Z,
pano2pano,20240326/highland plaza apt/indoor/1237_kitchen/R0012313.JPG,20240326,highland plaza apt,indoor,40.457086,-79.925056,291.9,298.9,RICOH THETA Z1,2024:03:26 12:38:39,2024-03-26T16:38:02Z,
pano2pano,20240326/highland plaza apt/indoor/1237_kitchen/R0012311.JPG,20240326,highland plaza apt,indoor,40.457086,-79.925056,291.9,289.6,RICOH THETA Z1,2024:03:26 12:38:27,2024-03-26T16:38:02Z,
pano2pano,20240326/highland plaza apt/indoor/1237_kitchen/R0012310.JPG,20240326,highland plaza apt,indoor,40.457086,-79.925056,291.9,291.7,RICOH THETA Z1,2024:03:26 12:38:20,2024-03-26T16:38:02Z,
pano2pano,20240326/highland plaza apt/indoor/1255_bedroom/R0012354.JPG,20240326,highland plaza apt,indoor,40.457006,-79.924894,279.8,200.2,RICOH THETA Z1,2024:03:26 12:54:47,2024-03-26T16:54:36Z,
pano2pano,20240326/highland plaza apt/indoor/1255_bedroom/R0012362.JPG,20240326,highland plaza apt,indoor,40.457006,-79.924894,279.8,197.8,RICOH THETA Z1,2024:03:26 12:55:38,2024-03-26T16:54:36Z,
pano2pano,20240326/highland plaza apt/indoor/1255_bedroom/R0012355.JPG,20240326,highland plaza apt,indoor,40.457006,-79.924894,279.8,200.5,RICOH THETA Z1,2024:03:26 12:54:55,2024-03-26T16:54:36Z,
pano2pano,20240326/highland plaza apt/indoor/1255_bedroom/R0012357.JPG,20240326,highland plaza apt,indoor,40.457006,-79.924894,279.8,191.2,RICOH THETA Z1,2024:03:26 12:55:08,2024-03-26T16:54:36Z,
pano2pano,20240326/highland plaza apt/indoor/1255_bedroom/R0012361.JPG,20240326,highland plaza apt,indoor,40.457006,-79.924894,279.8,198.9,RICOH THETA Z1,2024:03:26 12:55:33,2024-03-26T16:54:36Z,
pano2pano,20240326/highland plaza apt/indoor/1255_bedroom/R0012360.JPG,20240326,highland plaza apt,indoor,40.457006,-79.924894,279.8,191.6,RICOH THETA Z1,2024:03:26 12:55:27,2024-03-26T16:54:36Z,
pano2pano,20240326/highland plaza apt/indoor/1255_bedroom/R0012356.JPG,20240326,highland plaza apt,indoor,40.457006,-79.924894,279.8,194.8,RICOH THETA Z1,2024:03:26 12:55:02,2024-03-26T16:54:36Z,
pano2pano,20240326/highland plaza apt/indoor/1255_bedroom/R0012358.JPG,20240326,highland plaza apt,indoor,40.457006,-79.924894,279.8,192.9,RICOH THETA Z1,2024:03:26 12:55:15,2024-03-26T16:54:36Z,
pano2pano,20240326/highland plaza apt/indoor/1255_bedroom/R0012359.JPG,20240326,highland plaza apt,indoor,40.457006,-79.924894,279.8,191.9,RICOH THETA Z1,2024:03:26 12:55:21,2024-03-26T16:54:36Z,
pano2pano,20240326/highland plaza apt/indoor/1235_kitchen/R0012300.JPG,20240326,highland plaza apt,indoor,40.456967,-79.924867,279.2,282.7,RICOH THETA Z1,2024:03:26 12:35:56,2024-03-26T16:35:29Z,
pano2pano,20240326/highland plaza apt/indoor/1235_kitchen/R0012301.JPG,20240326,highland plaza apt,indoor,40.456967,-79.924867,279.2,281.9,RICOH THETA Z1,2024:03:26 12:36:04,2024-03-26T16:35:29Z,
pano2pano,20240326/highland plaza apt/indoor/1235_kitchen/R0012308.JPG,20240326,highland plaza apt,indoor,40.456967,-79.924867,279.2,282.8,RICOH THETA Z1,2024:03:26 12:36:48,2024-03-26T16:35:29Z,
pano2pano,20240326/highland plaza apt/indoor/1235_kitchen/R0012303.JPG,20240326,highland plaza apt,indoor,40.456967,-79.924867,279.2,277.0,RICOH THETA Z1,2024:03:26 12:36:17,2024-03-26T16:35:29Z,
pano2pano,20240326/highland plaza apt/indoor/1235_kitchen/R0012302.JPG,20240326,highland plaza apt,indoor,40.456967,-79.924867,279.2,278.0,RICOH THETA Z1,2024:03:26 12:36:11,2024-03-26T16:35:29Z,
pano2pano,20240326/highland plaza apt/indoor/1235_kitchen/R0012306.JPG,20240326,highland plaza apt,indoor,40.456967,-79.924867,279.2,283.1,RICOH THETA Z1,2024:03:26 12:36:36,2024-03-26T16:35:29Z,
pano2pano,20240326/highland plaza apt/indoor/1235_kitchen/R0012307.JPG,20240326,highland plaza apt,indoor,40.456967,-79.924867,279.2,287.7,RICOH THETA Z1,2024:03:26 12:36:42,2024-03-26T16:35:29Z,
pano2pano,20240326/highland plaza apt/indoor/1235_kitchen/R0012305.JPG,20240326,highland plaza apt,indoor,40.456967,-79.924867,279.2,283.1,RICOH THETA Z1,2024:03:26 12:36:30,2024-03-26T16:35:29Z,
pano2pano,20240326/highland plaza apt/indoor/1235_kitchen/R0012304.JPG,20240326,highland plaza apt,indoor,40.456967,-79.924867,279.2,282.3,RICOH THETA Z1,2024:03:26 12:36:24,2024-03-26T16:35:29Z,
pano2pano,20240326/highland plaza apt/indoor/1258_bedroom/R0012366.JPG,20240326,highland plaza apt,indoor,40.457117,-79.925089,295.3,183.3,RICOH THETA Z1,2024:03:26 12:57:23,2024-03-26T16:56:47Z,
pano2pano,20240326/highland plaza apt/indoor/1258_bedroom/R0012367.JPG,20240326,highland plaza apt,indoor,40.457117,-79.925089,295.3,183.2,RICOH THETA Z1,2024:03:26 12:57:29,2024-03-26T16:56:47Z,
pano2pano,20240326/highland plaza apt/indoor/1258_bedroom/R0012365.JPG,20240326,highland plaza apt,indoor,40.457117,-79.925089,295.3,177.1,RICOH THETA Z1,2024:03:26 12:57:16,2024-03-26T16:56:47Z,
pano2pano,20240326/highland plaza apt/indoor/1258_bedroom/R0012370.JPG,20240326,highland plaza apt,indoor,40.457117,-79.925089,295.3,186.5,RICOH THETA Z1,2024:03:26 12:57:47,2024-03-26T16:56:47Z,
pano2pano,20240326/highland plaza apt/indoor/1258_bedroom/R0012364.JPG,20240326,highland plaza apt,indoor,40.457117,-79.925089,295.3,190.1,RICOH THETA Z1,2024:03:26 12:57:10,2024-03-26T16:56:47Z,
pano2pano,20240326/highland plaza apt/indoor/1258_bedroom/R0012371.JPG,20240326,highland plaza apt,indoor,40.457117,-79.925089,295.3,185.9,RICOH THETA Z1,2024:03:26 12:57:53,2024-03-26T16:56:47Z,
pano2pano,20240326/highland plaza apt/indoor/1258_bedroom/R0012369.JPG,20240326,highland plaza apt,indoor,40.457117,-79.925089,295.3,188.8,RICOH THETA Z1,2024:03:26 12:57:42,2024-03-26T16:56:47Z,
pano2pano,20240326/highland plaza apt/indoor/1258_bedroom/R0012368.JPG,20240326,highland plaza apt,indoor,40.457117,-79.925089,295.3,183.1,RICOH THETA Z1,2024:03:26 12:57:35,2024-03-26T16:56:47Z,
pano2pano,20240326/highland plaza apt/indoor/1258_bedroom/R0012363.JPG,20240326,highland plaza apt,indoor,40.457117,-79.925089,295.3,183.6,RICOH THETA Z1,2024:03:26 12:57:02,2024-03-26T16:56:47Z,
pano2pano,20240326/highland plaza apt/outdoor/1229_living/R0012285.JPG,20240326,highland plaza apt,outdoor,40.457119,-79.92505,289.9,297.4,RICOH THETA Z1,2024:03:26 12:30:12,2024-03-26T16:28:58Z,
pano2pano,20240326/highland plaza apt/outdoor/1229_living/R0012290.JPG,20240326,highland plaza apt,outdoor,40.457119,-79.92505,289.9,291.5,RICOH THETA Z1,2024:03:26 12:30:44,2024-03-26T16:28:58Z,
pano2pano,20240326/highland plaza apt/outdoor/1229_living/R0012284.JPG,20240326,highland plaza apt,outdoor,40.457119,-79.92505,289.9,291.4,RICOH THETA Z1,2024:03:26 12:30:05,2024-03-26T16:28:58Z,
pano2pano,20240326/highland plaza apt/outdoor/1229_living/R0012286.JPG,20240326,highland plaza apt,outdoor,40.457119,-79.92505,289.9,293.7,RICOH THETA Z1,2024:03:26 12:30:18,2024-03-26T16:28:58Z,
pano2pano,20240326/highland plaza apt/outdoor/1229_living/R0012287.JPG,20240326,highland plaza apt,outdoor,40.457119,-79.92505,289.9,296.1,RICOH THETA Z1,2024:03:26 12:30:25,2024-03-26T16:28:58Z,
pano2pano,20240326/highland plaza apt/outdoor/1229_living/R0012283.JPG,20240326,highland plaza apt,outdoor,40.457119,-79.92505,289.9,290.4,RICOH THETA Z1,2024:03:26 12:29:59,2024-03-26T16:28:58Z,
pano2pano,20240326/highland plaza apt/outdoor/1229_living/R0012282.JPG,20240326,highland plaza apt,outdoor,40.457119,-79.92505,289.9,286.5,RICOH THETA Z1,2024:03:26 12:29:52,2024-03-26T16:28:58Z,
pano2pano,20240326/highland plaza apt/outdoor/1229_living/R0012289.JPG,20240326,highland plaza apt,outdoor,40.457119,-79.92505,289.9,296.0,RICOH THETA Z1,2024:03:26 12:30:38,2024-03-26T16:28:58Z,
pano2pano,20240326/highland plaza apt/outdoor/1229_living/R0012288.JPG,20240326,highland plaza apt,outdoor,40.457119,-79.92505,289.9,285.2,RICOH THETA Z1,2024:03:26 12:30:32,2024-03-26T16:28:58Z,
pano2pano,20240324/6311 Darlington Rd/Outdoor/1220_Kitchen/R0012223.JPG,20240324,6311 Darlington Rd,outdoor,40.436992,-79.918833,353.9,,RICOH THETA Z1,2024:03:24 12:21:19,2024-03-24T16:15:09Z,
pano2pano,20240324/6311 Darlington Rd/Outdoor/1220_Kitchen/R0012222.JPG,20240324,6311 Darlington Rd,outdoor,40.436992,-79.918833,353.9,,RICOH THETA Z1,2024:03:24 12:21:13,2024-03-24T16:15:09Z,
pano2pano,20240324/6311 Darlington Rd/Outdoor/1220_Kitchen/R0012220.JPG,20240324,6311 Darlington Rd,outdoor,40.436992,-79.918833,353.9,,RICOH THETA Z1,2024:03:24 12:21:00,2024-03-24T16:15:09Z,
pano2pano,20240324/6311 Darlington Rd/Outdoor/1220_Kitchen/R0012221.JPG,20240324,6311 Darlington Rd,outdoor,40.436992,-79.918833,353.9,,RICOH THETA Z1,2024:03:24 12:21:07,2024-03-24T16:15:09Z,
pano2pano,20240324/6311 Darlington Rd/Outdoor/1220_Kitchen/R0012225.JPG,20240324,6311 Darlington Rd,outdoor,40.436992,-79.918833,353.9,,RICOH THETA Z1,2024:03:24 12:21:32,2024-03-24T16:15:09Z,
pano2pano,20240324/6311 Darlington Rd/Outdoor/1220_Kitchen/R0012224.JPG,20240324,6311 Darlington Rd,outdoor,40.436992,-79.918833,353.9,,RICOH THETA Z1,2024:03:24 12:21:25,2024-03-24T16:15:09Z,
pano2pano,20240324/6311 Darlington Rd/Outdoor/1220_Kitchen/R0012219.JPG,20240324,6311 Darlington Rd,outdoor,40.436992,-79.918833,353.9,,RICOH THETA Z1,2024:03:24 12:20:53,2024-03-24T16:15:09Z,
pano2pano,20240324/6311 Darlington Rd/Outdoor/1220_Kitchen/R0012226.JPG,20240324,6311 Darlington Rd,outdoor,40.436992,-79.918833,353.9,,RICOH THETA Z1,2024:03:24 12:21:38,2024-03-24T16:15:09Z,
pano2pano,20240324/6311 Darlington Rd/Outdoor/1220_Kitchen/R0012227.JPG,20240324,6311 Darlington Rd,outdoor,40.436992,-79.918833,353.9,,RICOH THETA Z1,2024:03:24 12:21:44,2024-03-24T16:15:09Z,
pano2pano,20240326/highland plaza apt/outdoor/1305_bedroom/R0012392.JPG,20240326,highland plaza apt,outdoor,40.457131,-79.925169,295.3,45.7,RICOH THETA Z1,2024:03:26 13:04:52,2024-03-26T17:02:54Z,
pano2pano,20240326/highland plaza apt/outdoor/1305_bedroom/R0012393.JPG,20240326,highland plaza apt,outdoor,40.457131,-79.925169,295.3,33.3,RICOH THETA Z1,2024:03:26 13:04:59,2024-03-26T17:02:54Z,
pano2pano,20240326/highland plaza apt/outdoor/1305_bedroom/R0012398.JPG,20240326,highland plaza apt,outdoor,40.457131,-79.925169,295.3,48.6,RICOH THETA Z1,2024:03:26 13:05:30,2024-03-26T17:02:54Z,
pano2pano,20240326/highland plaza apt/outdoor/1305_bedroom/R0012391.JPG,20240326,highland plaza apt,outdoor,40.457131,-79.925169,295.3,34.0,RICOH THETA Z1,2024:03:26 13:04:45,2024-03-26T17:02:54Z,
pano2pano,20240326/highland plaza apt/outdoor/1305_bedroom/R0012390.JPG,20240326,highland plaza apt,outdoor,40.457131,-79.925169,295.3,61.3,RICOH THETA Z1,2024:03:26 13:04:38,2024-03-26T17:02:54Z,
pano2pano,20240326/highland plaza apt/outdoor/1305_bedroom/R0012394.JPG,20240326,highland plaza apt,outdoor,40.457131,-79.925169,295.3,20.7,RICOH THETA Z1,2024:03:26 13:05:05,2024-03-26T17:02:54Z,
pano2pano,20240326/highland plaza apt/outdoor/1305_bedroom/R0012395.JPG,20240326,highland plaza apt,outdoor,40.457131,-79.925169,295.3,18.0,RICOH THETA Z1,2024:03:26 13:05:11,2024-03-26T17:02:54Z,
pano2pano,20240326/highland plaza apt/outdoor/1305_bedroom/R0012397.JPG,20240326,highland plaza apt,outdoor,40.457131,-79.925169,295.3,6.5,RICOH THETA Z1,2024:03:26 13:05:24,2024-03-26T17:02:54Z,
pano2pano,20240326/highland plaza apt/outdoor/1305_bedroom/R0012396.JPG,20240326,highland plaza apt,outdoor,40.457131,-79.925169,295.3,58.2,RICOH THETA Z1,2024:03:26 13:05:18,2024-03-26T17:02:54Z,
pano2pano,20240331/6311 Darlington Rd/indoor/1421_bedroom-NW/R0012924.JPG,20240331,6311 Darlington Rd,indoor,40.437294,-79.918631,353.9,9.4,RICOH THETA Z1,2024:03:31 14:20:48,2024-03-31T18:19:10Z,
pano2pano,20240331/6311 Darlington Rd/indoor/1421_bedroom-NW/R0012925.JPG,20240331,6311 Darlington Rd,indoor,40.437294,-79.918631,353.9,2.1,RICOH THETA Z1,2024:03:31 14:20:54,2024-03-31T18:19:10Z,
pano2pano,20240331/6311 Darlington Rd/indoor/1421_bedroom-NW/R0012927.JPG,20240331,6311 Darlington Rd,indoor,40.437294,-79.918631,353.9,9.5,RICOH THETA Z1,2024:03:31 14:21:07,2024-03-31T18:19:10Z,
pano2pano,20240331/6311 Darlington Rd/indoor/1421_bedroom-NW/R0012926.JPG,20240331,6311 Darlington Rd,indoor,40.437294,-79.918631,353.9,8.6,RICOH THETA Z1,2024:03:31 14:21:01,2024-03-31T18:19:10Z,
pano2pano,20240331/6311 Darlington Rd/indoor/1421_bedroom-NW/R0012922.JPG,20240331,6311 Darlington Rd,indoor,40.437294,-79.918631,353.9,5.5,RICOH THETA Z1,2024:03:31 14:20:34,2024-03-31T18:19:10Z,
pano2pano,20240331/6311 Darlington Rd/indoor/1421_bedroom-NW/R0012923.JPG,20240331,6311 Darlington Rd,indoor,40.437294,-79.918631,353.9,6.3,RICOH THETA Z1,2024:03:31 14:20:41,2024-03-31T18:19:10Z,
pano2pano,20240331/6311 Darlington Rd/indoor/1421_bedroom-NW/R0012928.JPG,20240331,6311 Darlington Rd,indoor,40.437294,-79.918631,353.9,3.8,RICOH THETA Z1,2024:03:31 14:21:14,2024-03-31T18:19:10Z,
pano2pano,20240331/6311 Darlington Rd/indoor/1421_bedroom-NW/R0012921.JPG,20240331,6311 Darlington Rd,indoor,40.437294,-79.918631,353.9,3.9,RICOH THETA Z1,2024:03:31 14:20:26,2024-03-31T18:19:10Z,
pano2pano,20240331/6311 Darlington Rd/indoor/1421_bedroom-NW/R0012929.JPG,20240331,6311 Darlington Rd,indoor,40.437294,-79.918631,353.9,10.7,RICOH THETA Z1,2024:03:31 14:21:19,2024-03-31T18:19:10Z,
pano2pano,20240331/6311 Darlington Rd/indoor/1425_bedroom-NW/R0012945.JPG,20240331,6311 Darlington Rd,indoor,40.437322,-79.918656,348.2,0.0,RICOH THETA Z1,2024:03:31 14:26:24,2024-03-31T18:24:19Z,
pano2pano,20240331/6311 Darlington Rd/indoor/1425_bedroom-NW/R0012944.JPG,20240331,6311 Darlington Rd,indoor,40.437322,-79.918656,348.2,0.9,RICOH THETA Z1,2024:03:31 14:26:17,2024-03-31T18:24:19Z,
pano2pano,20240331/6311 Darlington Rd/indoor/1425_bedroom-NW/R0012946.JPG,20240331,6311 Darlington Rd,indoor,40.437322,-79.918656,348.2,3.9,RICOH THETA Z1,2024:03:31 14:26:30,2024-03-31T18:24:19Z,
pano2pano,20240331/6311 Darlington Rd/indoor/1425_bedroom-NW/R0012947.JPG,20240331,6311 Darlington Rd,indoor,40.437322,-79.918656,348.2,4.3,RICOH THETA Z1,2024:03:31 14:26:35,2024-03-31T18:24:19Z,
pano2pano,20240331/6311 Darlington Rd/indoor/1425_bedroom-NW/R0012943.JPG,20240331,6311 Darlington Rd,indoor,40.437322,-79.918656,348.2,358.7,RICOH THETA Z1,2024:03:31 14:26:11,2024-03-31T18:24:19Z,
pano2pano,20240331/6311 Darlington Rd/indoor/1425_bedroom-NW/R0012942.JPG,20240331,6311 Darlington Rd,indoor,40.437322,-79.918656,348.2,359.3,RICOH THETA Z1,2024:03:31 14:26:05,2024-03-31T18:24:19Z,
pano2pano,20240331/6311 Darlington Rd/indoor/1425_bedroom-NW/R0012939.JPG,20240331,6311 Darlington Rd,indoor,40.437322,-79.918656,348.2,0.6,RICOH THETA Z1,2024:03:31 14:25:44,2024-03-31T18:24:19Z,
pano2pano,20240331/6311 Darlington Rd/indoor/1425_bedroom-NW/R0012940.JPG,20240331,6311 Darlington Rd,indoor,40.437322,-79.918656,348.2,358.2,RICOH THETA Z1,2024:03:31 14:25:51,2024-03-31T18:24:19Z,
pano2pano,20240331/6311 Darlington Rd/indoor/1425_bedroom-NW/R0012941.JPG,20240331,6311 Darlington Rd,indoor,40.437322,-79.918656,348.2,0.7,RICOH THETA Z1,2024:03:31 14:25:59,2024-03-31T18:24:19Z,
pano2pano,20240331/6311 Darlington Rd/indoor/1423_bedroom-NW/R0012937.JPG,20240331,6311 Darlington Rd,indoor,40.437294,-79.918631,353.9,3.8,RICOH THETA Z1,2024:03:31 14:23:58,2024-03-31T18:21:26Z,
pano2pano,20240331/6311 Darlington Rd/indoor/1423_bedroom-NW/R0012936.JPG,20240331,6311 Darlington Rd,indoor,40.437294,-79.918631,353.9,0.6,RICOH THETA Z1,2024:03:31 14:23:52,2024-03-31T18:21:26Z,
pano2pano,20240331/6311 Darlington Rd/indoor/1423_bedroom-NW/R0012934.JPG,20240331,6311 Darlington Rd,indoor,40.437294,-79.918631,353.9,359.9,RICOH THETA Z1,2024:03:31 14:23:40,2024-03-31T18:21:26Z,
pano2pano,20240331/6311 Darlington Rd/indoor/1423_bedroom-NW/R0012935.JPG,20240331,6311 Darlington Rd,indoor,40.437294,-79.918631,353.9,3.7,RICOH THETA Z1,2024:03:31 14:23:46,2024-03-31T18:21:26Z,
pano2pano,20240331/6311 Darlington Rd/indoor/1423_bedroom-NW/R0012931.JPG,20240331,6311 Darlington Rd,indoor,40.437294,-79.918631,353.9,359.5,RICOH THETA Z1,2024:03:31 14:23:20,2024-03-31T18:21:26Z,
pano2pano,20240331/6311 Darlington Rd/indoor/1423_bedroom-NW/R0012938.JPG,20240331,6311 Darlington Rd,indoor,40.437294,-79.918631,353.9,359.6,RICOH THETA Z1,2024:03:31 14:24:04,2024-03-31T18:21:26Z,
pano2pano,20240331/6311 Darlington Rd/indoor/1423_bedroom-NW/R0012930.JPG,20240331,6311 Darlington Rd,indoor,40.437294,-79.918631,353.9,1.7,RICOH THETA Z1,2024:03:31 14:23:13,2024-03-31T18:21:26Z,
pano2pano,20240331/6311 Darlington Rd/indoor/1423_bedroom-NW/R0012932.JPG,20240331,6311 Darlington Rd,indoor,40.437294,-79.918631,353.9,3.3,RICOH THETA Z1,2024:03:31 14:23:27,2024-03-31T18:21:26Z,
pano2pano,20240331/6311 Darlington Rd/indoor/1423_bedroom-NW/R0012933.JPG,20240331,6311 Darlington Rd,indoor,40.437294,-79.918631,353.9,358.0,RICOH THETA Z1,2024:03:31 14:23:34,2024-03-31T18:21:26Z,
pano2pano,20240326/highland plaza apt/indoor/1243_living+lit/R0012329.JPG,20240326,highland plaza apt,indoor,40.457125,-79.9251,291.9,86.4,RICOH THETA Z1,2024:03:26 12:43:28,2024-03-26T16:41:15Z,
pano2pano,20240326/highland plaza apt/indoor/1243_living+lit/R0012335.JPG,20240326,highland plaza apt,indoor,40.457125,-79.9251,291.9,80.5,RICOH THETA Z1,2024:03:26 12:44:06,2024-03-26T16:41:15Z,
pano2pano,20240326/highland plaza apt/indoor/1243_living+lit/R0012334.JPG,20240326,highland plaza apt,indoor,40.457125,-79.9251,291.9,91.9,RICOH THETA Z1,2024:03:26 12:44:00,2024-03-26T16:41:15Z,
pano2pano,20240326/highland plaza apt/indoor/1243_living+lit/R0012328.JPG,20240326,highland plaza apt,indoor,40.457125,-79.9251,291.9,93.2,RICOH THETA Z1,2024:03:26 12:43:22,2024-03-26T16:41:15Z,
pano2pano,20240326/highland plaza apt/indoor/1243_living+lit/R0012330.JPG,20240326,highland plaza apt,indoor,40.457125,-79.9251,291.9,92.2,RICOH THETA Z1,2024:03:26 12:43:35,2024-03-26T16:41:15Z,
pano2pano,20240326/highland plaza apt/indoor/1243_living+lit/R0012331.JPG,20240326,highland plaza apt,indoor,40.457125,-79.9251,291.9,92.6,RICOH THETA Z1,2024:03:26 12:43:41,2024-03-26T16:41:15Z,
pano2pano,20240326/highland plaza apt/indoor/1243_living+lit/R0012333.JPG,20240326,highland plaza apt,indoor,40.457125,-79.9251,291.9,88.1,RICOH THETA Z1,2024:03:26 12:43:54,2024-03-26T16:41:15Z,
pano2pano,20240326/highland plaza apt/indoor/1243_living+lit/R0012327.JPG,20240326,highland plaza apt,indoor,40.457125,-79.9251,291.9,92.4,RICOH THETA Z1,2024:03:26 12:43:14,2024-03-26T16:41:15Z,
pano2pano,20240326/highland plaza apt/indoor/1243_living+lit/R0012332.JPG,20240326,highland plaza apt,indoor,40.457125,-79.9251,291.9,92.5,RICOH THETA Z1,2024:03:26 12:43:48,2024-03-26T16:41:15Z,
pano2pano,20240331/6311 Darlington Rd/outdoor/1428_bedroom-NW/R0012951.JPG,20240331,6311 Darlington Rd,outdoor,40.437367,-79.918556,350.3,42.3,RICOH THETA Z1,2024:03:31 14:29:55,2024-03-31T18:29:22Z,
pano2pano,20240331/6311 Darlington Rd/outdoor/1428_bedroom-NW/R0012950.JPG,20240331,6311 Darlington Rd,outdoor,40.437367,-79.918556,350.3,46.2,RICOH THETA Z1,2024:03:31 14:29:49,2024-03-31T18:29:22Z,
pano2pano,20240331/6311 Darlington Rd/outdoor/1428_bedroom-NW/R0012952.JPG,20240331,6311 Darlington Rd,outdoor,40.437367,-79.918556,350.3,47.8,RICOH THETA Z1,2024:03:31 14:30:01,2024-03-31T18:29:22Z,
pano2pano,20240331/6311 Darlington Rd/outdoor/1428_bedroom-NW/R0012953.JPG,20240331,6311 Darlington Rd,outdoor,40.437367,-79.918556,350.3,44.9,RICOH THETA Z1,2024:03:31 14:30:08,2024-03-31T18:29:22Z,
pano2pano,20240331/6311 Darlington Rd/outdoor/1428_bedroom-NW/R0012956.JPG,20240331,6311 Darlington Rd,outdoor,40.437367,-79.918556,350.3,44.3,RICOH THETA Z1,2024:03:31 14:30:27,2024-03-31T18:29:22Z,
pano2pano,20240331/6311 Darlington Rd/outdoor/1428_bedroom-NW/R0012954.JPG,20240331,6311 Darlington Rd,outdoor,40.437367,-79.918556,350.3,41.2,RICOH THETA Z1,2024:03:31 14:30:14,2024-03-31T18:29:22Z,
pano2pano,20240331/6311 Darlington Rd/outdoor/1428_bedroom-NW/R0012948.JPG,20240331,6311 Darlington Rd,outdoor,40.437367,-79.918556,350.3,44.0,RICOH THETA Z1,2024:03:31 14:29:35,2024-03-31T18:29:22Z,
pano2pano,20240331/6311 Darlington Rd/outdoor/1428_bedroom-NW/R0012949.JPG,20240331,6311 Darlington Rd,outdoor,40.437367,-79.918556,350.3,42.9,RICOH THETA Z1,2024:03:31 14:29:43,2024-03-31T18:29:22Z,
pano2pano,20240331/6311 Darlington Rd/outdoor/1428_bedroom-NW/R0012955.JPG,20240331,6311 Darlington Rd,outdoor,40.437367,-79.918556,350.3,46.5,RICOH THETA Z1,2024:03:31 14:30:21,2024-03-31T18:29:22Z,
pano2pano,20240326/highland plaza apt/indoor/1303_bedroom+lit/R0012381.JPG,20240326,highland plaza apt,indoor,40.457169,-79.925156,295.3,198.5,RICOH THETA Z1,2024:03:26 13:01:57,2024-03-26T17:00:29Z,
pano2pano,20240326/highland plaza apt/indoor/1303_bedroom+lit/R0012388.JPG,20240326,highland plaza apt,indoor,40.457169,-79.925156,295.3,181.6,RICOH THETA Z1,2024:03:26 13:02:43,2024-03-26T17:00:29Z,
pano2pano,20240326/highland plaza apt/indoor/1303_bedroom+lit/R0012389.JPG,20240326,highland plaza apt,indoor,40.457169,-79.925156,295.3,192.9,RICOH THETA Z1,2024:03:26 13:02:49,2024-03-26T17:00:29Z,
pano2pano,20240326/highland plaza apt/indoor/1303_bedroom+lit/R0012382.JPG,20240326,highland plaza apt,indoor,40.457169,-79.925156,295.3,196.5,RICOH THETA Z1,2024:03:26 13:02:04,2024-03-26T17:00:29Z,
pano2pano,20240326/highland plaza apt/indoor/1303_bedroom+lit/R0012383.JPG,20240326,highland plaza apt,indoor,40.457169,-79.925156,295.3,190.1,RICOH THETA Z1,2024:03:26 13:02:11,2024-03-26T17:00:29Z,
pano2pano,20240326/highland plaza apt/indoor/1303_bedroom+lit/R0012387.JPG,20240326,highland plaza apt,indoor,40.457169,-79.925156,295.3,186.3,RICOH THETA Z1,2024:03:26 13:02:37,2024-03-26T17:00:29Z,
pano2pano,20240326/highland plaza apt/indoor/1303_bedroom+lit/R0012386.JPG,20240326,highland plaza apt,indoor,40.457169,-79.925156,295.3,193.7,RICOH THETA Z1,2024:03:26 13:02:31,2024-03-26T17:00:29Z,
pano2pano,20240326/highland plaza apt/indoor/1303_bedroom+lit/R0012384.JPG,20240326,highland plaza apt,indoor,40.457169,-79.925156,295.3,207.1,RICOH THETA Z1,2024:03:26 13:02:18,2024-03-26T17:00:29Z,
pano2pano,20240326/highland plaza apt/indoor/1303_bedroom+lit/R0012385.JPG,20240326,highland plaza apt,indoor,40.457169,-79.925156,295.3,183.2,RICOH THETA Z1,2024:03:26 13:02:25,2024-03-26T17:00:29Z,
pano2pano,20240326/highland plaza apt/indoor/1239_kitchen+lit/R0012321.JPG,20240326,highland plaza apt,indoor,40.457136,-79.925072,291.9,291.3,RICOH THETA Z1,2024:03:26 12:40:37,2024-03-26T16:39:08Z,
pano2pano,20240326/highland plaza apt/indoor/1239_kitchen+lit/R0012320.JPG,20240326,highland plaza apt,indoor,40.457136,-79.925072,291.9,285.5,RICOH THETA Z1,2024:03:26 12:40:31,2024-03-26T16:39:08Z,
pano2pano,20240326/highland plaza apt/indoor/1239_kitchen+lit/R0012322.JPG,20240326,highland plaza apt,indoor,40.457136,-79.925072,291.9,285.7,RICOH THETA Z1,2024:03:26 12:40:44,2024-03-26T16:39:08Z,
pano2pano,20240326/highland plaza apt/indoor/1239_kitchen+lit/R0012323.JPG,20240326,highland plaza apt,indoor,40.457136,-79.925072,291.9,294.2,RICOH THETA Z1,2024:03:26 12:40:50,2024-03-26T16:39:08Z,
pano2pano,20240326/highland plaza apt/indoor/1239_kitchen+lit/R0012318.JPG,20240326,highland plaza apt,indoor,40.457136,-79.925072,291.9,286.1,RICOH THETA Z1,2024:03:26 12:40:17,2024-03-26T16:39:08Z,
pano2pano,20240326/highland plaza apt/indoor/1239_kitchen+lit/R0012326.JPG,20240326,highland plaza apt,indoor,40.457136,-79.925072,291.9,288.8,RICOH THETA Z1,2024:03:26 12:41:09,2024-03-26T16:39:08Z,
pano2pano,20240326/highland plaza apt/indoor/1239_kitchen+lit/R0012319.JPG,20240326,highland plaza apt,indoor,40.457136,-79.925072,291.9,282.3,RICOH THETA Z1,2024:03:26 12:40:24,2024-03-26T16:39:08Z,
pano2pano,20240326/highland plaza apt/indoor/1239_kitchen+lit/R0012324.JPG,20240326,highland plaza apt,indoor,40.457136,-79.925072,291.9,290.5,RICOH THETA Z1,2024:03:26 12:40:56,2024-03-26T16:39:08Z,
pano2pano,20240326/highland plaza apt/indoor/1239_kitchen+lit/R0012325.JPG,20240326,highland plaza apt,indoor,40.457136,-79.925072,291.9,285.2,RICOH THETA Z1,2024:03:26 12:41:02,2024-03-26T16:39:08Z,
pano2pano,20240331/6311 Darlington Rd/indoor/1418_bedroom-NW+lit/R0012912.JPG,20240331,6311 Darlington Rd,indoor,40.437369,-79.918556,347.9,11.4,RICOH THETA Z1,2024:03:31 14:18:13,2024-03-31T18:18:02Z,
pano2pano,20240331/6311 Darlington Rd/indoor/1418_bedroom-NW+lit/R0012913.JPG,20240331,6311 Darlington Rd,indoor,40.437369,-79.918556,347.9,10.2,RICOH THETA Z1,2024:03:31 14:18:21,2024-03-31T18:18:02Z,
pano2pano,20240331/6311 Darlington Rd/indoor/1418_bedroom-NW+lit/R0012918.JPG,20240331,6311 Darlington Rd,indoor,40.437369,-79.918556,347.9,5.4,RICOH THETA Z1,2024:03:31 14:18:53,2024-03-31T18:18:02Z,
pano2pano,20240331/6311 Darlington Rd/indoor/1418_bedroom-NW+lit/R0012919.JPG,20240331,6311 Darlington Rd,indoor,40.437369,-79.918556,347.9,8.1,RICOH THETA Z1,2024:03:31 14:19:00,2024-03-31T18:18:02Z,
pano2pano,20240331/6311 Darlington Rd/indoor/1418_bedroom-NW+lit/R0012914.JPG,20240331,6311 Darlington Rd,indoor,40.437369,-79.918556,347.9,3.4,RICOH THETA Z1,2024:03:31 14:18:28,2024-03-31T18:18:02Z,
pano2pano,20240331/6311 Darlington Rd/indoor/1418_bedroom-NW+lit/R0012915.JPG,20240331,6311 Darlington Rd,indoor,40.437369,-79.918556,347.9,3.8,RICOH THETA Z1,2024:03:31 14:18:34,2024-03-31T18:18:02Z,
pano2pano,20240331/6311 Darlington Rd/indoor/1418_bedroom-NW+lit/R0012917.JPG,20240331,6311 Darlington Rd,indoor,40.437369,-79.918556,347.9,6.2,RICOH THETA Z1,2024:03:31 14:18:47,2024-03-31T18:18:02Z,
pano2pano,20240331/6311 Darlington Rd/indoor/1418_bedroom-NW+lit/R0012916.JPG,20240331,6311 Darlington Rd,indoor,40.437369,-79.918556,347.9,8.4,RICOH THETA Z1,2024:03:31 14:18:41,2024-03-31T18:18:02Z,
pano2pano,20240331/6311 Darlington Rd/indoor/1418_bedroom-NW+lit/R0012920.JPG,20240331,6311 Darlington Rd,indoor,40.437369,-79.918556,347.9,1.7,RICOH THETA Z1,2024:03:31 14:19:05,2024-03-31T18:18:02Z,
