dataset,date_folder,scene_folder,zip_entry,indoor_outdoor,datetime_utc,datetime_local,lat,lon,sun_azimuth_deg,sun_elevation_deg,is_daytime,camera_heading_deg,camera_to_sun_angle_deg,sun_roughly_ahead_of_camera
cali_hdr,20230521,pano,20230521/pano/coda320_16:56/R0010926.JPG,indoor,2023-05-21T20:55:40Z,2023:05:21 16:56:25,40.458275,-79.93205,263.52,39.51,True,265.4,1.9,True
cali_hdr,20230521,pano,20230521/pano/coda320_16:56/R0010921.JPG,indoor,2023-05-21T20:55:40Z,2023:05:21 16:55:52,40.458275,-79.93205,263.52,39.51,True,263.8,0.3,True
cali_hdr,20230521,pano,20230521/pano/coda320_16:56/R0010928.JPG,indoor,2023-05-21T20:55:40Z,2023:05:21 16:56:38,40.458275,-79.93205,263.52,39.51,True,261.4,2.1,True
cali_hdr,20230521,pano,20230521/pano/coda320_16:56/R0010927.JPG,indoor,2023-05-21T20:55:40Z,2023:05:21 16:56:32,40.458275,-79.93205,263.52,39.51,True,263.8,0.3,True
cali_hdr,20230521,pano,20230521/pano/coda320_16:56/R0010922.JPG,indoor,2023-05-21T20:55:40Z,2023:05:21 16:55:59,40.458275,-79.93205,263.52,39.51,True,267.8,4.3,True
cali_hdr,20230521,pano,20230521/pano/coda320_16:56/R0010923.JPG,indoor,2023-05-21T20:55:40Z,2023:05:21 16:56:06,40.458275,-79.93205,263.52,39.51,True,265.4,1.9,True
cali_hdr,20230521,pano,20230521/pano/coda320_16:56/R0010929.JPG,indoor,2023-05-21T20:55:40Z,2023:05:21 16:56:43,40.458275,-79.93205,263.52,39.51,True,261.0,2.5,True
cali_hdr,20230521,pano,20230521/pano/coda320_16:56/R0010925.JPG,indoor,2023-05-21T20:55:40Z,2023:05:21 16:56:19,40.458275,-79.93205,263.52,39.51,True,261.2,2.3,True
cali_hdr,20230521,pano,20230521/pano/coda320_16:56/R0010924.JPG,indoor,2023-05-21T20:55:40Z,2023:05:21 16:56:12,40.458275,-79.93205,263.52,39.51,True,262.4,1.1,True
cali_hdr,20230521,pano,20230521/pano/coda320_13:59/R0010898.JPG,indoor,2023-05-21T17:58:39Z,2023:05:21 13:59:18,40.458256,-79.93205,207.19,67.86,True,267.9,60.7,True
cali_hdr,20230521,pano,20230521/pano/coda320_13:59/R0010896.JPG,indoor,2023-05-21T17:58:39Z,2023:05:21 13:59:06,40.458256,-79.93205,207.19,67.86,True,265.1,57.9,True
cali_hdr,20230521,pano,20230521/pano/coda320_13:59/R0010895.JPG,indoor,2023-05-21T17:58:39Z,2023:05:21 13:58:59,40.458256,-79.93205,207.19,67.86,True,265.6,58.4,True
cali_hdr,20230521,pano,20230521/pano/coda320_13:59/R0010902.JPG,indoor,2023-05-21T17:58:39Z,2023:05:21 13:59:45,40.458256,-79.93205,207.19,67.86,True,265.1,57.9,True
cali_hdr,20230521,pano,20230521/pano/coda320_13:59/R0010894.JPG,indoor,2023-05-21T17:58:39Z,2023:05:21 13:58:52,40.458256,-79.93205,207.19,67.86,True,269.4,62.2,True
cali_hdr,20230521,pano,20230521/pano/coda320_13:59/R0010901.JPG,indoor,2023-05-21T17:58:39Z,2023:05:21 13:59:38,40.458256,-79.93205,207.19,67.86,True,268.6,61.4,True
cali_hdr,20230521,pano,20230521/pano/coda320_13:59/R0010899.JPG,indoor,2023-05-21T17:58:39Z,2023:05:21 13:59:25,40.458256,-79.93205,207.19,67.86,True,265.2,58.0,True
cali_hdr,20230521,pano,20230521/pano/coda320_13:59/R0010897.JPG,indoor,2023-05-21T17:58:39Z,2023:05:21 13:59:12,40.458256,-79.93205,207.19,67.86,True,260.8,53.6,True
cali_hdr,20230521,pano,20230521/pano/coda320_13:59/R0010900.JPG,indoor,2023-05-21T17:58:39Z,2023:05:21 13:59:32,40.458256,-79.93205,207.19,67.86,True,265.9,58.7,True
cali_hdr,20230521,pano,20230521/pano/coda320_14:59/R0010908.JPG,indoor,2023-05-21T18:59:04Z,2023:05:21 14:59:48,40.458256,-79.932053,234.94,60.23,True,263.1,28.2,True
cali_hdr,20230521,pano,20230521/pano/coda320_14:59/R0010911.JPG,indoor,2023-05-21T18:59:04Z,2023:05:21 15:00:08,40.458256,-79.932053,234.94,60.23,True,260.8,25.9,True
cali_hdr,20230521,pano,20230521/pano/coda320_14:59/R0010907.JPG,indoor,2023-05-21T18:59:04Z,2023:05:21 14:59:41,40.458256,-79.932053,234.94,60.23,True,259.2,24.3,True
cali_hdr,20230521,pano,20230521/pano/coda320_14:59/R0010909.JPG,indoor,2023-05-21T18:59:04Z,2023:05:21 14:59:55,40.458256,-79.932053,234.94,60.23,True,266.0,31.1,True
cali_hdr,20230521,pano,20230521/pano/coda320_14:59/R0010910.JPG,indoor,2023-05-21T18:59:04Z,2023:05:21 15:00:02,40.458256,-79.932053,234.94,60.23,True,263.3,28.4,True
cali_hdr,20230521,pano,20230521/pano/coda320_14:59/R0010904.JPG,indoor,2023-05-21T18:59:04Z,2023:05:21 14:59:22,40.458256,-79.932053,234.94,60.23,True,262.4,27.5,True
cali_hdr,20230521,pano,20230521/pano/coda320_14:59/R0010905.JPG,indoor,2023-05-21T18:59:04Z,2023:05:21 14:59:29,40.458256,-79.932053,234.94,60.23,True,268.5,33.6,True
cali_hdr,20230521,pano,20230521/pano/coda320_14:59/R0010903.JPG,indoor,2023-05-21T18:59:04Z,2023:05:21 14:59:15,40.458256,-79.932053,234.94,60.23,True,258.6,23.7,True
cali_hdr,20230521,pano,20230521/pano/coda320_14:59/R0010906.JPG,indoor,2023-05-21T18:59:04Z,2023:05:21 14:59:35,40.458256,-79.932053,234.94,60.23,True,265.7,30.8,True
cali_hdr,20230521,pano,20230521/pano/coda320_12:00/R0010884.JPG,indoor,2023-05-21T15:59:20Z,2023:05:21 12:00:24,40.458258,-79.932044,135.22,63.95,True,274.0,138.8,False
cali_hdr,20230521,pano,20230521/pano/coda320_12:00/R0010876.JPG,indoor,2023-05-21T15:59:20Z,2023:05:21 11:59:32,40.458258,-79.932044,135.22,63.95,True,265.1,129.9,False
cali_hdr,20230521,pano,20230521/pano/coda320_12:00/R0010880.JPG,indoor,2023-05-21T15:59:20Z,2023:05:21 11:59:58,40.458258,-79.932044,135.22,63.95,True,268.2,133.0,False
cali_hdr,20230521,pano,20230521/pano/coda320_12:00/R0010879.JPG,indoor,2023-05-21T15:59:20Z,2023:05:21 11:59:52,40.458258,-79.932044,135.22,63.95,True,262.9,127.7,False
cali_hdr,20230521,pano,20230521/pano/coda320_12:00/R0010883.JPG,indoor,2023-05-21T15:59:20Z,2023:05:21 12:00:18,40.458258,-79.932044,135.22,63.95,True,264.4,129.2,False
cali_hdr,20230521,pano,20230521/pano/coda320_12:00/R0010878.JPG,indoor,2023-05-21T15:59:20Z,2023:05:21 11:59:46,40.458258,-79.932044,135.22,63.95,True,261.7,126.5,False
cali_hdr,20230521,pano,20230521/pano/coda320_12:00/R0010881.JPG,indoor,2023-05-21T15:59:20Z,2023:05:21 12:00:05,40.458258,-79.932044,135.22,63.95,True,261.1,125.9,False
cali_hdr,20230521,pano,20230521/pano/coda320_12:00/R0010877.JPG,indoor,2023-05-21T15:59:20Z,2023:05:21 11:59:39,40.458258,-79.932044,135.22,63.95,True,263.9,128.7,False
cali_hdr,20230521,pano,20230521/pano/coda320_12:00/R0010882.JPG,indoor,2023-05-21T15:59:20Z,2023:05:21 12:00:12,40.458258,-79.932044,135.22,63.95,True,263.4,128.2,False
cali_hdr,20230521,pano,20230521/pano/coda320_10:00/R0010865.JPG,indoor,2023-05-21T14:00:01Z,2023:05:21 10:01:00,40.458258,-79.932044,100.86,43.79,True,262.8,161.9,False
cali_hdr,20230521,pano,20230521/pano/coda320_10:00/R0010866.JPG,indoor,2023-05-21T14:00:01Z,2023:05:21 10:01:07,40.458258,-79.932044,100.86,43.79,True,265.7,164.8,False
cali_hdr,20230521,pano,20230521/pano/coda320_10:00/R0010859.JPG,indoor,2023-05-21T14:00:01Z,2023:05:21 10:00:21,40.458258,-79.932044,100.86,43.79,True,265.5,164.6,False
cali_hdr,20230521,pano,20230521/pano/coda320_10:00/R0010863.JPG,indoor,2023-05-21T14:00:01Z,2023:05:21 10:00:48,40.458258,-79.932044,100.86,43.79,True,265.2,164.3,False
cali_hdr,20230521,pano,20230521/pano/coda320_10:00/R0010861.JPG,indoor,2023-05-21T14:00:01Z,2023:05:21 10:00:35,40.458258,-79.932044,100.86,43.79,True,267.7,166.8,False
cali_hdr,20230521,pano,20230521/pano/coda320_10:00/R0010864.JPG,indoor,2023-05-21T14:00:01Z,2023:05:21 10:00:54,40.458258,-79.932044,100.86,43.79,True,264.8,163.9,False
cali_hdr,20230521,pano,20230521/pano/coda320_10:00/R0010860.JPG,indoor,2023-05-21T14:00:01Z,2023:05:21 10:00:28,40.458258,-79.932044,100.86,43.79,True,265.4,164.5,False
cali_hdr,20230521,pano,20230521/pano/coda320_10:00/R0010858.JPG,indoor,2023-05-21T14:00:01Z,2023:05:21 10:00:13,40.458258,-79.932044,100.86,43.79,True,267.9,167.0,False
cali_hdr,20230521,pano,20230521/pano/coda320_10:00/R0010862.JPG,indoor,2023-05-21T14:00:01Z,2023:05:21 10:00:41,40.458258,-79.932044,100.86,43.79,True,264.6,163.7,False
cali_hdr,20230521,pano,20230521/pano/coda320_13:00/R0010885.JPG,indoor,2023-05-21T16:59:40Z,2023:05:21 12:59:52,40.458253,-79.932047,168.79,69.47,True,265.9,97.1,False
cali_hdr,20230521,pano,20230521/pano/coda320_13:00/R0010887.JPG,indoor,2023-05-21T16:59:40Z,2023:05:21 13:00:06,40.458253,-79.932047,168.79,69.47,True,268.3,99.5,False
cali_hdr,20230521,pano,20230521/pano/coda320_13:00/R0010886.JPG,indoor,2023-05-21T16:59:40Z,2023:05:21 12:59:59,40.458253,-79.932047,168.79,69.47,True,257.7,88.9,True
cali_hdr,20230521,pano,20230521/pano/coda320_13:00/R0010891.JPG,indoor,2023-05-21T16:59:40Z,2023:05:21 13:00:31,40.458253,-79.932047,168.79,69.47,True,260.3,91.5,False
cali_hdr,20230521,pano,20230521/pano/coda320_13:00/R0010893.JPG,indoor,2023-05-21T16:59:40Z,2023:05:21 13:00:43,40.458253,-79.932047,168.79,69.47,True,262.8,94.0,False
cali_hdr,20230521,pano,20230521/pano/coda320_13:00/R0010888.JPG,indoor,2023-05-21T16:59:40Z,2023:05:21 13:00:12,40.458253,-79.932047,168.79,69.47,True,258.8,90.0,False
cali_hdr,20230521,pano,20230521/pano/coda320_13:00/R0010889.JPG,indoor,2023-05-21T16:59:40Z,2023:05:21 13:00:19,40.458253,-79.932047,168.79,69.47,True,267.1,98.3,False
cali_hdr,20230521,pano,20230521/pano/coda320_13:00/R0010890.JPG,indoor,2023-05-21T16:59:40Z,2023:05:21 13:00:25,40.458253,-79.932047,168.79,69.47,True,262.6,93.8,False
cali_hdr,20230521,pano,20230521/pano/coda320_13:00/R0010892.JPG,indoor,2023-05-21T16:59:40Z,2023:05:21 13:00:37,40.458253,-79.932047,168.79,69.47,True,264.7,95.9,False
cali_hdr,20230521,pano,20230521/pano/coda320_11:00/R0010870.JPG,indoor,2023-05-21T14:59:40Z,2023:05:21 11:00:13,40.458247,-79.932053,114.57,54.6,True,266.6,152.0,False
cali_hdr,20230521,pano,20230521/pano/coda320_11:00/R0010867.JPG,indoor,2023-05-21T14:59:40Z,2023:05:21 10:59:52,40.458247,-79.932053,114.57,54.6,True,265.1,150.5,False
cali_hdr,20230521,pano,20230521/pano/coda320_11:00/R0010875.JPG,indoor,2023-05-21T14:59:40Z,2023:05:21 11:00:44,40.458247,-79.932053,114.57,54.6,True,268.5,153.9,False
cali_hdr,20230521,pano,20230521/pano/coda320_11:00/R0010874.JPG,indoor,2023-05-21T14:59:40Z,2023:05:21 11:00:38,40.458247,-79.932053,114.57,54.6,True,268.2,153.6,False
cali_hdr,20230521,pano,20230521/pano/coda320_11:00/R0010869.JPG,indoor,2023-05-21T14:59:40Z,2023:05:21 11:00:07,40.458247,-79.932053,114.57,54.6,True,264.3,149.7,False
cali_hdr,20230521,pano,20230521/pano/coda320_11:00/R0010872.JPG,indoor,2023-05-21T14:59:40Z,2023:05:21 11:00:26,40.458247,-79.932053,114.57,54.6,True,263.9,149.3,False
cali_hdr,20230521,pano,20230521/pano/coda320_11:00/R0010871.JPG,indoor,2023-05-21T14:59:40Z,2023:05:21 11:00:19,40.458247,-79.932053,114.57,54.6,True,267.0,152.4,False
cali_hdr,20230521,pano,20230521/pano/coda320_11:00/R0010873.JPG,indoor,2023-05-21T14:59:40Z,2023:05:21 11:00:32,40.458247,-79.932053,114.57,54.6,True,264.9,150.3,False
cali_hdr,20230521,pano,20230521/pano/coda320_11:00/R0010868.JPG,indoor,2023-05-21T14:59:40Z,2023:05:21 11:00:00,40.458247,-79.932053,114.57,54.6,True,266.5,151.9,False
cali_hdr,20230521,pano,20230521/pano/coda320_15:59/R0010920.JPG,indoor,2023-05-21T19:58:48Z,2023:05:21 15:59:51,40.458253,-79.932067,251.98,50.06,True,267.0,15.0,True
cali_hdr,20230521,pano,20230521/pano/coda320_15:59/R0010913.JPG,indoor,2023-05-21T19:58:48Z,2023:05:21 15:59:06,40.458253,-79.932067,251.98,50.06,True,259.9,7.9,True
cali_hdr,20230521,pano,20230521/pano/coda320_15:59/R0010917.JPG,indoor,2023-05-21T19:58:48Z,2023:05:21 15:59:32,40.458253,-79.932067,251.98,50.06,True,265.0,13.0,True
cali_hdr,20230521,pano,20230521/pano/coda320_15:59/R0010918.JPG,indoor,2023-05-21T19:58:48Z,2023:05:21 15:59:39,40.458253,-79.932067,251.98,50.06,True,268.7,16.7,True
cali_hdr,20230521,pano,20230521/pano/coda320_15:59/R0010916.JPG,indoor,2023-05-21T19:58:48Z,2023:05:21 15:59:26,40.458253,-79.932067,251.98,50.06,True,263.5,11.5,True
cali_hdr,20230521,pano,20230521/pano/coda320_15:59/R0010912.JPG,indoor,2023-05-21T19:58:48Z,2023:05:21 15:58:59,40.458253,-79.932067,251.98,50.06,True,261.1,9.1,True
cali_hdr,20230521,pano,20230521/pano/coda320_15:59/R0010915.JPG,indoor,2023-05-21T19:58:48Z,2023:05:21 15:59:19,40.458253,-79.932067,251.98,50.06,True,270.5,18.5,True
cali_hdr,20230521,pano,20230521/pano/coda320_15:59/R0010919.JPG,indoor,2023-05-21T19:58:48Z,2023:05:21 15:59:46,40.458253,-79.932067,251.98,50.06,True,269.3,17.3,True
cali_hdr,20230521,pano,20230521/pano/coda320_15:59/R0010914.JPG,indoor,2023-05-21T19:58:48Z,2023:05:21 15:59:12,40.458253,-79.932067,251.98,50.06,True,266.6,14.6,True
cali_hdr,20221006,theta,20221006/theta/1f_bed_14:14/R0010216.JPG,indoor,2022-10-06T18:08:59Z,2022:10:06 14:13:43,40.363522,-80.187117,200.45,42.29,True,,,
cali_hdr,20221006,theta,20221006/theta/1f_bed_14:14/R0010209.JPG,indoor,2022-10-06T18:08:59Z,2022:10:06 14:12:56,40.363522,-80.187117,200.45,42.29,True,,,
cali_hdr,20221006,theta,20221006/theta/1f_bed_14:14/R0010217.JPG,indoor,2022-10-06T18:08:59Z,2022:10:06 14:13:48,40.363522,-80.187117,200.45,42.29,True,,,
cali_hdr,20221006,theta,20221006/theta/1f_bed_14:14/R0010214.JPG,indoor,2022-10-06T18:08:59Z,2022:10:06 14:13:30,40.363522,-80.187117,200.45,42.29,True,,,
cali_hdr,20221006,theta,20221006/theta/1f_bed_14:14/R0010212.JPG,indoor,2022-10-06T18:08:59Z,2022:10:06 14:13:17,40.363522,-80.187117,200.45,42.29,True,,,
cali_hdr,20221006,theta,20221006/theta/1f_bed_14:14/R0010211.JPG,indoor,2022-10-06T18:08:59Z,2022:10:06 14:13:11,40.363522,-80.187117,200.45,42.29,True,,,
cali_hdr,20221006,theta,20221006/theta/1f_bed_14:14/R0010215.JPG,indoor,2022-10-06T18:08:59Z,2022:10:06 14:13:36,40.363522,-80.187117,200.45,42.29,True,,,
cali_hdr,20221006,theta,20221006/theta/1f_bed_14:14/R0010213.JPG,indoor,2022-10-06T18:08:59Z,2022:10:06 14:13:23,40.363522,-80.187117,200.45,42.29,True,,,
cali_hdr,20221006,theta,20221006/theta/1f_bed_14:14/R0010210.JPG,indoor,2022-10-06T18:08:59Z,2022:10:06 14:13:04,40.363522,-80.187117,200.45,42.29,True,,,
cali_hdr,20221006,theta,20221006/theta/1f_bed_16:05/R0010308.JPG,indoor,2022-10-06T20:03:58Z,2022:10:06 16:04:55,40.363517,-80.187389,232.1,29.18,True,,,
cali_hdr,20221006,theta,20221006/theta/1f_bed_16:05/R0010305.JPG,indoor,2022-10-06T20:03:58Z,2022:10:06 16:04:36,40.363517,-80.187389,232.1,29.18,True,,,
cali_hdr,20221006,theta,20221006/theta/1f_bed_16:05/R0010306.JPG,indoor,2022-10-06T20:03:58Z,2022:10:06 16:04:43,40.363517,-80.187389,232.1,29.18,True,,,
cali_hdr,20221006,theta,20221006/theta/1f_bed_16:05/R0010307.JPG,indoor,2022-10-06T20:03:58Z,2022:10:06 16:04:49,40.363517,-80.187389,232.1,29.18,True,,,
cali_hdr,20221006,theta,20221006/theta/1f_bed_16:05/R0010302.JPG,indoor,2022-10-06T20:03:58Z,2022:10:06 16:04:17,40.363517,-80.187389,232.1,29.18,True,,,
cali_hdr,20221006,theta,20221006/theta/1f_bed_16:05/R0010304.JPG,indoor,2022-10-06T20:03:58Z,2022:10:06 16:04:30,40.363517,-80.187389,232.1,29.18,True,,,
cali_hdr,20221006,theta,20221006/theta/1f_bed_16:05/R0010301.JPG,indoor,2022-10-06T20:03:58Z,2022:10:06 16:04:09,40.363517,-80.187389,232.1,29.18,True,,,
cali_hdr,20221006,theta,20221006/theta/1f_bed_16:05/R0010309.JPG,indoor,2022-10-06T20:03:58Z,2022:10:06 16:05:01,40.363517,-80.187389,232.1,29.18,True,,,
cali_hdr,20221006,theta,20221006/theta/1f_bed_16:05/R0010303.JPG,indoor,2022-10-06T20:03:58Z,2022:10:06 16:04:24,40.363517,-80.187389,232.1,29.18,True,,,
cali_hdr,20221006,theta,20221006/theta/1f_bed_17:13/R0010416.JPG,indoor,2022-10-06T21:07:26Z,2022:10:06 17:12:15,40.363697,-80.187658,245.21,18.86,True,,,
cali_hdr,20221006,theta,20221006/theta/1f_bed_17:13/R0010412.JPG,indoor,2022-10-06T21:07:26Z,2022:10:06 17:11:49,40.363697,-80.187658,245.21,18.86,True,,,
cali_hdr,20221006,theta,20221006/theta/1f_bed_17:13/R0010409.JPG,indoor,2022-10-06T21:07:26Z,2022:10:06 17:11:29,40.363697,-80.187658,245.21,18.86,True,,,
cali_hdr,20221006,theta,20221006/theta/1f_bed_17:13/R0010413.JPG,indoor,2022-10-06T21:07:26Z,2022:10:06 17:11:56,40.363697,-80.187658,245.21,18.86,True,,,
cali_hdr,20221006,theta,20221006/theta/1f_bed_17:13/R0010414.JPG,indoor,2022-10-06T21:07:26Z,2022:10:06 17:12:02,40.363697,-80.187658,245.21,18.86,True,,,
cali_hdr,20221006,theta,20221006/theta/1f_bed_17:13/R0010411.JPG,indoor,2022-10-06T21:07:26Z,2022:10:06 17:11:43,40.363697,-80.187658,245.21,18.86,True,,,
cali_hdr,20221006,theta,20221006/theta/1f_bed_17:13/R0010410.JPG,indoor,2022-10-06T21:07:26Z,2022:10:06 17:11:36,40.363697,-80.187658,245.21,18.86,True,,,
cali_hdr,20221006,theta,20221006/theta/1f_bed_17:13/R0010415.JPG,indoor,2022-10-06T21:07:26Z,2022:10:06 17:12:09,40.363697,-80.187658,245.21,18.86,True,,,
cali_hdr,20221006,theta,20221006/theta/1f_bed_17:13/R0010417.JPG,indoor,2022-10-06T21:07:26Z,2022:10:06 17:12:21,40.363697,-80.187658,245.21,18.86,True,,,
cali_hdr,20230519,theta,20230519/theta/coda320_15:54/R0010839.JPG,indoor,2023-05-19T19:54:44Z,2023:05:19 15:54:57,40.458247,-79.932056,250.55,50.5,True,266.3,15.7,True
cali_hdr,20230519,theta,20230519/theta/coda320_15:54/R0010845.JPG,indoor,2023-05-19T19:54:44Z,2023:05:19 15:55:37,40.458247,-79.932056,250.55,50.5,True,261.1,10.5,True
cali_hdr,20230519,theta,20230519/theta/coda320_15:54/R0010842.JPG,indoor,2023-05-19T19:54:44Z,2023:05:19 15:55:17,40.458247,-79.932056,250.55,50.5,True,260.9,10.3,True
cali_hdr,20230519,theta,20230519/theta/coda320_15:54/R0010846.JPG,indoor,2023-05-19T19:54:44Z,2023:05:19 15:55:43,40.458247,-79.932056,250.55,50.5,True,264.9,14.3,True
cali_hdr,20230519,theta,20230519/theta/coda320_15:54/R0010843.JPG,indoor,2023-05-19T19:54:44Z,2023:05:19 15:55:24,40.458247,-79.932056,250.55,50.5,True,263.4,12.8,True
cali_hdr,20230519,theta,20230519/theta/coda320_15:54/R0010847.JPG,indoor,2023-05-19T19:54:44Z,2023:05:19 15:55:49,40.458247,-79.932056,250.55,50.5,True,263.9,13.3,True
cali_hdr,20230519,theta,20230519/theta/coda320_15:54/R0010840.JPG,indoor,2023-05-19T19:54:44Z,2023:05:19 15:55:04,40.458247,-79.932056,250.55,50.5,True,263.8,13.2,True
cali_hdr,20230519,theta,20230519/theta/coda320_15:54/R0010841.JPG,indoor,2023-05-19T19:54:44Z,2023:05:19 15:55:11,40.458247,-79.932056,250.55,50.5,True,263.6,13.0,True
cali_hdr,20230519,theta,20230519/theta/coda320_15:54/R0010844.JPG,indoor,2023-05-19T19:54:44Z,2023:05:19 15:55:30,40.458247,-79.932056,250.55,50.5,True,267.8,17.2,True
cali_hdr,20230519,theta,20230519/theta/coda320_10:02/R0010788.JPG,indoor,2023-05-19T14:01:06Z,2023:05:19 10:01:43,40.458258,-79.932072,101.56,43.76,True,271.3,169.7,False
cali_hdr,20230519,theta,20230519/theta/coda320_10:02/R0010789.JPG,indoor,2023-05-19T14:01:06Z,2023:05:19 10:01:50,40.458258,-79.932072,101.56,43.76,True,269.0,167.4,False
cali_hdr,20230519,theta,20230519/theta/coda320_10:02/R0010793.JPG,indoor,2023-05-19T14:01:06Z,2023:05:19 10:02:14,40.458258,-79.932072,101.56,43.76,True,268.1,166.5,False
cali_hdr,20230519,theta,20230519/theta/coda320_10:02/R0010787.JPG,indoor,2023-05-19T14:01:06Z,2023:05:19 10:01:37,40.458258,-79.932072,101.56,43.76,True,268.0,166.4,False
cali_hdr,20230519,theta,20230519/theta/coda320_10:02/R0010785.JPG,indoor,2023-05-19T14:01:06Z,2023:05:19 10:01:22,40.458258,-79.932072,101.56,43.76,True,270.1,168.5,False
cali_hdr,20230519,theta,20230519/theta/coda320_10:02/R0010791.JPG,indoor,2023-05-19T14:01:06Z,2023:05:19 10:02:02,40.458258,-79.932072,101.56,43.76,True,262.0,160.4,False
cali_hdr,20230519,theta,20230519/theta/coda320_10:02/R0010792.JPG,indoor,2023-05-19T14:01:06Z,2023:05:19 10:02:08,40.458258,-79.932072,101.56,43.76,True,266.7,165.1,False
cali_hdr,20230519,theta,20230519/theta/coda320_10:02/R0010786.JPG,indoor,2023-05-19T14:01:06Z,2023:05:19 10:01:29,40.458258,-79.932072,101.56,43.76,True,272.9,171.3,False
cali_hdr,20230519,theta,20230519/theta/coda320_10:02/R0010790.JPG,indoor,2023-05-19T14:01:06Z,2023:05:19 10:01:56,40.458258,-79.932072,101.56,43.76,True,266.5,164.9,False
cali_hdr,20230519,theta,20230519/theta/coda320_15:00/R0010832.JPG,indoor,2023-05-19T18:59:43Z,2023:05:19 15:00:08,40.458253,-79.932056,234.67,59.8,True,258.8,24.1,True
cali_hdr,20230519,theta,20230519/theta/coda320_15:00/R0010837.JPG,indoor,2023-05-19T18:59:43Z,2023:05:19 15:00:40,40.458253,-79.932056,234.67,59.8,True,264.8,30.1,True
cali_hdr,20230519,theta,20230519/theta/coda320_15:00/R0010834.JPG,indoor,2023-05-19T18:59:43Z,2023:05:19 15:00:21,40.458253,-79.932056,234.67,59.8,True,258.8,24.1,True
cali_hdr,20230519,theta,20230519/theta/coda320_15:00/R0010831.JPG,indoor,2023-05-19T18:59:43Z,2023:05:19 15:00:01,40.458253,-79.932056,234.67,59.8,True,264.9,30.2,True
cali_hdr,20230519,theta,20230519/theta/coda320_15:00/R0010835.JPG,indoor,2023-05-19T18:59:43Z,2023:05:19 15:00:27,40.458253,-79.932056,234.67,59.8,True,266.2,31.5,True
cali_hdr,20230519,theta,20230519/theta/coda320_15:00/R0010838.JPG,indoor,2023-05-19T18:59:43Z,2023:05:19 15:00:45,40.458253,-79.932056,234.67,59.8,True,269.0,34.3,True
cali_hdr,20230519,theta,20230519/theta/coda320_15:00/R0010833.JPG,indoor,2023-05-19T18:59:43Z,2023:05:19 15:00:14,40.458253,-79.932056,234.67,59.8,True,268.2,33.5,True
cali_hdr,20230519,theta,20230519/theta/coda320_15:00/R0010830.JPG,indoor,2023-05-19T18:59:43Z,2023:05:19 14:59:53,40.458253,-79.932056,234.67,59.8,True,270.1,35.4,True
cali_hdr,20230519,theta,20230519/theta/coda320_15:00/R0010836.JPG,indoor,2023-05-19T18:59:43Z,2023:05:19 15:00:33,40.458253,-79.932056,234.67,59.8,True,263.1,28.4,True
cali_hdr,20230519,theta,20230519/theta/coda320_11:01/R0010801.JPG,indoor,2023-05-19T15:00:09Z,2023:05:19 11:01:08,40.45825,-79.932047,115.26,54.42,True,268.0,152.7,False
cali_hdr,20230519,theta,20230519/theta/coda320_11:01/R0010798.JPG,indoor,2023-05-19T15:00:09Z,2023:05:19 11:00:50,40.45825,-79.932047,115.26,54.42,True,266.5,151.2,False
cali_hdr,20230519,theta,20230519/theta/coda320_11:01/R0010795.JPG,indoor,2023-05-19T15:00:09Z,2023:05:19 11:00:29,40.45825,-79.932047,115.26,54.42,True,266.7,151.4,False
cali_hdr,20230519,theta,20230519/theta/coda320_11:01/R0010800.JPG,indoor,2023-05-19T15:00:09Z,2023:05:19 11:01:02,40.45825,-79.932047,115.26,54.42,True,267.7,152.4,False
cali_hdr,20230519,theta,20230519/theta/coda320_11:01/R0010802.JPG,indoor,2023-05-19T15:00:09Z,2023:05:19 11:01:14,40.45825,-79.932047,115.26,54.42,True,269.0,153.7,False
cali_hdr,20230519,theta,20230519/theta/coda320_11:01/R0010797.JPG,indoor,2023-05-19T15:00:09Z,2023:05:19 11:00:43,40.45825,-79.932047,115.26,54.42,True,268.1,152.8,False
cali_hdr,20230519,theta,20230519/theta/coda320_11:01/R0010796.JPG,indoor,2023-05-19T15:00:09Z,2023:05:19 11:00:36,40.45825,-79.932047,115.26,54.42,True,270.0,154.7,False
cali_hdr,20230519,theta,20230519/theta/coda320_11:01/R0010799.JPG,indoor,2023-05-19T15:00:09Z,2023:05:19 11:00:56,40.45825,-79.932047,115.26,54.42,True,269.2,153.9,False
cali_hdr,20230519,theta,20230519/theta/coda320_11:01/R0010794.JPG,indoor,2023-05-19T15:00:09Z,2023:05:19 11:00:21,40.45825,-79.932047,115.26,54.42,True,266.4,151.1,False
cali_hdr,20230519,theta,20230519/theta/coda320_12:00/R0010810.JPG,indoor,2023-05-19T15:59:38Z,2023:05:19 12:00:37,40.458208,-79.932067,135.94,63.67,True,268.1,132.2,False
cali_hdr,20230519,theta,20230519/theta/coda320_12:00/R0010807.JPG,indoor,2023-05-19T15:59:38Z,2023:05:19 12:00:19,40.458208,-79.932067,135.94,63.67,True,273.2,137.3,False
cali_hdr,20230519,theta,20230519/theta/coda320_12:00/R0010809.JPG,indoor,2023-05-19T15:59:38Z,2023:05:19 12:00:31,40.458208,-79.932067,135.94,63.67,True,265.0,129.1,False
cali_hdr,20230519,theta,20230519/theta/coda320_12:00/R0010804.JPG,indoor,2023-05-19T15:59:38Z,2023:05:19 11:59:59,40.458208,-79.932067,135.94,63.67,True,267.7,131.8,False
cali_hdr,20230519,theta,20230519/theta/coda320_12:00/R0010803.JPG,indoor,2023-05-19T15:59:38Z,2023:05:19 11:59:51,40.458208,-79.932067,135.94,63.67,True,265.9,130.0,False
cali_hdr,20230519,theta,20230519/theta/coda320_12:00/R0010805.JPG,indoor,2023-05-19T15:59:38Z,2023:05:19 12:00:06,40.458208,-79.932067,135.94,63.67,True,267.6,131.7,False
cali_hdr,20230519,theta,20230519/theta/coda320_12:00/R0010811.JPG,indoor,2023-05-19T15:59:38Z,2023:05:19 12:00:43,40.458208,-79.932067,135.94,63.67,True,264.0,128.1,False
cali_hdr,20230519,theta,20230519/theta/coda320_12:00/R0010806.JPG,indoor,2023-05-19T15:59:38Z,2023:05:19 12:00:13,40.458208,-79.932067,135.94,63.67,True,263.6,127.7,False
cali_hdr,20230519,theta,20230519/theta/coda320_12:00/R0010808.JPG,indoor,2023-05-19T15:59:38Z,2023:05:19 12:00:25,40.458208,-79.932067,135.94,63.67,True,262.7,126.8,False
cali_hdr,20230519,theta,20230519/theta/coda320_16:57/R0010852.JPG,indoor,2023-05-19T20:57:40Z,2023:05:19 16:58:21,40.458258,-79.932039,263.47,38.86,True,267.8,4.3,True
cali_hdr,20230519,theta,20230519/theta/coda320_16:57/R0010856.JPG,indoor,2023-05-19T20:57:40Z,2023:05:19 16:58:44,40.458258,-79.932039,263.47,38.86,True,269.4,5.9,True
cali_hdr,20230519,theta,20230519/theta/coda320_16:57/R0010854.JPG,indoor,2023-05-19T20:57:40Z,2023:05:19 16:58:33,40.458258,-79.932039,263.47,38.86,True,267.7,4.2,True
cali_hdr,20230519,theta,20230519/theta/coda320_16:57/R0010849.JPG,indoor,2023-05-19T20:57:40Z,2023:05:19 16:58:02,40.458258,-79.932039,263.47,38.86,True,265.1,1.6,True
cali_hdr,20230519,theta,20230519/theta/coda320_16:57/R0010855.JPG,indoor,2023-05-19T20:57:40Z,2023:05:19 16:58:39,40.458258,-79.932039,263.47,38.86,True,266.6,3.1,True
cali_hdr,20230519,theta,20230519/theta/coda320_16:57/R0010853.JPG,indoor,2023-05-19T20:57:40Z,2023:05:19 16:58:27,40.458258,-79.932039,263.47,38.86,True,267.1,3.6,True
cali_hdr,20230519,theta,20230519/theta/coda320_16:57/R0010848.JPG,indoor,2023-05-19T20:57:40Z,2023:05:19 16:57:54,40.458258,-79.932039,263.47,38.86,True,264.9,1.4,True
cali_hdr,20230519,theta,20230519/theta/coda320_16:57/R0010850.JPG,indoor,2023-05-19T20:57:40Z,2023:05:19 16:58:08,40.458258,-79.932039,263.47,38.86,True,266.9,3.4,True
cali_hdr,20230519,theta,20230519/theta/coda320_16:57/R0010851.JPG,indoor,2023-05-19T20:57:40Z,2023:05:19 16:58:15,40.458258,-79.932039,263.47,38.86,True,262.0,1.5,True
cali_hdr,20230519,theta,20230519/theta/coda320_14:03/R0010827.JPG,indoor,2023-05-19T18:02:13Z,2023:05:19 14:03:07,40.458153,-79.932508,208.87,67.15,True,261.8,52.9,True
cali_hdr,20230519,theta,20230519/theta/coda320_14:03/R0010821.JPG,indoor,2023-05-19T18:02:13Z,2023:05:19 14:02:27,40.458153,-79.932508,208.87,67.15,True,262.2,53.3,True
cali_hdr,20230519,theta,20230519/theta/coda320_14:03/R0010826.JPG,indoor,2023-05-19T18:02:13Z,2023:05:19 14:03:00,40.458153,-79.932508,208.87,67.15,True,268.2,59.3,True
cali_hdr,20230519,theta,20230519/theta/coda320_14:03/R0010822.JPG,indoor,2023-05-19T18:02:13Z,2023:05:19 14:02:34,40.458153,-79.932508,208.87,67.15,True,262.5,53.6,True
cali_hdr,20230519,theta,20230519/theta/coda320_14:03/R0010824.JPG,indoor,2023-05-19T18:02:13Z,2023:05:19 14:02:48,40.458153,-79.932508,208.87,67.15,True,265.0,56.1,True
cali_hdr,20230519,theta,20230519/theta/coda320_14:03/R0010828.JPG,indoor,2023-05-19T18:02:13Z,2023:05:19 14:03:13,40.458153,-79.932508,208.87,67.15,True,266.9,58.0,True
cali_hdr,20230519,theta,20230519/theta/coda320_14:03/R0010823.JPG,indoor,2023-05-19T18:02:13Z,2023:05:19 14:02:42,40.458153,-79.932508,208.87,67.15,True,261.3,52.4,True
cali_hdr,20230519,theta,20230519/theta/coda320_14:03/R0010829.JPG,indoor,2023-05-19T18:02:13Z,2023:05:19 14:03:19,40.458153,-79.932508,208.87,67.15,True,265.2,56.3,True
cali_hdr,20230519,theta,20230519/theta/coda320_14:03/R0010825.JPG,indoor,2023-05-19T18:02:13Z,2023:05:19 14:02:54,40.458153,-79.932508,208.87,67.15,True,270.5,61.6,True
cali_hdr,20230519,theta,20230519/theta/coda320_13:01/R0010815.JPG,indoor,2023-05-19T16:59:54Z,2023:05:19 13:00:26,40.458247,-79.932053,169.2,69.07,True,266.1,96.9,False
cali_hdr,20230519,theta,20230519/theta/coda320_13:01/R0010813.JPG,indoor,2023-05-19T16:59:54Z,2023:05:19 13:00:13,40.458247,-79.932053,169.2,69.07,True,261.7,92.5,False
cali_hdr,20230519,theta,20230519/theta/coda320_13:01/R0010817.JPG,indoor,2023-05-19T16:59:54Z,2023:05:19 13:00:39,40.458247,-79.932053,169.2,69.07,True,268.8,99.6,False
cali_hdr,20230519,theta,20230519/theta/coda320_13:01/R0010816.JPG,indoor,2023-05-19T16:59:54Z,2023:05:19 13:00:33,40.458247,-79.932053,169.2,69.07,True,267.6,98.4,False
cali_hdr,20230519,theta,20230519/theta/coda320_13:01/R0010814.JPG,indoor,2023-05-19T16:59:54Z,2023:05:19 13:00:20,40.458247,-79.932053,169.2,69.07,True,272.1,102.9,False
cali_hdr,20230519,theta,20230519/theta/coda320_13:01/R0010820.JPG,indoor,2023-05-19T16:59:54Z,2023:05:19 13:00:57,40.458247,-79.932053,169.2,69.07,True,265.9,96.7,False
cali_hdr,20230519,theta,20230519/theta/coda320_13:01/R0010819.JPG,indoor,2023-05-19T16:59:54Z,2023:05:19 13:00:51,40.458247,-79.932053,169.2,69.07,True,266.9,97.7,False
cali_hdr,20230519,theta,20230519/theta/coda320_13:01/R0010818.JPG,indoor,2023-05-19T16:59:54Z,2023:05:19 13:00:45,40.458247,-79.932053,169.2,69.07,True,262.6,93.4,False
cali_hdr,20230519,theta,20230519/theta/coda320_13:01/R0010812.JPG,indoor,2023-05-19T16:59:54Z,2023:05:19 13:00:05,40.458247,-79.932053,169.2,69.07,True,264.0,94.8,False
cali_hdr,20221006,theta,20221006/theta/1f_front_16:54/R0010369.JPG,indoor,2022-10-06T20:50:30Z,2022:10:06 16:53:41,40.363531,-80.187161,241.94,21.75,True,,,
cali_hdr,20221006,theta,20221006/theta/1f_front_16:54/R0010371.JPG,indoor,2022-10-06T20:50:30Z,2022:10:06 16:53:52,40.363531,-80.187161,241.94,21.75,True,,,
cali_hdr,20221006,theta,20221006/theta/1f_front_16:54/R0010367.JPG,indoor,2022-10-06T20:50:30Z,2022:10:06 16:53:28,40.363531,-80.187161,241.94,21.75,True,,,
cali_hdr,20221006,theta,20221006/theta/1f_front_16:54/R0010364.JPG,indoor,2022-10-06T20:50:30Z,2022:10:06 16:53:08,40.363531,-80.187161,241.94,21.75,True,,,
cali_hdr,20221006,theta,20221006/theta/1f_front_16:54/R0010372.JPG,indoor,2022-10-06T20:50:30Z,2022:10:06 16:53:58,40.363531,-80.187161,241.94,21.75,True,,,
cali_hdr,20221006,theta,20221006/theta/1f_front_16:54/R0010365.JPG,indoor,2022-10-06T20:50:30Z,2022:10:06 16:53:15,40.363531,-80.187161,241.94,21.75,True,,,
cali_hdr,20221006,theta,20221006/theta/1f_front_16:54/R0010368.JPG,indoor,2022-10-06T20:50:30Z,2022:10:06 16:53:34,40.363531,-80.187161,241.94,21.75,True,,,
cali_hdr,20221006,theta,20221006/theta/1f_front_16:54/R0010370.JPG,indoor,2022-10-06T20:50:30Z,2022:10:06 16:53:47,40.363531,-80.187161,241.94,21.75,True,,,
cali_hdr,20221006,theta,20221006/theta/1f_front_16:54/R0010366.JPG,indoor,2022-10-06T20:50:30Z,2022:10:06 16:53:22,40.363531,-80.187161,241.94,21.75,True,,,
cali_hdr,20221006,theta,20221006/theta/basement_15:57/R0010294.JPG,indoor,2022-10-06T19:56:53Z,2022:10:06 15:57:21,40.363511,-80.1873,230.47,30.24,True,,,
cali_hdr,20221006,theta,20221006/theta/basement_15:57/R0010296.JPG,indoor,2022-10-06T19:56:53Z,2022:10:06 15:57:33,40.363511,-80.1873,230.47,30.24,True,,,
cali_hdr,20221006,theta,20221006/theta/basement_15:57/R0010292.JPG,indoor,2022-10-06T19:56:53Z,2022:10:06 15:57:06,40.363511,-80.1873,230.47,30.24,True,,,
cali_hdr,20221006,theta,20221006/theta/basement_15:57/R0010299.JPG,indoor,2022-10-06T19:56:53Z,2022:10:06 15:57:51,40.363511,-80.1873,230.47,30.24,True,,,
cali_hdr,20221006,theta,20221006/theta/basement_15:57/R0010298.JPG,indoor,2022-10-06T19:56:53Z,2022:10:06 15:57:45,40.363511,-80.1873,230.47,30.24,True,,,
cali_hdr,20221006,theta,20221006/theta/basement_15:57/R0010300.JPG,indoor,2022-10-06T19:56:53Z,2022:10:06 15:57:57,40.363511,-80.1873,230.47,30.24,True,,,
cali_hdr,20221006,theta,20221006/theta/basement_15:57/R0010293.JPG,indoor,2022-10-06T19:56:53Z,2022:10:06 15:57:14,40.363511,-80.1873,230.47,30.24,True,,,
cali_hdr,20221006,theta,20221006/theta/basement_15:57/R0010295.JPG,indoor,2022-10-06T19:56:53Z,2022:10:06 15:57:27,40.363511,-80.1873,230.47,30.24,True,,,
cali_hdr,20221006,theta,20221006/theta/basement_15:57/R0010297.JPG,indoor,2022-10-06T19:56:53Z,2022:10:06 15:57:39,40.363511,-80.1873,230.47,30.24,True,,,
cali_hdr,20221006,theta,20221006/theta/basement_14:46/R0010279.JPG,indoor,2022-10-06T18:40:43Z,2022:10:06 14:46:22,40.363539,-80.187161,210.33,39.69,True,,,
cali_hdr,20221006,theta,20221006/theta/basement_14:46/R0010275.JPG,indoor,2022-10-06T18:40:43Z,2022:10:06 14:45:57,40.363539,-80.187161,210.33,39.69,True,,,
cali_hdr,20221006,theta,20221006/theta/basement_14:46/R0010278.JPG,indoor,2022-10-06T18:40:43Z,2022:10:06 14:46:16,40.363539,-80.187161,210.33,39.69,True,,,
cali_hdr,20221006,theta,20221006/theta/basement_14:46/R0010276.JPG,indoor,2022-10-06T18:40:43Z,2022:10:06 14:46:03,40.363539,-80.187161,210.33,39.69,True,,,
cali_hdr,20221006,theta,20221006/theta/basement_14:46/R0010274.JPG,indoor,2022-10-06T18:40:43Z,2022:10:06 14:45:51,40.363539,-80.187161,210.33,39.69,True,,,
cali_hdr,20221006,theta,20221006/theta/basement_14:46/R0010277.JPG,indoor,2022-10-06T18:40:43Z,2022:10:06 14:46:10,40.363539,-80.187161,210.33,39.69,True,,,
cali_hdr,20221006,theta,20221006/theta/basement_14:46/R0010280.JPG,indoor,2022-10-06T18:40:43Z,2022:10:06 14:46:28,40.363539,-80.187161,210.33,39.69,True,,,
cali_hdr,20221006,theta,20221006/theta/basement_14:46/R0010272.JPG,indoor,2022-10-06T18:40:43Z,2022:10:06 14:45:37,40.363539,-80.187161,210.33,39.69,True,,,
cali_hdr,20221006,theta,20221006/theta/basement_14:46/R0010273.JPG,indoor,2022-10-06T18:40:43Z,2022:10:06 14:45:44,40.363539,-80.187161,210.33,39.69,True,,,
cali_hdr,20221006,theta,20221006/theta/basement_15:25/R0010284.JPG,indoor,2022-10-06T19:25:20Z,2022:10:06 15:25:38,40.363506,-80.187361,222.74,34.61,True,,,
cali_hdr,20221006,theta,20221006/theta/basement_15:25/R0010286.JPG,indoor,2022-10-06T19:25:20Z,2022:10:06 15:25:52,40.363506,-80.187361,222.74,34.61,True,,,
cali_hdr,20221006,theta,20221006/theta/basement_15:25/R0010291.JPG,indoor,2022-10-06T19:25:20Z,2022:10:06 15:26:23,40.363506,-80.187361,222.74,34.61,True,,,
cali_hdr,20221006,theta,20221006/theta/basement_15:25/R0010285.JPG,indoor,2022-10-06T19:25:20Z,2022:10:06 15:25:45,40.363506,-80.187361,222.74,34.61,True,,,
cali_hdr,20221006,theta,20221006/theta/basement_15:25/R0010283.JPG,indoor,2022-10-06T19:25:20Z,2022:10:06 15:25:31,40.363506,-80.187361,222.74,34.61,True,,,
cali_hdr,20221006,theta,20221006/theta/basement_15:25/R0010289.JPG,indoor,2022-10-06T19:25:20Z,2022:10:06 15:26:11,40.363506,-80.187361,222.74,34.61,True,,,
cali_hdr,20221006,theta,20221006/theta/basement_15:25/R0010288.JPG,indoor,2022-10-06T19:25:20Z,2022:10:06 15:26:05,40.363506,-80.187361,222.74,34.61,True,,,
cali_hdr,20221006,theta,20221006/theta/basement_15:25/R0010290.JPG,indoor,2022-10-06T19:25:20Z,2022:10:06 15:26:17,40.363506,-80.187361,222.74,34.61,True,,,
cali_hdr,20221006,theta,20221006/theta/basement_15:25/R0010287.JPG,indoor,2022-10-06T19:25:20Z,2022:10:06 15:25:58,40.363506,-80.187361,222.74,34.61,True,,,
cali_hdr,20221006,theta,20221006/theta/1f_front_13:58/R0010187.JPG,indoor,2022-10-06T17:51:52Z,2022:10:06 13:57:53,40.363664,-80.187483,194.8,43.28,True,,,
cali_hdr,20221006,theta,20221006/theta/1f_front_13:58/R0010190.JPG,indoor,2022-10-06T17:51:52Z,2022:10:06 13:58:12,40.363664,-80.187483,194.8,43.28,True,,,
cali_hdr,20221006,theta,20221006/theta/1f_front_13:58/R0010189.JPG,indoor,2022-10-06T17:51:52Z,2022:10:06 13:58:06,40.363664,-80.187483,194.8,43.28,True,,,
cali_hdr,20221006,theta,20221006/theta/1f_front_13:58/R0010182.JPG,indoor,2022-10-06T17:51:52Z,2022:10:06 13:57:19,40.363664,-80.187483,194.8,43.28,True,,,
cali_hdr,20221006,theta,20221006/theta/1f_front_13:58/R0010184.JPG,indoor,2022-10-06T17:51:52Z,2022:10:06 13:57:34,40.363664,-80.187483,194.8,43.28,True,,,
cali_hdr,20221006,theta,20221006/theta/1f_front_13:58/R0010186.JPG,indoor,2022-10-06T17:51:52Z,2022:10:06 13:57:46,40.363664,-80.187483,194.8,43.28,True,,,
cali_hdr,20221006,theta,20221006/theta/1f_front_13:58/R0010188.JPG,indoor,2022-10-06T17:51:52Z,2022:10:06 13:58:00,40.363664,-80.187483,194.8,43.28,True,,,
cali_hdr,20221006,theta,20221006/theta/1f_front_13:58/R0010183.JPG,indoor,2022-10-06T17:51:52Z,2022:10:06 13:57:27,40.363664,-80.187483,194.8,43.28,True,,,
cali_hdr,20221006,theta,20221006/theta/1f_front_13:58/R0010185.JPG,indoor,2022-10-06T17:51:52Z,2022:10:06 13:57:40,40.363664,-80.187483,194.8,43.28,True,,,
cali_hdr,20221006,theta,20221006/theta/basement_16:37/R0010339.JPG,indoor,2022-10-06T20:28:47Z,2022:10:06 16:36:26,40.3636,-80.187214,237.52,25.32,True,,,
cali_hdr,20221006,theta,20221006/theta/basement_16:37/R0010338.JPG,indoor,2022-10-06T20:28:47Z,2022:10:06 16:36:19,40.3636,-80.187214,237.52,25.32,True,,,
cali_hdr,20221006,theta,20221006/theta/basement_16:37/R0010345.JPG,indoor,2022-10-06T20:28:47Z,2022:10:06 16:37:02,40.3636,-80.187214,237.52,25.32,True,,,
cali_hdr,20221006,theta,20221006/theta/basement_16:37/R0010341.JPG,indoor,2022-10-06T20:28:47Z,2022:10:06 16:36:38,40.3636,-80.187214,237.52,25.32,True,,,
cali_hdr,20221006,theta,20221006/theta/basement_16:37/R0010340.JPG,indoor,2022-10-06T20:28:47Z,2022:10:06 16:36:32,40.3636,-80.187214,237.52,25.32,True,,,
cali_hdr,20221006,theta,20221006/theta/basement_16:37/R0010344.JPG,indoor,2022-10-06T20:28:47Z,2022:10:06 16:36:57,40.3636,-80.187214,237.52,25.32,True,,,
cali_hdr,20221006,theta,20221006/theta/basement_16:37/R0010343.JPG,indoor,2022-10-06T20:28:47Z,2022:10:06 16:36:50,40.3636,-80.187214,237.52,25.32,True,,,
cali_hdr,20221006,theta,20221006/theta/basement_16:37/R0010337.JPG,indoor,2022-10-06T20:28:47Z,2022:10:06 16:36:12,40.3636,-80.187214,237.52,25.32,True,,,
cali_hdr,20221006,theta,20221006/theta/basement_16:37/R0010342.JPG,indoor,2022-10-06T20:28:47Z,2022:10:06 16:36:44,40.3636,-80.187214,237.52,25.32,True,,,
cali_hdr,20221006,theta,20221006/theta/1f_front_16:59/R0010387.JPG,indoor,2022-10-06T20:57:52Z,2022:10:06 16:58:35,40.363614,-80.187569,243.38,20.5,True,,,
cali_hdr,20221006,theta,20221006/theta/1f_front_16:59/R0010388.JPG,indoor,2022-10-06T20:57:52Z,2022:10:06 16:58:41,40.363614,-80.187569,243.38,20.5,True,,,
cali_hdr,20221006,theta,20221006/theta/1f_front_16:59/R0010382.JPG,indoor,2022-10-06T20:57:52Z,2022:10:06 16:58:02,40.363614,-80.187569,243.38,20.5,True,,,
cali_hdr,20221006,theta,20221006/theta/1f_front_16:59/R0010385.JPG,indoor,2022-10-06T20:57:52Z,2022:10:06 16:58:22,40.363614,-80.187569,243.38,20.5,True,,,
cali_hdr,20221006,theta,20221006/theta/1f_front_16:59/R0010389.JPG,indoor,2022-10-06T20:57:52Z,2022:10:06 16:58:48,40.363614,-80.187569,243.38,20.5,True,,,
cali_hdr,20221006,theta,20221006/theta/1f_front_16:59/R0010390.JPG,indoor,2022-10-06T20:57:52Z,2022:10:06 16:58:54,40.363614,-80.187569,243.38,20.5,True,,,
cali_hdr,20221006,theta,20221006/theta/1f_front_16:59/R0010383.JPG,indoor,2022-10-06T20:57:52Z,2022:10:06 16:58:09,40.363614,-80.187569,243.38,20.5,True,,,
cali_hdr,20221006,theta,20221006/theta/1f_front_16:59/R0010386.JPG,indoor,2022-10-06T20:57:52Z,2022:10:06 16:58:29,40.363614,-80.187569,243.38,20.5,True,,,
cali_hdr,20221006,theta,20221006/theta/1f_front_16:59/R0010384.JPG,indoor,2022-10-06T20:57:52Z,2022:10:06 16:58:16,40.363614,-80.187569,243.38,20.5,True,,,
cali_hdr,20221006,theta,20221006/theta/1f_front_13:06/R0010134.JPG,indoor,2022-10-06T17:04:45Z,2022:10:06 13:05:49,40.363519,-80.187172,178.59,44.34,True,,,
cali_hdr,20221006,theta,20221006/theta/1f_front_13:06/R0010130.JPG,indoor,2022-10-06T17:04:45Z,2022:10:06 13:05:24,40.363519,-80.187172,178.59,44.34,True,,,
cali_hdr,20221006,theta,20221006/theta/1f_front_13:06/R0010129.JPG,indoor,2022-10-06T17:04:45Z,2022:10:06 13:05:18,40.363519,-80.187172,178.59,44.34,True,,,
cali_hdr,20221006,theta,20221006/theta/1f_front_13:06/R0010132.JPG,indoor,2022-10-06T17:04:45Z,2022:10:06 13:05:37,40.363519,-80.187172,178.59,44.34,True,,,
cali_hdr,20221006,theta,20221006/theta/1f_front_13:06/R0010126.JPG,indoor,2022-10-06T17:04:45Z,2022:10:06 13:04:57,40.363519,-80.187172,178.59,44.34,True,,,
cali_hdr,20221006,theta,20221006/theta/1f_front_13:06/R0010131.JPG,indoor,2022-10-06T17:04:45Z,2022:10:06 13:05:30,40.363519,-80.187172,178.59,44.34,True,,,
cali_hdr,20221006,theta,20221006/theta/1f_front_13:06/R0010133.JPG,indoor,2022-10-06T17:04:45Z,2022:10:06 13:05:43,40.363519,-80.187172,178.59,44.34,True,,,
cali_hdr,20221006,theta,20221006/theta/1f_front_13:06/R0010127.JPG,indoor,2022-10-06T17:04:45Z,2022:10:06 13:05:04,40.363519,-80.187172,178.59,44.34,True,,,
cali_hdr,20221006,theta,20221006/theta/1f_front_13:06/R0010128.JPG,indoor,2022-10-06T17:04:45Z,2022:10:06 13:05:11,40.363519,-80.187172,178.59,44.34,True,,,
cali_hdr,20230529,theta,20230529/theta/coda_334_11:56/R0010997.JPG,indoor,2023-05-29T15:56:45Z,2023:05:29 11:57:22,40.458158,-79.932503,131.81,64.63,True,197.4,65.6,True
cali_hdr,20230529,theta,20230529/theta/coda_334_11:56/R0010999.JPG,indoor,2023-05-29T15:56:45Z,2023:05:29 11:57:35,40.458158,-79.932503,131.81,64.63,True,198.2,66.4,True
cali_hdr,20230529,theta,20230529/theta/coda_334_11:56/R0010996.JPG,indoor,2023-05-29T15:56:45Z,2023:05:29 11:57:16,40.458158,-79.932503,131.81,64.63,True,208.5,76.7,True
cali_hdr,20230529,theta,20230529/theta/coda_334_11:56/R0011001.JPG,indoor,2023-05-29T15:56:45Z,2023:05:29 11:57:48,40.458158,-79.932503,131.81,64.63,True,207.8,76.0,True
cali_hdr,20230529,theta,20230529/theta/coda_334_11:56/R0011000.JPG,indoor,2023-05-29T15:56:45Z,2023:05:29 11:57:41,40.458158,-79.932503,131.81,64.63,True,204.7,72.9,True
cali_hdr,20230529,theta,20230529/theta/coda_334_11:56/R0010998.JPG,indoor,2023-05-29T15:56:45Z,2023:05:29 11:57:29,40.458158,-79.932503,131.81,64.63,True,199.9,68.1,True
cali_hdr,20230529,theta,20230529/theta/coda_334_11:56/R0010995.JPG,indoor,2023-05-29T15:56:45Z,2023:05:29 11:57:10,40.458158,-79.932503,131.81,64.63,True,203.8,72.0,True
cali_hdr,20230529,theta,20230529/theta/coda_334_11:56/R0010993.JPG,indoor,2023-05-29T15:56:45Z,2023:05:29 11:56:56,40.458158,-79.932503,131.81,64.63,True,198.4,66.6,True
cali_hdr,20230529,theta,20230529/theta/coda_334_11:56/R0010994.JPG,indoor,2023-05-29T15:56:45Z,2023:05:29 11:57:03,40.458158,-79.932503,131.81,64.63,True,202.0,70.2,True
cali_hdr,20230529,theta,20230529/theta/coda_334_11:58/R0011002.JPG,indoor,2023-05-29T15:57:53Z,2023:05:29 11:58:53,40.4579,-79.932242,132.3,64.79,True,200.7,68.4,True
cali_hdr,20230529,theta,20230529/theta/coda_334_11:58/R0011004.JPG,indoor,2023-05-29T15:57:53Z,2023:05:29 11:59:06,40.4579,-79.932242,132.3,64.79,True,207.2,74.9,True
cali_hdr,20230529,theta,20230529/theta/coda_334_11:58/R0011008.JPG,indoor,2023-05-29T15:57:53Z,2023:05:29 11:59:31,40.4579,-79.932242,132.3,64.79,True,204.2,71.9,True
cali_hdr,20230529,theta,20230529/theta/coda_334_11:58/R0011010.JPG,indoor,2023-05-29T15:57:53Z,2023:05:29 11:59:44,40.4579,-79.932242,132.3,64.79,True,201.3,69.0,True
cali_hdr,20230529,theta,20230529/theta/coda_334_11:58/R0011009.JPG,indoor,2023-05-29T15:57:53Z,2023:05:29 11:59:38,40.4579,-79.932242,132.3,64.79,True,199.8,67.5,True
cali_hdr,20230529,theta,20230529/theta/coda_334_11:58/R0011006.JPG,indoor,2023-05-29T15:57:53Z,2023:05:29 11:59:19,40.4579,-79.932242,132.3,64.79,True,199.8,67.5,True
cali_hdr,20230529,theta,20230529/theta/coda_334_11:58/R0011005.JPG,indoor,2023-05-29T15:57:53Z,2023:05:29 11:59:13,40.4579,-79.932242,132.3,64.79,True,205.2,72.9,True
cali_hdr,20230529,theta,20230529/theta/coda_334_11:58/R0011003.JPG,indoor,2023-05-29T15:57:53Z,2023:05:29 11:59:00,40.4579,-79.932242,132.3,64.79,True,208.2,75.9,True
cali_hdr,20230529,theta,20230529/theta/coda_334_11:58/R0011007.JPG,indoor,2023-05-29T15:57:53Z,2023:05:29 11:59:25,40.4579,-79.932242,132.3,64.79,True,202.4,70.1,True
cali_hdr,20230529,theta,20230529/theta/coda_334_13:17/R0011021.JPG,indoor,2023-05-29T17:16:37Z,2023:05:29 13:17:43,40.458158,-79.932503,179.61,71.2,True,198.3,18.7,True
cali_hdr,20230529,theta,20230529/theta/coda_334_13:17/R0011026.JPG,indoor,2023-05-29T17:16:37Z,2023:05:29 13:18:15,40.458158,-79.932503,179.61,71.2,True,203.0,23.4,True
cali_hdr,20230529,theta,20230529/theta/coda_334_13:17/R0011028.JPG,indoor,2023-05-29T17:16:37Z,2023:05:29 13:18:27,40.458158,-79.932503,179.61,71.2,True,200.1,20.5,True
cali_hdr,20230529,theta,20230529/theta/coda_334_13:17/R0011020.JPG,indoor,2023-05-29T17:16:37Z,2023:05:29 13:17:36,40.458158,-79.932503,179.61,71.2,True,200.2,20.6,True
cali_hdr,20230529,theta,20230529/theta/coda_334_13:17/R0011025.JPG,indoor,2023-05-29T17:16:37Z,2023:05:29 13:18:09,40.458158,-79.932503,179.61,71.2,True,205.4,25.8,True
cali_hdr,20230529,theta,20230529/theta/coda_334_13:17/R0011027.JPG,indoor,2023-05-29T17:16:37Z,2023:05:29 13:18:21,40.458158,-79.932503,179.61,71.2,True,204.9,25.3,True
cali_hdr,20230529,theta,20230529/theta/coda_334_13:17/R0011022.JPG,indoor,2023-05-29T17:16:37Z,2023:05:29 13:17:49,40.458158,-79.932503,179.61,71.2,True,205.9,26.3,True
cali_hdr,20230529,theta,20230529/theta/coda_334_13:17/R0011024.JPG,indoor,2023-05-29T17:16:37Z,2023:05:29 13:18:02,40.458158,-79.932503,179.61,71.2,True,201.6,22.0,True
cali_hdr,20230529,theta,20230529/theta/coda_334_13:17/R0011023.JPG,indoor,2023-05-29T17:16:37Z,2023:05:29 13:17:56,40.458158,-79.932503,179.61,71.2,True,197.8,18.2,True
cali_hdr,20230529,theta,20230529/theta/coda_334_13:15/R0011019.JPG,indoor,2023-05-29T17:15:22Z,2023:05:29 13:16:26,40.457889,-79.932183,178.71,71.2,True,199.4,20.7,True
cali_hdr,20230529,theta,20230529/theta/coda_334_13:15/R0011017.JPG,indoor,2023-05-29T17:15:22Z,2023:05:29 13:16:13,40.457889,-79.932183,178.71,71.2,True,199.7,21.0,True
cali_hdr,20230529,theta,20230529/theta/coda_334_13:15/R0011018.JPG,indoor,2023-05-29T17:15:22Z,2023:05:29 13:16:20,40.457889,-79.932183,178.71,71.2,True,201.1,22.4,True
cali_hdr,20230529,theta,20230529/theta/coda_334_13:15/R0011014.JPG,indoor,2023-05-29T17:15:22Z,2023:05:29 13:15:54,40.457889,-79.932183,178.71,71.2,True,201.9,23.2,True
cali_hdr,20230529,theta,20230529/theta/coda_334_13:15/R0011013.JPG,indoor,2023-05-29T17:15:22Z,2023:05:29 13:15:48,40.457889,-79.932183,178.71,71.2,True,200.8,22.1,True
cali_hdr,20230529,theta,20230529/theta/coda_334_13:15/R0011012.JPG,indoor,2023-05-29T17:15:22Z,2023:05:29 13:15:41,40.457889,-79.932183,178.71,71.2,True,195.4,16.7,True
cali_hdr,20230529,theta,20230529/theta/coda_334_13:15/R0011015.JPG,indoor,2023-05-29T17:15:22Z,2023:05:29 13:16:01,40.457889,-79.932183,178.71,71.2,True,198.9,20.2,True
cali_hdr,20230529,theta,20230529/theta/coda_334_13:15/R0011016.JPG,indoor,2023-05-29T17:15:22Z,2023:05:29 13:16:07,40.457889,-79.932183,178.71,71.2,True,199.0,20.3,True
cali_hdr,20230529,theta,20230529/theta/coda_334_13:15/R0011011.JPG,indoor,2023-05-29T17:15:22Z,2023:05:29 13:15:34,40.457889,-79.932183,178.71,71.2,True,202.7,24.0,True
cali_hdr,20230706,theta,20230706/theta/coda_334_07:56/R0011368.JPG,indoor,2023-07-06T11:56:12Z,2023:07:06 07:57:01,40.457961,-79.932436,77.01,20.35,True,188.6,111.6,False
cali_hdr,20230706,theta,20230706/theta/coda_334_07:56/R0011367.JPG,indoor,2023-07-06T11:56:12Z,2023:07:06 07:56:55,40.457961,-79.932436,77.01,20.35,True,191.9,114.9,False
cali_hdr,20230706,theta,20230706/theta/coda_334_07:56/R0011363.JPG,indoor,2023-07-06T11:56:12Z,2023:07:06 07:56:30,40.457961,-79.932436,77.01,20.35,True,195.1,118.1,False
cali_hdr,20230706,theta,20230706/theta/coda_334_07:56/R0011365.JPG,indoor,2023-07-06T11:56:12Z,2023:07:06 07:56:42,40.457961,-79.932436,77.01,20.35,True,192.4,115.4,False
cali_hdr,20230706,theta,20230706/theta/coda_334_07:56/R0011366.JPG,indoor,2023-07-06T11:56:12Z,2023:07:06 07:56:48,40.457961,-79.932436,77.01,20.35,True,188.7,111.7,False
cali_hdr,20230706,theta,20230706/theta/coda_334_07:56/R0011370.JPG,indoor,2023-07-06T11:56:12Z,2023:07:06 07:57:13,40.457961,-79.932436,77.01,20.35,True,188.3,111.3,False
cali_hdr,20230706,theta,20230706/theta/coda_334_07:56/R0011369.JPG,indoor,2023-07-06T11:56:12Z,2023:07:06 07:57:07,40.457961,-79.932436,77.01,20.35,True,190.8,113.8,False
cali_hdr,20230706,theta,20230706/theta/coda_334_07:56/R0011362.JPG,indoor,2023-07-06T11:56:12Z,2023:07:06 07:56:23,40.457961,-79.932436,77.01,20.35,True,195.2,118.2,False
cali_hdr,20230706,theta,20230706/theta/coda_334_07:56/R0011364.JPG,indoor,2023-07-06T11:56:12Z,2023:07:06 07:56:36,40.457961,-79.932436,77.01,20.35,True,195.6,118.6,False
cali_hdr,20230706,theta,20230706/theta/coda_334_12:52/R0011418.JPG,indoor,2023-07-06T16:52:36Z,2023:07:06 12:53:02,40.458153,-79.9325,156.86,70.98,True,197.3,40.4,True
cali_hdr,20230706,theta,20230706/theta/coda_334_12:52/R0011416.JPG,indoor,2023-07-06T16:52:36Z,2023:07:06 12:52:49,40.458153,-79.9325,156.86,70.98,True,193.3,36.4,True
cali_hdr,20230706,theta,20230706/theta/coda_334_12:52/R0011417.JPG,indoor,2023-07-06T16:52:36Z,2023:07:06 12:52:56,40.458153,-79.9325,156.86,70.98,True,186.5,29.6,True
cali_hdr,20230706,theta,20230706/theta/coda_334_12:52/R0011420.JPG,indoor,2023-07-06T16:52:36Z,2023:07:06 12:53:14,40.458153,-79.9325,156.86,70.98,True,190.6,33.7,True
cali_hdr,20230706,theta,20230706/theta/coda_334_12:52/R0011421.JPG,indoor,2023-07-06T16:52:36Z,2023:07:06 12:53:20,40.458153,-79.9325,156.86,70.98,True,199.3,42.4,True
cali_hdr,20230706,theta,20230706/theta/coda_334_12:52/R0011423.JPG,indoor,2023-07-06T16:52:36Z,2023:07:06 12:53:32,40.458153,-79.9325,156.86,70.98,True,198.6,41.7,True
cali_hdr,20230706,theta,20230706/theta/coda_334_12:52/R0011422.JPG,indoor,2023-07-06T16:52:36Z,2023:07:06 12:53:26,40.458153,-79.9325,156.86,70.98,True,192.5,35.6,True
cali_hdr,20230706,theta,20230706/theta/coda_334_12:52/R0011424.JPG,indoor,2023-07-06T16:52:36Z,2023:07:06 12:53:37,40.458153,-79.9325,156.86,70.98,True,192.3,35.4,True
cali_hdr,20230706,theta,20230706/theta/coda_334_12:52/R0011419.JPG,indoor,2023-07-06T16:52:36Z,2023:07:06 12:53:08,40.458153,-79.9325,156.86,70.98,True,188.1,31.2,True
cali_hdr,20230706,theta,20230706/theta/coda_334_11:56/R0011410.JPG,indoor,2023-07-06T15:55:38Z,2023:07:06 11:56:09,40.458153,-79.9325,126.8,64.17,True,192.4,65.6,True
cali_hdr,20230706,theta,20230706/theta/coda_334_11:56/R0011414.JPG,indoor,2023-07-06T15:55:38Z,2023:07:06 11:56:35,40.458153,-79.9325,126.8,64.17,True,193.1,66.3,True
cali_hdr,20230706,theta,20230706/theta/coda_334_11:56/R0011412.JPG,indoor,2023-07-06T15:55:38Z,2023:07:06 11:56:22,40.458153,-79.9325,126.8,64.17,True,194.7,67.9,True
cali_hdr,20230706,theta,20230706/theta/coda_334_11:56/R0011407.JPG,indoor,2023-07-06T15:55:38Z,2023:07:06 11:55:49,40.458153,-79.9325,126.8,64.17,True,195.6,68.8,True
cali_hdr,20230706,theta,20230706/theta/coda_334_11:56/R0011408.JPG,indoor,2023-07-06T15:55:38Z,2023:07:06 11:55:56,40.458153,-79.9325,126.8,64.17,True,188.7,61.9,True
cali_hdr,20230706,theta,20230706/theta/coda_334_11:56/R0011413.JPG,indoor,2023-07-06T15:55:38Z,2023:07:06 11:56:29,40.458153,-79.9325,126.8,64.17,True,196.9,70.1,True
cali_hdr,20230706,theta,20230706/theta/coda_334_11:56/R0011411.JPG,indoor,2023-07-06T15:55:38Z,2023:07:06 11:56:16,40.458153,-79.9325,126.8,64.17,True,189.1,62.3,True
cali_hdr,20230706,theta,20230706/theta/coda_334_11:56/R0011415.JPG,indoor,2023-07-06T15:55:38Z,2023:07:06 11:56:41,40.458153,-79.9325,126.8,64.17,True,190.2,63.4,True
cali_hdr,20230706,theta,20230706/theta/coda_334_11:56/R0011409.JPG,indoor,2023-07-06T15:55:38Z,2023:07:06 11:56:02,40.458153,-79.9325,126.8,64.17,True,191.3,64.5,True
cali_hdr,20230706,theta,20230706/theta/coda_334_14:03/R0011429.JPG,indoor,2023-07-06T18:05:35Z,2023:07:06 14:06:13,40.458153,-79.9325,209.04,70.21,True,195.3,13.7,True
cali_hdr,20230706,theta,20230706/theta/coda_334_14:03/R0011432.JPG,indoor,2023-07-06T18:05:35Z,2023:07:06 14:06:31,40.458153,-79.9325,209.04,70.21,True,195.3,13.7,True
cali_hdr,20230706,theta,20230706/theta/coda_334_14:03/R0011426.JPG,indoor,2023-07-06T18:05:35Z,2023:07:06 14:05:53,40.458153,-79.9325,209.04,70.21,True,196.2,12.8,True
cali_hdr,20230706,theta,20230706/theta/coda_334_14:03/R0011427.JPG,indoor,2023-07-06T18:05:35Z,2023:07:06 14:05:59,40.458153,-79.9325,209.04,70.21,True,200.4,8.6,True
cali_hdr,20230706,theta,20230706/theta/coda_334_14:03/R0011425.JPG,indoor,2023-07-06T18:05:35Z,2023:07:06 14:05:47,40.458153,-79.9325,209.04,70.21,True,198.3,10.7,True
cali_hdr,20230706,theta,20230706/theta/coda_334_14:03/R0011431.JPG,indoor,2023-07-06T18:05:35Z,2023:07:06 14:06:25,40.458153,-79.9325,209.04,70.21,True,195.0,14.0,True
cali_hdr,20230706,theta,20230706/theta/coda_334_14:03/R0011428.JPG,indoor,2023-07-06T18:05:35Z,2023:07:06 14:06:06,40.458153,-79.9325,209.04,70.21,True,190.0,19.0,True
cali_hdr,20230706,theta,20230706/theta/coda_334_14:03/R0011433.JPG,indoor,2023-07-06T18:05:35Z,2023:07:06 14:06:37,40.458153,-79.9325,209.04,70.21,True,190.5,18.5,True
cali_hdr,20230706,theta,20230706/theta/coda_334_14:03/R0011430.JPG,indoor,2023-07-06T18:05:35Z,2023:07:06 14:06:19,40.458153,-79.9325,209.04,70.21,True,190.8,18.2,True
cali_hdr,20230706,theta,20230706/theta/coda_334_14:56/R0011440.JPG,indoor,2023-07-06T18:55:38Z,2023:07:06 14:56:30,40.457831,-79.932283,234.05,63.82,True,189.5,44.5,True
cali_hdr,20230706,theta,20230706/theta/coda_334_14:56/R0011434.JPG,indoor,2023-07-06T18:55:38Z,2023:07:06 14:55:52,40.457831,-79.932283,234.05,63.82,True,197.9,36.1,True
cali_hdr,20230706,theta,20230706/theta/coda_334_14:56/R0011442.JPG,indoor,2023-07-06T18:55:38Z,2023:07:06 14:56:42,40.457831,-79.932283,234.05,63.82,True,191.7,42.3,True
cali_hdr,20230706,theta,20230706/theta/coda_334_14:56/R0011441.JPG,indoor,2023-07-06T18:55:38Z,2023:07:06 14:56:37,40.457831,-79.932283,234.05,63.82,True,195.2,38.8,True
cali_hdr,20230706,theta,20230706/theta/coda_334_14:56/R0011438.JPG,indoor,2023-07-06T18:55:38Z,2023:07:06 14:56:18,40.457831,-79.932283,234.05,63.82,True,189.6,44.4,True
cali_hdr,20230706,theta,20230706/theta/coda_334_14:56/R0011435.JPG,indoor,2023-07-06T18:55:38Z,2023:07:06 14:55:59,40.457831,-79.932283,234.05,63.82,True,188.1,45.9,True
cali_hdr,20230706,theta,20230706/theta/coda_334_14:56/R0011436.JPG,indoor,2023-07-06T18:55:38Z,2023:07:06 14:56:05,40.457831,-79.932283,234.05,63.82,True,187.7,46.3,True
cali_hdr,20230706,theta,20230706/theta/coda_334_14:56/R0011439.JPG,indoor,2023-07-06T18:55:38Z,2023:07:06 14:56:24,40.457831,-79.932283,234.05,63.82,True,190.9,43.1,True
cali_hdr,20230706,theta,20230706/theta/coda_334_14:56/R0011437.JPG,indoor,2023-07-06T18:55:38Z,2023:07:06 14:56:12,40.457831,-79.932283,234.05,63.82,True,193.7,40.3,True
cali_hdr,20230706,theta,20230706/theta/coda_334_10:56/R0011389.JPG,indoor,2023-07-06T14:55:51Z,2023:07:06 10:56:02,40.458153,-79.9325,108.26,54.07,True,187.2,78.9,True
cali_hdr,20230706,theta,20230706/theta/coda_334_10:56/R0011397.JPG,indoor,2023-07-06T14:55:51Z,2023:07:06 10:56:55,40.458153,-79.9325,108.26,54.07,True,191.9,83.6,True
cali_hdr,20230706,theta,20230706/theta/coda_334_10:56/R0011392.JPG,indoor,2023-07-06T14:55:51Z,2023:07:06 10:56:22,40.458153,-79.9325,108.26,54.07,True,187.3,79.0,True
cali_hdr,20230706,theta,20230706/theta/coda_334_10:56/R0011396.JPG,indoor,2023-07-06T14:55:51Z,2023:07:06 10:56:49,40.458153,-79.9325,108.26,54.07,True,193.6,85.3,True
cali_hdr,20230706,theta,20230706/theta/coda_334_10:56/R0011393.JPG,indoor,2023-07-06T14:55:51Z,2023:07:06 10:56:29,40.458153,-79.9325,108.26,54.07,True,190.1,81.8,True
cali_hdr,20230706,theta,20230706/theta/coda_334_10:56/R0011395.JPG,indoor,2023-07-06T14:55:51Z,2023:07:06 10:56:42,40.458153,-79.9325,108.26,54.07,True,193.0,84.7,True
cali_hdr,20230706,theta,20230706/theta/coda_334_10:56/R0011390.JPG,indoor,2023-07-06T14:55:51Z,2023:07:06 10:56:09,40.458153,-79.9325,108.26,54.07,True,196.8,88.5,True
cali_hdr,20230706,theta,20230706/theta/coda_334_10:56/R0011394.JPG,indoor,2023-07-06T14:55:51Z,2023:07:06 10:56:36,40.458153,-79.9325,108.26,54.07,True,197.7,89.4,True
cali_hdr,20230706,theta,20230706/theta/coda_334_10:56/R0011391.JPG,indoor,2023-07-06T14:55:51Z,2023:07:06 10:56:15,40.458153,-79.9325,108.26,54.07,True,187.8,79.5,True
cali_hdr,20230706,theta,20230706/theta/coda_334_09:56/R0011382.JPG,indoor,2023-07-06T13:55:06Z,2023:07:06 09:55:46,40.457781,-79.932158,95.66,42.78,True,191.3,95.6,False
cali_hdr,20230706,theta,20230706/theta/coda_334_09:56/R0011383.JPG,indoor,2023-07-06T13:55:06Z,2023:07:06 09:55:53,40.457781,-79.932158,95.66,42.78,True,187.9,92.2,False
cali_hdr,20230706,theta,20230706/theta/coda_334_09:56/R0011387.JPG,indoor,2023-07-06T13:55:06Z,2023:07:06 09:56:17,40.457781,-79.932158,95.66,42.78,True,193.9,98.2,False
cali_hdr,20230706,theta,20230706/theta/coda_334_09:56/R0011388.JPG,indoor,2023-07-06T13:55:06Z,2023:07:06 09:56:23,40.457781,-79.932158,95.66,42.78,True,193.2,97.5,False
cali_hdr,20230706,theta,20230706/theta/coda_334_09:56/R0011380.JPG,indoor,2023-07-06T13:55:06Z,2023:07:06 09:55:33,40.457781,-79.932158,95.66,42.78,True,194.9,99.2,False
cali_hdr,20230706,theta,20230706/theta/coda_334_09:56/R0011384.JPG,indoor,2023-07-06T13:55:06Z,2023:07:06 09:55:59,40.457781,-79.932158,95.66,42.78,True,194.6,98.9,False
cali_hdr,20230706,theta,20230706/theta/coda_334_09:56/R0011386.JPG,indoor,2023-07-06T13:55:06Z,2023:07:06 09:56:11,40.457781,-79.932158,95.66,42.78,True,186.8,91.1,False
cali_hdr,20230706,theta,20230706/theta/coda_334_09:56/R0011381.JPG,indoor,2023-07-06T13:55:06Z,2023:07:06 09:55:40,40.457781,-79.932158,95.66,42.78,True,193.4,97.7,False
cali_hdr,20230706,theta,20230706/theta/coda_334_09:56/R0011385.JPG,indoor,2023-07-06T13:55:06Z,2023:07:06 09:56:05,40.457781,-79.932158,95.66,42.78,True,196.5,100.8,False
cali_hdr,20230706,theta,20230706/theta/coda_334_06:56/R0011359.JPG,indoor,2023-07-06T10:52:09Z,2023:07:06 06:56:08,40.458153,-79.9325,67.54,8.81,True,203.7,136.2,False
cali_hdr,20230706,theta,20230706/theta/coda_334_06:56/R0011357.JPG,indoor,2023-07-06T10:52:09Z,2023:07:06 06:55:55,40.458153,-79.9325,67.54,8.81,True,188.8,121.3,False
cali_hdr,20230706,theta,20230706/theta/coda_334_06:56/R0011360.JPG,indoor,2023-07-06T10:52:09Z,2023:07:06 06:56:14,40.458153,-79.9325,67.54,8.81,True,202.5,135.0,False
cali_hdr,20230706,theta,20230706/theta/coda_334_06:56/R0011361.JPG,indoor,2023-07-06T10:52:09Z,2023:07:06 06:56:20,40.458153,-79.9325,67.54,8.81,True,191.7,124.2,False
cali_hdr,20230706,theta,20230706/theta/coda_334_06:56/R0011356.JPG,indoor,2023-07-06T10:52:09Z,2023:07:06 06:55:49,40.458153,-79.9325,67.54,8.81,True,192.9,125.4,False
cali_hdr,20230706,theta,20230706/theta/coda_334_06:56/R0011354.JPG,indoor,2023-07-06T10:52:09Z,2023:07:06 06:55:35,40.458153,-79.9325,67.54,8.81,True,196.9,129.4,False
cali_hdr,20230706,theta,20230706/theta/coda_334_06:56/R0011355.JPG,indoor,2023-07-06T10:52:09Z,2023:07:06 06:55:42,40.458153,-79.9325,67.54,8.81,True,191.4,123.9,False
cali_hdr,20230706,theta,20230706/theta/coda_334_06:56/R0011358.JPG,indoor,2023-07-06T10:52:09Z,2023:07:06 06:56:02,40.458153,-79.9325,67.54,8.81,True,191.7,124.2,False
cali_hdr,20230706,theta,20230706/theta/coda_334_06:56/R0011353.JPG,indoor,2023-07-06T10:52:09Z,2023:07:06 06:55:28,40.458153,-79.9325,67.54,8.81,True,194.2,126.7,False
cali_hdr,20230706,theta,20230706/theta/coda_334_08:56/R0011377.JPG,indoor,2023-07-06T12:56:12Z,2023:07:06 08:57:02,40.458153,-79.9325,85.95,31.6,True,194.4,108.4,False
cali_hdr,20230706,theta,20230706/theta/coda_334_08:56/R0011376.JPG,indoor,2023-07-06T12:56:12Z,2023:07:06 08:56:55,40.458153,-79.9325,85.95,31.6,True,195.4,109.4,False
cali_hdr,20230706,theta,20230706/theta/coda_334_08:56/R0011375.JPG,indoor,2023-07-06T12:56:12Z,2023:07:06 08:56:49,40.458153,-79.9325,85.95,31.6,True,186.0,100.0,False
cali_hdr,20230706,theta,20230706/theta/coda_334_08:56/R0011374.JPG,indoor,2023-07-06T12:56:12Z,2023:07:06 08:56:43,40.458153,-79.9325,85.95,31.6,True,189.1,103.1,False
cali_hdr,20230706,theta,20230706/theta/coda_334_08:56/R0011371.JPG,indoor,2023-07-06T12:56:12Z,2023:07:06 08:56:23,40.458153,-79.9325,85.95,31.6,True,192.2,106.2,False
cali_hdr,20230706,theta,20230706/theta/coda_334_08:56/R0011378.JPG,indoor,2023-07-06T12:56:12Z,2023:07:06 08:57:08,40.458153,-79.9325,85.95,31.6,True,195.8,109.8,False
cali_hdr,20230706,theta,20230706/theta/coda_334_08:56/R0011379.JPG,indoor,2023-07-06T12:56:12Z,2023:07:06 08:57:14,40.458153,-79.9325,85.95,31.6,True,192.4,106.4,False
cali_hdr,20230706,theta,20230706/theta/coda_334_08:56/R0011373.JPG,indoor,2023-07-06T12:56:12Z,2023:07:06 08:56:36,40.458153,-79.9325,85.95,31.6,True,190.3,104.3,False
cali_hdr,20230706,theta,20230706/theta/coda_334_08:56/R0011372.JPG,indoor,2023-07-06T12:56:12Z,2023:07:06 08:56:30,40.458153,-79.9325,85.95,31.6,True,187.8,101.8,False
cali_hdr,20230615,theta,20230615/theta/coda_334_13:40/R0011148.JPG,indoor,2023-06-15T17:40:45Z,2023:06:15 13:41:11,40.458158,-79.9325,195.68,72.33,True,209.0,13.3,True
cali_hdr,20230615,theta,20230615/theta/coda_334_13:40/R0011152.JPG,indoor,2023-06-15T17:40:45Z,2023:06:15 13:41:35,40.458158,-79.9325,195.68,72.33,True,201.9,6.2,True
cali_hdr,20230615,theta,20230615/theta/coda_334_13:40/R0011153.JPG,indoor,2023-06-15T17:40:45Z,2023:06:15 13:41:41,40.458158,-79.9325,195.68,72.33,True,195.7,0.0,True
cali_hdr,20230615,theta,20230615/theta/coda_334_13:40/R0011150.JPG,indoor,2023-06-15T17:40:45Z,2023:06:15 13:41:23,40.458158,-79.9325,195.68,72.33,True,207.5,11.8,True
cali_hdr,20230615,theta,20230615/theta/coda_334_13:40/R0011147.JPG,indoor,2023-06-15T17:40:45Z,2023:06:15 13:41:04,40.458158,-79.9325,195.68,72.33,True,201.8,6.1,True
cali_hdr,20230615,theta,20230615/theta/coda_334_13:40/R0011146.JPG,indoor,2023-06-15T17:40:45Z,2023:06:15 13:40:57,40.458158,-79.9325,195.68,72.33,True,202.1,6.4,True
cali_hdr,20230615,theta,20230615/theta/coda_334_13:40/R0011149.JPG,indoor,2023-06-15T17:40:45Z,2023:06:15 13:41:17,40.458158,-79.9325,195.68,72.33,True,201.8,6.1,True
cali_hdr,20230615,theta,20230615/theta/coda_334_13:40/R0011154.JPG,indoor,2023-06-15T17:40:45Z,2023:06:15 13:41:48,40.458158,-79.9325,195.68,72.33,True,201.1,5.4,True
cali_hdr,20230615,theta,20230615/theta/coda_334_13:40/R0011151.JPG,indoor,2023-06-15T17:40:45Z,2023:06:15 13:41:29,40.458158,-79.9325,195.68,72.33,True,198.4,2.7,True
cali_hdr,20230615,theta,20230615/theta/coda_334_11:56/R0011092.JPG,indoor,2023-06-15T15:55:30Z,2023:06:15 11:55:41,40.457892,-79.932308,127.48,65.29,True,202.9,75.4,True
cali_hdr,20230615,theta,20230615/theta/coda_334_11:56/R0011097.JPG,indoor,2023-06-15T15:55:30Z,2023:06:15 11:56:13,40.457892,-79.932308,127.48,65.29,True,198.9,71.4,True
cali_hdr,20230615,theta,20230615/theta/coda_334_11:56/R0011093.JPG,indoor,2023-06-15T15:55:30Z,2023:06:15 11:55:48,40.457892,-79.932308,127.48,65.29,True,203.8,76.3,True
cali_hdr,20230615,theta,20230615/theta/coda_334_11:56/R0011095.JPG,indoor,2023-06-15T15:55:30Z,2023:06:15 11:56:02,40.457892,-79.932308,127.48,65.29,True,202.0,74.5,True
cali_hdr,20230615,theta,20230615/theta/coda_334_11:56/R0011098.JPG,indoor,2023-06-15T15:55:30Z,2023:06:15 11:56:20,40.457892,-79.932308,127.48,65.29,True,206.6,79.1,True
cali_hdr,20230615,theta,20230615/theta/coda_334_11:56/R0011099.JPG,indoor,2023-06-15T15:55:30Z,2023:06:15 11:56:26,40.457892,-79.932308,127.48,65.29,True,197.1,69.6,True
cali_hdr,20230615,theta,20230615/theta/coda_334_11:56/R0011096.JPG,indoor,2023-06-15T15:55:30Z,2023:06:15 11:56:08,40.457892,-79.932308,127.48,65.29,True,200.1,72.6,True
cali_hdr,20230615,theta,20230615/theta/coda_334_11:56/R0011094.JPG,indoor,2023-06-15T15:55:30Z,2023:06:15 11:55:55,40.457892,-79.932308,127.48,65.29,True,200.5,73.0,True
cali_hdr,20230615,theta,20230615/theta/coda_334_11:56/R0011100.JPG,indoor,2023-06-15T15:55:30Z,2023:06:15 11:56:32,40.457892,-79.932308,127.48,65.29,True,193.7,66.2,True
cali_hdr,20230615,theta,20230615/theta/coda_334_13:34/R0011140.JPG,indoor,2023-06-15T17:35:00Z,2023:06:15 13:35:35,40.458158,-79.9325,191.38,72.59,True,207.2,15.8,True
cali_hdr,20230615,theta,20230615/theta/coda_334_13:34/R0011139.JPG,indoor,2023-06-15T17:35:00Z,2023:06:15 13:35:28,40.458158,-79.9325,191.38,72.59,True,202.2,10.8,True
cali_hdr,20230615,theta,20230615/theta/coda_334_13:34/R0011142.JPG,indoor,2023-06-15T17:35:00Z,2023:06:15 13:35:47,40.458158,-79.9325,191.38,72.59,True,202.6,11.2,True
cali_hdr,20230615,theta,20230615/theta/coda_334_13:34/R0011137.JPG,indoor,2023-06-15T17:35:00Z,2023:06:15 13:35:14,40.458158,-79.9325,191.38,72.59,True,204.6,13.2,True
cali_hdr,20230615,theta,20230615/theta/coda_334_13:34/R0011143.JPG,indoor,2023-06-15T17:35:00Z,2023:06:15 13:35:53,40.458158,-79.9325,191.38,72.59,True,197.0,5.6,True
cali_hdr,20230615,theta,20230615/theta/coda_334_13:34/R0011138.JPG,indoor,2023-06-15T17:35:00Z,2023:06:15 13:35:22,40.458158,-79.9325,191.38,72.59,True,206.6,15.2,True
cali_hdr,20230615,theta,20230615/theta/coda_334_13:34/R0011145.JPG,indoor,2023-06-15T17:35:00Z,2023:06:15 13:36:06,40.458158,-79.9325,191.38,72.59,True,201.1,9.7,True
cali_hdr,20230615,theta,20230615/theta/coda_334_13:34/R0011144.JPG,indoor,2023-06-15T17:35:00Z,2023:06:15 13:35:59,40.458158,-79.9325,191.38,72.59,True,200.5,9.1,True
cali_hdr,20230615,theta,20230615/theta/coda_334_13:34/R0011141.JPG,indoor,2023-06-15T17:35:00Z,2023:06:15 13:35:41,40.458158,-79.9325,191.38,72.59,True,201.4,10.0,True
cali_hdr,20230615,theta,20230615/theta/coda_334_13:17/R0011126.JPG,indoor,2023-06-15T17:17:28Z,2023:06:15 13:18:39,40.458158,-79.9325,177.84,72.85,True,202.0,24.2,True
cali_hdr,20230615,theta,20230615/theta/coda_334_13:17/R0011116.JPG,indoor,2023-06-15T17:16:13Z,2023:06:15 13:17:12,40.457911,-79.932336,176.87,72.84,True,200.2,23.3,True
cali_hdr,20230615,theta,20230615/theta/coda_334_13:17/R0011111.JPG,indoor,2023-06-15T17:16:13Z,2023:06:15 13:16:40,40.457911,-79.932336,176.87,72.84,True,200.6,23.7,True
cali_hdr,20230615,theta,20230615/theta/coda_334_13:17/R0011117.JPG,indoor,2023-06-15T17:16:13Z,2023:06:15 13:17:18,40.457911,-79.932336,176.87,72.84,True,201.6,24.7,True
cali_hdr,20230615,theta,20230615/theta/coda_334_13:17/R0011112.JPG,indoor,2023-06-15T17:16:13Z,2023:06:15 13:16:47,40.457911,-79.932336,176.87,72.84,True,199.0,22.1,True
cali_hdr,20230615,theta,20230615/theta/coda_334_13:17/R0011110.JPG,indoor,2023-06-15T17:16:13Z,2023:06:15 13:16:33,40.457911,-79.932336,176.87,72.84,True,191.9,15.0,True
cali_hdr,20230615,theta,20230615/theta/coda_334_13:17/R0011118.JPG,indoor,2023-06-15T17:16:13Z,2023:06:15 13:17:24,40.457911,-79.932336,176.87,72.84,True,201.8,24.9,True
cali_hdr,20230615,theta,20230615/theta/coda_334_13:17/R0011121.JPG,indoor,2023-06-15T17:17:28Z,2023:06:15 13:18:07,40.458158,-79.9325,177.84,72.85,True,204.1,26.3,True
cali_hdr,20230615,theta,20230615/theta/coda_334_13:17/R0011123.JPG,indoor,2023-06-15T17:17:28Z,2023:06:15 13:18:20,40.458158,-79.9325,177.84,72.85,True,201.1,23.3,True
cali_hdr,20230615,theta,20230615/theta/coda_334_13:17/R0011124.JPG,indoor,2023-06-15T17:17:28Z,2023:06:15 13:18:26,40.458158,-79.9325,177.84,72.85,True,197.2,19.4,True
cali_hdr,20230615,theta,20230615/theta/coda_334_13:17/R0011115.JPG,indoor,2023-06-15T17:16:13Z,2023:06:15 13:17:05,40.457911,-79.932336,176.87,72.84,True,199.2,22.3,True
cali_hdr,20230615,theta,20230615/theta/coda_334_13:17/R0011122.JPG,indoor,2023-06-15T17:17:28Z,2023:06:15 13:18:13,40.458158,-79.9325,177.84,72.85,True,207.2,29.4,True
cali_hdr,20230615,theta,20230615/theta/coda_334_13:17/R0011114.JPG,indoor,2023-06-15T17:16:13Z,2023:06:15 13:16:59,40.457911,-79.932336,176.87,72.84,True,202.2,25.3,True
cali_hdr,20230615,theta,20230615/theta/coda_334_13:17/R0011125.JPG,indoor,2023-06-15T17:17:28Z,2023:06:15 13:18:33,40.458158,-79.9325,177.84,72.85,True,197.1,19.3,True
cali_hdr,20230615,theta,20230615/theta/coda_334_13:17/R0011120.JPG,indoor,2023-06-15T17:17:28Z,2023:06:15 13:18:01,40.458158,-79.9325,177.84,72.85,True,198.1,20.3,True
cali_hdr,20230615,theta,20230615/theta/coda_334_13:17/R0011127.JPG,indoor,2023-06-15T17:17:28Z,2023:06:15 13:18:45,40.458158,-79.9325,177.84,72.85,True,196.3,18.5,True
cali_hdr,20230615,theta,20230615/theta/coda_334_13:17/R0011113.JPG,indoor,2023-06-15T17:16:13Z,2023:06:15 13:16:53,40.457911,-79.932336,176.87,72.84,True,211.1,34.2,True
cali_hdr,20230615,theta,20230615/theta/coda_334_13:17/R0011119.JPG,indoor,2023-06-15T17:17:28Z,2023:06:15 13:17:53,40.458158,-79.9325,177.84,72.85,True,204.0,26.2,True
cali_hdr,20230615,theta,20230615/theta/coda_334_13:32/R0011135.JPG,indoor,2023-06-15T17:30:53Z,2023:06:15 13:32:51,40.457875,-79.932267,188.25,72.72,True,198.7,10.5,True
cali_hdr,20230615,theta,20230615/theta/coda_334_13:32/R0011131.JPG,indoor,2023-06-15T17:30:53Z,2023:06:15 13:32:26,40.457875,-79.932267,188.25,72.72,True,201.7,13.5,True
cali_hdr,20230615,theta,20230615/theta/coda_334_13:32/R0011136.JPG,indoor,2023-06-15T17:30:53Z,2023:06:15 13:32:56,40.457875,-79.932267,188.25,72.72,True,195.9,7.7,True
cali_hdr,20230615,theta,20230615/theta/coda_334_13:32/R0011129.JPG,indoor,2023-06-15T17:30:53Z,2023:06:15 13:32:13,40.457875,-79.932267,188.25,72.72,True,206.7,18.5,True
cali_hdr,20230615,theta,20230615/theta/coda_334_13:32/R0011128.JPG,indoor,2023-06-15T17:30:53Z,2023:06:15 13:32:06,40.457875,-79.932267,188.25,72.72,True,200.5,12.3,True
cali_hdr,20230615,theta,20230615/theta/coda_334_13:32/R0011132.JPG,indoor,2023-06-15T17:30:53Z,2023:06:15 13:32:33,40.457875,-79.932267,188.25,72.72,True,195.7,7.5,True
cali_hdr,20230615,theta,20230615/theta/coda_334_13:32/R0011130.JPG,indoor,2023-06-15T17:30:53Z,2023:06:15 13:32:20,40.457875,-79.932267,188.25,72.72,True,200.2,12.0,True
cali_hdr,20230615,theta,20230615/theta/coda_334_13:32/R0011134.JPG,indoor,2023-06-15T17:30:53Z,2023:06:15 13:32:45,40.457875,-79.932267,188.25,72.72,True,201.3,13.1,True
cali_hdr,20230615,theta,20230615/theta/coda_334_13:32/R0011133.JPG,indoor,2023-06-15T17:30:53Z,2023:06:15 13:32:39,40.457875,-79.932267,188.25,72.72,True,197.7,9.5,True
cali_hdr,20230615,theta,20230615/theta/coda_334_14:00/R0011162.JPG,indoor,2023-06-15T17:59:49Z,2023:06:15 14:01:11,40.458158,-79.9325,208.9,70.95,True,207.1,1.8,True
cali_hdr,20230615,theta,20230615/theta/coda_334_14:00/R0011157.JPG,indoor,2023-06-15T17:59:49Z,2023:06:15 14:00:39,40.458158,-79.9325,208.9,70.95,True,206.1,2.8,True
cali_hdr,20230615,theta,20230615/theta/coda_334_14:00/R0011158.JPG,indoor,2023-06-15T17:59:49Z,2023:06:15 14:00:45,40.458158,-79.9325,208.9,70.95,True,200.7,8.2,True
cali_hdr,20230615,theta,20230615/theta/coda_334_14:00/R0011156.JPG,indoor,2023-06-15T17:59:49Z,2023:06:15 14:00:32,40.458158,-79.9325,208.9,70.95,True,207.9,1.0,True
cali_hdr,20230615,theta,20230615/theta/coda_334_14:00/R0011161.JPG,indoor,2023-06-15T17:59:49Z,2023:06:15 14:01:05,40.458158,-79.9325,208.9,70.95,True,200.4,8.5,True
cali_hdr,20230615,theta,20230615/theta/coda_334_14:00/R0011160.JPG,indoor,2023-06-15T17:59:49Z,2023:06:15 14:00:58,40.458158,-79.9325,208.9,70.95,True,203.8,5.1,True
cali_hdr,20230615,theta,20230615/theta/coda_334_14:00/R0011163.JPG,indoor,2023-06-15T17:59:49Z,2023:06:15 14:01:17,40.458158,-79.9325,208.9,70.95,True,198.7,10.2,True
cali_hdr,20230615,theta,20230615/theta/coda_334_14:00/R0011159.JPG,indoor,2023-06-15T17:59:49Z,2023:06:15 14:00:52,40.458158,-79.9325,208.9,70.95,True,197.4,11.5,True
cali_hdr,20230615,theta,20230615/theta/coda_334_14:00/R0011155.JPG,indoor,2023-06-15T17:59:49Z,2023:06:15 14:00:25,40.458158,-79.9325,208.9,70.95,True,202.7,6.2,True
cali_hdr,20230615,theta,20230615/theta/coda_334_13:07/R0011109.JPG,indoor,2023-06-15T17:06:46Z,2023:06:15 13:07:48,40.458158,-79.9325,169.59,72.63,True,205.8,36.2,True
cali_hdr,20230615,theta,20230615/theta/coda_334_13:07/R0011101.JPG,indoor,2023-06-15T17:06:46Z,2023:06:15 13:06:58,40.458158,-79.9325,169.59,72.63,True,198.5,28.9,True
cali_hdr,20230615,theta,20230615/theta/coda_334_13:07/R0011106.JPG,indoor,2023-06-15T17:06:46Z,2023:06:15 13:07:30,40.458158,-79.9325,169.59,72.63,True,200.6,31.0,True
cali_hdr,20230615,theta,20230615/theta/coda_334_13:07/R0011102.JPG,indoor,2023-06-15T17:06:46Z,2023:06:15 13:07:05,40.458158,-79.9325,169.59,72.63,True,203.0,33.4,True
cali_hdr,20230615,theta,20230615/theta/coda_334_13:07/R0011104.JPG,indoor,2023-06-15T17:06:46Z,2023:06:15 13:07:18,40.458158,-79.9325,169.59,72.63,True,199.6,30.0,True
cali_hdr,20230615,theta,20230615/theta/coda_334_13:07/R0011105.JPG,indoor,2023-06-15T17:06:46Z,2023:06:15 13:07:23,40.458158,-79.9325,169.59,72.63,True,200.1,30.5,True
cali_hdr,20230615,theta,20230615/theta/coda_334_13:07/R0011108.JPG,indoor,2023-06-15T17:06:46Z,2023:06:15 13:07:43,40.458158,-79.9325,169.59,72.63,True,202.8,33.2,True
cali_hdr,20230615,theta,20230615/theta/coda_334_13:07/R0011107.JPG,indoor,2023-06-15T17:06:46Z,2023:06:15 13:07:36,40.458158,-79.9325,169.59,72.63,True,201.7,32.1,True
cali_hdr,20230615,theta,20230615/theta/coda_334_13:07/R0011103.JPG,indoor,2023-06-15T17:06:46Z,2023:06:15 13:07:12,40.458158,-79.9325,169.59,72.63,True,196.2,26.6,True
cali_hdr,20230528,theta,20230528/theta/coda_334_14:16/R0010979.JPG,indoor,2023-05-28T18:16:58Z,2023:05:28 14:17:35,40.457903,-79.932225,218.33,67.19,True,198.7,19.6,True
cali_hdr,20230528,theta,20230528/theta/coda_334_14:16/R0010975.JPG,indoor,2023-05-28T18:16:58Z,2023:05:28 14:17:08,40.457903,-79.932225,218.33,67.19,True,201.8,16.5,True
cali_hdr,20230528,theta,20230528/theta/coda_334_14:16/R0010978.JPG,indoor,2023-05-28T18:16:58Z,2023:05:28 14:17:29,40.457903,-79.932225,218.33,67.19,True,205.1,13.2,True
cali_hdr,20230528,theta,20230528/theta/coda_334_14:16/R0010976.JPG,indoor,2023-05-28T18:16:58Z,2023:05:28 14:17:15,40.457903,-79.932225,218.33,67.19,True,205.1,13.2,True
cali_hdr,20230528,theta,20230528/theta/coda_334_14:16/R0010980.JPG,indoor,2023-05-28T18:16:58Z,2023:05:28 14:17:41,40.457903,-79.932225,218.33,67.19,True,202.0,16.3,True
cali_hdr,20230528,theta,20230528/theta/coda_334_14:16/R0010977.JPG,indoor,2023-05-28T18:16:58Z,2023:05:28 14:17:22,40.457903,-79.932225,218.33,67.19,True,203.2,15.1,True
cali_hdr,20230528,theta,20230528/theta/coda_334_14:16/R0010981.JPG,indoor,2023-05-28T18:16:58Z,2023:05:28 14:17:47,40.457903,-79.932225,218.33,67.19,True,208.4,9.9,True
cali_hdr,20230528,theta,20230528/theta/coda_334_14:16/R0010983.JPG,indoor,2023-05-28T18:16:58Z,2023:05:28 14:17:59,40.457903,-79.932225,218.33,67.19,True,202.4,15.9,True
cali_hdr,20230528,theta,20230528/theta/coda_334_14:16/R0010982.JPG,indoor,2023-05-28T18:16:58Z,2023:05:28 14:17:53,40.457903,-79.932225,218.33,67.19,True,203.6,14.7,True
cali_hdr,20230528,theta,20230528/theta/coda_334_14:18/R0010987.JPG,indoor,2023-05-28T18:18:13Z,2023:05:28 14:19:07,40.457881,-79.932253,218.97,67.04,True,198.8,20.2,True
cali_hdr,20230528,theta,20230528/theta/coda_334_14:18/R0010988.JPG,indoor,2023-05-28T18:18:13Z,2023:05:28 14:19:13,40.457881,-79.932253,218.97,67.04,True,204.8,14.2,True
cali_hdr,20230528,theta,20230528/theta/coda_334_14:18/R0010989.JPG,indoor,2023-05-28T18:18:13Z,2023:05:28 14:19:19,40.457881,-79.932253,218.97,67.04,True,205.0,14.0,True
cali_hdr,20230528,theta,20230528/theta/coda_334_14:18/R0010984.JPG,indoor,2023-05-28T18:18:13Z,2023:05:28 14:18:46,40.457881,-79.932253,218.97,67.04,True,204.5,14.5,True
cali_hdr,20230528,theta,20230528/theta/coda_334_14:18/R0010990.JPG,indoor,2023-05-28T18:18:13Z,2023:05:28 14:19:26,40.457881,-79.932253,218.97,67.04,True,203.8,15.2,True
cali_hdr,20230528,theta,20230528/theta/coda_334_14:18/R0010986.JPG,indoor,2023-05-28T18:18:13Z,2023:05:28 14:19:00,40.457881,-79.932253,218.97,67.04,True,200.3,18.7,True
cali_hdr,20230528,theta,20230528/theta/coda_334_14:18/R0010992.JPG,indoor,2023-05-28T18:18:13Z,2023:05:28 14:19:38,40.457881,-79.932253,218.97,67.04,True,207.7,11.3,True
cali_hdr,20230528,theta,20230528/theta/coda_334_14:18/R0010991.JPG,indoor,2023-05-28T18:18:13Z,2023:05:28 14:19:32,40.457881,-79.932253,218.97,67.04,True,204.4,14.6,True
cali_hdr,20230528,theta,20230528/theta/coda_334_14:18/R0010985.JPG,indoor,2023-05-28T18:18:13Z,2023:05:28 14:18:53,40.457881,-79.932253,218.97,67.04,True,209.9,9.1,True
cali_hdr,20230528,theta,20230528/theta/coda_334_14:03/R0010967.JPG,indoor,2023-05-28T18:02:41Z,2023:05:28 14:03:56,40.457908,-79.932239,210.47,68.72,True,196.1,14.4,True
cali_hdr,20230528,theta,20230528/theta/coda_334_14:03/R0010972.JPG,indoor,2023-05-28T18:02:41Z,2023:05:28 14:04:28,40.457908,-79.932239,210.47,68.72,True,197.0,13.5,True
cali_hdr,20230528,theta,20230528/theta/coda_334_14:03/R0010968.JPG,indoor,2023-05-28T18:02:41Z,2023:05:28 14:04:03,40.457908,-79.932239,210.47,68.72,True,203.0,7.5,True
cali_hdr,20230528,theta,20230528/theta/coda_334_14:03/R0010966.JPG,indoor,2023-05-28T18:02:41Z,2023:05:28 14:03:49,40.457908,-79.932239,210.47,68.72,True,200.0,10.5,True
cali_hdr,20230528,theta,20230528/theta/coda_334_14:03/R0010971.JPG,indoor,2023-05-28T18:02:41Z,2023:05:28 14:04:22,40.457908,-79.932239,210.47,68.72,True,216.4,5.9,True
cali_hdr,20230528,theta,20230528/theta/coda_334_14:03/R0010974.JPG,indoor,2023-05-28T18:02:41Z,2023:05:28 14:04:40,40.457908,-79.932239,210.47,68.72,True,206.7,3.8,True
cali_hdr,20230528,theta,20230528/theta/coda_334_14:03/R0010973.JPG,indoor,2023-05-28T18:02:41Z,2023:05:28 14:04:34,40.457908,-79.932239,210.47,68.72,True,200.1,10.4,True
cali_hdr,20230528,theta,20230528/theta/coda_334_14:03/R0010969.JPG,indoor,2023-05-28T18:02:41Z,2023:05:28 14:04:09,40.457908,-79.932239,210.47,68.72,True,204.0,6.5,True
cali_hdr,20230528,theta,20230528/theta/coda_334_14:03/R0010970.JPG,indoor,2023-05-28T18:02:41Z,2023:05:28 14:04:15,40.457908,-79.932239,210.47,68.72,True,198.3,12.2,True
cali_hdr,20230528,theta,20230528/theta/coda_334_14:01/R0010957.JPG,indoor,2023-05-28T18:01:27Z,2023:05:28 14:01:38,40.457911,-79.93225,209.75,68.84,True,198.1,11.7,True
cali_hdr,20230528,theta,20230528/theta/coda_334_14:01/R0010960.JPG,indoor,2023-05-28T18:01:27Z,2023:05:28 14:01:58,40.457911,-79.93225,209.75,68.84,True,206.4,3.4,True
cali_hdr,20230528,theta,20230528/theta/coda_334_14:01/R0010964.JPG,indoor,2023-05-28T18:01:27Z,2023:05:28 14:02:23,40.457911,-79.93225,209.75,68.84,True,200.7,9.1,True
cali_hdr,20230528,theta,20230528/theta/coda_334_14:01/R0010965.JPG,indoor,2023-05-28T18:01:27Z,2023:05:28 14:02:28,40.457911,-79.93225,209.75,68.84,True,198.0,11.8,True
cali_hdr,20230528,theta,20230528/theta/coda_334_14:01/R0010958.JPG,indoor,2023-05-28T18:01:27Z,2023:05:28 14:01:45,40.457911,-79.93225,209.75,68.84,True,199.7,10.1,True
cali_hdr,20230528,theta,20230528/theta/coda_334_14:01/R0010959.JPG,indoor,2023-05-28T18:01:27Z,2023:05:28 14:01:51,40.457911,-79.93225,209.75,68.84,True,208.5,1.3,True
cali_hdr,20230528,theta,20230528/theta/coda_334_14:01/R0010962.JPG,indoor,2023-05-28T18:01:27Z,2023:05:28 14:02:10,40.457911,-79.93225,209.75,68.84,True,196.6,13.2,True
cali_hdr,20230528,theta,20230528/theta/coda_334_14:01/R0010961.JPG,indoor,2023-05-28T18:01:27Z,2023:05:28 14:02:04,40.457911,-79.93225,209.75,68.84,True,193.5,16.3,True
cali_hdr,20230528,theta,20230528/theta/coda_334_14:01/R0010963.JPG,indoor,2023-05-28T18:01:27Z,2023:05:28 14:02:17,40.457911,-79.93225,209.75,68.84,True,205.5,4.3,True
cali_hdr,20230528,theta,20230528/theta/coda_334_13:32/R0010935.JPG,indoor,2023-05-28T17:32:11Z,2023:05:28 13:32:57,40.457889,-79.932225,190.76,70.78,True,203.8,13.0,True
cali_hdr,20230528,theta,20230528/theta/coda_334_13:32/R0010932.JPG,indoor,2023-05-28T17:32:11Z,2023:05:28 13:32:37,40.457889,-79.932225,190.76,70.78,True,203.0,12.2,True
cali_hdr,20230528,theta,20230528/theta/coda_334_13:32/R0010937.JPG,indoor,2023-05-28T17:32:11Z,2023:05:28 13:33:10,40.457889,-79.932225,190.76,70.78,True,208.8,18.0,True
cali_hdr,20230528,theta,20230528/theta/coda_334_13:32/R0010936.JPG,indoor,2023-05-28T17:32:11Z,2023:05:28 13:33:04,40.457889,-79.932225,190.76,70.78,True,200.5,9.7,True
cali_hdr,20230528,theta,20230528/theta/coda_334_13:32/R0010934.JPG,indoor,2023-05-28T17:32:11Z,2023:05:28 13:32:50,40.457889,-79.932225,190.76,70.78,True,196.6,5.8,True
cali_hdr,20230528,theta,20230528/theta/coda_334_13:32/R0010938.JPG,indoor,2023-05-28T17:32:11Z,2023:05:28 13:33:16,40.457889,-79.932225,190.76,70.78,True,203.1,12.3,True
cali_hdr,20230528,theta,20230528/theta/coda_334_13:32/R0010933.JPG,indoor,2023-05-28T17:32:11Z,2023:05:28 13:32:44,40.457889,-79.932225,190.76,70.78,True,206.6,15.8,True
cali_hdr,20230528,theta,20230528/theta/coda_334_13:32/R0010930.JPG,indoor,2023-05-28T17:32:11Z,2023:05:28 13:32:23,40.457889,-79.932225,190.76,70.78,True,200.7,9.9,True
cali_hdr,20230528,theta,20230528/theta/coda_334_13:32/R0010931.JPG,indoor,2023-05-28T17:32:11Z,2023:05:28 13:32:31,40.457889,-79.932225,190.76,70.78,True,202.0,11.2,True
cali_hdr,20230528,theta,20230528/theta/coda_334_13:44/R0010945.JPG,indoor,2023-05-28T17:43:55Z,2023:05:28 13:44:47,40.457875,-79.9322,198.76,70.21,True,206.2,7.4,True
cali_hdr,20230528,theta,20230528/theta/coda_334_13:44/R0010940.JPG,indoor,2023-05-28T17:43:55Z,2023:05:28 13:44:14,40.457875,-79.9322,198.76,70.21,True,206.7,7.9,True
cali_hdr,20230528,theta,20230528/theta/coda_334_13:44/R0010946.JPG,indoor,2023-05-28T17:43:55Z,2023:05:28 13:44:52,40.457875,-79.9322,198.76,70.21,True,202.0,3.2,True
cali_hdr,20230528,theta,20230528/theta/coda_334_13:44/R0010942.JPG,indoor,2023-05-28T17:43:55Z,2023:05:28 13:44:27,40.457875,-79.9322,198.76,70.21,True,219.4,20.6,True
cali_hdr,20230528,theta,20230528/theta/coda_334_13:44/R0010941.JPG,indoor,2023-05-28T17:43:55Z,2023:05:28 13:44:21,40.457875,-79.9322,198.76,70.21,True,203.3,4.5,True
cali_hdr,20230528,theta,20230528/theta/coda_334_13:44/R0010939.JPG,indoor,2023-05-28T17:43:55Z,2023:05:28 13:44:06,40.457875,-79.9322,198.76,70.21,True,202.1,3.3,True
cali_hdr,20230528,theta,20230528/theta/coda_334_13:44/R0010944.JPG,indoor,2023-05-28T17:43:55Z,2023:05:28 13:44:40,40.457875,-79.9322,198.76,70.21,True,205.3,6.5,True
cali_hdr,20230528,theta,20230528/theta/coda_334_13:44/R0010947.JPG,indoor,2023-05-28T17:43:55Z,2023:05:28 13:44:59,40.457875,-79.9322,198.76,70.21,True,196.8,2.0,True
cali_hdr,20230528,theta,20230528/theta/coda_334_13:44/R0010943.JPG,indoor,2023-05-28T17:43:55Z,2023:05:28 13:44:33,40.457875,-79.9322,198.76,70.21,True,208.8,10.0,True
cali_hdr,20230528,theta,20230528/theta/coda_334_13:46/R0010950.JPG,indoor,2023-05-28T17:45:27Z,2023:05:28 13:46:42,40.458158,-79.932503,199.77,70.11,True,205.9,6.1,True
cali_hdr,20230528,theta,20230528/theta/coda_334_13:46/R0010954.JPG,indoor,2023-05-28T17:45:27Z,2023:05:28 13:47:08,40.458158,-79.932503,199.77,70.11,True,206.8,7.0,True
cali_hdr,20230528,theta,20230528/theta/coda_334_13:46/R0010953.JPG,indoor,2023-05-28T17:45:27Z,2023:05:28 13:47:01,40.458158,-79.932503,199.77,70.11,True,204.4,4.6,True
cali_hdr,20230528,theta,20230528/theta/coda_334_13:46/R0010949.JPG,indoor,2023-05-28T17:45:27Z,2023:05:28 13:46:36,40.458158,-79.932503,199.77,70.11,True,200.7,0.9,True
cali_hdr,20230528,theta,20230528/theta/coda_334_13:46/R0010956.JPG,indoor,2023-05-28T17:45:27Z,2023:05:28 13:47:20,40.458158,-79.932503,199.77,70.11,True,204.9,5.1,True
cali_hdr,20230528,theta,20230528/theta/coda_334_13:46/R0010955.JPG,indoor,2023-05-28T17:45:27Z,2023:05:28 13:47:14,40.458158,-79.932503,199.77,70.11,True,205.4,5.6,True
cali_hdr,20230528,theta,20230528/theta/coda_334_13:46/R0010951.JPG,indoor,2023-05-28T17:45:27Z,2023:05:28 13:46:49,40.458158,-79.932503,199.77,70.11,True,201.8,2.0,True
cali_hdr,20230528,theta,20230528/theta/coda_334_13:46/R0010948.JPG,indoor,2023-05-28T17:45:27Z,2023:05:28 13:46:28,40.458158,-79.932503,199.77,70.11,True,200.6,0.8,True
cali_hdr,20230528,theta,20230528/theta/coda_334_13:46/R0010952.JPG,indoor,2023-05-28T17:45:27Z,2023:05:28 13:46:55,40.458158,-79.932503,199.77,70.11,True,211.7,11.9,True
cali_hdr,20230625,theta,20230625/theta/coda_334_07:56/R0011253.JPG,indoor,2023-06-25T11:55:52Z,2023:06:25 07:57:06,40.458153,-79.9325,76.66,21.1,True,186.3,109.6,False
cali_hdr,20230625,theta,20230625/theta/coda_334_07:56/R0011245.JPG,indoor,2023-06-25T11:55:52Z,2023:06:25 07:56:16,40.458153,-79.9325,76.66,21.1,True,184.3,107.6,False
cali_hdr,20230625,theta,20230625/theta/coda_334_07:56/R0011251.JPG,indoor,2023-06-25T11:55:52Z,2023:06:25 07:56:55,40.458153,-79.9325,76.66,21.1,True,183.5,106.8,False
cali_hdr,20230625,theta,20230625/theta/coda_334_07:56/R0011248.JPG,indoor,2023-06-25T11:55:52Z,2023:06:25 07:56:36,40.458153,-79.9325,76.66,21.1,True,189.2,112.5,False
cali_hdr,20230625,theta,20230625/theta/coda_334_07:56/R0011247.JPG,indoor,2023-06-25T11:55:52Z,2023:06:25 07:56:30,40.458153,-79.9325,76.66,21.1,True,184.7,108.0,False
cali_hdr,20230625,theta,20230625/theta/coda_334_07:56/R0011249.JPG,indoor,2023-06-25T11:55:52Z,2023:06:25 07:56:42,40.458153,-79.9325,76.66,21.1,True,187.2,110.5,False
cali_hdr,20230625,theta,20230625/theta/coda_334_07:56/R0011250.JPG,indoor,2023-06-25T11:55:52Z,2023:06:25 07:56:49,40.458153,-79.9325,76.66,21.1,True,182.8,106.1,False
cali_hdr,20230625,theta,20230625/theta/coda_334_07:56/R0011246.JPG,indoor,2023-06-25T11:55:52Z,2023:06:25 07:56:23,40.458153,-79.9325,76.66,21.1,True,197.2,120.5,False
cali_hdr,20230625,theta,20230625/theta/coda_334_07:56/R0011252.JPG,indoor,2023-06-25T11:55:52Z,2023:06:25 07:57:00,40.458153,-79.9325,76.66,21.1,True,181.2,104.5,False
cali_hdr,20230625,theta,20230625/theta/coda_334_11:44/R0011297.JPG,indoor,2023-06-25T15:44:25Z,2023:06:25 11:45:42,40.457869,-79.932347,122.24,63.27,True,182.2,60.0,True
cali_hdr,20230625,theta,20230625/theta/coda_334_11:44/R0011294.JPG,indoor,2023-06-25T15:44:25Z,2023:06:25 11:45:23,40.457869,-79.932347,122.24,63.27,True,189.0,66.8,True
cali_hdr,20230625,theta,20230625/theta/coda_334_11:44/R0011292.JPG,indoor,2023-06-25T15:44:25Z,2023:06:25 11:45:09,40.457869,-79.932347,122.24,63.27,True,182.1,59.9,True
cali_hdr,20230625,theta,20230625/theta/coda_334_11:44/R0011290.JPG,indoor,2023-06-25T15:44:25Z,2023:06:25 11:44:56,40.457869,-79.932347,122.24,63.27,True,187.0,64.8,True
cali_hdr,20230625,theta,20230625/theta/coda_334_11:44/R0011295.JPG,indoor,2023-06-25T15:44:25Z,2023:06:25 11:45:29,40.457869,-79.932347,122.24,63.27,True,183.1,60.9,True
cali_hdr,20230625,theta,20230625/theta/coda_334_11:44/R0011291.JPG,indoor,2023-06-25T15:44:25Z,2023:06:25 11:45:03,40.457869,-79.932347,122.24,63.27,True,186.2,64.0,True
cali_hdr,20230625,theta,20230625/theta/coda_334_11:44/R0011298.JPG,indoor,2023-06-25T15:44:25Z,2023:06:25 11:45:48,40.457869,-79.932347,122.24,63.27,True,185.7,63.5,True
cali_hdr,20230625,theta,20230625/theta/coda_334_11:44/R0011296.JPG,indoor,2023-06-25T15:44:25Z,2023:06:25 11:45:36,40.457869,-79.932347,122.24,63.27,True,187.3,65.1,True
cali_hdr,20230625,theta,20230625/theta/coda_334_11:44/R0011293.JPG,indoor,2023-06-25T15:44:25Z,2023:06:25 11:45:16,40.457869,-79.932347,122.24,63.27,True,188.8,66.6,True
cali_hdr,20230625,theta,20230625/theta/coda_334_10:58/R0011287.JPG,indoor,2023-06-25T14:56:30Z,2023:06:25 10:58:49,40.457928,-79.9323,107.97,55.01,True,178.8,70.8,True
cali_hdr,20230625,theta,20230625/theta/coda_334_10:58/R0011284.JPG,indoor,2023-06-25T14:56:30Z,2023:06:25 10:58:29,40.457928,-79.9323,107.97,55.01,True,190.7,82.7,True
cali_hdr,20230625,theta,20230625/theta/coda_334_10:58/R0011281.JPG,indoor,2023-06-25T14:56:30Z,2023:06:25 10:58:09,40.457928,-79.9323,107.97,55.01,True,179.9,71.9,True
cali_hdr,20230625,theta,20230625/theta/coda_334_10:58/R0011288.JPG,indoor,2023-06-25T14:56:30Z,2023:06:25 10:58:56,40.457928,-79.9323,107.97,55.01,True,184.3,76.3,True
cali_hdr,20230625,theta,20230625/theta/coda_334_10:58/R0011283.JPG,indoor,2023-06-25T14:56:30Z,2023:06:25 10:58:23,40.457928,-79.9323,107.97,55.01,True,187.6,79.6,True
cali_hdr,20230625,theta,20230625/theta/coda_334_10:58/R0011285.JPG,indoor,2023-06-25T14:56:30Z,2023:06:25 10:58:36,40.457928,-79.9323,107.97,55.01,True,185.6,77.6,True
cali_hdr,20230625,theta,20230625/theta/coda_334_10:58/R0011289.JPG,indoor,2023-06-25T14:56:30Z,2023:06:25 10:59:02,40.457928,-79.9323,107.97,55.01,True,192.4,84.4,True
cali_hdr,20230625,theta,20230625/theta/coda_334_10:58/R0011286.JPG,indoor,2023-06-25T14:56:30Z,2023:06:25 10:58:42,40.457928,-79.9323,107.97,55.01,True,185.8,77.8,True
cali_hdr,20230625,theta,20230625/theta/coda_334_10:58/R0011282.JPG,indoor,2023-06-25T14:56:30Z,2023:06:25 10:58:16,40.457928,-79.9323,107.97,55.01,True,183.1,75.1,True
cali_hdr,20230625,theta,20230625/theta/coda_334_13:56/R0011316.JPG,indoor,2023-06-25T17:55:17Z,2023:06:25 13:56:20,40.45785,-79.932228,204.52,71.58,True,183.9,20.6,True
cali_hdr,20230625,theta,20230625/theta/coda_334_13:56/R0011315.JPG,indoor,2023-06-25T17:55:17Z,2023:06:25 13:56:14,40.45785,-79.932228,204.52,71.58,True,181.1,23.4,True
cali_hdr,20230625,theta,20230625/theta/coda_334_13:56/R0011310.JPG,indoor,2023-06-25T17:55:17Z,2023:06:25 13:55:40,40.45785,-79.932228,204.52,71.58,True,189.0,15.5,True
cali_hdr,20230625,theta,20230625/theta/coda_334_13:56/R0011314.JPG,indoor,2023-06-25T17:55:17Z,2023:06:25 13:56:07,40.45785,-79.932228,204.52,71.58,True,187.3,17.2,True
cali_hdr,20230625,theta,20230625/theta/coda_334_13:56/R0011313.JPG,indoor,2023-06-25T17:55:17Z,2023:06:25 13:56:01,40.45785,-79.932228,204.52,71.58,True,190.7,13.8,True
cali_hdr,20230625,theta,20230625/theta/coda_334_13:56/R0011312.JPG,indoor,2023-06-25T17:55:17Z,2023:06:25 13:55:54,40.45785,-79.932228,204.52,71.58,True,186.0,18.5,True
cali_hdr,20230625,theta,20230625/theta/coda_334_13:56/R0011311.JPG,indoor,2023-06-25T17:55:17Z,2023:06:25 13:55:47,40.45785,-79.932228,204.52,71.58,True,179.7,24.8,True
cali_hdr,20230625,theta,20230625/theta/coda_334_13:56/R0011308.JPG,indoor,2023-06-25T17:55:17Z,2023:06:25 13:55:27,40.45785,-79.932228,204.52,71.58,True,190.6,13.9,True
cali_hdr,20230625,theta,20230625/theta/coda_334_13:56/R0011309.JPG,indoor,2023-06-25T17:55:17Z,2023:06:25 13:55:34,40.45785,-79.932228,204.52,71.58,True,186.2,18.3,True
cali_hdr,20230625,theta,20230625/theta/coda_334_10:56/R0011272.JPG,indoor,2023-06-25T14:56:30Z,2023:06:25 10:56:42,40.457928,-79.9323,107.97,55.01,True,179.7,71.7,True
cali_hdr,20230625,theta,20230625/theta/coda_334_10:56/R0011275.JPG,indoor,2023-06-25T14:56:30Z,2023:06:25 10:57:02,40.457928,-79.9323,107.97,55.01,True,184.7,76.7,True
cali_hdr,20230625,theta,20230625/theta/coda_334_10:56/R0011279.JPG,indoor,2023-06-25T14:56:30Z,2023:06:25 10:57:26,40.457928,-79.9323,107.97,55.01,True,185.5,77.5,True
cali_hdr,20230625,theta,20230625/theta/coda_334_10:56/R0011280.JPG,indoor,2023-06-25T14:56:30Z,2023:06:25 10:57:32,40.457928,-79.9323,107.97,55.01,True,183.9,75.9,True
cali_hdr,20230625,theta,20230625/theta/coda_334_10:56/R0011277.JPG,indoor,2023-06-25T14:56:30Z,2023:06:25 10:57:14,40.457928,-79.9323,107.97,55.01,True,177.4,69.4,True
cali_hdr,20230625,theta,20230625/theta/coda_334_10:56/R0011276.JPG,indoor,2023-06-25T14:56:30Z,2023:06:25 10:57:09,40.457928,-79.9323,107.97,55.01,True,186.7,78.7,True
cali_hdr,20230625,theta,20230625/theta/coda_334_10:56/R0011273.JPG,indoor,2023-06-25T14:56:30Z,2023:06:25 10:56:49,40.457928,-79.9323,107.97,55.01,True,189.8,81.8,True
cali_hdr,20230625,theta,20230625/theta/coda_334_10:56/R0011274.JPG,indoor,2023-06-25T14:56:30Z,2023:06:25 10:56:55,40.457928,-79.9323,107.97,55.01,True,187.9,79.9,True
cali_hdr,20230625,theta,20230625/theta/coda_334_10:56/R0011278.JPG,indoor,2023-06-25T14:56:30Z,2023:06:25 10:57:20,40.457928,-79.9323,107.97,55.01,True,182.8,74.8,True
cali_hdr,20230625,theta,20230625/theta/coda_334_09:56/R0011271.JPG,indoor,2023-06-25T13:55:11Z,2023:06:25 09:56:25,40.457906,-79.932264,95.25,43.6,True,180.3,85.0,True
cali_hdr,20230625,theta,20230625/theta/coda_334_09:56/R0011267.JPG,indoor,2023-06-25T13:55:11Z,2023:06:25 09:55:59,40.457906,-79.932264,95.25,43.6,True,185.3,90.0,False
cali_hdr,20230625,theta,20230625/theta/coda_334_09:56/R0011265.JPG,indoor,2023-06-25T13:55:11Z,2023:06:25 09:55:46,40.457906,-79.932264,95.25,43.6,True,189.4,94.1,False
cali_hdr,20230625,theta,20230625/theta/coda_334_09:56/R0011268.JPG,indoor,2023-06-25T13:55:11Z,2023:06:25 09:56:06,40.457906,-79.932264,95.25,43.6,True,184.5,89.2,True
cali_hdr,20230625,theta,20230625/theta/coda_334_09:56/R0011269.JPG,indoor,2023-06-25T13:55:11Z,2023:06:25 09:56:12,40.457906,-79.932264,95.25,43.6,True,188.5,93.2,False
cali_hdr,20230625,theta,20230625/theta/coda_334_09:56/R0011266.JPG,indoor,2023-06-25T13:55:11Z,2023:06:25 09:55:53,40.457906,-79.932264,95.25,43.6,True,181.2,85.9,True
cali_hdr,20230625,theta,20230625/theta/coda_334_09:56/R0011270.JPG,indoor,2023-06-25T13:55:11Z,2023:06:25 09:56:19,40.457906,-79.932264,95.25,43.6,True,180.4,85.1,True
cali_hdr,20230625,theta,20230625/theta/coda_334_09:56/R0011263.JPG,indoor,2023-06-25T13:55:11Z,2023:06:25 09:55:33,40.457906,-79.932264,95.25,43.6,True,185.4,90.1,False
cali_hdr,20230625,theta,20230625/theta/coda_334_09:56/R0011264.JPG,indoor,2023-06-25T13:55:11Z,2023:06:25 09:55:40,40.457906,-79.932264,95.25,43.6,True,184.7,89.4,True
cali_hdr,20230625,theta,20230625/theta/coda_334_12:56/R0011305.JPG,indoor,2023-06-25T16:55:18Z,2023:06:25 12:57:03,40.457886,-79.932244,159.48,72.0,True,184.2,24.7,True
cali_hdr,20230625,theta,20230625/theta/coda_334_12:56/R0011306.JPG,indoor,2023-06-25T16:55:18Z,2023:06:25 12:57:09,40.457886,-79.932244,159.48,72.0,True,185.1,25.6,True
cali_hdr,20230625,theta,20230625/theta/coda_334_12:56/R0011299.JPG,indoor,2023-06-25T16:55:18Z,2023:06:25 12:56:23,40.457886,-79.932244,159.48,72.0,True,188.1,28.6,True
cali_hdr,20230625,theta,20230625/theta/coda_334_12:56/R0011304.JPG,indoor,2023-06-25T16:55:18Z,2023:06:25 12:56:57,40.457886,-79.932244,159.48,72.0,True,180.9,21.4,True
cali_hdr,20230625,theta,20230625/theta/coda_334_12:56/R0011301.JPG,indoor,2023-06-25T16:55:18Z,2023:06:25 12:56:37,40.457886,-79.932244,159.48,72.0,True,183.9,24.4,True
cali_hdr,20230625,theta,20230625/theta/coda_334_12:56/R0011300.JPG,indoor,2023-06-25T16:55:18Z,2023:06:25 12:56:31,40.457886,-79.932244,159.48,72.0,True,184.1,24.6,True
cali_hdr,20230625,theta,20230625/theta/coda_334_12:56/R0011302.JPG,indoor,2023-06-25T16:55:18Z,2023:06:25 12:56:44,40.457886,-79.932244,159.48,72.0,True,184.3,24.8,True
cali_hdr,20230625,theta,20230625/theta/coda_334_12:56/R0011303.JPG,indoor,2023-06-25T16:55:18Z,2023:06:25 12:56:50,40.457886,-79.932244,159.48,72.0,True,185.9,26.4,True
cali_hdr,20230625,theta,20230625/theta/coda_334_12:56/R0011307.JPG,indoor,2023-06-25T16:55:18Z,2023:06:25 12:57:15,40.457886,-79.932244,159.48,72.0,True,186.3,26.8,True
cali_hdr,20230625,theta,20230625/theta/coda_334_06:56/R0011242.JPG,indoor,2023-06-25T10:56:57Z,2023:06:25 06:57:47,40.458153,-79.9325,68.03,10.47,True,175.7,107.7,False
cali_hdr,20230625,theta,20230625/theta/coda_334_06:56/R0011241.JPG,indoor,2023-06-25T10:56:57Z,2023:06:25 06:57:41,40.458153,-79.9325,68.03,10.47,True,180.8,112.8,False
cali_hdr,20230625,theta,20230625/theta/coda_334_06:56/R0011239.JPG,indoor,2023-06-25T10:56:57Z,2023:06:25 06:57:29,40.458153,-79.9325,68.03,10.47,True,179.8,111.8,False
cali_hdr,20230625,theta,20230625/theta/coda_334_06:56/R0011236.JPG,indoor,2023-06-25T10:56:57Z,2023:06:25 06:57:08,40.458153,-79.9325,68.03,10.47,True,185.2,117.2,False
cali_hdr,20230625,theta,20230625/theta/coda_334_06:56/R0011243.JPG,indoor,2023-06-25T10:56:57Z,2023:06:25 06:57:53,40.458153,-79.9325,68.03,10.47,True,174.3,106.3,False
cali_hdr,20230625,theta,20230625/theta/coda_334_06:56/R0011244.JPG,indoor,2023-06-25T10:56:57Z,2023:06:25 06:57:59,40.458153,-79.9325,68.03,10.47,True,184.8,116.8,False
cali_hdr,20230625,theta,20230625/theta/coda_334_06:56/R0011237.JPG,indoor,2023-06-25T10:56:57Z,2023:06:25 06:57:16,40.458153,-79.9325,68.03,10.47,True,181.1,113.1,False
cali_hdr,20230625,theta,20230625/theta/coda_334_06:56/R0011240.JPG,indoor,2023-06-25T10:56:57Z,2023:06:25 06:57:35,40.458153,-79.9325,68.03,10.47,True,189.8,121.8,False
cali_hdr,20230625,theta,20230625/theta/coda_334_06:56/R0011238.JPG,indoor,2023-06-25T10:56:57Z,2023:06:25 06:57:23,40.458153,-79.9325,68.03,10.47,True,186.4,118.4,False
cali_hdr,20230625,theta,20230625/theta/coda_334_08:56/R0011254.JPG,indoor,2023-06-25T12:55:57Z,2023:06:25 08:56:09,40.458153,-79.9325,85.55,32.36,True,177.9,92.3,False
cali_hdr,20230625,theta,20230625/theta/coda_334_08:56/R0011260.JPG,indoor,2023-06-25T12:55:57Z,2023:06:25 08:56:48,40.458153,-79.9325,85.55,32.36,True,181.0,95.4,False
cali_hdr,20230625,theta,20230625/theta/coda_334_08:56/R0011262.JPG,indoor,2023-06-25T12:55:57Z,2023:06:25 08:57:00,40.458153,-79.9325,85.55,32.36,True,183.3,97.7,False
cali_hdr,20230625,theta,20230625/theta/coda_334_08:56/R0011261.JPG,indoor,2023-06-25T12:55:57Z,2023:06:25 08:56:54,40.458153,-79.9325,85.55,32.36,True,185.4,99.8,False
cali_hdr,20230625,theta,20230625/theta/coda_334_08:56/R0011257.JPG,indoor,2023-06-25T12:55:57Z,2023:06:25 08:56:29,40.458153,-79.9325,85.55,32.36,True,181.3,95.7,False
cali_hdr,20230625,theta,20230625/theta/coda_334_08:56/R0011259.JPG,indoor,2023-06-25T12:55:57Z,2023:06:25 08:56:41,40.458153,-79.9325,85.55,32.36,True,178.5,92.9,False
cali_hdr,20230625,theta,20230625/theta/coda_334_08:56/R0011255.JPG,indoor,2023-06-25T12:55:57Z,2023:06:25 08:56:16,40.458153,-79.9325,85.55,32.36,True,180.9,95.3,False
cali_hdr,20230625,theta,20230625/theta/coda_334_08:56/R0011258.JPG,indoor,2023-06-25T12:55:57Z,2023:06:25 08:56:35,40.458153,-79.9325,85.55,32.36,True,185.5,99.9,False
cali_hdr,20230625,theta,20230625/theta/coda_334_08:56/R0011256.JPG,indoor,2023-06-25T12:55:57Z,2023:06:25 08:56:22,40.458153,-79.9325,85.55,32.36,True,186.1,100.5,False
cali_hdr,20221014,theta,20221014/theta/basement_13:34/R0010444.JPG,indoor,2022-10-14T17:26:50Z,2022:10:14 13:35:14,40.368214,-80.178267,186.63,41.1,True,,,
cali_hdr,20221014,theta,20221014/theta/basement_13:34/R0010442.JPG,indoor,2022-10-14T17:26:50Z,2022:10:14 13:35:01,40.368214,-80.178267,186.63,41.1,True,,,
cali_hdr,20221014,theta,20221014/theta/basement_13:34/R0010448.JPG,indoor,2022-10-14T17:26:50Z,2022:10:14 13:35:39,40.368214,-80.178267,186.63,41.1,True,,,
cali_hdr,20221014,theta,20221014/theta/basement_13:34/R0010446.JPG,indoor,2022-10-14T17:26:50Z,2022:10:14 13:35:28,40.368214,-80.178267,186.63,41.1,True,,,
cali_hdr,20221014,theta,20221014/theta/basement_13:34/R0010445.JPG,indoor,2022-10-14T17:26:50Z,2022:10:14 13:35:21,40.368214,-80.178267,186.63,41.1,True,,,
cali_hdr,20221014,theta,20221014/theta/basement_13:34/R0010443.JPG,indoor,2022-10-14T17:26:50Z,2022:10:14 13:35:08,40.368214,-80.178267,186.63,41.1,True,,,
cali_hdr,20221014,theta,20221014/theta/basement_13:34/R0010447.JPG,indoor,2022-10-14T17:26:50Z,2022:10:14 13:35:33,40.368214,-80.178267,186.63,41.1,True,,,
cali_hdr,20221014,theta,20221014/theta/basement_13:34/R0010441.JPG,indoor,2022-10-14T17:26:50Z,2022:10:14 13:34:55,40.368214,-80.178267,186.63,41.1,True,,,
cali_hdr,20221014,theta,20221014/theta/basement_13:34/R0010440.JPG,indoor,2022-10-14T17:26:50Z,2022:10:14 13:34:47,40.368214,-80.178267,186.63,41.1,True,,,
cali_hdr,20221014,theta,20221014/theta/basement_14:22/R0010491.JPG,indoor,2022-10-14T18:11:56Z,2022:10:14 14:21:45,40.36825,-80.178314,200.97,39.04,True,,,
cali_hdr,20221014,theta,20221014/theta/basement_14:22/R0010488.JPG,indoor,2022-10-14T18:11:56Z,2022:10:14 14:21:26,40.36825,-80.178314,200.97,39.04,True,,,
cali_hdr,20221014,theta,20221014/theta/basement_14:22/R0010487.JPG,indoor,2022-10-14T18:11:56Z,2022:10:14 14:21:20,40.36825,-80.178314,200.97,39.04,True,,,
cali_hdr,20221014,theta,20221014/theta/basement_14:22/R0010493.JPG,indoor,2022-10-14T18:11:56Z,2022:10:14 14:21:56,40.36825,-80.178314,200.97,39.04,True,,,
cali_hdr,20221014,theta,20221014/theta/basement_14:22/R0010492.JPG,indoor,2022-10-14T18:11:56Z,2022:10:14 14:21:51,40.36825,-80.178314,200.97,39.04,True,,,
cali_hdr,20221014,theta,20221014/theta/basement_14:22/R0010485.JPG,indoor,2022-10-14T18:11:56Z,2022:10:14 14:21:06,40.36825,-80.178314,200.97,39.04,True,,,
cali_hdr,20221014,theta,20221014/theta/basement_14:22/R0010489.JPG,indoor,2022-10-14T18:11:56Z,2022:10:14 14:21:33,40.36825,-80.178314,200.97,39.04,True,,,
cali_hdr,20221014,theta,20221014/theta/basement_14:22/R0010486.JPG,indoor,2022-10-14T18:11:56Z,2022:10:14 14:21:13,40.36825,-80.178314,200.97,39.04,True,,,
cali_hdr,20221014,theta,20221014/theta/basement_14:22/R0010490.JPG,indoor,2022-10-14T18:11:56Z,2022:10:14 14:21:39,40.36825,-80.178314,200.97,39.04,True,,,
cali_hdr,20221014,theta,20221014/theta/basement_16:47/R0010583.JPG,indoor,2022-10-14T20:47:05Z,2022:10:14 16:48:07,40.368178,-80.178242,239.53,19.72,True,,,
cali_hdr,20221014,theta,20221014/theta/basement_16:47/R0010581.JPG,indoor,2022-10-14T20:47:05Z,2022:10:14 16:47:55,40.368178,-80.178242,239.53,19.72,True,,,
cali_hdr,20221014,theta,20221014/theta/basement_16:47/R0010575.JPG,indoor,2022-10-14T20:47:05Z,2022:10:14 16:47:17,40.368178,-80.178242,239.53,19.72,True,,,
cali_hdr,20221014,theta,20221014/theta/basement_16:47/R0010580.JPG,indoor,2022-10-14T20:47:05Z,2022:10:14 16:47:49,40.368178,-80.178242,239.53,19.72,True,,,
cali_hdr,20221014,theta,20221014/theta/basement_16:47/R0010579.JPG,indoor,2022-10-14T20:47:05Z,2022:10:14 16:47:43,40.368178,-80.178242,239.53,19.72,True,,,
cali_hdr,20221014,theta,20221014/theta/basement_16:47/R0010582.JPG,indoor,2022-10-14T20:47:05Z,2022:10:14 16:48:01,40.368178,-80.178242,239.53,19.72,True,,,
cali_hdr,20221014,theta,20221014/theta/basement_16:47/R0010578.JPG,indoor,2022-10-14T20:47:05Z,2022:10:14 16:47:37,40.368178,-80.178242,239.53,19.72,True,,,
cali_hdr,20221014,theta,20221014/theta/basement_16:47/R0010576.JPG,indoor,2022-10-14T20:47:05Z,2022:10:14 16:47:24,40.368178,-80.178242,239.53,19.72,True,,,
cali_hdr,20221014,theta,20221014/theta/basement_16:47/R0010577.JPG,indoor,2022-10-14T20:47:05Z,2022:10:14 16:47:31,40.368178,-80.178242,239.53,19.72,True,,,
cali_hdr,20221014,theta,20221014/theta/basement_15:41/R0010536.JPG,indoor,2022-10-14T19:36:13Z,2022:10:14 15:41:50,40.368233,-80.178253,224.11,30.34,True,,,
cali_hdr,20221014,theta,20221014/theta/basement_15:41/R0010535.JPG,indoor,2022-10-14T19:36:13Z,2022:10:14 15:41:43,40.368233,-80.178253,224.11,30.34,True,,,
cali_hdr,20221014,theta,20221014/theta/basement_15:41/R0010537.JPG,indoor,2022-10-14T19:36:13Z,2022:10:14 15:41:56,40.368233,-80.178253,224.11,30.34,True,,,
cali_hdr,20221014,theta,20221014/theta/basement_15:41/R0010533.JPG,indoor,2022-10-14T19:36:13Z,2022:10:14 15:41:31,40.368233,-80.178253,224.11,30.34,True,,,
cali_hdr,20221014,theta,20221014/theta/basement_15:41/R0010534.JPG,indoor,2022-10-14T19:36:13Z,2022:10:14 15:41:37,40.368233,-80.178253,224.11,30.34,True,,,
cali_hdr,20221014,theta,20221014/theta/basement_15:41/R0010538.JPG,indoor,2022-10-14T19:36:13Z,2022:10:14 15:42:01,40.368233,-80.178253,224.11,30.34,True,,,
cali_hdr,20221014,theta,20221014/theta/basement_15:41/R0010532.JPG,indoor,2022-10-14T19:36:13Z,2022:10:14 15:41:25,40.368233,-80.178253,224.11,30.34,True,,,
cali_hdr,20221014,theta,20221014/theta/basement_15:41/R0010531.JPG,indoor,2022-10-14T19:36:13Z,2022:10:14 15:41:18,40.368233,-80.178253,224.11,30.34,True,,,
cali_hdr,20221014,theta,20221014/theta/basement_15:41/R0010530.JPG,indoor,2022-10-14T19:36:13Z,2022:10:14 15:41:10,40.368233,-80.178253,224.11,30.34,True,,,
cali_hdr,20230622,theta,20230622/theta/coda_334_06:58/R0011165.JPG,indoor,2023-06-22T10:57:29Z,2023:06:22 06:58:58,40.457775,-79.932322,68.17,10.71,True,202.2,134.0,False
cali_hdr,20230622,theta,20230622/theta/coda_334_06:58/R0011169.JPG,indoor,2023-06-22T10:57:29Z,2023:06:22 06:59:24,40.457775,-79.932322,68.17,10.71,True,198.6,130.4,False
cali_hdr,20230622,theta,20230622/theta/coda_334_06:58/R0011167.JPG,indoor,2023-06-22T10:57:29Z,2023:06:22 06:59:11,40.457775,-79.932322,68.17,10.71,True,199.6,131.4,False
cali_hdr,20230622,theta,20230622/theta/coda_334_06:58/R0011164.JPG,indoor,2023-06-22T10:57:29Z,2023:06:22 06:58:50,40.457775,-79.932322,68.17,10.71,True,200.6,132.4,False
cali_hdr,20230622,theta,20230622/theta/coda_334_06:58/R0011166.JPG,indoor,2023-06-22T10:57:29Z,2023:06:22 06:59:04,40.457775,-79.932322,68.17,10.71,True,205.6,137.4,False
cali_hdr,20230622,theta,20230622/theta/coda_334_06:58/R0011171.JPG,indoor,2023-06-22T10:57:29Z,2023:06:22 06:59:35,40.457775,-79.932322,68.17,10.71,True,196.6,128.4,False
cali_hdr,20230622,theta,20230622/theta/coda_334_06:58/R0011172.JPG,indoor,2023-06-22T10:57:29Z,2023:06:22 06:59:41,40.457775,-79.932322,68.17,10.71,True,203.4,135.2,False
cali_hdr,20230622,theta,20230622/theta/coda_334_06:58/R0011168.JPG,indoor,2023-06-22T10:57:29Z,2023:06:22 06:59:18,40.457775,-79.932322,68.17,10.71,True,202.6,134.4,False
cali_hdr,20230622,theta,20230622/theta/coda_334_06:58/R0011170.JPG,indoor,2023-06-22T10:57:29Z,2023:06:22 06:59:30,40.457775,-79.932322,68.17,10.71,True,203.3,135.1,False
cali_hdr,20230622,theta,20230622/theta/coda_334_11:56/R0011215.JPG,indoor,2023-06-22T15:53:46Z,2023:06:22 11:56:49,40.457936,-79.932311,125.97,64.88,True,189.0,63.0,True
cali_hdr,20230622,theta,20230622/theta/coda_334_11:56/R0011211.JPG,indoor,2023-06-22T15:53:46Z,2023:06:22 11:56:23,40.457936,-79.932311,125.97,64.88,True,196.7,70.7,True
cali_hdr,20230622,theta,20230622/theta/coda_334_11:56/R0011212.JPG,indoor,2023-06-22T15:53:46Z,2023:06:22 11:56:30,40.457936,-79.932311,125.97,64.88,True,194.8,68.8,True
cali_hdr,20230622,theta,20230622/theta/coda_334_11:56/R0011213.JPG,indoor,2023-06-22T15:53:46Z,2023:06:22 11:56:36,40.457936,-79.932311,125.97,64.88,True,187.2,61.2,True
cali_hdr,20230622,theta,20230622/theta/coda_334_11:56/R0011216.JPG,indoor,2023-06-22T15:53:46Z,2023:06:22 11:56:56,40.457936,-79.932311,125.97,64.88,True,193.0,67.0,True
cali_hdr,20230622,theta,20230622/theta/coda_334_11:56/R0011214.JPG,indoor,2023-06-22T15:53:46Z,2023:06:22 11:56:43,40.457936,-79.932311,125.97,64.88,True,201.1,75.1,True
cali_hdr,20230622,theta,20230622/theta/coda_334_11:56/R0011209.JPG,indoor,2023-06-22T15:53:46Z,2023:06:22 11:56:10,40.457936,-79.932311,125.97,64.88,True,186.9,60.9,True
cali_hdr,20230622,theta,20230622/theta/coda_334_11:56/R0011210.JPG,indoor,2023-06-22T15:53:46Z,2023:06:22 11:56:17,40.457936,-79.932311,125.97,64.88,True,185.8,59.8,True
cali_hdr,20230622,theta,20230622/theta/coda_334_11:56/R0011217.JPG,indoor,2023-06-22T15:53:46Z,2023:06:22 11:57:01,40.457936,-79.932311,125.97,64.88,True,191.8,65.8,True
cali_hdr,20230622,theta,20230622/theta/coda_334_13:56/R0011234.JPG,indoor,2023-06-22T17:53:30Z,2023:06:22 13:57:39,40.457875,-79.932264,203.8,71.72,True,185.5,18.3,True
cali_hdr,20230622,theta,20230622/theta/coda_334_13:56/R0011228.JPG,indoor,2023-06-22T17:53:30Z,2023:06:22 13:57:03,40.457875,-79.932264,203.8,71.72,True,184.9,18.9,True
cali_hdr,20230622,theta,20230622/theta/coda_334_13:56/R0011231.JPG,indoor,2023-06-22T17:53:30Z,2023:06:22 13:57:21,40.457875,-79.932264,203.8,71.72,True,189.3,14.5,True
cali_hdr,20230622,theta,20230622/theta/coda_334_13:56/R0011232.JPG,indoor,2023-06-22T17:53:30Z,2023:06:22 13:57:27,40.457875,-79.932264,203.8,71.72,True,190.0,13.8,True
cali_hdr,20230622,theta,20230622/theta/coda_334_13:56/R0011230.JPG,indoor,2023-06-22T17:53:30Z,2023:06:22 13:57:16,40.457875,-79.932264,203.8,71.72,True,186.2,17.6,True
cali_hdr,20230622,theta,20230622/theta/coda_334_13:56/R0011229.JPG,indoor,2023-06-22T17:53:30Z,2023:06:22 13:57:09,40.457875,-79.932264,203.8,71.72,True,185.2,18.6,True
cali_hdr,20230622,theta,20230622/theta/coda_334_13:56/R0011227.JPG,indoor,2023-06-22T17:53:30Z,2023:06:22 13:56:56,40.457875,-79.932264,203.8,71.72,True,183.0,20.8,True
cali_hdr,20230622,theta,20230622/theta/coda_334_13:56/R0011235.JPG,indoor,2023-06-22T17:53:30Z,2023:06:22 13:57:45,40.457875,-79.932264,203.8,71.72,True,186.4,17.4,True
cali_hdr,20230622,theta,20230622/theta/coda_334_13:56/R0011233.JPG,indoor,2023-06-22T17:53:30Z,2023:06:22 13:57:33,40.457875,-79.932264,203.8,71.72,True,183.7,20.1,True
cali_hdr,20230622,theta,20230622/theta/coda_334_10:56/R0011200.JPG,indoor,2023-06-22T14:54:43Z,2023:06:22 10:55:47,40.457786,-79.932392,107.62,54.83,True,197.6,90.0,False
cali_hdr,20230622,theta,20230622/theta/coda_334_10:56/R0011201.JPG,indoor,2023-06-22T14:54:43Z,2023:06:22 10:55:54,40.457786,-79.932392,107.62,54.83,True,203.0,95.4,False
cali_hdr,20230622,theta,20230622/theta/coda_334_10:56/R0011203.JPG,indoor,2023-06-22T14:54:43Z,2023:06:22 10:56:07,40.457786,-79.932392,107.62,54.83,True,200.6,93.0,False
cali_hdr,20230622,theta,20230622/theta/coda_334_10:56/R0011202.JPG,indoor,2023-06-22T14:54:43Z,2023:06:22 10:56:00,40.457786,-79.932392,107.62,54.83,True,205.0,97.4,False
cali_hdr,20230622,theta,20230622/theta/coda_334_10:56/R0011207.JPG,indoor,2023-06-22T14:54:43Z,2023:06:22 10:56:31,40.457786,-79.932392,107.62,54.83,True,200.6,93.0,False
cali_hdr,20230622,theta,20230622/theta/coda_334_10:56/R0011208.JPG,indoor,2023-06-22T14:54:43Z,2023:06:22 10:56:36,40.457786,-79.932392,107.62,54.83,True,198.6,91.0,False
cali_hdr,20230622,theta,20230622/theta/coda_334_10:56/R0011204.JPG,indoor,2023-06-22T14:54:43Z,2023:06:22 10:56:13,40.457786,-79.932392,107.62,54.83,True,199.7,92.1,False
cali_hdr,20230622,theta,20230622/theta/coda_334_10:56/R0011205.JPG,indoor,2023-06-22T14:54:43Z,2023:06:22 10:56:18,40.457786,-79.932392,107.62,54.83,True,200.0,92.4,False
cali_hdr,20230622,theta,20230622/theta/coda_334_10:56/R0011206.JPG,indoor,2023-06-22T14:54:43Z,2023:06:22 10:56:25,40.457786,-79.932392,107.62,54.83,True,196.2,88.6,True
cali_hdr,20230622,theta,20230622/theta/coda_334_09:56/R0011198.JPG,indoor,2023-06-22T13:55:34Z,2023:06:22 09:57:01,40.457886,-79.932342,95.38,43.82,True,211.7,116.3,False
cali_hdr,20230622,theta,20230622/theta/coda_334_09:56/R0011191.JPG,indoor,2023-06-22T13:55:34Z,2023:06:22 09:56:19,40.457886,-79.932342,95.38,43.82,True,197.7,102.3,False
cali_hdr,20230622,theta,20230622/theta/coda_334_09:56/R0011193.JPG,indoor,2023-06-22T13:55:34Z,2023:06:22 09:56:32,40.457886,-79.932342,95.38,43.82,True,199.8,104.4,False
cali_hdr,20230622,theta,20230622/theta/coda_334_09:56/R0011194.JPG,indoor,2023-06-22T13:55:34Z,2023:06:22 09:56:38,40.457886,-79.932342,95.38,43.82,True,196.6,101.2,False
cali_hdr,20230622,theta,20230622/theta/coda_334_09:56/R0011196.JPG,indoor,2023-06-22T13:55:34Z,2023:06:22 09:56:50,40.457886,-79.932342,95.38,43.82,True,202.3,106.9,False
cali_hdr,20230622,theta,20230622/theta/coda_334_09:56/R0011195.JPG,indoor,2023-06-22T13:55:34Z,2023:06:22 09:56:44,40.457886,-79.932342,95.38,43.82,True,204.7,109.3,False
cali_hdr,20230622,theta,20230622/theta/coda_334_09:56/R0011192.JPG,indoor,2023-06-22T13:55:34Z,2023:06:22 09:56:25,40.457886,-79.932342,95.38,43.82,True,200.4,105.0,False
cali_hdr,20230622,theta,20230622/theta/coda_334_09:56/R0011197.JPG,indoor,2023-06-22T13:55:34Z,2023:06:22 09:56:56,40.457886,-79.932342,95.38,43.82,True,204.3,108.9,False
cali_hdr,20230622,theta,20230622/theta/coda_334_09:56/R0011199.JPG,indoor,2023-06-22T13:55:34Z,2023:06:22 09:57:07,40.457886,-79.932342,95.38,43.82,True,200.4,105.0,False
cali_hdr,20230622,theta,20230622/theta/coda_334_08:05/R0011180.JPG,indoor,2023-06-22T12:05:34Z,2023:06:22 08:06:33,40.457892,-79.932344,78.12,23.04,True,199.1,121.0,False
cali_hdr,20230622,theta,20230622/theta/coda_334_08:05/R0011179.JPG,indoor,2023-06-22T12:05:34Z,2023:06:22 08:06:27,40.457892,-79.932344,78.12,23.04,True,198.1,120.0,False
cali_hdr,20230622,theta,20230622/theta/coda_334_08:05/R0011178.JPG,indoor,2023-06-22T12:05:34Z,2023:06:22 08:06:20,40.457892,-79.932344,78.12,23.04,True,199.7,121.6,False
cali_hdr,20230622,theta,20230622/theta/coda_334_08:05/R0011181.JPG,indoor,2023-06-22T12:05:34Z,2023:06:22 08:06:39,40.457892,-79.932344,78.12,23.04,True,197.7,119.6,False
cali_hdr,20230622,theta,20230622/theta/coda_334_08:05/R0011174.JPG,indoor,2023-06-22T12:05:34Z,2023:06:22 08:05:54,40.457892,-79.932344,78.12,23.04,True,210.3,132.2,False
cali_hdr,20230622,theta,20230622/theta/coda_334_08:05/R0011173.JPG,indoor,2023-06-22T12:05:34Z,2023:06:22 08:05:46,40.457892,-79.932344,78.12,23.04,True,195.9,117.8,False
cali_hdr,20230622,theta,20230622/theta/coda_334_08:05/R0011176.JPG,indoor,2023-06-22T12:05:34Z,2023:06:22 08:06:08,40.457892,-79.932344,78.12,23.04,True,195.8,117.7,False
cali_hdr,20230622,theta,20230622/theta/coda_334_08:05/R0011177.JPG,indoor,2023-06-22T12:05:34Z,2023:06:22 08:06:14,40.457892,-79.932344,78.12,23.04,True,201.1,123.0,False
cali_hdr,20230622,theta,20230622/theta/coda_334_08:05/R0011175.JPG,indoor,2023-06-22T12:05:34Z,2023:06:22 08:06:01,40.457892,-79.932344,78.12,23.04,True,197.9,119.8,False
cali_hdr,20230622,theta,20230622/theta/coda_334_12:56/R0011220.JPG,indoor,2023-06-22T16:55:10Z,2023:06:22 12:56:17,40.457875,-79.932325,159.8,72.08,True,178.3,18.5,True
cali_hdr,20230622,theta,20230622/theta/coda_334_12:56/R0011223.JPG,indoor,2023-06-22T16:55:10Z,2023:06:22 12:56:36,40.457875,-79.932325,159.8,72.08,True,183.8,24.0,True
cali_hdr,20230622,theta,20230622/theta/coda_334_12:56/R0011222.JPG,indoor,2023-06-22T16:55:10Z,2023:06:22 12:56:30,40.457875,-79.932325,159.8,72.08,True,184.2,24.4,True
cali_hdr,20230622,theta,20230622/theta/coda_334_12:56/R0011218.JPG,indoor,2023-06-22T16:55:10Z,2023:06:22 12:56:04,40.457875,-79.932325,159.8,72.08,True,189.9,30.1,True
cali_hdr,20230622,theta,20230622/theta/coda_334_12:56/R0011219.JPG,indoor,2023-06-22T16:55:10Z,2023:06:22 12:56:11,40.457875,-79.932325,159.8,72.08,True,178.6,18.8,True
cali_hdr,20230622,theta,20230622/theta/coda_334_12:56/R0011224.JPG,indoor,2023-06-22T16:55:10Z,2023:06:22 12:56:42,40.457875,-79.932325,159.8,72.08,True,185.1,25.3,True
cali_hdr,20230622,theta,20230622/theta/coda_334_12:56/R0011221.JPG,indoor,2023-06-22T16:55:10Z,2023:06:22 12:56:23,40.457875,-79.932325,159.8,72.08,True,186.2,26.4,True
cali_hdr,20230622,theta,20230622/theta/coda_334_12:56/R0011226.JPG,indoor,2023-06-22T16:55:10Z,2023:06:22 12:56:55,40.457875,-79.932325,159.8,72.08,True,189.7,29.9,True
cali_hdr,20230622,theta,20230622/theta/coda_334_12:56/R0011225.JPG,indoor,2023-06-22T16:55:10Z,2023:06:22 12:56:48,40.457875,-79.932325,159.8,72.08,True,180.4,20.6,True
cali_hdr,20230622,theta,20230622/theta/coda_334_08:57/R0011183.JPG,indoor,2023-06-22T12:57:04Z,2023:06:22 08:57:22,40.457886,-79.932342,85.77,32.72,True,198.1,112.3,False
cali_hdr,20230622,theta,20230622/theta/coda_334_08:57/R0011185.JPG,indoor,2023-06-22T12:57:04Z,2023:06:22 08:57:35,40.457886,-79.932342,85.77,32.72,True,201.2,115.4,False
cali_hdr,20230622,theta,20230622/theta/coda_334_08:57/R0011182.JPG,indoor,2023-06-22T12:57:04Z,2023:06:22 08:57:15,40.457886,-79.932342,85.77,32.72,True,194.5,108.7,False
cali_hdr,20230622,theta,20230622/theta/coda_334_08:57/R0011190.JPG,indoor,2023-06-22T12:57:04Z,2023:06:22 08:58:07,40.457886,-79.932342,85.77,32.72,True,198.1,112.3,False
cali_hdr,20230622,theta,20230622/theta/coda_334_08:57/R0011186.JPG,indoor,2023-06-22T12:57:04Z,2023:06:22 08:57:42,40.457886,-79.932342,85.77,32.72,True,197.2,111.4,False
cali_hdr,20230622,theta,20230622/theta/coda_334_08:57/R0011189.JPG,indoor,2023-06-22T12:57:04Z,2023:06:22 08:58:01,40.457886,-79.932342,85.77,32.72,True,197.8,112.0,False
cali_hdr,20230622,theta,20230622/theta/coda_334_08:57/R0011184.JPG,indoor,2023-06-22T12:57:04Z,2023:06:22 08:57:29,40.457886,-79.932342,85.77,32.72,True,200.4,114.6,False
cali_hdr,20230622,theta,20230622/theta/coda_334_08:57/R0011187.JPG,indoor,2023-06-22T12:57:04Z,2023:06:22 08:57:48,40.457886,-79.932342,85.77,32.72,True,199.0,113.2,False
cali_hdr,20230622,theta,20230622/theta/coda_334_08:57/R0011188.JPG,indoor,2023-06-22T12:57:04Z,2023:06:22 08:57:55,40.457886,-79.932342,85.77,32.72,True,201.3,115.5,False
cali_hdr,20221006,theta,20221006/theta/1f_living_13:23/R0010148.JPG,indoor,2022-10-06T17:22:36Z,2022:10:06 13:23:13,40.363633,-80.1874,184.79,44.24,True,,,
cali_hdr,20221006,theta,20221006/theta/1f_living_13:23/R0010145.JPG,indoor,2022-10-06T17:22:36Z,2022:10:06 13:22:54,40.363633,-80.1874,184.79,44.24,True,,,
cali_hdr,20221006,theta,20221006/theta/1f_living_13:23/R0010149.JPG,indoor,2022-10-06T17:22:36Z,2022:10:06 13:23:19,40.363633,-80.1874,184.79,44.24,True,,,
cali_hdr,20221006,theta,20221006/theta/1f_living_13:23/R0010147.JPG,indoor,2022-10-06T17:22:36Z,2022:10:06 13:23:07,40.363633,-80.1874,184.79,44.24,True,,,
cali_hdr,20221006,theta,20221006/theta/1f_living_13:23/R0010144.JPG,indoor,2022-10-06T17:22:36Z,2022:10:06 13:22:46,40.363633,-80.1874,184.79,44.24,True,,,
cali_hdr,20221006,theta,20221006/theta/1f_living_13:23/R0010152.JPG,indoor,2022-10-06T17:22:36Z,2022:10:06 13:23:38,40.363633,-80.1874,184.79,44.24,True,,,
cali_hdr,20221006,theta,20221006/theta/1f_living_13:23/R0010146.JPG,indoor,2022-10-06T17:22:36Z,2022:10:06 13:23:00,40.363633,-80.1874,184.79,44.24,True,,,
cali_hdr,20221006,theta,20221006/theta/1f_living_13:23/R0010151.JPG,indoor,2022-10-06T17:22:36Z,2022:10:06 13:23:32,40.363633,-80.1874,184.79,44.24,True,,,
cali_hdr,20221006,theta,20221006/theta/1f_living_13:23/R0010150.JPG,indoor,2022-10-06T17:22:36Z,2022:10:06 13:23:26,40.363633,-80.1874,184.79,44.24,True,,,
cali_hdr,20221006,theta,20221006/theta/2f_living_13:51/R0010174.JPG,indoor,2022-10-06T17:50:43Z,2022:10:06 13:51:02,40.363611,-80.187189,194.41,43.34,True,,,
cali_hdr,20221006,theta,20221006/theta/2f_living_13:51/R0010180.JPG,indoor,2022-10-06T17:50:43Z,2022:10:06 13:51:39,40.363611,-80.187189,194.41,43.34,True,,,
cali_hdr,20221006,theta,20221006/theta/2f_living_13:51/R0010177.JPG,indoor,2022-10-06T17:50:43Z,2022:10:06 13:51:21,40.363611,-80.187189,194.41,43.34,True,,,
cali_hdr,20221006,theta,20221006/theta/2f_living_13:51/R0010175.JPG,indoor,2022-10-06T17:50:43Z,2022:10:06 13:51:08,40.363611,-80.187189,194.41,43.34,True,,,
cali_hdr,20221006,theta,20221006/theta/2f_living_13:51/R0010179.JPG,indoor,2022-10-06T17:50:43Z,2022:10:06 13:51:33,40.363611,-80.187189,194.41,43.34,True,,,
cali_hdr,20221006,theta,20221006/theta/2f_living_13:51/R0010178.JPG,indoor,2022-10-06T17:50:43Z,2022:10:06 13:51:27,40.363611,-80.187189,194.41,43.34,True,,,
cali_hdr,20221006,theta,20221006/theta/2f_living_13:51/R0010176.JPG,indoor,2022-10-06T17:50:43Z,2022:10:06 13:51:15,40.363611,-80.187189,194.41,43.34,True,,,
cali_hdr,20221006,theta,20221006/theta/2f_living_13:51/R0010181.JPG,indoor,2022-10-06T17:50:43Z,2022:10:06 13:51:45,40.363611,-80.187189,194.41,43.34,True,,,
cali_hdr,20221006,theta,20221006/theta/2f_living_13:51/R0010173.JPG,indoor,2022-10-06T17:50:43Z,2022:10:06 13:50:54,40.363611,-80.187189,194.41,43.34,True,,,
cali_hdr,20221006,theta,20221006/theta/2f_living_14:25/R0010235.JPG,indoor,2022-10-06T18:19:09Z,2022:10:06 14:24:47,40.363547,-80.187183,203.7,41.56,True,,,
cali_hdr,20221006,theta,20221006/theta/2f_living_14:25/R0010230.JPG,indoor,2022-10-06T18:19:09Z,2022:10:06 14:24:16,40.363547,-80.187183,203.7,41.56,True,,,
cali_hdr,20221006,theta,20221006/theta/2f_living_14:25/R0010232.JPG,indoor,2022-10-06T18:19:09Z,2022:10:06 14:24:28,40.363547,-80.187183,203.7,41.56,True,,,
cali_hdr,20221006,theta,20221006/theta/2f_living_14:25/R0010234.JPG,indoor,2022-10-06T18:19:09Z,2022:10:06 14:24:41,40.363547,-80.187183,203.7,41.56,True,,,
cali_hdr,20221006,theta,20221006/theta/2f_living_14:25/R0010231.JPG,indoor,2022-10-06T18:19:09Z,2022:10:06 14:24:22,40.363547,-80.187183,203.7,41.56,True,,,
cali_hdr,20221006,theta,20221006/theta/2f_living_14:25/R0010227.JPG,indoor,2022-10-06T18:19:09Z,2022:10:06 14:23:55,40.363547,-80.187183,203.7,41.56,True,,,
cali_hdr,20221006,theta,20221006/theta/2f_living_14:25/R0010233.JPG,indoor,2022-10-06T18:19:09Z,2022:10:06 14:24:35,40.363547,-80.187183,203.7,41.56,True,,,
cali_hdr,20221006,theta,20221006/theta/2f_living_14:25/R0010228.JPG,indoor,2022-10-06T18:19:09Z,2022:10:06 14:24:03,40.363547,-80.187183,203.7,41.56,True,,,
cali_hdr,20221006,theta,20221006/theta/2f_living_14:25/R0010229.JPG,indoor,2022-10-06T18:19:09Z,2022:10:06 14:24:09,40.363547,-80.187183,203.7,41.56,True,,,
cali_hdr,20221006,theta,20221006/theta/1f_living_16:11/R0010310.JPG,indoor,2022-10-06T20:10:12Z,2022:10:06 16:10:24,40.363472,-80.187853,233.5,28.24,True,,,
cali_hdr,20221006,theta,20221006/theta/1f_living_16:11/R0010318.JPG,indoor,2022-10-06T20:10:12Z,2022:10:06 16:11:15,40.363472,-80.187853,233.5,28.24,True,,,
cali_hdr,20221006,theta,20221006/theta/1f_living_16:11/R0010316.JPG,indoor,2022-10-06T20:10:12Z,2022:10:06 16:11:03,40.363472,-80.187853,233.5,28.24,True,,,
cali_hdr,20221006,theta,20221006/theta/1f_living_16:11/R0010313.JPG,indoor,2022-10-06T20:10:12Z,2022:10:06 16:10:45,40.363472,-80.187853,233.5,28.24,True,,,
cali_hdr,20221006,theta,20221006/theta/1f_living_16:11/R0010315.JPG,indoor,2022-10-06T20:10:12Z,2022:10:06 16:10:57,40.363472,-80.187853,233.5,28.24,True,,,
cali_hdr,20221006,theta,20221006/theta/1f_living_16:11/R0010311.JPG,indoor,2022-10-06T20:10:12Z,2022:10:06 16:10:31,40.363472,-80.187853,233.5,28.24,True,,,
cali_hdr,20221006,theta,20221006/theta/1f_living_16:11/R0010317.JPG,indoor,2022-10-06T20:10:12Z,2022:10:06 16:11:09,40.363472,-80.187853,233.5,28.24,True,,,
cali_hdr,20221006,theta,20221006/theta/1f_living_16:11/R0010314.JPG,indoor,2022-10-06T20:10:12Z,2022:10:06 16:10:51,40.363472,-80.187853,233.5,28.24,True,,,
cali_hdr,20221006,theta,20221006/theta/1f_living_16:11/R0010312.JPG,indoor,2022-10-06T20:10:12Z,2022:10:06 16:10:38,40.363472,-80.187853,233.5,28.24,True,,,
cali_hdr,20221006,theta,20221006/theta/1f_living_17:05/R0010393.JPG,indoor,2022-10-06T20:59:32Z,2022:10:06 17:02:40,40.363553,-80.187156,243.7,20.22,True,,,
cali_hdr,20221006,theta,20221006/theta/1f_living_17:05/R0010394.JPG,indoor,2022-10-06T20:59:32Z,2022:10:06 17:02:46,40.363553,-80.187156,243.7,20.22,True,,,
cali_hdr,20221006,theta,20221006/theta/1f_living_17:05/R0010395.JPG,indoor,2022-10-06T20:59:32Z,2022:10:06 17:02:53,40.363553,-80.187156,243.7,20.22,True,,,
cali_hdr,20221006,theta,20221006/theta/1f_living_17:05/R0010397.JPG,indoor,2022-10-06T20:59:32Z,2022:10:06 17:03:05,40.363553,-80.187156,243.7,20.22,True,,,
cali_hdr,20221006,theta,20221006/theta/1f_living_17:05/R0010391.JPG,indoor,2022-10-06T20:59:32Z,2022:10:06 17:02:25,40.363553,-80.187156,243.7,20.22,True,,,
cali_hdr,20221006,theta,20221006/theta/1f_living_17:05/R0010399.JPG,indoor,2022-10-06T20:59:32Z,2022:10:06 17:03:17,40.363553,-80.187156,243.7,20.22,True,,,
cali_hdr,20221006,theta,20221006/theta/1f_living_17:05/R0010396.JPG,indoor,2022-10-06T20:59:32Z,2022:10:06 17:02:59,40.363553,-80.187156,243.7,20.22,True,,,
cali_hdr,20221006,theta,20221006/theta/1f_living_17:05/R0010392.JPG,indoor,2022-10-06T20:59:32Z,2022:10:06 17:02:33,40.363553,-80.187156,243.7,20.22,True,,,
cali_hdr,20221006,theta,20221006/theta/1f_living_17:05/R0010398.JPG,indoor,2022-10-06T20:59:32Z,2022:10:06 17:03:11,40.363553,-80.187156,243.7,20.22,True,,,
cali_hdr,20221006,theta,20221006/theta/1f_living_14:08/R0010208.JPG,indoor,2022-10-06T18:02:46Z,2022:10:06 14:08:17,40.363519,-80.187178,198.42,42.68,True,,,
cali_hdr,20221006,theta,20221006/theta/1f_living_14:08/R0010204.JPG,indoor,2022-10-06T18:02:46Z,2022:10:06 14:07:52,40.363519,-80.187178,198.42,42.68,True,,,
cali_hdr,20221006,theta,20221006/theta/1f_living_14:08/R0010202.JPG,indoor,2022-10-06T18:02:46Z,2022:10:06 14:07:40,40.363519,-80.187178,198.42,42.68,True,,,
cali_hdr,20221006,theta,20221006/theta/1f_living_14:08/R0010201.JPG,indoor,2022-10-06T18:02:46Z,2022:10:06 14:07:33,40.363519,-80.187178,198.42,42.68,True,,,
cali_hdr,20221006,theta,20221006/theta/1f_living_14:08/R0010206.JPG,indoor,2022-10-06T18:02:46Z,2022:10:06 14:08:05,40.363519,-80.187178,198.42,42.68,True,,,
cali_hdr,20221006,theta,20221006/theta/1f_living_14:08/R0010205.JPG,indoor,2022-10-06T18:02:46Z,2022:10:06 14:07:59,40.363519,-80.187178,198.42,42.68,True,,,
cali_hdr,20221006,theta,20221006/theta/1f_living_14:08/R0010200.JPG,indoor,2022-10-06T18:02:46Z,2022:10:06 14:07:25,40.363519,-80.187178,198.42,42.68,True,,,
cali_hdr,20221006,theta,20221006/theta/1f_living_14:08/R0010207.JPG,indoor,2022-10-06T18:02:46Z,2022:10:06 14:08:11,40.363519,-80.187178,198.42,42.68,True,,,
cali_hdr,20221006,theta,20221006/theta/1f_living_14:08/R0010203.JPG,indoor,2022-10-06T18:02:46Z,2022:10:06 14:07:46,40.363519,-80.187178,198.42,42.68,True,,,
cali_hdr,20221006,theta,20221006/theta/2f_living_16:28/R0010335.JPG,indoor,2022-10-06T20:27:34Z,2022:10:06 16:28:30,40.363558,-80.187781,237.26,25.52,True,,,
cali_hdr,20221006,theta,20221006/theta/2f_living_16:28/R0010332.JPG,indoor,2022-10-06T20:27:34Z,2022:10:06 16:28:11,40.363558,-80.187781,237.26,25.52,True,,,
cali_hdr,20221006,theta,20221006/theta/2f_living_16:28/R0010328.JPG,indoor,2022-10-06T20:27:34Z,2022:10:06 16:27:44,40.363558,-80.187781,237.26,25.52,True,,,
cali_hdr,20221006,theta,20221006/theta/2f_living_16:28/R0010330.JPG,indoor,2022-10-06T20:27:34Z,2022:10:06 16:27:59,40.363558,-80.187781,237.26,25.52,True,,,
cali_hdr,20221006,theta,20221006/theta/2f_living_16:28/R0010329.JPG,indoor,2022-10-06T20:27:34Z,2022:10:06 16:27:52,40.363558,-80.187781,237.26,25.52,True,,,
cali_hdr,20221006,theta,20221006/theta/2f_living_16:28/R0010333.JPG,indoor,2022-10-06T20:27:34Z,2022:10:06 16:28:18,40.363558,-80.187781,237.26,25.52,True,,,
cali_hdr,20221006,theta,20221006/theta/2f_living_16:28/R0010334.JPG,indoor,2022-10-06T20:27:34Z,2022:10:06 16:28:24,40.363558,-80.187781,237.26,25.52,True,,,
cali_hdr,20221006,theta,20221006/theta/2f_living_16:28/R0010336.JPG,indoor,2022-10-06T20:27:34Z,2022:10:06 16:28:36,40.363558,-80.187781,237.26,25.52,True,,,
cali_hdr,20221006,theta,20221006/theta/2f_living_16:28/R0010331.JPG,indoor,2022-10-06T20:27:34Z,2022:10:06 16:28:05,40.363558,-80.187781,237.26,25.52,True,,,
cali_hdr,20230610,theta,20230610/theta/colonnade_14:13/R0011086.JPG,indoor,2023-06-10T18:13:24Z,2023:06:10 14:13:55,40.452014,-79.950872,217.28,69.19,True,269.0,51.7,True
cali_hdr,20230610,theta,20230610/theta/colonnade_14:13/R0011088.JPG,indoor,2023-06-10T18:13:24Z,2023:06:10 14:14:08,40.452014,-79.950872,217.28,69.19,True,268.1,50.8,True
cali_hdr,20230610,theta,20230610/theta/colonnade_14:13/R0011089.JPG,indoor,2023-06-10T18:13:24Z,2023:06:10 14:14:14,40.452014,-79.950872,217.28,69.19,True,264.1,46.8,True
cali_hdr,20230610,theta,20230610/theta/colonnade_14:13/R0011085.JPG,indoor,2023-06-10T18:13:24Z,2023:06:10 14:13:49,40.452014,-79.950872,217.28,69.19,True,267.6,50.3,True
cali_hdr,20230610,theta,20230610/theta/colonnade_14:13/R0011083.JPG,indoor,2023-06-10T18:13:24Z,2023:06:10 14:13:34,40.452014,-79.950872,217.28,69.19,True,263.4,46.1,True
cali_hdr,20230610,theta,20230610/theta/colonnade_14:13/R0011090.JPG,indoor,2023-06-10T18:13:24Z,2023:06:10 14:14:20,40.452014,-79.950872,217.28,69.19,True,264.0,46.7,True
cali_hdr,20230610,theta,20230610/theta/colonnade_14:13/R0011091.JPG,indoor,2023-06-10T18:13:24Z,2023:06:10 14:14:25,40.452014,-79.950872,217.28,69.19,True,267.2,49.9,True
cali_hdr,20230610,theta,20230610/theta/colonnade_14:13/R0011084.JPG,indoor,2023-06-10T18:13:24Z,2023:06:10 14:13:42,40.452014,-79.950872,217.28,69.19,True,263.2,45.9,True
cali_hdr,20230610,theta,20230610/theta/colonnade_14:13/R0011087.JPG,indoor,2023-06-10T18:13:24Z,2023:06:10 14:14:02,40.452014,-79.950872,217.28,69.19,True,270.0,52.7,True
cali_hdr,20230610,theta,20230610/theta/colonnade_13:43/R0011030.JPG,indoor,2023-06-10T17:43:18Z,2023:06:10 13:43:37,40.451908,-79.950692,198.02,71.86,True,258.9,60.9,True
cali_hdr,20230610,theta,20230610/theta/colonnade_13:43/R0011035.JPG,indoor,2023-06-10T17:43:18Z,2023:06:10 13:44:10,40.451908,-79.950692,198.02,71.86,True,262.9,64.9,True
cali_hdr,20230610,theta,20230610/theta/colonnade_13:43/R0011029.JPG,indoor,2023-06-10T17:43:18Z,2023:06:10 13:43:30,40.451908,-79.950692,198.02,71.86,True,258.5,60.5,True
cali_hdr,20230610,theta,20230610/theta/colonnade_13:43/R0011037.JPG,indoor,2023-06-10T17:43:18Z,2023:06:10 13:44:22,40.451908,-79.950692,198.02,71.86,True,259.6,61.6,True
cali_hdr,20230610,theta,20230610/theta/colonnade_13:43/R0011034.JPG,indoor,2023-06-10T17:43:18Z,2023:06:10 13:44:03,40.451908,-79.950692,198.02,71.86,True,257.4,59.4,True
cali_hdr,20230610,theta,20230610/theta/colonnade_13:43/R0011033.JPG,indoor,2023-06-10T17:43:18Z,2023:06:10 13:43:57,40.451908,-79.950692,198.02,71.86,True,258.8,60.8,True
cali_hdr,20230610,theta,20230610/theta/colonnade_13:43/R0011031.JPG,indoor,2023-06-10T17:43:18Z,2023:06:10 13:43:44,40.451908,-79.950692,198.02,71.86,True,264.6,66.6,True
cali_hdr,20230610,theta,20230610/theta/colonnade_13:43/R0011036.JPG,indoor,2023-06-10T17:43:18Z,2023:06:10 13:44:16,40.451908,-79.950692,198.02,71.86,True,259.6,61.6,True
cali_hdr,20230610,theta,20230610/theta/colonnade_13:43/R0011032.JPG,indoor,2023-06-10T17:43:18Z,2023:06:10 13:43:50,40.451908,-79.950692,198.02,71.86,True,260.4,62.4,True
cali_hdr,20230610,theta,20230610/theta/colonnade_14:03/R0011072.JPG,indoor,2023-06-10T18:02:02Z,2023:06:10 14:04:05,40.452044,-79.950828,210.57,70.39,True,261.3,50.7,True
cali_hdr,20230610,theta,20230610/theta/colonnade_14:03/R0011070.JPG,indoor,2023-06-10T18:02:02Z,2023:06:10 14:03:52,40.452044,-79.950828,210.57,70.39,True,261.7,51.1,True
cali_hdr,20230610,theta,20230610/theta/colonnade_14:03/R0011067.JPG,indoor,2023-06-10T18:02:02Z,2023:06:10 14:03:33,40.452044,-79.950828,210.57,70.39,True,264.4,53.8,True
cali_hdr,20230610,theta,20230610/theta/colonnade_14:03/R0011068.JPG,indoor,2023-06-10T18:02:02Z,2023:06:10 14:03:39,40.452044,-79.950828,210.57,70.39,True,261.0,50.4,True
cali_hdr,20230610,theta,20230610/theta/colonnade_14:03/R0011069.JPG,indoor,2023-06-10T18:02:02Z,2023:06:10 14:03:46,40.452044,-79.950828,210.57,70.39,True,260.2,49.6,True
cali_hdr,20230610,theta,20230610/theta/colonnade_14:03/R0011071.JPG,indoor,2023-06-10T18:02:02Z,2023:06:10 14:03:59,40.452044,-79.950828,210.57,70.39,True,262.1,51.5,True
cali_hdr,20230610,theta,20230610/theta/colonnade_14:03/R0011066.JPG,indoor,2023-06-10T18:02:02Z,2023:06:10 14:03:26,40.452044,-79.950828,210.57,70.39,True,262.4,51.8,True
cali_hdr,20230610,theta,20230610/theta/colonnade_14:03/R0011073.JPG,indoor,2023-06-10T18:02:02Z,2023:06:10 14:04:11,40.452044,-79.950828,210.57,70.39,True,262.2,51.6,True
cali_hdr,20230610,theta,20230610/theta/colonnade_14:03/R0011065.JPG,indoor,2023-06-10T18:02:02Z,2023:06:10 14:03:19,40.452044,-79.950828,210.57,70.39,True,260.8,50.2,True
cali_hdr,20230610,theta,20230610/theta/colonnade_14:01/R0011057.JPG,indoor,2023-06-10T18:00:07Z,2023:06:10 14:00:26,40.452061,-79.950839,209.36,70.57,True,259.6,50.2,True
cali_hdr,20230610,theta,20230610/theta/colonnade_14:01/R0011062.JPG,indoor,2023-06-10T18:00:07Z,2023:06:10 14:00:59,40.452061,-79.950839,209.36,70.57,True,263.6,54.2,True
cali_hdr,20230610,theta,20230610/theta/colonnade_14:01/R0011056.JPG,indoor,2023-06-10T18:00:07Z,2023:06:10 14:00:18,40.452061,-79.950839,209.36,70.57,True,259.8,50.4,True
cali_hdr,20230610,theta,20230610/theta/colonnade_14:01/R0011058.JPG,indoor,2023-06-10T18:00:07Z,2023:06:10 14:00:33,40.452061,-79.950839,209.36,70.57,True,256.5,47.1,True
cali_hdr,20230610,theta,20230610/theta/colonnade_14:01/R0011060.JPG,indoor,2023-06-10T18:00:07Z,2023:06:10 14:00:46,40.452061,-79.950839,209.36,70.57,True,262.6,53.2,True
cali_hdr,20230610,theta,20230610/theta/colonnade_14:01/R0011064.JPG,indoor,2023-06-10T18:00:07Z,2023:06:10 14:01:11,40.452061,-79.950839,209.36,70.57,True,261.6,52.2,True
cali_hdr,20230610,theta,20230610/theta/colonnade_14:01/R0011061.JPG,indoor,2023-06-10T18:00:07Z,2023:06:10 14:00:53,40.452061,-79.950839,209.36,70.57,True,261.8,52.4,True
cali_hdr,20230610,theta,20230610/theta/colonnade_14:01/R0011063.JPG,indoor,2023-06-10T18:00:07Z,2023:06:10 14:01:05,40.452061,-79.950839,209.36,70.57,True,264.0,54.6,True
cali_hdr,20230610,theta,20230610/theta/colonnade_14:01/R0011059.JPG,indoor,2023-06-10T18:00:07Z,2023:06:10 14:00:39,40.452061,-79.950839,209.36,70.57,True,260.8,51.4,True
cali_hdr,20230610,theta,20230610/theta/colonnade_13:49/R0011046.JPG,indoor,2023-06-10T17:49:24Z,2023:06:10 13:50:27,40.452019,-79.950806,202.29,71.46,True,260.6,58.3,True
cali_hdr,20230610,theta,20230610/theta/colonnade_13:49/R0011045.JPG,indoor,2023-06-10T17:49:24Z,2023:06:10 13:50:22,40.452019,-79.950806,202.29,71.46,True,260.7,58.4,True
cali_hdr,20230610,theta,20230610/theta/colonnade_13:49/R0011039.JPG,indoor,2023-06-10T17:49:24Z,2023:06:10 13:49:44,40.452019,-79.950806,202.29,71.46,True,261.3,59.0,True
cali_hdr,20230610,theta,20230610/theta/colonnade_13:49/R0011038.JPG,indoor,2023-06-10T17:49:24Z,2023:06:10 13:49:36,40.452019,-79.950806,202.29,71.46,True,260.8,58.5,True
cali_hdr,20230610,theta,20230610/theta/colonnade_13:49/R0011041.JPG,indoor,2023-06-10T17:49:24Z,2023:06:10 13:49:56,40.452019,-79.950806,202.29,71.46,True,259.7,57.4,True
cali_hdr,20230610,theta,20230610/theta/colonnade_13:49/R0011044.JPG,indoor,2023-06-10T17:49:24Z,2023:06:10 13:50:15,40.452019,-79.950806,202.29,71.46,True,261.7,59.4,True
cali_hdr,20230610,theta,20230610/theta/colonnade_13:49/R0011042.JPG,indoor,2023-06-10T17:49:24Z,2023:06:10 13:50:02,40.452019,-79.950806,202.29,71.46,True,258.5,56.2,True
cali_hdr,20230610,theta,20230610/theta/colonnade_13:49/R0011040.JPG,indoor,2023-06-10T17:49:24Z,2023:06:10 13:49:50,40.452019,-79.950806,202.29,71.46,True,264.3,62.0,True
cali_hdr,20230610,theta,20230610/theta/colonnade_13:49/R0011043.JPG,indoor,2023-06-10T17:49:24Z,2023:06:10 13:50:09,40.452019,-79.950806,202.29,71.46,True,258.4,56.1,True
cali_hdr,20230610,theta,20230610/theta/colonnade_13:52/R0011050.JPG,indoor,2023-06-10T17:52:05Z,2023:06:10 13:52:36,40.452019,-79.950839,204.12,71.26,True,273.4,69.3,True
cali_hdr,20230610,theta,20230610/theta/colonnade_13:52/R0011055.JPG,indoor,2023-06-10T17:52:05Z,2023:06:10 13:53:08,40.452019,-79.950839,204.12,71.26,True,272.0,67.9,True
cali_hdr,20230610,theta,20230610/theta/colonnade_13:52/R0011047.JPG,indoor,2023-06-10T17:52:05Z,2023:06:10 13:52:15,40.452019,-79.950839,204.12,71.26,True,269.5,65.4,True
cali_hdr,20230610,theta,20230610/theta/colonnade_13:52/R0011052.JPG,indoor,2023-06-10T17:52:05Z,2023:06:10 13:52:49,40.452019,-79.950839,204.12,71.26,True,272.2,68.1,True
cali_hdr,20230610,theta,20230610/theta/colonnade_13:52/R0011049.JPG,indoor,2023-06-10T17:52:05Z,2023:06:10 13:52:30,40.452019,-79.950839,204.12,71.26,True,270.3,66.2,True
cali_hdr,20230610,theta,20230610/theta/colonnade_13:52/R0011053.JPG,indoor,2023-06-10T17:52:05Z,2023:06:10 13:52:56,40.452019,-79.950839,204.12,71.26,True,272.2,68.1,True
cali_hdr,20230610,theta,20230610/theta/colonnade_13:52/R0011048.JPG,indoor,2023-06-10T17:52:05Z,2023:06:10 13:52:23,40.452019,-79.950839,204.12,71.26,True,274.5,70.4,True
cali_hdr,20230610,theta,20230610/theta/colonnade_13:52/R0011051.JPG,indoor,2023-06-10T17:52:05Z,2023:06:10 13:52:43,40.452019,-79.950839,204.12,71.26,True,272.3,68.2,True
cali_hdr,20230610,theta,20230610/theta/colonnade_13:52/R0011054.JPG,indoor,2023-06-10T17:52:05Z,2023:06:10 13:53:02,40.452019,-79.950839,204.12,71.26,True,272.1,68.0,True
cali_hdr,20221014,theta,20221014/theta/1f_living_13:18/R0010429.JPG,indoor,2022-10-14T17:16:47Z,2022:10:14 13:17:52,40.368253,-80.178281,183.33,41.27,True,,,
cali_hdr,20221014,theta,20221014/theta/1f_living_13:18/R0010428.JPG,indoor,2022-10-14T17:16:47Z,2022:10:14 13:17:46,40.368253,-80.178281,183.33,41.27,True,,,
cali_hdr,20221014,theta,20221014/theta/1f_living_13:18/R0010425.JPG,indoor,2022-10-14T17:16:47Z,2022:10:14 13:17:27,40.368253,-80.178281,183.33,41.27,True,,,
cali_hdr,20221014,theta,20221014/theta/1f_living_13:18/R0010430.JPG,indoor,2022-10-14T17:16:47Z,2022:10:14 13:17:59,40.368253,-80.178281,183.33,41.27,True,,,
cali_hdr,20221014,theta,20221014/theta/1f_living_13:18/R0010427.JPG,indoor,2022-10-14T17:16:47Z,2022:10:14 13:17:40,40.368253,-80.178281,183.33,41.27,True,,,
cali_hdr,20221014,theta,20221014/theta/1f_living_13:18/R0010424.JPG,indoor,2022-10-14T17:16:47Z,2022:10:14 13:17:20,40.368253,-80.178281,183.33,41.27,True,,,
cali_hdr,20221014,theta,20221014/theta/1f_living_13:18/R0010426.JPG,indoor,2022-10-14T17:16:47Z,2022:10:14 13:17:33,40.368253,-80.178281,183.33,41.27,True,,,
cali_hdr,20221014,theta,20221014/theta/1f_living_13:18/R0010423.JPG,indoor,2022-10-14T17:16:47Z,2022:10:14 13:17:14,40.368253,-80.178281,183.33,41.27,True,,,
cali_hdr,20221014,theta,20221014/theta/1f_living_13:18/R0010422.JPG,indoor,2022-10-14T17:16:47Z,2022:10:14 13:17:06,40.368253,-80.178281,183.33,41.27,True,,,
cali_hdr,20221014,theta,20221014/theta/1f_living_14:05/R0010472.JPG,indoor,2022-10-14T17:57:55Z,2022:10:14 14:04:40,40.368286,-80.178253,196.62,39.9,True,,,
cali_hdr,20221014,theta,20221014/theta/1f_living_14:05/R0010468.JPG,indoor,2022-10-14T17:57:55Z,2022:10:14 14:04:16,40.368286,-80.178253,196.62,39.9,True,,,
cali_hdr,20221014,theta,20221014/theta/1f_living_14:05/R0010471.JPG,indoor,2022-10-14T17:57:55Z,2022:10:14 14:04:33,40.368286,-80.178253,196.62,39.9,True,,,
cali_hdr,20221014,theta,20221014/theta/1f_living_14:05/R0010467.JPG,indoor,2022-10-14T17:57:55Z,2022:10:14 14:04:08,40.368286,-80.178253,196.62,39.9,True,,,
cali_hdr,20221014,theta,20221014/theta/1f_living_14:05/R0010474.JPG,indoor,2022-10-14T17:57:55Z,2022:10:14 14:04:52,40.368286,-80.178253,196.62,39.9,True,,,
cali_hdr,20221014,theta,20221014/theta/1f_living_14:05/R0010475.JPG,indoor,2022-10-14T17:57:55Z,2022:10:14 14:04:58,40.368286,-80.178253,196.62,39.9,True,,,
cali_hdr,20221014,theta,20221014/theta/1f_living_14:05/R0010473.JPG,indoor,2022-10-14T17:57:55Z,2022:10:14 14:04:46,40.368286,-80.178253,196.62,39.9,True,,,
cali_hdr,20221014,theta,20221014/theta/1f_living_14:05/R0010469.JPG,indoor,2022-10-14T17:57:55Z,2022:10:14 14:04:22,40.368286,-80.178253,196.62,39.9,True,,,
cali_hdr,20221014,theta,20221014/theta/1f_living_14:05/R0010470.JPG,indoor,2022-10-14T17:57:55Z,2022:10:14 14:04:28,40.368286,-80.178253,196.62,39.9,True,,,
cali_hdr,20221014,theta,20221014/theta/1f_living_15:22/R0010513.JPG,indoor,2022-10-14T19:21:28Z,2022:10:14 15:21:54,40.368253,-80.178331,220.46,32.23,True,,,
cali_hdr,20221014,theta,20221014/theta/1f_living_15:22/R0010512.JPG,indoor,2022-10-14T19:21:28Z,2022:10:14 15:21:47,40.368253,-80.178331,220.46,32.23,True,,,
cali_hdr,20221014,theta,20221014/theta/1f_living_15:22/R0010514.JPG,indoor,2022-10-14T19:21:28Z,2022:10:14 15:22:00,40.368253,-80.178331,220.46,32.23,True,,,
cali_hdr,20221014,theta,20221014/theta/1f_living_15:22/R0010518.JPG,indoor,2022-10-14T19:21:28Z,2022:10:14 15:22:25,40.368253,-80.178331,220.46,32.23,True,,,
cali_hdr,20221014,theta,20221014/theta/1f_living_15:22/R0010516.JPG,indoor,2022-10-14T19:21:28Z,2022:10:14 15:22:13,40.368253,-80.178331,220.46,32.23,True,,,
cali_hdr,20221014,theta,20221014/theta/1f_living_15:22/R0010520.JPG,indoor,2022-10-14T19:21:28Z,2022:10:14 15:22:38,40.368253,-80.178331,220.46,32.23,True,,,
cali_hdr,20221014,theta,20221014/theta/1f_living_15:22/R0010519.JPG,indoor,2022-10-14T19:21:28Z,2022:10:14 15:22:32,40.368253,-80.178331,220.46,32.23,True,,,
cali_hdr,20221014,theta,20221014/theta/1f_living_15:22/R0010515.JPG,indoor,2022-10-14T19:21:28Z,2022:10:14 15:22:06,40.368253,-80.178331,220.46,32.23,True,,,
cali_hdr,20221014,theta,20221014/theta/1f_living_15:22/R0010517.JPG,indoor,2022-10-14T19:21:28Z,2022:10:14 15:22:19,40.368253,-80.178331,220.46,32.23,True,,,
cali_hdr,20221014,theta,20221014/theta/1f_living_16:32/R0010557.JPG,indoor,2022-10-14T20:32:18Z,2022:10:14 16:32:29,40.368256,-80.178297,236.57,22.11,True,,,
cali_hdr,20221014,theta,20221014/theta/1f_living_16:32/R0010558.JPG,indoor,2022-10-14T20:32:18Z,2022:10:14 16:32:36,40.368256,-80.178297,236.57,22.11,True,,,
cali_hdr,20221014,theta,20221014/theta/1f_living_16:32/R0010559.JPG,indoor,2022-10-14T20:32:18Z,2022:10:14 16:32:42,40.368256,-80.178297,236.57,22.11,True,,,
cali_hdr,20221014,theta,20221014/theta/1f_living_16:32/R0010565.JPG,indoor,2022-10-14T20:32:18Z,2022:10:14 16:33:19,40.368256,-80.178297,236.57,22.11,True,,,
cali_hdr,20221014,theta,20221014/theta/1f_living_16:32/R0010564.JPG,indoor,2022-10-14T20:32:18Z,2022:10:14 16:33:13,40.368256,-80.178297,236.57,22.11,True,,,
cali_hdr,20221014,theta,20221014/theta/1f_living_16:32/R0010560.JPG,indoor,2022-10-14T20:32:18Z,2022:10:14 16:32:48,40.368256,-80.178297,236.57,22.11,True,,,
cali_hdr,20221014,theta,20221014/theta/1f_living_16:32/R0010561.JPG,indoor,2022-10-14T20:32:18Z,2022:10:14 16:32:55,40.368256,-80.178297,236.57,22.11,True,,,
cali_hdr,20221014,theta,20221014/theta/1f_living_16:32/R0010562.JPG,indoor,2022-10-14T20:32:18Z,2022:10:14 16:33:01,40.368256,-80.178297,236.57,22.11,True,,,
cali_hdr,20221014,theta,20221014/theta/1f_living_16:32/R0010563.JPG,indoor,2022-10-14T20:32:18Z,2022:10:14 16:33:07,40.368256,-80.178297,236.57,22.11,True,,,
cali_hdr,20221006,theta,20221006/theta/1f_kitchen_16:50/R0010362.JPG,indoor,2022-10-06T20:48:34Z,2022:10:06 16:49:56,40.363581,-80.187519,241.56,22.07,True,,,
cali_hdr,20221006,theta,20221006/theta/1f_kitchen_16:50/R0010363.JPG,indoor,2022-10-06T20:48:34Z,2022:10:06 16:50:02,40.363581,-80.187519,241.56,22.07,True,,,
cali_hdr,20221006,theta,20221006/theta/1f_kitchen_16:50/R0010360.JPG,indoor,2022-10-06T20:48:34Z,2022:10:06 16:49:45,40.363581,-80.187519,241.56,22.07,True,,,
cali_hdr,20221006,theta,20221006/theta/1f_kitchen_16:50/R0010357.JPG,indoor,2022-10-06T20:48:34Z,2022:10:06 16:49:26,40.363581,-80.187519,241.56,22.07,True,,,
cali_hdr,20221006,theta,20221006/theta/1f_kitchen_16:50/R0010361.JPG,indoor,2022-10-06T20:48:34Z,2022:10:06 16:49:51,40.363581,-80.187519,241.56,22.07,True,,,
cali_hdr,20221006,theta,20221006/theta/1f_kitchen_16:50/R0010359.JPG,indoor,2022-10-06T20:48:34Z,2022:10:06 16:49:38,40.363581,-80.187519,241.56,22.07,True,,,
cali_hdr,20221006,theta,20221006/theta/1f_kitchen_16:50/R0010358.JPG,indoor,2022-10-06T20:48:34Z,2022:10:06 16:49:32,40.363581,-80.187519,241.56,22.07,True,,,
cali_hdr,20221006,theta,20221006/theta/1f_kitchen_16:50/R0010356.JPG,indoor,2022-10-06T20:48:34Z,2022:10:06 16:49:19,40.363581,-80.187519,241.56,22.07,True,,,
cali_hdr,20221006,theta,20221006/theta/1f_kitchen_16:50/R0010355.JPG,indoor,2022-10-06T20:48:34Z,2022:10:06 16:49:12,40.363581,-80.187519,241.56,22.07,True,,,
cali_hdr,20221006,theta,20221006/theta/1f_kitchen_14:02/R0010191.JPG,indoor,2022-10-06T17:58:24Z,2022:10:06 14:01:37,40.363569,-80.187228,196.98,42.94,True,,,
cali_hdr,20221006,theta,20221006/theta/1f_kitchen_14:02/R0010194.JPG,indoor,2022-10-06T17:58:24Z,2022:10:06 14:01:57,40.363569,-80.187228,196.98,42.94,True,,,
cali_hdr,20221006,theta,20221006/theta/1f_kitchen_14:02/R0010199.JPG,indoor,2022-10-06T17:58:24Z,2022:10:06 14:02:28,40.363569,-80.187228,196.98,42.94,True,,,
cali_hdr,20221006,theta,20221006/theta/1f_kitchen_14:02/R0010192.JPG,indoor,2022-10-06T17:58:24Z,2022:10:06 14:01:44,40.363569,-80.187228,196.98,42.94,True,,,
cali_hdr,20221006,theta,20221006/theta/1f_kitchen_14:02/R0010193.JPG,indoor,2022-10-06T17:58:24Z,2022:10:06 14:01:50,40.363569,-80.187228,196.98,42.94,True,,,
cali_hdr,20221006,theta,20221006/theta/1f_kitchen_14:02/R0010198.JPG,indoor,2022-10-06T17:58:24Z,2022:10:06 14:02:22,40.363569,-80.187228,196.98,42.94,True,,,
cali_hdr,20221006,theta,20221006/theta/1f_kitchen_14:02/R0010197.JPG,indoor,2022-10-06T17:58:24Z,2022:10:06 14:02:16,40.363569,-80.187228,196.98,42.94,True,,,
cali_hdr,20221006,theta,20221006/theta/1f_kitchen_14:02/R0010195.JPG,indoor,2022-10-06T17:58:24Z,2022:10:06 14:02:03,40.363569,-80.187228,196.98,42.94,True,,,
cali_hdr,20221006,theta,20221006/theta/1f_kitchen_14:02/R0010196.JPG,indoor,2022-10-06T17:58:24Z,2022:10:06 14:02:10,40.363569,-80.187228,196.98,42.94,True,,,
cali_hdr,20221006,theta,20221006/theta/1f_kitchen_13:15/R0010138.JPG,indoor,2022-10-06T17:14:12Z,2022:10:06 13:14:51,40.363506,-80.187142,181.88,44.33,True,,,
cali_hdr,20221006,theta,20221006/theta/1f_kitchen_13:15/R0010142.JPG,indoor,2022-10-06T17:14:12Z,2022:10:06 13:15:16,40.363506,-80.187142,181.88,44.33,True,,,
cali_hdr,20221006,theta,20221006/theta/1f_kitchen_13:15/R0010137.JPG,indoor,2022-10-06T17:14:12Z,2022:10:06 13:14:44,40.363506,-80.187142,181.88,44.33,True,,,
cali_hdr,20221006,theta,20221006/theta/1f_kitchen_13:15/R0010135.JPG,indoor,2022-10-06T17:14:12Z,2022:10:06 13:14:30,40.363506,-80.187142,181.88,44.33,True,,,
cali_hdr,20221006,theta,20221006/theta/1f_kitchen_13:15/R0010143.JPG,indoor,2022-10-06T17:14:12Z,2022:10:06 13:15:22,40.363506,-80.187142,181.88,44.33,True,,,
cali_hdr,20221006,theta,20221006/theta/1f_kitchen_13:15/R0010140.JPG,indoor,2022-10-06T17:14:12Z,2022:10:06 13:15:03,40.363506,-80.187142,181.88,44.33,True,,,
cali_hdr,20221006,theta,20221006/theta/1f_kitchen_13:15/R0010136.JPG,indoor,2022-10-06T17:14:12Z,2022:10:06 13:14:38,40.363506,-80.187142,181.88,44.33,True,,,
cali_hdr,20221006,theta,20221006/theta/1f_kitchen_13:15/R0010141.JPG,indoor,2022-10-06T17:14:12Z,2022:10:06 13:15:10,40.363506,-80.187142,181.88,44.33,True,,,
cali_hdr,20221006,theta,20221006/theta/1f_kitchen_13:15/R0010139.JPG,indoor,2022-10-06T17:14:12Z,2022:10:06 13:14:57,40.363506,-80.187142,181.88,44.33,True,,,
cali_hdr,20221006,theta,20221006/theta/1f_kitchen_17:05/R0010406.JPG,indoor,2022-10-06T21:03:25Z,2022:10:06 17:07:09,40.3636,-80.187436,244.45,19.55,True,,,
cali_hdr,20221006,theta,20221006/theta/1f_kitchen_17:05/R0010401.JPG,indoor,2022-10-06T21:03:25Z,2022:10:06 17:06:36,40.3636,-80.187436,244.45,19.55,True,,,
cali_hdr,20221006,theta,20221006/theta/1f_kitchen_17:05/R0010408.JPG,indoor,2022-10-06T21:03:25Z,2022:10:06 17:07:20,40.3636,-80.187436,244.45,19.55,True,,,
cali_hdr,20221006,theta,20221006/theta/1f_kitchen_17:05/R0010400.JPG,indoor,2022-10-06T21:03:25Z,2022:10:06 17:06:30,40.3636,-80.187436,244.45,19.55,True,,,
cali_hdr,20221006,theta,20221006/theta/1f_kitchen_17:05/R0010404.JPG,indoor,2022-10-06T21:03:25Z,2022:10:06 17:06:56,40.3636,-80.187436,244.45,19.55,True,,,
cali_hdr,20221006,theta,20221006/theta/1f_kitchen_17:05/R0010403.JPG,indoor,2022-10-06T21:03:25Z,2022:10:06 17:06:50,40.3636,-80.187436,244.45,19.55,True,,,
cali_hdr,20221006,theta,20221006/theta/1f_kitchen_17:05/R0010405.JPG,indoor,2022-10-06T21:03:25Z,2022:10:06 17:07:02,40.3636,-80.187436,244.45,19.55,True,,,
cali_hdr,20221006,theta,20221006/theta/1f_kitchen_17:05/R0010402.JPG,indoor,2022-10-06T21:03:25Z,2022:10:06 17:06:43,40.3636,-80.187436,244.45,19.55,True,,,
cali_hdr,20221006,theta,20221006/theta/1f_kitchen_17:05/R0010407.JPG,indoor,2022-10-06T21:03:25Z,2022:10:06 17:07:15,40.3636,-80.187436,244.45,19.55,True,,,
cali_hdr,20221006,theta,20221006/theta/2f_king_bed_16:19/R0010324.JPG,indoor,2022-10-06T20:18:10Z,2022:10:06 16:18:54,40.363836,-80.187308,235.25,27.0,True,,,
cali_hdr,20221006,theta,20221006/theta/2f_king_bed_16:19/R0010319.JPG,indoor,2022-10-06T20:18:10Z,2022:10:06 16:18:20,40.363836,-80.187308,235.25,27.0,True,,,
cali_hdr,20221006,theta,20221006/theta/2f_king_bed_16:19/R0010320.JPG,indoor,2022-10-06T20:18:10Z,2022:10:06 16:18:28,40.363836,-80.187308,235.25,27.0,True,,,
cali_hdr,20221006,theta,20221006/theta/2f_king_bed_16:19/R0010327.JPG,indoor,2022-10-06T20:18:10Z,2022:10:06 16:19:12,40.363836,-80.187308,235.25,27.0,True,,,
cali_hdr,20221006,theta,20221006/theta/2f_king_bed_16:19/R0010325.JPG,indoor,2022-10-06T20:18:10Z,2022:10:06 16:19:00,40.363836,-80.187308,235.25,27.0,True,,,
cali_hdr,20221006,theta,20221006/theta/2f_king_bed_16:19/R0010323.JPG,indoor,2022-10-06T20:18:10Z,2022:10:06 16:18:48,40.363836,-80.187308,235.25,27.0,True,,,
cali_hdr,20221006,theta,20221006/theta/2f_king_bed_16:19/R0010322.JPG,indoor,2022-10-06T20:18:10Z,2022:10:06 16:18:41,40.363836,-80.187308,235.25,27.0,True,,,
cali_hdr,20221006,theta,20221006/theta/2f_king_bed_16:19/R0010321.JPG,indoor,2022-10-06T20:18:10Z,2022:10:06 16:18:35,40.363836,-80.187308,235.25,27.0,True,,,
cali_hdr,20221006,theta,20221006/theta/2f_king_bed_16:19/R0010326.JPG,indoor,2022-10-06T20:18:10Z,2022:10:06 16:19:07,40.363836,-80.187308,235.25,27.0,True,,,
cali_hdr,20221006,theta,20221006/theta/2f_king_bed_13:40/R0010167.JPG,indoor,2022-10-06T17:39:31Z,2022:10:06 13:40:15,40.363578,-80.187469,190.62,43.8,True,,,
cali_hdr,20221006,theta,20221006/theta/2f_king_bed_13:40/R0010165.JPG,indoor,2022-10-06T17:39:31Z,2022:10:06 13:40:03,40.363578,-80.187469,190.62,43.8,True,,,
cali_hdr,20221006,theta,20221006/theta/2f_king_bed_13:40/R0010169.JPG,indoor,2022-10-06T17:39:31Z,2022:10:06 13:40:28,40.363578,-80.187469,190.62,43.8,True,,,
cali_hdr,20221006,theta,20221006/theta/2f_king_bed_13:40/R0010166.JPG,indoor,2022-10-06T17:39:31Z,2022:10:06 13:40:09,40.363578,-80.187469,190.62,43.8,True,,,
cali_hdr,20221006,theta,20221006/theta/2f_king_bed_13:40/R0010163.JPG,indoor,2022-10-06T17:39:31Z,2022:10:06 13:39:50,40.363578,-80.187469,190.62,43.8,True,,,
cali_hdr,20221006,theta,20221006/theta/2f_king_bed_13:40/R0010164.JPG,indoor,2022-10-06T17:39:31Z,2022:10:06 13:39:56,40.363578,-80.187469,190.62,43.8,True,,,
cali_hdr,20221006,theta,20221006/theta/2f_king_bed_13:40/R0010170.JPG,indoor,2022-10-06T17:39:31Z,2022:10:06 13:40:34,40.363578,-80.187469,190.62,43.8,True,,,
cali_hdr,20221006,theta,20221006/theta/2f_king_bed_13:40/R0010168.JPG,indoor,2022-10-06T17:39:31Z,2022:10:06 13:40:22,40.363578,-80.187469,190.62,43.8,True,,,
cali_hdr,20221006,theta,20221006/theta/2f_king_bed_13:40/R0010162.JPG,indoor,2022-10-06T17:39:31Z,2022:10:06 13:39:42,40.363578,-80.187469,190.62,43.8,True,,,
cali_hdr,20221006,theta,20221006/theta/2f_king_bed_14:19/R0010219.JPG,indoor,2022-10-06T18:17:36Z,2022:10:06 14:17:55,40.363544,-80.187292,203.21,41.68,True,,,
cali_hdr,20221006,theta,20221006/theta/2f_king_bed_14:19/R0010218.JPG,indoor,2022-10-06T18:17:36Z,2022:10:06 14:17:47,40.363544,-80.187292,203.21,41.68,True,,,
cali_hdr,20221006,theta,20221006/theta/2f_king_bed_14:19/R0010223.JPG,indoor,2022-10-06T18:17:36Z,2022:10:06 14:18:21,40.363544,-80.187292,203.21,41.68,True,,,
cali_hdr,20221006,theta,20221006/theta/2f_king_bed_14:19/R0010225.JPG,indoor,2022-10-06T18:17:36Z,2022:10:06 14:18:34,40.363544,-80.187292,203.21,41.68,True,,,
cali_hdr,20221006,theta,20221006/theta/2f_king_bed_14:19/R0010222.JPG,indoor,2022-10-06T18:17:36Z,2022:10:06 14:18:15,40.363544,-80.187292,203.21,41.68,True,,,
cali_hdr,20221006,theta,20221006/theta/2f_king_bed_14:19/R0010221.JPG,indoor,2022-10-06T18:17:36Z,2022:10:06 14:18:08,40.363544,-80.187292,203.21,41.68,True,,,
cali_hdr,20221006,theta,20221006/theta/2f_king_bed_14:19/R0010224.JPG,indoor,2022-10-06T18:17:36Z,2022:10:06 14:18:27,40.363544,-80.187292,203.21,41.68,True,,,
cali_hdr,20221006,theta,20221006/theta/2f_king_bed_14:19/R0010226.JPG,indoor,2022-10-06T18:17:36Z,2022:10:06 14:18:40,40.363544,-80.187292,203.21,41.68,True,,,
cali_hdr,20221006,theta,20221006/theta/2f_king_bed_14:19/R0010220.JPG,indoor,2022-10-06T18:17:36Z,2022:10:06 14:18:02,40.363544,-80.187292,203.21,41.68,True,,,
cali_hdr,20221014,theta,20221014/theta/1f_kitchen _14:12/R0010480.JPG,indoor,2022-10-14T18:05:27Z,2022:10:14 14:11:08,40.368217,-80.178306,198.97,39.46,True,,,
cali_hdr,20221014,theta,20221014/theta/1f_kitchen _14:12/R0010477.JPG,indoor,2022-10-14T18:05:27Z,2022:10:14 14:10:49,40.368217,-80.178306,198.97,39.46,True,,,
cali_hdr,20221014,theta,20221014/theta/1f_kitchen _14:12/R0010482.JPG,indoor,2022-10-14T18:05:27Z,2022:10:14 14:11:20,40.368217,-80.178306,198.97,39.46,True,,,
cali_hdr,20221014,theta,20221014/theta/1f_kitchen _14:12/R0010481.JPG,indoor,2022-10-14T18:05:27Z,2022:10:14 14:11:14,40.368217,-80.178306,198.97,39.46,True,,,
cali_hdr,20221014,theta,20221014/theta/1f_kitchen _14:12/R0010479.JPG,indoor,2022-10-14T18:05:27Z,2022:10:14 14:11:02,40.368217,-80.178306,198.97,39.46,True,,,
cali_hdr,20221014,theta,20221014/theta/1f_kitchen _14:12/R0010478.JPG,indoor,2022-10-14T18:05:27Z,2022:10:14 14:10:55,40.368217,-80.178306,198.97,39.46,True,,,
cali_hdr,20221014,theta,20221014/theta/1f_kitchen _14:12/R0010484.JPG,indoor,2022-10-14T18:05:27Z,2022:10:14 14:11:32,40.368217,-80.178306,198.97,39.46,True,,,
cali_hdr,20221014,theta,20221014/theta/1f_kitchen _14:12/R0010483.JPG,indoor,2022-10-14T18:05:27Z,2022:10:14 14:11:26,40.368217,-80.178306,198.97,39.46,True,,,
cali_hdr,20221014,theta,20221014/theta/1f_kitchen _14:12/R0010476.JPG,indoor,2022-10-14T18:05:27Z,2022:10:14 14:10:41,40.368217,-80.178306,198.97,39.46,True,,,
cali_hdr,20221014,theta,20221014/theta/1f_kitchen _15:35/R0010521.JPG,indoor,2022-10-14T19:23:09Z,2022:10:14 15:34:52,40.368253,-80.178247,220.88,32.02,True,,,
cali_hdr,20221014,theta,20221014/theta/1f_kitchen _15:35/R0010522.JPG,indoor,2022-10-14T19:23:09Z,2022:10:14 15:34:59,40.368253,-80.178247,220.88,32.02,True,,,
cali_hdr,20221014,theta,20221014/theta/1f_kitchen _15:35/R0010526.JPG,indoor,2022-10-14T19:23:09Z,2022:10:14 15:35:25,40.368253,-80.178247,220.88,32.02,True,,,
cali_hdr,20221014,theta,20221014/theta/1f_kitchen _15:35/R0010523.JPG,indoor,2022-10-14T19:23:09Z,2022:10:14 15:35:06,40.368253,-80.178247,220.88,32.02,True,,,
cali_hdr,20221014,theta,20221014/theta/1f_kitchen _15:35/R0010528.JPG,indoor,2022-10-14T19:23:09Z,2022:10:14 15:35:37,40.368253,-80.178247,220.88,32.02,True,,,
cali_hdr,20221014,theta,20221014/theta/1f_kitchen _15:35/R0010525.JPG,indoor,2022-10-14T19:23:09Z,2022:10:14 15:35:18,40.368253,-80.178247,220.88,32.02,True,,,
cali_hdr,20221014,theta,20221014/theta/1f_kitchen _15:35/R0010529.JPG,indoor,2022-10-14T19:23:09Z,2022:10:14 15:35:43,40.368253,-80.178247,220.88,32.02,True,,,
cali_hdr,20221014,theta,20221014/theta/1f_kitchen _15:35/R0010524.JPG,indoor,2022-10-14T19:23:09Z,2022:10:14 15:35:12,40.368253,-80.178247,220.88,32.02,True,,,
cali_hdr,20221014,theta,20221014/theta/1f_kitchen _15:35/R0010527.JPG,indoor,2022-10-14T19:23:09Z,2022:10:14 15:35:31,40.368253,-80.178247,220.88,32.02,True,,,
cali_hdr,20221014,theta,20221014/theta/2f_king_bed_13:48/R0010449.JPG,indoor,2022-10-14T17:45:40Z,2022:10:14 13:47:30,40.368247,-80.178292,192.73,40.49,True,,,
cali_hdr,20221014,theta,20221014/theta/2f_king_bed_13:48/R0010450.JPG,indoor,2022-10-14T17:45:40Z,2022:10:14 13:47:37,40.368247,-80.178292,192.73,40.49,True,,,
cali_hdr,20221014,theta,20221014/theta/2f_king_bed_13:48/R0010457.JPG,indoor,2022-10-14T17:45:40Z,2022:10:14 13:48:21,40.368247,-80.178292,192.73,40.49,True,,,
cali_hdr,20221014,theta,20221014/theta/2f_king_bed_13:48/R0010452.JPG,indoor,2022-10-14T17:45:40Z,2022:10:14 13:47:51,40.368247,-80.178292,192.73,40.49,True,,,
cali_hdr,20221014,theta,20221014/theta/2f_king_bed_13:48/R0010455.JPG,indoor,2022-10-14T17:45:40Z,2022:10:14 13:48:09,40.368247,-80.178292,192.73,40.49,True,,,
cali_hdr,20221014,theta,20221014/theta/2f_king_bed_13:48/R0010454.JPG,indoor,2022-10-14T17:45:40Z,2022:10:14 13:48:03,40.368247,-80.178292,192.73,40.49,True,,,
cali_hdr,20221014,theta,20221014/theta/2f_king_bed_13:48/R0010451.JPG,indoor,2022-10-14T17:45:40Z,2022:10:14 13:47:44,40.368247,-80.178292,192.73,40.49,True,,,
cali_hdr,20221014,theta,20221014/theta/2f_king_bed_13:48/R0010453.JPG,indoor,2022-10-14T17:45:40Z,2022:10:14 13:47:57,40.368247,-80.178292,192.73,40.49,True,,,
cali_hdr,20221014,theta,20221014/theta/2f_king_bed_13:48/R0010456.JPG,indoor,2022-10-14T17:45:40Z,2022:10:14 13:48:15,40.368247,-80.178292,192.73,40.49,True,,,
cali_hdr,20221014,theta,20221014/theta/1f_kitchen _16:39/R0010566.JPG,indoor,2022-10-14T20:33:25Z,2022:10:14 16:38:44,40.368244,-80.178233,236.8,21.93,True,,,
cali_hdr,20221014,theta,20221014/theta/1f_kitchen _16:39/R0010567.JPG,indoor,2022-10-14T20:33:25Z,2022:10:14 16:38:51,40.368244,-80.178233,236.8,21.93,True,,,
cali_hdr,20221014,theta,20221014/theta/1f_kitchen _16:39/R0010573.JPG,indoor,2022-10-14T20:33:25Z,2022:10:14 16:39:30,40.368244,-80.178233,236.8,21.93,True,,,
cali_hdr,20221014,theta,20221014/theta/1f_kitchen _16:39/R0010574.JPG,indoor,2022-10-14T20:33:25Z,2022:10:14 16:39:36,40.368244,-80.178233,236.8,21.93,True,,,
cali_hdr,20221014,theta,20221014/theta/1f_kitchen _16:39/R0010572.JPG,indoor,2022-10-14T20:33:25Z,2022:10:14 16:39:24,40.368244,-80.178233,236.8,21.93,True,,,
cali_hdr,20221014,theta,20221014/theta/1f_kitchen _16:39/R0010568.JPG,indoor,2022-10-14T20:33:25Z,2022:10:14 16:38:58,40.368244,-80.178233,236.8,21.93,True,,,
cali_hdr,20221014,theta,20221014/theta/1f_kitchen _16:39/R0010569.JPG,indoor,2022-10-14T20:33:25Z,2022:10:14 16:39:05,40.368244,-80.178233,236.8,21.93,True,,,
cali_hdr,20221014,theta,20221014/theta/1f_kitchen _16:39/R0010570.JPG,indoor,2022-10-14T20:33:25Z,2022:10:14 16:39:11,40.368244,-80.178233,236.8,21.93,True,,,
cali_hdr,20221014,theta,20221014/theta/1f_kitchen _16:39/R0010571.JPG,indoor,2022-10-14T20:33:25Z,2022:10:14 16:39:17,40.368244,-80.178233,236.8,21.93,True,,,
cali_hdr,20221014,theta,20221014/theta/1f_kitchen _13:26/R0010435.JPG,indoor,2022-10-14T17:18:24Z,2022:10:14 13:26:21,40.368233,-80.178308,183.86,41.25,True,,,
cali_hdr,20221014,theta,20221014/theta/1f_kitchen _13:26/R0010437.JPG,indoor,2022-10-14T17:18:24Z,2022:10:14 13:26:33,40.368233,-80.178308,183.86,41.25,True,,,
cali_hdr,20221014,theta,20221014/theta/1f_kitchen _13:26/R0010436.JPG,indoor,2022-10-14T17:18:24Z,2022:10:14 13:26:27,40.368233,-80.178308,183.86,41.25,True,,,
cali_hdr,20221014,theta,20221014/theta/1f_kitchen _13:26/R0010433.JPG,indoor,2022-10-14T17:18:24Z,2022:10:14 13:26:08,40.368233,-80.178308,183.86,41.25,True,,,
cali_hdr,20221014,theta,20221014/theta/1f_kitchen _13:26/R0010431.JPG,indoor,2022-10-14T17:18:24Z,2022:10:14 13:25:54,40.368233,-80.178308,183.86,41.25,True,,,
cali_hdr,20221014,theta,20221014/theta/1f_kitchen _13:26/R0010439.JPG,indoor,2022-10-14T17:18:24Z,2022:10:14 13:26:45,40.368233,-80.178308,183.86,41.25,True,,,
cali_hdr,20221014,theta,20221014/theta/1f_kitchen _13:26/R0010438.JPG,indoor,2022-10-14T17:18:24Z,2022:10:14 13:26:39,40.368233,-80.178308,183.86,41.25,True,,,
cali_hdr,20221014,theta,20221014/theta/1f_kitchen _13:26/R0010434.JPG,indoor,2022-10-14T17:18:24Z,2022:10:14 13:26:14,40.368233,-80.178308,183.86,41.25,True,,,
cali_hdr,20221014,theta,20221014/theta/1f_kitchen _13:26/R0010432.JPG,indoor,2022-10-14T17:18:24Z,2022:10:14 13:26:01,40.368233,-80.178308,183.86,41.25,True,,,
cali_hdr,20221014,theta,20221014/theta/2f_king_bed_16:53/R0010589.JPG,indoor,2022-10-14T20:48:35Z,2022:10:14 16:54:17,40.368175,-80.178358,239.82,19.48,True,,,
cali_hdr,20221014,theta,20221014/theta/2f_king_bed_16:53/R0010591.JPG,indoor,2022-10-14T20:48:35Z,2022:10:14 16:54:29,40.368175,-80.178358,239.82,19.48,True,,,
cali_hdr,20221014,theta,20221014/theta/2f_king_bed_16:53/R0010588.JPG,indoor,2022-10-14T20:48:35Z,2022:10:14 16:54:10,40.368175,-80.178358,239.82,19.48,True,,,
cali_hdr,20221014,theta,20221014/theta/2f_king_bed_16:53/R0010585.JPG,indoor,2022-10-14T20:48:35Z,2022:10:14 16:53:51,40.368175,-80.178358,239.82,19.48,True,,,
cali_hdr,20221014,theta,20221014/theta/2f_king_bed_16:53/R0010592.JPG,indoor,2022-10-14T20:48:35Z,2022:10:14 16:54:35,40.368175,-80.178358,239.82,19.48,True,,,
cali_hdr,20221014,theta,20221014/theta/2f_king_bed_16:53/R0010587.JPG,indoor,2022-10-14T20:48:35Z,2022:10:14 16:54:04,40.368175,-80.178358,239.82,19.48,True,,,
cali_hdr,20221014,theta,20221014/theta/2f_king_bed_16:53/R0010590.JPG,indoor,2022-10-14T20:48:35Z,2022:10:14 16:54:23,40.368175,-80.178358,239.82,19.48,True,,,
cali_hdr,20221014,theta,20221014/theta/2f_king_bed_16:53/R0010584.JPG,indoor,2022-10-14T20:48:35Z,2022:10:14 16:53:45,40.368175,-80.178358,239.82,19.48,True,,,
cali_hdr,20221014,theta,20221014/theta/2f_king_bed_16:53/R0010586.JPG,indoor,2022-10-14T20:48:35Z,2022:10:14 16:53:57,40.368175,-80.178358,239.82,19.48,True,,,
cali_hdr,20221014,theta,20221014/theta/2f_king_bed_15:49/R0010545.JPG,indoor,2022-10-14T19:49:53Z,2022:10:14 15:50:43,40.368231,-80.178042,227.34,28.47,True,,,
cali_hdr,20221014,theta,20221014/theta/2f_king_bed_15:49/R0010544.JPG,indoor,2022-10-14T19:49:53Z,2022:10:14 15:50:37,40.368231,-80.178042,227.34,28.47,True,,,
cali_hdr,20221014,theta,20221014/theta/2f_king_bed_15:49/R0010546.JPG,indoor,2022-10-14T19:49:53Z,2022:10:14 15:50:49,40.368231,-80.178042,227.34,28.47,True,,,
cali_hdr,20221014,theta,20221014/theta/2f_king_bed_15:49/R0010539.JPG,indoor,2022-10-14T19:49:53Z,2022:10:14 15:50:04,40.368231,-80.178042,227.34,28.47,True,,,
cali_hdr,20221014,theta,20221014/theta/2f_king_bed_15:49/R0010543.JPG,indoor,2022-10-14T19:49:53Z,2022:10:14 15:50:30,40.368231,-80.178042,227.34,28.47,True,,,
cali_hdr,20221014,theta,20221014/theta/2f_king_bed_15:49/R0010540.JPG,indoor,2022-10-14T19:49:53Z,2022:10:14 15:50:11,40.368231,-80.178042,227.34,28.47,True,,,
cali_hdr,20221014,theta,20221014/theta/2f_king_bed_15:49/R0010541.JPG,indoor,2022-10-14T19:49:53Z,2022:10:14 15:50:18,40.368231,-80.178042,227.34,28.47,True,,,
cali_hdr,20221014,theta,20221014/theta/2f_king_bed_15:49/R0010547.JPG,indoor,2022-10-14T19:49:53Z,2022:10:14 15:50:54,40.368231,-80.178042,227.34,28.47,True,,,
cali_hdr,20221014,theta,20221014/theta/2f_king_bed_15:49/R0010542.JPG,indoor,2022-10-14T19:49:53Z,2022:10:14 15:50:24,40.368231,-80.178042,227.34,28.47,True,,,
cali_hdr,20221014,theta,20221014/theta/2f_king_bed_14:28/R0010494.JPG,indoor,2022-10-14T18:28:31Z,2022:10:14 14:28:42,40.368194,-80.177989,205.95,37.78,True,,,
cali_hdr,20221014,theta,20221014/theta/2f_king_bed_14:28/R0010502.JPG,indoor,2022-10-14T18:28:31Z,2022:10:14 14:29:33,40.368194,-80.177989,205.95,37.78,True,,,
cali_hdr,20221014,theta,20221014/theta/2f_king_bed_14:28/R0010496.JPG,indoor,2022-10-14T18:28:31Z,2022:10:14 14:28:56,40.368194,-80.177989,205.95,37.78,True,,,
cali_hdr,20221014,theta,20221014/theta/2f_king_bed_14:28/R0010497.JPG,indoor,2022-10-14T18:28:31Z,2022:10:14 14:29:02,40.368194,-80.177989,205.95,37.78,True,,,
cali_hdr,20221014,theta,20221014/theta/2f_king_bed_14:28/R0010495.JPG,indoor,2022-10-14T18:28:31Z,2022:10:14 14:28:49,40.368194,-80.177989,205.95,37.78,True,,,
cali_hdr,20221014,theta,20221014/theta/2f_king_bed_14:28/R0010500.JPG,indoor,2022-10-14T18:28:31Z,2022:10:14 14:29:21,40.368194,-80.177989,205.95,37.78,True,,,
cali_hdr,20221014,theta,20221014/theta/2f_king_bed_14:28/R0010501.JPG,indoor,2022-10-14T18:28:31Z,2022:10:14 14:29:27,40.368194,-80.177989,205.95,37.78,True,,,
cali_hdr,20221014,theta,20221014/theta/2f_king_bed_14:28/R0010498.JPG,indoor,2022-10-14T18:28:31Z,2022:10:14 14:29:08,40.368194,-80.177989,205.95,37.78,True,,,
cali_hdr,20221014,theta,20221014/theta/2f_king_bed_14:28/R0010499.JPG,indoor,2022-10-14T18:28:31Z,2022:10:14 14:29:14,40.368194,-80.177989,205.95,37.78,True,,,
cali_hdr,20230630,theta,20230630/theta/ruth_garden_09:23/R0011339.JPG,indoor,2023-06-30T13:23:22Z,2023:06:30 09:24:01,40.434017,-79.923489,89.91,37.25,True,202.1,112.2,False
cali_hdr,20230630,theta,20230630/theta/ruth_garden_09:23/R0011342.JPG,indoor,2023-06-30T13:23:22Z,2023:06:30 09:24:19,40.434017,-79.923489,89.91,37.25,True,202.0,112.1,False
cali_hdr,20230630,theta,20230630/theta/ruth_garden_09:23/R0011341.JPG,indoor,2023-06-30T13:23:22Z,2023:06:30 09:24:13,40.434017,-79.923489,89.91,37.25,True,194.3,104.4,False
cali_hdr,20230630,theta,20230630/theta/ruth_garden_09:23/R0011343.JPG,indoor,2023-06-30T13:23:22Z,2023:06:30 09:24:25,40.434017,-79.923489,89.91,37.25,True,201.7,111.8,False
cali_hdr,20230630,theta,20230630/theta/ruth_garden_09:23/R0011336.JPG,indoor,2023-06-30T13:23:22Z,2023:06:30 09:23:41,40.434017,-79.923489,89.91,37.25,True,199.8,109.9,False
cali_hdr,20230630,theta,20230630/theta/ruth_garden_09:23/R0011337.JPG,indoor,2023-06-30T13:23:22Z,2023:06:30 09:23:48,40.434017,-79.923489,89.91,37.25,True,205.5,115.6,False
cali_hdr,20230630,theta,20230630/theta/ruth_garden_09:23/R0011340.JPG,indoor,2023-06-30T13:23:22Z,2023:06:30 09:24:07,40.434017,-79.923489,89.91,37.25,True,190.9,101.0,False
cali_hdr,20230630,theta,20230630/theta/ruth_garden_09:23/R0011338.JPG,indoor,2023-06-30T13:23:22Z,2023:06:30 09:23:54,40.434017,-79.923489,89.91,37.25,True,201.8,111.9,False
cali_hdr,20230630,theta,20230630/theta/ruth_garden_09:23/R0011335.JPG,indoor,2023-06-30T13:23:22Z,2023:06:30 09:23:33,40.434017,-79.923489,89.91,37.25,True,204.3,114.4,False
cali_hdr,20230630,theta,20230630/theta/ruth_garden_09:20/R0011327.JPG,indoor,2023-06-30T13:15:07Z,2023:06:30 09:19:11,40.434089,-79.923369,88.58,35.68,True,197.9,109.3,False
cali_hdr,20230630,theta,20230630/theta/ruth_garden_09:20/R0011328.JPG,indoor,2023-06-30T13:15:07Z,2023:06:30 09:19:18,40.434089,-79.923369,88.58,35.68,True,205.3,116.7,False
cali_hdr,20230630,theta,20230630/theta/ruth_garden_09:20/R0011330.JPG,indoor,2023-06-30T13:15:07Z,2023:06:30 09:19:32,40.434089,-79.923369,88.58,35.68,True,192.2,103.6,False
cali_hdr,20230630,theta,20230630/theta/ruth_garden_09:20/R0011333.JPG,indoor,2023-06-30T13:15:07Z,2023:06:30 09:19:50,40.434089,-79.923369,88.58,35.68,True,207.2,118.6,False
cali_hdr,20230630,theta,20230630/theta/ruth_garden_09:20/R0011326.JPG,indoor,2023-06-30T13:15:07Z,2023:06:30 09:19:03,40.434089,-79.923369,88.58,35.68,True,204.7,116.1,False
cali_hdr,20230630,theta,20230630/theta/ruth_garden_09:20/R0011331.JPG,indoor,2023-06-30T13:15:07Z,2023:06:30 09:19:38,40.434089,-79.923369,88.58,35.68,True,210.1,121.5,False
cali_hdr,20230630,theta,20230630/theta/ruth_garden_09:20/R0011329.JPG,indoor,2023-06-30T13:15:07Z,2023:06:30 09:19:25,40.434089,-79.923369,88.58,35.68,True,204.0,115.4,False
cali_hdr,20230630,theta,20230630/theta/ruth_garden_09:20/R0011334.JPG,indoor,2023-06-30T13:15:07Z,2023:06:30 09:19:56,40.434089,-79.923369,88.58,35.68,True,197.3,108.7,False
cali_hdr,20230630,theta,20230630/theta/ruth_garden_09:20/R0011332.JPG,indoor,2023-06-30T13:15:07Z,2023:06:30 09:19:44,40.434089,-79.923369,88.58,35.68,True,218.6,130.0,False
cali_hdr,20230630,theta,20230630/theta/ruth_garden_09:13/R0011317.JPG,indoor,2023-06-30T13:13:25Z,2023:06:30 09:13:37,40.434078,-79.923394,88.32,35.36,True,191.3,103.0,False
cali_hdr,20230630,theta,20230630/theta/ruth_garden_09:13/R0011320.JPG,indoor,2023-06-30T13:13:25Z,2023:06:30 09:13:59,40.434078,-79.923394,88.32,35.36,True,195.6,107.3,False
cali_hdr,20230630,theta,20230630/theta/ruth_garden_09:13/R0011325.JPG,indoor,2023-06-30T13:13:25Z,2023:06:30 09:14:29,40.434078,-79.923394,88.32,35.36,True,189.1,100.8,False
cali_hdr,20230630,theta,20230630/theta/ruth_garden_09:13/R0011323.JPG,indoor,2023-06-30T13:13:25Z,2023:06:30 09:14:17,40.434078,-79.923394,88.32,35.36,True,199.3,111.0,False
cali_hdr,20230630,theta,20230630/theta/ruth_garden_09:13/R0011321.JPG,indoor,2023-06-30T13:13:25Z,2023:06:30 09:14:05,40.434078,-79.923394,88.32,35.36,True,192.0,103.7,False
cali_hdr,20230630,theta,20230630/theta/ruth_garden_09:13/R0011318.JPG,indoor,2023-06-30T13:13:25Z,2023:06:30 09:13:45,40.434078,-79.923394,88.32,35.36,True,194.3,106.0,False
cali_hdr,20230630,theta,20230630/theta/ruth_garden_09:13/R0011324.JPG,indoor,2023-06-30T13:13:25Z,2023:06:30 09:14:23,40.434078,-79.923394,88.32,35.36,True,191.6,103.3,False
cali_hdr,20230630,theta,20230630/theta/ruth_garden_09:13/R0011322.JPG,indoor,2023-06-30T13:13:25Z,2023:06:30 09:14:11,40.434078,-79.923394,88.32,35.36,True,193.0,104.7,False
cali_hdr,20230630,theta,20230630/theta/ruth_garden_09:13/R0011319.JPG,indoor,2023-06-30T13:13:25Z,2023:06:30 09:13:52,40.434078,-79.923394,88.32,35.36,True,199.9,111.6,False
cali_hdr,20230630,theta,20230630/theta/ruth_garden_09:26/R0011349.JPG,indoor,2023-06-30T13:24:41Z,2023:06:30 09:26:43,40.434019,-79.923469,90.12,37.5,True,198.4,108.3,False
cali_hdr,20230630,theta,20230630/theta/ruth_garden_09:26/R0011351.JPG,indoor,2023-06-30T13:24:41Z,2023:06:30 09:26:54,40.434019,-79.923469,90.12,37.5,True,199.8,109.7,False
cali_hdr,20230630,theta,20230630/theta/ruth_garden_09:26/R0011345.JPG,indoor,2023-06-30T13:24:41Z,2023:06:30 09:26:16,40.434019,-79.923469,90.12,37.5,True,202.1,112.0,False
cali_hdr,20230630,theta,20230630/theta/ruth_garden_09:26/R0011348.JPG,indoor,2023-06-30T13:24:41Z,2023:06:30 09:26:37,40.434019,-79.923469,90.12,37.5,True,207.1,117.0,False
cali_hdr,20230630,theta,20230630/theta/ruth_garden_09:26/R0011344.JPG,indoor,2023-06-30T13:24:41Z,2023:06:30 09:26:09,40.434019,-79.923469,90.12,37.5,True,198.8,108.7,False
cali_hdr,20230630,theta,20230630/theta/ruth_garden_09:26/R0011346.JPG,indoor,2023-06-30T13:24:41Z,2023:06:30 09:26:24,40.434019,-79.923469,90.12,37.5,True,208.0,117.9,False
cali_hdr,20230630,theta,20230630/theta/ruth_garden_09:26/R0011347.JPG,indoor,2023-06-30T13:24:41Z,2023:06:30 09:26:30,40.434019,-79.923469,90.12,37.5,True,188.1,98.0,False
cali_hdr,20230630,theta,20230630/theta/ruth_garden_09:26/R0011352.JPG,indoor,2023-06-30T13:24:41Z,2023:06:30 09:27:01,40.434019,-79.923469,90.12,37.5,True,195.2,105.1,False
cali_hdr,20230630,theta,20230630/theta/ruth_garden_09:26/R0011350.JPG,indoor,2023-06-30T13:24:41Z,2023:06:30 09:26:49,40.434019,-79.923469,90.12,37.5,True,198.0,107.9,False
cali_hdr,20221014,theta,20221014/theta/2f_entry_bed_16:59/R0010601.JPG,indoor,2022-10-14T20:54:47Z,2022:10:14 16:59:37,40.368219,-80.178208,241.03,18.45,True,,,
cali_hdr,20221014,theta,20221014/theta/2f_entry_bed_16:59/R0010599.JPG,indoor,2022-10-14T20:54:47Z,2022:10:14 16:59:25,40.368219,-80.178208,241.03,18.45,True,,,
cali_hdr,20221014,theta,20221014/theta/2f_entry_bed_16:59/R0010595.JPG,indoor,2022-10-14T20:54:47Z,2022:10:14 16:59:00,40.368219,-80.178208,241.03,18.45,True,,,
cali_hdr,20221014,theta,20221014/theta/2f_entry_bed_16:59/R0010598.JPG,indoor,2022-10-14T20:54:47Z,2022:10:14 16:59:19,40.368219,-80.178208,241.03,18.45,True,,,
cali_hdr,20221014,theta,20221014/theta/2f_entry_bed_16:59/R0010600.JPG,indoor,2022-10-14T20:54:47Z,2022:10:14 16:59:31,40.368219,-80.178208,241.03,18.45,True,,,
cali_hdr,20221014,theta,20221014/theta/2f_entry_bed_16:59/R0010594.JPG,indoor,2022-10-14T20:54:47Z,2022:10:14 16:58:53,40.368219,-80.178208,241.03,18.45,True,,,
cali_hdr,20221014,theta,20221014/theta/2f_entry_bed_16:59/R0010597.JPG,indoor,2022-10-14T20:54:47Z,2022:10:14 16:59:12,40.368219,-80.178208,241.03,18.45,True,,,
cali_hdr,20221014,theta,20221014/theta/2f_entry_bed_16:59/R0010593.JPG,indoor,2022-10-14T20:54:47Z,2022:10:14 16:58:46,40.368219,-80.178208,241.03,18.45,True,,,
cali_hdr,20221014,theta,20221014/theta/2f_entry_bed_16:59/R0010596.JPG,indoor,2022-10-14T20:54:47Z,2022:10:14 16:59:06,40.368219,-80.178208,241.03,18.45,True,,,
cali_hdr,20221014,theta,20221014/theta/2f_entry_bed_13:57/R0010460.JPG,indoor,2022-10-14T17:48:37Z,2022:10:14 13:56:59,40.368206,-80.178219,193.67,40.36,True,,,
cali_hdr,20221014,theta,20221014/theta/2f_entry_bed_13:57/R0010465.JPG,indoor,2022-10-14T17:48:37Z,2022:10:14 13:57:30,40.368206,-80.178219,193.67,40.36,True,,,
cali_hdr,20221014,theta,20221014/theta/2f_entry_bed_13:57/R0010463.JPG,indoor,2022-10-14T17:48:37Z,2022:10:14 13:57:18,40.368206,-80.178219,193.67,40.36,True,,,
cali_hdr,20221014,theta,20221014/theta/2f_entry_bed_13:57/R0010462.JPG,indoor,2022-10-14T17:48:37Z,2022:10:14 13:57:12,40.368206,-80.178219,193.67,40.36,True,,,
cali_hdr,20221014,theta,20221014/theta/2f_entry_bed_13:57/R0010466.JPG,indoor,2022-10-14T17:48:37Z,2022:10:14 13:57:36,40.368206,-80.178219,193.67,40.36,True,,,
cali_hdr,20221014,theta,20221014/theta/2f_entry_bed_13:57/R0010464.JPG,indoor,2022-10-14T17:48:37Z,2022:10:14 13:57:24,40.368206,-80.178219,193.67,40.36,True,,,
cali_hdr,20221014,theta,20221014/theta/2f_entry_bed_13:57/R0010458.JPG,indoor,2022-10-14T17:48:37Z,2022:10:14 13:56:45,40.368206,-80.178219,193.67,40.36,True,,,
cali_hdr,20221014,theta,20221014/theta/2f_entry_bed_13:57/R0010461.JPG,indoor,2022-10-14T17:48:37Z,2022:10:14 13:57:05,40.368206,-80.178219,193.67,40.36,True,,,
cali_hdr,20221014,theta,20221014/theta/2f_entry_bed_13:57/R0010459.JPG,indoor,2022-10-14T17:48:37Z,2022:10:14 13:56:52,40.368206,-80.178219,193.67,40.36,True,,,
cali_hdr,20221014,theta,20221014/theta/2f_entry_bed_15:54/R0010550.JPG,indoor,2022-10-14T19:51:13Z,2022:10:14 15:54:44,40.368225,-80.178294,227.65,28.29,True,,,
cali_hdr,20221014,theta,20221014/theta/2f_entry_bed_15:54/R0010549.JPG,indoor,2022-10-14T19:51:13Z,2022:10:14 15:54:37,40.368225,-80.178294,227.65,28.29,True,,,
cali_hdr,20221014,theta,20221014/theta/2f_entry_bed_15:54/R0010552.JPG,indoor,2022-10-14T19:51:13Z,2022:10:14 15:54:56,40.368225,-80.178294,227.65,28.29,True,,,
cali_hdr,20221014,theta,20221014/theta/2f_entry_bed_15:54/R0010556.JPG,indoor,2022-10-14T19:51:13Z,2022:10:14 15:55:20,40.368225,-80.178294,227.65,28.29,True,,,
cali_hdr,20221014,theta,20221014/theta/2f_entry_bed_15:54/R0010548.JPG,indoor,2022-10-14T19:51:13Z,2022:10:14 15:54:30,40.368225,-80.178294,227.65,28.29,True,,,
cali_hdr,20221014,theta,20221014/theta/2f_entry_bed_15:54/R0010553.JPG,indoor,2022-10-14T19:51:13Z,2022:10:14 15:55:03,40.368225,-80.178294,227.65,28.29,True,,,
cali_hdr,20221014,theta,20221014/theta/2f_entry_bed_15:54/R0010551.JPG,indoor,2022-10-14T19:51:13Z,2022:10:14 15:54:50,40.368225,-80.178294,227.65,28.29,True,,,
cali_hdr,20221014,theta,20221014/theta/2f_entry_bed_15:54/R0010554.JPG,indoor,2022-10-14T19:51:13Z,2022:10:14 15:55:09,40.368225,-80.178294,227.65,28.29,True,,,
cali_hdr,20221014,theta,20221014/theta/2f_entry_bed_15:54/R0010555.JPG,indoor,2022-10-14T19:51:13Z,2022:10:14 15:55:14,40.368225,-80.178294,227.65,28.29,True,,,
cali_hdr,20221014,theta,20221014/theta/2f_entry_bed_14:35/R0010511.JPG,indoor,2022-10-14T18:30:22Z,2022:10:14 14:36:27,40.368242,-80.178286,206.49,37.62,True,,,
cali_hdr,20221014,theta,20221014/theta/2f_entry_bed_14:35/R0010503.JPG,indoor,2022-10-14T18:30:22Z,2022:10:14 14:35:37,40.368242,-80.178286,206.49,37.62,True,,,
cali_hdr,20221014,theta,20221014/theta/2f_entry_bed_14:35/R0010507.JPG,indoor,2022-10-14T18:30:22Z,2022:10:14 14:36:03,40.368242,-80.178286,206.49,37.62,True,,,
cali_hdr,20221014,theta,20221014/theta/2f_entry_bed_14:35/R0010508.JPG,indoor,2022-10-14T18:30:22Z,2022:10:14 14:36:09,40.368242,-80.178286,206.49,37.62,True,,,
cali_hdr,20221014,theta,20221014/theta/2f_entry_bed_14:35/R0010510.JPG,indoor,2022-10-14T18:30:22Z,2022:10:14 14:36:22,40.368242,-80.178286,206.49,37.62,True,,,
cali_hdr,20221014,theta,20221014/theta/2f_entry_bed_14:35/R0010504.JPG,indoor,2022-10-14T18:30:22Z,2022:10:14 14:35:43,40.368242,-80.178286,206.49,37.62,True,,,
cali_hdr,20221014,theta,20221014/theta/2f_entry_bed_14:35/R0010509.JPG,indoor,2022-10-14T18:30:22Z,2022:10:14 14:36:16,40.368242,-80.178286,206.49,37.62,True,,,
cali_hdr,20221014,theta,20221014/theta/2f_entry_bed_14:35/R0010505.JPG,indoor,2022-10-14T18:30:22Z,2022:10:14 14:35:50,40.368242,-80.178286,206.49,37.62,True,,,
cali_hdr,20221014,theta,20221014/theta/2f_entry_bed_14:35/R0010506.JPG,indoor,2022-10-14T18:30:22Z,2022:10:14 14:35:56,40.368242,-80.178286,206.49,37.62,True,,,
cali_hdr,20230707,theta,20230707/theta/1821_murdoch_13:29/R0011451.JPG,indoor,2023-07-07T17:29:38Z,2023:07:07 13:30:42,40.436017,-79.9304,183.72,72.09,True,78.0,105.7,False
cali_hdr,20230707,theta,20230707/theta/1821_murdoch_13:29/R0011449.JPG,indoor,2023-07-07T17:29:38Z,2023:07:07 13:30:30,40.436017,-79.9304,183.72,72.09,True,49.1,134.6,False
cali_hdr,20230707,theta,20230707/theta/1821_murdoch_13:29/R0011447.JPG,indoor,2023-07-07T17:29:38Z,2023:07:07 13:30:18,40.436017,-79.9304,183.72,72.09,True,74.9,108.8,False
cali_hdr,20230707,theta,20230707/theta/1821_murdoch_13:29/R0011445.JPG,indoor,2023-07-07T17:29:38Z,2023:07:07 13:30:05,40.436017,-79.9304,183.72,72.09,True,59.7,124.0,False
cali_hdr,20230707,theta,20230707/theta/1821_murdoch_13:29/R0011444.JPG,indoor,2023-07-07T17:29:38Z,2023:07:07 13:29:58,40.436017,-79.9304,183.72,72.09,True,72.3,111.4,False
cali_hdr,20230707,theta,20230707/theta/1821_murdoch_13:29/R0011448.JPG,indoor,2023-07-07T17:29:38Z,2023:07:07 13:30:24,40.436017,-79.9304,183.72,72.09,True,69.7,114.0,False
cali_hdr,20230707,theta,20230707/theta/1821_murdoch_13:29/R0011450.JPG,indoor,2023-07-07T17:29:38Z,2023:07:07 13:30:36,40.436017,-79.9304,183.72,72.09,True,37.0,146.7,False
cali_hdr,20230707,theta,20230707/theta/1821_murdoch_13:29/R0011443.JPG,indoor,2023-07-07T17:29:38Z,2023:07:07 13:29:50,40.436017,-79.9304,183.72,72.09,True,74.2,109.5,False
cali_hdr,20230707,theta,20230707/theta/1821_murdoch_13:29/R0011446.JPG,indoor,2023-07-07T17:29:38Z,2023:07:07 13:30:11,40.436017,-79.9304,183.72,72.09,True,67.0,116.7,False
cali_hdr,20230707,theta,20230707/theta/1821_murdoch_13:35/R0011478.JPG,indoor,2023-07-07T17:36:19Z,2023:07:07 13:37:23,40.43595,-79.930536,188.7,71.95,True,79.0,109.7,False
cali_hdr,20230707,theta,20230707/theta/1821_murdoch_13:35/R0011477.JPG,indoor,2023-07-07T17:36:19Z,2023:07:07 13:37:17,40.43595,-79.930536,188.7,71.95,True,79.0,109.7,False
cali_hdr,20230707,theta,20230707/theta/1821_murdoch_13:35/R0011471.JPG,indoor,2023-07-07T17:36:19Z,2023:07:07 13:36:38,40.43595,-79.930536,188.7,71.95,True,78.2,110.5,False
cali_hdr,20230707,theta,20230707/theta/1821_murdoch_13:35/R0011472.JPG,indoor,2023-07-07T17:36:19Z,2023:07:07 13:36:45,40.43595,-79.930536,188.7,71.95,True,74.1,114.6,False
cali_hdr,20230707,theta,20230707/theta/1821_murdoch_13:35/R0011470.JPG,indoor,2023-07-07T17:36:19Z,2023:07:07 13:36:30,40.43595,-79.930536,188.7,71.95,True,79.6,109.1,False
cali_hdr,20230707,theta,20230707/theta/1821_murdoch_13:35/R0011475.JPG,indoor,2023-07-07T17:36:19Z,2023:07:07 13:37:04,40.43595,-79.930536,188.7,71.95,True,63.8,124.9,False
cali_hdr,20230707,theta,20230707/theta/1821_murdoch_13:35/R0011476.JPG,indoor,2023-07-07T17:36:19Z,2023:07:07 13:37:11,40.43595,-79.930536,188.7,71.95,True,58.5,130.2,False
cali_hdr,20230707,theta,20230707/theta/1821_murdoch_13:35/R0011474.JPG,indoor,2023-07-07T17:36:19Z,2023:07:07 13:36:58,40.43595,-79.930536,188.7,71.95,True,78.7,110.0,False
cali_hdr,20230707,theta,20230707/theta/1821_murdoch_13:35/R0011473.JPG,indoor,2023-07-07T17:36:19Z,2023:07:07 13:36:51,40.43595,-79.930536,188.7,71.95,True,74.4,114.3,False
cali_hdr,20230707,theta,20230707/theta/1821_murdoch_13:33/R0011461.JPG,indoor,2023-07-07T17:34:20Z,2023:07:07 13:34:31,40.435919,-79.930472,187.23,72.01,True,73.6,113.6,False
cali_hdr,20230707,theta,20230707/theta/1821_murdoch_13:33/R0011463.JPG,indoor,2023-07-07T17:34:20Z,2023:07:07 13:34:46,40.435919,-79.930472,187.23,72.01,True,78.4,108.8,False
cali_hdr,20230707,theta,20230707/theta/1821_murdoch_13:33/R0011466.JPG,indoor,2023-07-07T17:34:20Z,2023:07:07 13:35:05,40.435919,-79.930472,187.23,72.01,True,79.3,107.9,False
cali_hdr,20230707,theta,20230707/theta/1821_murdoch_13:33/R0011464.JPG,indoor,2023-07-07T17:34:20Z,2023:07:07 13:34:53,40.435919,-79.930472,187.23,72.01,True,73.6,113.6,False
cali_hdr,20230707,theta,20230707/theta/1821_murdoch_13:33/R0011468.JPG,indoor,2023-07-07T17:34:20Z,2023:07:07 13:35:16,40.435919,-79.930472,187.23,72.01,True,79.8,107.4,False
cali_hdr,20230707,theta,20230707/theta/1821_murdoch_13:33/R0011462.JPG,indoor,2023-07-07T17:34:20Z,2023:07:07 13:34:39,40.435919,-79.930472,187.23,72.01,True,74.0,113.2,False
cali_hdr,20230707,theta,20230707/theta/1821_murdoch_13:33/R0011467.JPG,indoor,2023-07-07T17:34:20Z,2023:07:07 13:35:11,40.435919,-79.930472,187.23,72.01,True,75.6,111.6,False
cali_hdr,20230707,theta,20230707/theta/1821_murdoch_13:33/R0011465.JPG,indoor,2023-07-07T17:34:20Z,2023:07:07 13:34:58,40.435919,-79.930472,187.23,72.01,True,80.0,107.2,False
cali_hdr,20230707,theta,20230707/theta/1821_murdoch_13:33/R0011469.JPG,indoor,2023-07-07T17:34:20Z,2023:07:07 13:35:23,40.435919,-79.930472,187.23,72.01,True,79.6,107.6,False
cali_hdr,20230707,theta,20230707/theta/1821_murdoch_13:30/R0011455.JPG,indoor,2023-07-07T17:31:39Z,2023:07:07 13:32:12,40.435992,-79.930461,185.23,72.06,True,83.1,102.1,False
cali_hdr,20230707,theta,20230707/theta/1821_murdoch_13:30/R0011459.JPG,indoor,2023-07-07T17:31:39Z,2023:07:07 13:32:37,40.435992,-79.930461,185.23,72.06,True,71.8,113.4,False
cali_hdr,20230707,theta,20230707/theta/1821_murdoch_13:30/R0011456.JPG,indoor,2023-07-07T17:31:39Z,2023:07:07 13:32:18,40.435992,-79.930461,185.23,72.06,True,81.9,103.3,False
cali_hdr,20230707,theta,20230707/theta/1821_murdoch_13:30/R0011457.JPG,indoor,2023-07-07T17:31:39Z,2023:07:07 13:32:25,40.435992,-79.930461,185.23,72.06,True,75.8,109.4,False
cali_hdr,20230707,theta,20230707/theta/1821_murdoch_13:30/R0011458.JPG,indoor,2023-07-07T17:31:39Z,2023:07:07 13:32:31,40.435992,-79.930461,185.23,72.06,True,75.0,110.2,False
cali_hdr,20230707,theta,20230707/theta/1821_murdoch_13:30/R0011454.JPG,indoor,2023-07-07T17:31:39Z,2023:07:07 13:32:06,40.435992,-79.930461,185.23,72.06,True,67.1,118.1,False
cali_hdr,20230707,theta,20230707/theta/1821_murdoch_13:30/R0011460.JPG,indoor,2023-07-07T17:31:39Z,2023:07:07 13:32:43,40.435992,-79.930461,185.23,72.06,True,78.8,106.4,False
cali_hdr,20230707,theta,20230707/theta/1821_murdoch_13:30/R0011453.JPG,indoor,2023-07-07T17:31:39Z,2023:07:07 13:31:59,40.435992,-79.930461,185.23,72.06,True,78.7,106.5,False
cali_hdr,20230707,theta,20230707/theta/1821_murdoch_13:30/R0011452.JPG,indoor,2023-07-07T17:31:39Z,2023:07:07 13:31:51,40.435992,-79.930461,185.23,72.06,True,74.0,111.2,False
cali_hdr,20221006,theta,20221006/theta/1f_kitchen_p2_14:38/R0010258.JPG,indoor,2022-10-06T18:34:32Z,2022:10:06 14:37:56,40.363556,-80.187194,208.47,40.27,True,,,
cali_hdr,20221006,theta,20221006/theta/1f_kitchen_p2_14:38/R0010256.JPG,indoor,2022-10-06T18:34:32Z,2022:10:06 14:37:44,40.363556,-80.187194,208.47,40.27,True,,,
cali_hdr,20221006,theta,20221006/theta/1f_kitchen_p2_14:38/R0010257.JPG,indoor,2022-10-06T18:34:32Z,2022:10:06 14:37:50,40.363556,-80.187194,208.47,40.27,True,,,
cali_hdr,20221006,theta,20221006/theta/1f_kitchen_p2_14:38/R0010260.JPG,indoor,2022-10-06T18:34:32Z,2022:10:06 14:38:09,40.363556,-80.187194,208.47,40.27,True,,,
cali_hdr,20221006,theta,20221006/theta/1f_kitchen_p2_14:38/R0010255.JPG,indoor,2022-10-06T18:34:32Z,2022:10:06 14:37:37,40.363556,-80.187194,208.47,40.27,True,,,
cali_hdr,20221006,theta,20221006/theta/1f_kitchen_p2_14:38/R0010262.JPG,indoor,2022-10-06T18:34:32Z,2022:10:06 14:38:21,40.363556,-80.187194,208.47,40.27,True,,,
cali_hdr,20221006,theta,20221006/theta/1f_kitchen_p2_14:38/R0010259.JPG,indoor,2022-10-06T18:34:32Z,2022:10:06 14:38:03,40.363556,-80.187194,208.47,40.27,True,,,
cali_hdr,20221006,theta,20221006/theta/1f_kitchen_p2_14:38/R0010254.JPG,indoor,2022-10-06T18:34:32Z,2022:10:06 14:37:30,40.363556,-80.187194,208.47,40.27,True,,,
cali_hdr,20221006,theta,20221006/theta/1f_kitchen_p2_14:38/R0010261.JPG,indoor,2022-10-06T18:34:32Z,2022:10:06 14:38:16,40.363556,-80.187194,208.47,40.27,True,,,
cali_hdr,20221006,theta,20221006/theta/1f_kitchen_p1_14:34/R0010250.JPG,indoor,2022-10-06T18:33:14Z,2022:10:06 14:33:58,40.363519,-80.1878,208.08,40.38,True,,,
cali_hdr,20221006,theta,20221006/theta/1f_kitchen_p1_14:34/R0010247.JPG,indoor,2022-10-06T18:33:14Z,2022:10:06 14:33:39,40.363519,-80.1878,208.08,40.38,True,,,
cali_hdr,20221006,theta,20221006/theta/1f_kitchen_p1_14:34/R0010252.JPG,indoor,2022-10-06T18:33:14Z,2022:10:06 14:34:11,40.363519,-80.1878,208.08,40.38,True,,,
cali_hdr,20221006,theta,20221006/theta/1f_kitchen_p1_14:34/R0010251.JPG,indoor,2022-10-06T18:33:14Z,2022:10:06 14:34:04,40.363519,-80.1878,208.08,40.38,True,,,
cali_hdr,20221006,theta,20221006/theta/1f_kitchen_p1_14:34/R0010249.JPG,indoor,2022-10-06T18:33:14Z,2022:10:06 14:33:52,40.363519,-80.1878,208.08,40.38,True,,,
cali_hdr,20221006,theta,20221006/theta/1f_kitchen_p1_14:34/R0010248.JPG,indoor,2022-10-06T18:33:14Z,2022:10:06 14:33:45,40.363519,-80.1878,208.08,40.38,True,,,
cali_hdr,20221006,theta,20221006/theta/1f_kitchen_p1_14:34/R0010253.JPG,indoor,2022-10-06T18:33:14Z,2022:10:06 14:34:17,40.363519,-80.1878,208.08,40.38,True,,,
cali_hdr,20221006,theta,20221006/theta/1f_kitchen_p1_14:34/R0010245.JPG,indoor,2022-10-06T18:33:14Z,2022:10:06 14:33:25,40.363519,-80.1878,208.08,40.38,True,,,
cali_hdr,20221006,theta,20221006/theta/1f_kitchen_p1_14:34/R0010246.JPG,indoor,2022-10-06T18:33:14Z,2022:10:06 14:33:33,40.363519,-80.1878,208.08,40.38,True,,,
cali_hdr,20221006,theta,20221006/theta/1f_kitchen_p2_14:40/R0010265.JPG,indoor,2022-10-06T18:38:55Z,2022:10:06 14:39:35,40.3634,-80.187319,209.79,39.86,True,,,
cali_hdr,20221006,theta,20221006/theta/1f_kitchen_p2_14:40/R0010270.JPG,indoor,2022-10-06T18:38:55Z,2022:10:06 14:40:07,40.3634,-80.187319,209.79,39.86,True,,,
cali_hdr,20221006,theta,20221006/theta/1f_kitchen_p2_14:40/R0010268.JPG,indoor,2022-10-06T18:38:55Z,2022:10:06 14:39:54,40.3634,-80.187319,209.79,39.86,True,,,
cali_hdr,20221006,theta,20221006/theta/1f_kitchen_p2_14:40/R0010264.JPG,indoor,2022-10-06T18:38:55Z,2022:10:06 14:39:28,40.3634,-80.187319,209.79,39.86,True,,,
cali_hdr,20221006,theta,20221006/theta/1f_kitchen_p2_14:40/R0010266.JPG,indoor,2022-10-06T18:38:55Z,2022:10:06 14:39:41,40.3634,-80.187319,209.79,39.86,True,,,
cali_hdr,20221006,theta,20221006/theta/1f_kitchen_p2_14:40/R0010269.JPG,indoor,2022-10-06T18:38:55Z,2022:10:06 14:40:01,40.3634,-80.187319,209.79,39.86,True,,,
cali_hdr,20221006,theta,20221006/theta/1f_kitchen_p2_14:40/R0010263.JPG,indoor,2022-10-06T18:38:55Z,2022:10:06 14:39:21,40.3634,-80.187319,209.79,39.86,True,,,
cali_hdr,20221006,theta,20221006/theta/1f_kitchen_p2_14:40/R0010267.JPG,indoor,2022-10-06T18:38:55Z,2022:10:06 14:39:48,40.3634,-80.187319,209.79,39.86,True,,,
cali_hdr,20221006,theta,20221006/theta/1f_kitchen_p2_14:40/R0010271.JPG,indoor,2022-10-06T18:38:55Z,2022:10:06 14:40:13,40.3634,-80.187319,209.79,39.86,True,,,
cali_hdr,20230709,essex,20230709/essex/theta/essex_bed_14:20/R0011567.JPG,indoor,2023-07-09T18:20:04Z,2023:07:09 14:21:14,40.457264,-79.933294,216.82,68.46,True,178.2,38.6,True
cali_hdr,20230709,essex,20230709/essex/theta/essex_bed_14:20/R0011564.JPG,indoor,2023-07-09T18:20:04Z,2023:07:09 14:20:56,40.457264,-79.933294,216.82,68.46,True,178.6,38.2,True
cali_hdr,20230709,essex,20230709/essex/theta/essex_bed_14:20/R0011565.JPG,indoor,2023-07-09T18:20:04Z,2023:07:09 14:21:02,40.457264,-79.933294,216.82,68.46,True,178.0,38.8,True
cali_hdr,20230709,essex,20230709/essex/theta/essex_bed_14:20/R0011560.JPG,indoor,2023-07-09T18:20:04Z,2023:07:09 14:20:30,40.457264,-79.933294,216.82,68.46,True,183.0,33.8,True
cali_hdr,20230709,essex,20230709/essex/theta/essex_bed_14:20/R0011568.JPG,indoor,2023-07-09T18:20:04Z,2023:07:09 14:21:20,40.457264,-79.933294,216.82,68.46,True,182.1,34.7,True
cali_hdr,20230709,essex,20230709/essex/theta/essex_bed_14:20/R0011562.JPG,indoor,2023-07-09T18:20:04Z,2023:07:09 14:20:43,40.457264,-79.933294,216.82,68.46,True,182.9,33.9,True
cali_hdr,20230709,essex,20230709/essex/theta/essex_bed_14:20/R0011561.JPG,indoor,2023-07-09T18:20:04Z,2023:07:09 14:20:37,40.457264,-79.933294,216.82,68.46,True,181.7,35.1,True
cali_hdr,20230709,essex,20230709/essex/theta/essex_bed_14:20/R0011566.JPG,indoor,2023-07-09T18:20:04Z,2023:07:09 14:21:08,40.457264,-79.933294,216.82,68.46,True,178.3,38.5,True
cali_hdr,20230709,essex,20230709/essex/theta/essex_bed_14:20/R0011563.JPG,indoor,2023-07-09T18:20:04Z,2023:07:09 14:20:50,40.457264,-79.933294,216.82,68.46,True,180.8,36.0,True
cali_hdr,20230709,essex,20230709/essex/theta/essex_bed_14:48/R0011652.JPG,indoor,2023-07-09T18:48:04Z,2023:07:09 14:49:07,40.457236,-79.933147,230.29,64.77,True,178.0,52.3,True
cali_hdr,20230709,essex,20230709/essex/theta/essex_bed_14:48/R0011656.JPG,indoor,2023-07-09T18:48:04Z,2023:07:09 14:49:34,40.457236,-79.933147,230.29,64.77,True,178.4,51.9,True
cali_hdr,20230709,essex,20230709/essex/theta/essex_bed_14:48/R0011651.JPG,indoor,2023-07-09T18:48:04Z,2023:07:09 14:49:01,40.457236,-79.933147,230.29,64.77,True,183.1,47.2,True
cali_hdr,20230709,essex,20230709/essex/theta/essex_bed_14:48/R0011657.JPG,indoor,2023-07-09T18:48:04Z,2023:07:09 14:49:40,40.457236,-79.933147,230.29,64.77,True,181.1,49.2,True
cali_hdr,20230709,essex,20230709/essex/theta/essex_bed_14:48/R0011650.JPG,indoor,2023-07-09T18:48:04Z,2023:07:09 14:48:54,40.457236,-79.933147,230.29,64.77,True,185.1,45.2,True
cali_hdr,20230709,essex,20230709/essex/theta/essex_bed_14:48/R0011653.JPG,indoor,2023-07-09T18:48:04Z,2023:07:09 14:49:14,40.457236,-79.933147,230.29,64.77,True,178.2,52.1,True
cali_hdr,20230709,essex,20230709/essex/theta/essex_bed_14:48/R0011658.JPG,indoor,2023-07-09T18:48:04Z,2023:07:09 14:49:47,40.457236,-79.933147,230.29,64.77,True,181.1,49.2,True
cali_hdr,20230709,essex,20230709/essex/theta/essex_bed_14:48/R0011654.JPG,indoor,2023-07-09T18:48:04Z,2023:07:09 14:49:20,40.457236,-79.933147,230.29,64.77,True,182.5,47.8,True
cali_hdr,20230709,essex,20230709/essex/theta/essex_bed_14:48/R0011655.JPG,indoor,2023-07-09T18:48:04Z,2023:07:09 14:49:27,40.457236,-79.933147,230.29,64.77,True,182.3,48.0,True
cali_hdr,20230709,essex,20230709/essex/theta/essex_bed_14:26/R0011579.JPG,indoor,2023-07-09T18:23:36Z,2023:07:09 14:26:42,40.457394,-79.933297,218.72,68.04,True,184.8,33.9,True
cali_hdr,20230709,essex,20230709/essex/theta/essex_bed_14:26/R0011584.JPG,indoor,2023-07-09T18:23:36Z,2023:07:09 14:27:12,40.457394,-79.933297,218.72,68.04,True,185.0,33.7,True
cali_hdr,20230709,essex,20230709/essex/theta/essex_bed_14:26/R0011580.JPG,indoor,2023-07-09T18:23:36Z,2023:07:09 14:26:48,40.457394,-79.933297,218.72,68.04,True,190.7,28.0,True
cali_hdr,20230709,essex,20230709/essex/theta/essex_bed_14:26/R0011581.JPG,indoor,2023-07-09T18:23:36Z,2023:07:09 14:26:55,40.457394,-79.933297,218.72,68.04,True,185.1,33.6,True
cali_hdr,20230709,essex,20230709/essex/theta/essex_bed_14:26/R0011578.JPG,indoor,2023-07-09T18:23:36Z,2023:07:09 14:26:35,40.457394,-79.933297,218.72,68.04,True,183.6,35.1,True
cali_hdr,20230709,essex,20230709/essex/theta/essex_bed_14:26/R0011585.JPG,indoor,2023-07-09T18:23:36Z,2023:07:09 14:27:18,40.457394,-79.933297,218.72,68.04,True,186.6,32.1,True
cali_hdr,20230709,essex,20230709/essex/theta/essex_bed_14:26/R0011582.JPG,indoor,2023-07-09T18:23:36Z,2023:07:09 14:27:01,40.457394,-79.933297,218.72,68.04,True,191.1,27.6,True
cali_hdr,20230709,essex,20230709/essex/theta/essex_bed_14:26/R0011586.JPG,indoor,2023-07-09T18:23:36Z,2023:07:09 14:27:24,40.457394,-79.933297,218.72,68.04,True,185.1,33.6,True
cali_hdr,20230709,essex,20230709/essex/theta/essex_bed_14:26/R0011583.JPG,indoor,2023-07-09T18:23:36Z,2023:07:09 14:27:06,40.457394,-79.933297,218.72,68.04,True,183.1,35.6,True
cali_hdr,20230709,essex,20230709/essex/theta/essex_bed_14:19/R0011558.JPG,indoor,2023-07-09T18:17:56Z,2023:07:09 14:19:41,40.457369,-79.933189,215.64,68.69,True,178.6,37.0,True
cali_hdr,20230709,essex,20230709/essex/theta/essex_bed_14:19/R0011554.JPG,indoor,2023-07-09T18:17:56Z,2023:07:09 14:19:17,40.457369,-79.933189,215.64,68.69,True,185.8,29.8,True
cali_hdr,20230709,essex,20230709/essex/theta/essex_bed_14:19/R0011559.JPG,indoor,2023-07-09T18:17:56Z,2023:07:09 14:19:47,40.457369,-79.933189,215.64,68.69,True,182.5,33.1,True
cali_hdr,20230709,essex,20230709/essex/theta/essex_bed_14:19/R0011551.JPG,indoor,2023-07-09T18:17:56Z,2023:07:09 14:18:57,40.457369,-79.933189,215.64,68.69,True,179.8,35.8,True
cali_hdr,20230709,essex,20230709/essex/theta/essex_bed_14:19/R0011552.JPG,indoor,2023-07-09T18:17:56Z,2023:07:09 14:19:04,40.457369,-79.933189,215.64,68.69,True,175.1,40.5,True
cali_hdr,20230709,essex,20230709/essex/theta/essex_bed_14:19/R0011557.JPG,indoor,2023-07-09T18:17:56Z,2023:07:09 14:19:35,40.457369,-79.933189,215.64,68.69,True,186.8,28.8,True
cali_hdr,20230709,essex,20230709/essex/theta/essex_bed_14:19/R0011556.JPG,indoor,2023-07-09T18:17:56Z,2023:07:09 14:19:29,40.457369,-79.933189,215.64,68.69,True,181.0,34.6,True
cali_hdr,20230709,essex,20230709/essex/theta/essex_bed_14:19/R0011555.JPG,indoor,2023-07-09T18:17:56Z,2023:07:09 14:19:23,40.457369,-79.933189,215.64,68.69,True,186.9,28.7,True
cali_hdr,20230709,essex,20230709/essex/theta/essex_bed_14:19/R0011553.JPG,indoor,2023-07-09T18:17:56Z,2023:07:09 14:19:11,40.457369,-79.933189,215.64,68.69,True,183.1,32.5,True
cali_hdr,20230709,essex,20230709/essex/theta/essex_bed_14:37/R0011620.JPG,indoor,2023-07-09T18:36:46Z,2023:07:09 14:38:08,40.457344,-79.93325,225.28,66.37,True,185.1,40.2,True
cali_hdr,20230709,essex,20230709/essex/theta/essex_bed_14:37/R0011614.JPG,indoor,2023-07-09T18:36:46Z,2023:07:09 14:37:28,40.457344,-79.93325,225.28,66.37,True,183.8,41.5,True
cali_hdr,20230709,essex,20230709/essex/theta/essex_bed_14:37/R0011616.JPG,indoor,2023-07-09T18:36:46Z,2023:07:09 14:37:42,40.457344,-79.93325,225.28,66.37,True,194.4,30.9,True
cali_hdr,20230709,essex,20230709/essex/theta/essex_bed_14:37/R0011622.JPG,indoor,2023-07-09T18:36:46Z,2023:07:09 14:38:21,40.457344,-79.93325,225.28,66.37,True,185.2,40.1,True
cali_hdr,20230709,essex,20230709/essex/theta/essex_bed_14:37/R0011619.JPG,indoor,2023-07-09T18:36:46Z,2023:07:09 14:38:02,40.457344,-79.93325,225.28,66.37,True,197.2,28.1,True
cali_hdr,20230709,essex,20230709/essex/theta/essex_bed_14:37/R0011621.JPG,indoor,2023-07-09T18:36:46Z,2023:07:09 14:38:15,40.457344,-79.93325,225.28,66.37,True,184.1,41.2,True
cali_hdr,20230709,essex,20230709/essex/theta/essex_bed_14:37/R0011615.JPG,indoor,2023-07-09T18:36:46Z,2023:07:09 14:37:36,40.457344,-79.93325,225.28,66.37,True,187.4,37.9,True
cali_hdr,20230709,essex,20230709/essex/theta/essex_bed_14:37/R0011618.JPG,indoor,2023-07-09T18:36:46Z,2023:07:09 14:37:55,40.457344,-79.93325,225.28,66.37,True,186.7,38.6,True
cali_hdr,20230709,essex,20230709/essex/theta/essex_bed_14:37/R0011617.JPG,indoor,2023-07-09T18:36:46Z,2023:07:09 14:37:48,40.457344,-79.93325,225.28,66.37,True,188.5,36.8,True
cali_hdr,20230709,essex,20230709/essex/theta/essex_bed_14:51/R0011667.JPG,indoor,2023-07-09T18:48:04Z,2023:07:09 14:52:16,40.457236,-79.933147,230.29,64.77,True,183.2,47.1,True
cali_hdr,20230709,essex,20230709/essex/theta/essex_bed_14:51/R0011665.JPG,indoor,2023-07-09T18:48:04Z,2023:07:09 14:52:03,40.457236,-79.933147,230.29,64.77,True,177.8,52.5,True
cali_hdr,20230709,essex,20230709/essex/theta/essex_bed_14:51/R0011661.JPG,indoor,2023-07-09T18:48:04Z,2023:07:09 14:51:38,40.457236,-79.933147,230.29,64.77,True,185.0,45.3,True
cali_hdr,20230709,essex,20230709/essex/theta/essex_bed_14:51/R0011663.JPG,indoor,2023-07-09T18:48:04Z,2023:07:09 14:51:51,40.457236,-79.933147,230.29,64.77,True,182.9,47.4,True
cali_hdr,20230709,essex,20230709/essex/theta/essex_bed_14:51/R0011662.JPG,indoor,2023-07-09T18:48:04Z,2023:07:09 14:51:45,40.457236,-79.933147,230.29,64.77,True,182.6,47.7,True
cali_hdr,20230709,essex,20230709/essex/theta/essex_bed_14:51/R0011664.JPG,indoor,2023-07-09T18:48:04Z,2023:07:09 14:51:57,40.457236,-79.933147,230.29,64.77,True,187.2,43.1,True
cali_hdr,20230709,essex,20230709/essex/theta/essex_bed_14:51/R0011666.JPG,indoor,2023-07-09T18:48:04Z,2023:07:09 14:52:10,40.457236,-79.933147,230.29,64.77,True,183.4,46.9,True
cali_hdr,20230709,essex,20230709/essex/theta/essex_bed_14:51/R0011660.JPG,indoor,2023-07-09T18:48:04Z,2023:07:09 14:51:32,40.457236,-79.933147,230.29,64.77,True,188.0,42.3,True
cali_hdr,20230709,essex,20230709/essex/theta/essex_bed_14:51/R0011659.JPG,indoor,2023-07-09T18:48:04Z,2023:07:09 14:51:24,40.457236,-79.933147,230.29,64.77,True,187.6,42.7,True
cali_hdr,20230709,essex,20230709/essex/theta/essex_bed_14:39/R0011630.JPG,indoor,2023-07-09T18:36:46Z,2023:07:09 14:40:50,40.457344,-79.93325,225.28,66.37,True,187.0,38.3,True
cali_hdr,20230709,essex,20230709/essex/theta/essex_bed_14:39/R0011626.JPG,indoor,2023-07-09T18:36:46Z,2023:07:09 14:40:24,40.457344,-79.93325,225.28,66.37,True,188.2,37.1,True
cali_hdr,20230709,essex,20230709/essex/theta/essex_bed_14:39/R0011624.JPG,indoor,2023-07-09T18:36:46Z,2023:07:09 14:40:11,40.457344,-79.93325,225.28,66.37,True,183.5,41.8,True
cali_hdr,20230709,essex,20230709/essex/theta/essex_bed_14:39/R0011631.JPG,indoor,2023-07-09T18:36:46Z,2023:07:09 14:40:56,40.457344,-79.93325,225.28,66.37,True,182.2,43.1,True
cali_hdr,20230709,essex,20230709/essex/theta/essex_bed_14:39/R0011628.JPG,indoor,2023-07-09T18:36:46Z,2023:07:09 14:40:37,40.457344,-79.93325,225.28,66.37,True,187.3,38.0,True
cali_hdr,20230709,essex,20230709/essex/theta/essex_bed_14:39/R0011629.JPG,indoor,2023-07-09T18:36:46Z,2023:07:09 14:40:43,40.457344,-79.93325,225.28,66.37,True,190.2,35.1,True
cali_hdr,20230709,essex,20230709/essex/theta/essex_bed_14:39/R0011623.JPG,indoor,2023-07-09T18:36:46Z,2023:07:09 14:40:04,40.457344,-79.93325,225.28,66.37,True,186.8,38.5,True
cali_hdr,20230709,essex,20230709/essex/theta/essex_bed_14:39/R0011625.JPG,indoor,2023-07-09T18:36:46Z,2023:07:09 14:40:18,40.457344,-79.93325,225.28,66.37,True,189.6,35.7,True
cali_hdr,20230709,essex,20230709/essex/theta/essex_bed_14:39/R0011627.JPG,indoor,2023-07-09T18:36:46Z,2023:07:09 14:40:30,40.457344,-79.93325,225.28,66.37,True,187.4,37.9,True
cali_hdr,20230709,essex,20230709/essex/theta/essex_bed_14:42/R0011640.JPG,indoor,2023-07-09T18:41:20Z,2023:07:09 14:43:20,40.457381,-79.933389,227.37,65.74,True,182.5,44.9,True
cali_hdr,20230709,essex,20230709/essex/theta/essex_bed_14:42/R0011634.JPG,indoor,2023-07-09T18:41:20Z,2023:07:09 14:42:42,40.457381,-79.933389,227.37,65.74,True,189.5,37.9,True
cali_hdr,20230709,essex,20230709/essex/theta/essex_bed_14:42/R0011637.JPG,indoor,2023-07-09T18:41:20Z,2023:07:09 14:43:01,40.457381,-79.933389,227.37,65.74,True,180.0,47.4,True
cali_hdr,20230709,essex,20230709/essex/theta/essex_bed_14:42/R0011632.JPG,indoor,2023-07-09T18:41:20Z,2023:07:09 14:42:28,40.457381,-79.933389,227.37,65.74,True,188.0,39.4,True
cali_hdr,20230709,essex,20230709/essex/theta/essex_bed_14:42/R0011636.JPG,indoor,2023-07-09T18:41:20Z,2023:07:09 14:42:54,40.457381,-79.933389,227.37,65.74,True,185.8,41.6,True
cali_hdr,20230709,essex,20230709/essex/theta/essex_bed_14:42/R0011639.JPG,indoor,2023-07-09T18:41:20Z,2023:07:09 14:43:14,40.457381,-79.933389,227.37,65.74,True,182.3,45.1,True
cali_hdr,20230709,essex,20230709/essex/theta/essex_bed_14:42/R0011638.JPG,indoor,2023-07-09T18:41:20Z,2023:07:09 14:43:07,40.457381,-79.933389,227.37,65.74,True,187.4,40.0,True
cali_hdr,20230709,essex,20230709/essex/theta/essex_bed_14:42/R0011635.JPG,indoor,2023-07-09T18:41:20Z,2023:07:09 14:42:48,40.457381,-79.933389,227.37,65.74,True,188.1,39.3,True
cali_hdr,20230709,essex,20230709/essex/theta/essex_bed_14:42/R0011633.JPG,indoor,2023-07-09T18:41:20Z,2023:07:09 14:42:35,40.457381,-79.933389,227.37,65.74,True,187.4,40.0,True
cali_hdr,20230709,essex,20230709/essex/theta/essex_bed_14:23/R0011577.JPG,indoor,2023-07-09T18:23:36Z,2023:07:09 14:24:38,40.457394,-79.933297,218.72,68.04,True,189.5,29.2,True
cali_hdr,20230709,essex,20230709/essex/theta/essex_bed_14:23/R0011574.JPG,indoor,2023-07-09T18:23:36Z,2023:07:09 14:24:19,40.457394,-79.933297,218.72,68.04,True,190.2,28.5,True
cali_hdr,20230709,essex,20230709/essex/theta/essex_bed_14:23/R0011570.JPG,indoor,2023-07-09T18:23:36Z,2023:07:09 14:23:54,40.457394,-79.933297,218.72,68.04,True,190.1,28.6,True
cali_hdr,20230709,essex,20230709/essex/theta/essex_bed_14:23/R0011576.JPG,indoor,2023-07-09T18:23:36Z,2023:07:09 14:24:32,40.457394,-79.933297,218.72,68.04,True,189.2,29.5,True
cali_hdr,20230709,essex,20230709/essex/theta/essex_bed_14:23/R0011573.JPG,indoor,2023-07-09T18:23:36Z,2023:07:09 14:24:13,40.457394,-79.933297,218.72,68.04,True,186.2,32.5,True
cali_hdr,20230709,essex,20230709/essex/theta/essex_bed_14:23/R0011569.JPG,indoor,2023-07-09T18:23:36Z,2023:07:09 14:23:47,40.457394,-79.933297,218.72,68.04,True,183.1,35.6,True
cali_hdr,20230709,essex,20230709/essex/theta/essex_bed_14:23/R0011571.JPG,indoor,2023-07-09T18:23:36Z,2023:07:09 14:24:00,40.457394,-79.933297,218.72,68.04,True,188.7,30.0,True
cali_hdr,20230709,essex,20230709/essex/theta/essex_bed_14:23/R0011575.JPG,indoor,2023-07-09T18:23:36Z,2023:07:09 14:24:25,40.457394,-79.933297,218.72,68.04,True,195.9,22.8,True
cali_hdr,20230709,essex,20230709/essex/theta/essex_bed_14:23/R0011572.JPG,indoor,2023-07-09T18:23:36Z,2023:07:09 14:24:07,40.457394,-79.933297,218.72,68.04,True,184.4,34.3,True
cali_hdr,20230709,essex,20230709/essex/theta/essex_bed_14:31/R0011593.JPG,indoor,2023-07-09T18:31:10Z,2023:07:09 14:31:59,40.4574,-79.9333,222.59,67.11,True,181.6,41.0,True
cali_hdr,20230709,essex,20230709/essex/theta/essex_bed_14:31/R0011595.JPG,indoor,2023-07-09T18:31:10Z,2023:07:09 14:32:11,40.4574,-79.9333,222.59,67.11,True,182.7,39.9,True
cali_hdr,20230709,essex,20230709/essex/theta/essex_bed_14:31/R0011588.JPG,indoor,2023-07-09T18:31:10Z,2023:07:09 14:31:28,40.4574,-79.9333,222.59,67.11,True,182.7,39.9,True
cali_hdr,20230709,essex,20230709/essex/theta/essex_bed_14:31/R0011594.JPG,indoor,2023-07-09T18:31:10Z,2023:07:09 14:32:05,40.4574,-79.9333,222.59,67.11,True,176.5,46.1,True
cali_hdr,20230709,essex,20230709/essex/theta/essex_bed_14:31/R0011590.JPG,indoor,2023-07-09T18:31:10Z,2023:07:09 14:31:40,40.4574,-79.9333,222.59,67.11,True,185.1,37.5,True
cali_hdr,20230709,essex,20230709/essex/theta/essex_bed_14:31/R0011587.JPG,indoor,2023-07-09T18:31:10Z,2023:07:09 14:31:21,40.4574,-79.9333,222.59,67.11,True,185.1,37.5,True
cali_hdr,20230709,essex,20230709/essex/theta/essex_bed_14:31/R0011589.JPG,indoor,2023-07-09T18:31:10Z,2023:07:09 14:31:34,40.4574,-79.9333,222.59,67.11,True,186.7,35.9,True
cali_hdr,20230709,essex,20230709/essex/theta/essex_bed_14:31/R0011591.JPG,indoor,2023-07-09T18:31:10Z,2023:07:09 14:31:46,40.4574,-79.9333,222.59,67.11,True,186.9,35.7,True
cali_hdr,20230709,essex,20230709/essex/theta/essex_bed_14:31/R0011592.JPG,indoor,2023-07-09T18:31:10Z,2023:07:09 14:31:52,40.4574,-79.9333,222.59,67.11,True,182.9,39.7,True
cali_hdr,20230709,penn_ave,20230709/penn_ave/theta/7528_penn_ave_11:35/R0011517.JPG,indoor,2023-07-09T15:35:38Z,2023:07:09 11:36:38,40.447122,-79.895344,119.91,60.7,True,133.5,13.6,True
cali_hdr,20230709,penn_ave,20230709/penn_ave/theta/7528_penn_ave_11:35/R0011519.JPG,indoor,2023-07-09T15:35:38Z,2023:07:09 11:36:50,40.447122,-79.895344,119.91,60.7,True,132.2,12.3,True
cali_hdr,20230709,penn_ave,20230709/penn_ave/theta/7528_penn_ave_11:35/R0011516.JPG,indoor,2023-07-09T15:35:38Z,2023:07:09 11:36:30,40.447122,-79.895344,119.91,60.7,True,132.8,12.9,True
cali_hdr,20230709,penn_ave,20230709/penn_ave/theta/7528_penn_ave_11:35/R0011523.JPG,indoor,2023-07-09T15:35:38Z,2023:07:09 11:37:15,40.447122,-79.895344,119.91,60.7,True,138.4,18.5,True
cali_hdr,20230709,penn_ave,20230709/penn_ave/theta/7528_penn_ave_11:35/R0011522.JPG,indoor,2023-07-09T15:35:38Z,2023:07:09 11:37:08,40.447122,-79.895344,119.91,60.7,True,126.7,6.8,True
cali_hdr,20230709,penn_ave,20230709/penn_ave/theta/7528_penn_ave_11:35/R0011520.JPG,indoor,2023-07-09T15:35:38Z,2023:07:09 11:36:56,40.447122,-79.895344,119.91,60.7,True,131.3,11.4,True
cali_hdr,20230709,penn_ave,20230709/penn_ave/theta/7528_penn_ave_11:35/R0011515.JPG,indoor,2023-07-09T15:35:38Z,2023:07:09 11:36:23,40.447122,-79.895344,119.91,60.7,True,129.8,9.9,True
cali_hdr,20230709,penn_ave,20230709/penn_ave/theta/7528_penn_ave_11:35/R0011521.JPG,indoor,2023-07-09T15:35:38Z,2023:07:09 11:37:02,40.447122,-79.895344,119.91,60.7,True,127.2,7.3,True
cali_hdr,20230709,penn_ave,20230709/penn_ave/theta/7528_penn_ave_11:35/R0011518.JPG,indoor,2023-07-09T15:35:38Z,2023:07:09 11:36:44,40.447122,-79.895344,119.91,60.7,True,127.7,7.8,True
cali_hdr,20230709,penn_ave,20230709/penn_ave/theta/7528_penn_ave_11:29/R0011500.JPG,indoor,2023-07-09T15:29:38Z,2023:07:09 11:30:38,40.447147,-79.895353,117.97,59.71,True,131.2,13.2,True
cali_hdr,20230709,penn_ave,20230709/penn_ave/theta/7528_penn_ave_11:29/R0011505.JPG,indoor,2023-07-09T15:29:38Z,2023:07:09 11:31:10,40.447147,-79.895353,117.97,59.71,True,143.8,25.8,True
cali_hdr,20230709,penn_ave,20230709/penn_ave/theta/7528_penn_ave_11:29/R0011504.JPG,indoor,2023-07-09T15:29:38Z,2023:07:09 11:31:04,40.447147,-79.895353,117.97,59.71,True,131.2,13.2,True
cali_hdr,20230709,penn_ave,20230709/penn_ave/theta/7528_penn_ave_11:29/R0011502.JPG,indoor,2023-07-09T15:29:38Z,2023:07:09 11:30:51,40.447147,-79.895353,117.97,59.71,True,135.2,17.2,True
cali_hdr,20230709,penn_ave,20230709/penn_ave/theta/7528_penn_ave_11:29/R0011501.JPG,indoor,2023-07-09T15:29:38Z,2023:07:09 11:30:45,40.447147,-79.895353,117.97,59.71,True,131.8,13.8,True
cali_hdr,20230709,penn_ave,20230709/penn_ave/theta/7528_penn_ave_11:29/R0011503.JPG,indoor,2023-07-09T15:29:38Z,2023:07:09 11:30:58,40.447147,-79.895353,117.97,59.71,True,134.6,16.6,True
cali_hdr,20230709,penn_ave,20230709/penn_ave/theta/7528_penn_ave_11:29/R0011499.JPG,indoor,2023-07-09T15:29:38Z,2023:07:09 11:30:31,40.447147,-79.895353,117.97,59.71,True,135.6,17.6,True
cali_hdr,20230709,penn_ave,20230709/penn_ave/theta/7528_penn_ave_11:29/R0011497.JPG,indoor,2023-07-09T15:29:38Z,2023:07:09 11:30:17,40.447147,-79.895353,117.97,59.71,True,136.6,18.6,True
cali_hdr,20230709,penn_ave,20230709/penn_ave/theta/7528_penn_ave_11:29/R0011498.JPG,indoor,2023-07-09T15:29:38Z,2023:07:09 11:30:24,40.447147,-79.895353,117.97,59.71,True,129.3,11.3,True
cali_hdr,20230709,penn_ave,20230709/penn_ave/theta/7528_penn_ave_11:37/R0011528.JPG,indoor,2023-07-09T15:37:45Z,2023:07:09 11:38:43,40.447075,-79.895369,120.62,61.05,True,129.6,9.0,True
cali_hdr,20230709,penn_ave,20230709/penn_ave/theta/7528_penn_ave_11:37/R0011532.JPG,indoor,2023-07-09T15:37:45Z,2023:07:09 11:39:08,40.447075,-79.895369,120.62,61.05,True,129.7,9.1,True
cali_hdr,20230709,penn_ave,20230709/penn_ave/theta/7528_penn_ave_11:37/R0011529.JPG,indoor,2023-07-09T15:37:45Z,2023:07:09 11:38:49,40.447075,-79.895369,120.62,61.05,True,131.3,10.7,True
cali_hdr,20230709,penn_ave,20230709/penn_ave/theta/7528_penn_ave_11:37/R0011524.JPG,indoor,2023-07-09T15:37:45Z,2023:07:09 11:38:15,40.447075,-79.895369,120.62,61.05,True,130.7,10.1,True
cali_hdr,20230709,penn_ave,20230709/penn_ave/theta/7528_penn_ave_11:37/R0011530.JPG,indoor,2023-07-09T15:37:45Z,2023:07:09 11:38:56,40.447075,-79.895369,120.62,61.05,True,125.9,5.3,True
cali_hdr,20230709,penn_ave,20230709/penn_ave/theta/7528_penn_ave_11:37/R0011531.JPG,indoor,2023-07-09T15:37:45Z,2023:07:09 11:39:02,40.447075,-79.895369,120.62,61.05,True,129.6,9.0,True
cali_hdr,20230709,penn_ave,20230709/penn_ave/theta/7528_penn_ave_11:37/R0011527.JPG,indoor,2023-07-09T15:37:45Z,2023:07:09 11:38:36,40.447075,-79.895369,120.62,61.05,True,127.2,6.6,True
cali_hdr,20230709,penn_ave,20230709/penn_ave/theta/7528_penn_ave_11:37/R0011526.JPG,indoor,2023-07-09T15:37:45Z,2023:07:09 11:38:30,40.447075,-79.895369,120.62,61.05,True,133.9,13.3,True
cali_hdr,20230709,penn_ave,20230709/penn_ave/theta/7528_penn_ave_11:37/R0011525.JPG,indoor,2023-07-09T15:37:45Z,2023:07:09 11:38:23,40.447075,-79.895369,120.62,61.05,True,132.4,11.8,True
cali_hdr,20230709,penn_ave,20230709/penn_ave/theta/7528_penn_ave_11:39/R0011533.JPG,indoor,2023-07-09T15:39:29Z,2023:07:09 11:40:08,40.447122,-79.895344,121.21,61.33,True,123.1,1.9,True
cali_hdr,20230709,penn_ave,20230709/penn_ave/theta/7528_penn_ave_11:39/R0011538.JPG,indoor,2023-07-09T15:39:29Z,2023:07:09 11:40:41,40.447122,-79.895344,121.21,61.33,True,126.2,5.0,True
cali_hdr,20230709,penn_ave,20230709/penn_ave/theta/7528_penn_ave_11:39/R0011537.JPG,indoor,2023-07-09T15:39:29Z,2023:07:09 11:40:35,40.447122,-79.895344,121.21,61.33,True,136.2,15.0,True
cali_hdr,20230709,penn_ave,20230709/penn_ave/theta/7528_penn_ave_11:39/R0011536.JPG,indoor,2023-07-09T15:39:29Z,2023:07:09 11:40:28,40.447122,-79.895344,121.21,61.33,True,129.7,8.5,True
cali_hdr,20230709,penn_ave,20230709/penn_ave/theta/7528_penn_ave_11:39/R0011534.JPG,indoor,2023-07-09T15:39:29Z,2023:07:09 11:40:15,40.447122,-79.895344,121.21,61.33,True,131.3,10.1,True
cali_hdr,20230709,penn_ave,20230709/penn_ave/theta/7528_penn_ave_11:39/R0011540.JPG,indoor,2023-07-09T15:39:29Z,2023:07:09 11:40:54,40.447122,-79.895344,121.21,61.33,True,120.7,0.5,True
cali_hdr,20230709,penn_ave,20230709/penn_ave/theta/7528_penn_ave_11:39/R0011541.JPG,indoor,2023-07-09T15:39:29Z,2023:07:09 11:40:59,40.447122,-79.895344,121.21,61.33,True,128.0,6.8,True
cali_hdr,20230709,penn_ave,20230709/penn_ave/theta/7528_penn_ave_11:39/R0011539.JPG,indoor,2023-07-09T15:39:29Z,2023:07:09 11:40:47,40.447122,-79.895344,121.21,61.33,True,128.3,7.1,True
cali_hdr,20230709,penn_ave,20230709/penn_ave/theta/7528_penn_ave_11:39/R0011535.JPG,indoor,2023-07-09T15:39:29Z,2023:07:09 11:40:22,40.447122,-79.895344,121.21,61.33,True,124.7,3.5,True
cali_hdr,20230709,penn_ave,20230709/penn_ave/theta/7528_penn_ave_11:41/R0011543.JPG,indoor,2023-07-09T15:42:00Z,2023:07:09 11:42:18,40.44715,-79.895447,122.08,61.74,True,139.1,17.0,True
cali_hdr,20230709,penn_ave,20230709/penn_ave/theta/7528_penn_ave_11:41/R0011547.JPG,indoor,2023-07-09T15:42:00Z,2023:07:09 11:42:44,40.44715,-79.895447,122.08,61.74,True,144.6,22.5,True
cali_hdr,20230709,penn_ave,20230709/penn_ave/theta/7528_penn_ave_11:41/R0011548.JPG,indoor,2023-07-09T15:42:00Z,2023:07:09 11:42:50,40.44715,-79.895447,122.08,61.74,True,127.2,5.1,True
cali_hdr,20230709,penn_ave,20230709/penn_ave/theta/7528_penn_ave_11:41/R0011549.JPG,indoor,2023-07-09T15:42:00Z,2023:07:09 11:42:56,40.44715,-79.895447,122.08,61.74,True,137.1,15.0,True
cali_hdr,20230709,penn_ave,20230709/penn_ave/theta/7528_penn_ave_11:41/R0011550.JPG,indoor,2023-07-09T15:42:00Z,2023:07:09 11:43:02,40.44715,-79.895447,122.08,61.74,True,135.2,13.1,True
cali_hdr,20230709,penn_ave,20230709/penn_ave/theta/7528_penn_ave_11:41/R0011544.JPG,indoor,2023-07-09T15:42:00Z,2023:07:09 11:42:25,40.44715,-79.895447,122.08,61.74,True,133.4,11.3,True
cali_hdr,20230709,penn_ave,20230709/penn_ave/theta/7528_penn_ave_11:41/R0011546.JPG,indoor,2023-07-09T15:42:00Z,2023:07:09 11:42:37,40.44715,-79.895447,122.08,61.74,True,138.5,16.4,True
cali_hdr,20230709,penn_ave,20230709/penn_ave/theta/7528_penn_ave_11:41/R0011542.JPG,indoor,2023-07-09T15:42:00Z,2023:07:09 11:42:11,40.44715,-79.895447,122.08,61.74,True,136.7,14.6,True
cali_hdr,20230709,penn_ave,20230709/penn_ave/theta/7528_penn_ave_11:41/R0011545.JPG,indoor,2023-07-09T15:42:00Z,2023:07:09 11:42:32,40.44715,-79.895447,122.08,61.74,True,137.7,15.6,True
cali_hdr,20230709,penn_ave,20230709/penn_ave/theta/7528_penn_ave_11:27/R0011491.JPG,indoor,2023-07-09T15:26:39Z,2023:07:09 11:28:39,40.447092,-79.895297,117.04,59.2,True,136.2,19.2,True
cali_hdr,20230709,penn_ave,20230709/penn_ave/theta/7528_penn_ave_11:27/R0011496.JPG,indoor,2023-07-09T15:26:39Z,2023:07:09 11:29:12,40.447092,-79.895297,117.04,59.2,True,148.4,31.4,True
cali_hdr,20230709,penn_ave,20230709/penn_ave/theta/7528_penn_ave_11:27/R0011490.JPG,indoor,2023-07-09T15:26:39Z,2023:07:09 11:28:33,40.447092,-79.895297,117.04,59.2,True,129.9,12.9,True
cali_hdr,20230709,penn_ave,20230709/penn_ave/theta/7528_penn_ave_11:27/R0011492.JPG,indoor,2023-07-09T15:26:39Z,2023:07:09 11:28:46,40.447092,-79.895297,117.04,59.2,True,135.7,18.7,True
cali_hdr,20230709,penn_ave,20230709/penn_ave/theta/7528_penn_ave_11:27/R0011495.JPG,indoor,2023-07-09T15:26:39Z,2023:07:09 11:29:05,40.447092,-79.895297,117.04,59.2,True,141.0,24.0,True
cali_hdr,20230709,penn_ave,20230709/penn_ave/theta/7528_penn_ave_11:27/R0011493.JPG,indoor,2023-07-09T15:26:39Z,2023:07:09 11:28:53,40.447092,-79.895297,117.04,59.2,True,139.5,22.5,True
cali_hdr,20230709,penn_ave,20230709/penn_ave/theta/7528_penn_ave_11:27/R0011489.JPG,indoor,2023-07-09T15:26:39Z,2023:07:09 11:28:26,40.447092,-79.895297,117.04,59.2,True,136.9,19.9,True
cali_hdr,20230709,penn_ave,20230709/penn_ave/theta/7528_penn_ave_11:27/R0011488.JPG,indoor,2023-07-09T15:26:39Z,2023:07:09 11:28:18,40.447092,-79.895297,117.04,59.2,True,134.3,17.3,True
cali_hdr,20230709,penn_ave,20230709/penn_ave/theta/7528_penn_ave_11:27/R0011494.JPG,indoor,2023-07-09T15:26:39Z,2023:07:09 11:28:59,40.447092,-79.895297,117.04,59.2,True,134.2,17.2,True
cali_hdr,20230709,penn_ave,20230709/penn_ave/theta/7528_penn_ave_11:24/R0011480.JPG,indoor,2023-07-09T15:25:30Z,2023:07:09 11:25:49,40.447097,-79.895394,116.69,59.01,True,129.4,12.7,True
cali_hdr,20230709,penn_ave,20230709/penn_ave/theta/7528_penn_ave_11:24/R0011485.JPG,indoor,2023-07-09T15:25:30Z,2023:07:09 11:26:21,40.447097,-79.895394,116.69,59.01,True,133.5,16.8,True
cali_hdr,20230709,penn_ave,20230709/penn_ave/theta/7528_penn_ave_11:24/R0011483.JPG,indoor,2023-07-09T15:25:30Z,2023:07:09 11:26:09,40.447097,-79.895394,116.69,59.01,True,129.7,13.0,True
cali_hdr,20230709,penn_ave,20230709/penn_ave/theta/7528_penn_ave_11:24/R0011486.JPG,indoor,2023-07-09T15:25:30Z,2023:07:09 11:26:27,40.447097,-79.895394,116.69,59.01,True,130.2,13.5,True
cali_hdr,20230709,penn_ave,20230709/penn_ave/theta/7528_penn_ave_11:24/R0011479.JPG,indoor,2023-07-09T15:25:30Z,2023:07:09 11:25:41,40.447097,-79.895394,116.69,59.01,True,130.4,13.7,True
cali_hdr,20230709,penn_ave,20230709/penn_ave/theta/7528_penn_ave_11:24/R0011481.JPG,indoor,2023-07-09T15:25:30Z,2023:07:09 11:25:56,40.447097,-79.895394,116.69,59.01,True,125.5,8.8,True
cali_hdr,20230709,penn_ave,20230709/penn_ave/theta/7528_penn_ave_11:24/R0011484.JPG,indoor,2023-07-09T15:25:30Z,2023:07:09 11:26:15,40.447097,-79.895394,116.69,59.01,True,136.2,19.5,True
cali_hdr,20230709,penn_ave,20230709/penn_ave/theta/7528_penn_ave_11:24/R0011487.JPG,indoor,2023-07-09T15:25:30Z,2023:07:09 11:26:33,40.447097,-79.895394,116.69,59.01,True,130.2,13.5,True
cali_hdr,20230709,penn_ave,20230709/penn_ave/theta/7528_penn_ave_11:24/R0011482.JPG,indoor,2023-07-09T15:25:30Z,2023:07:09 11:26:02,40.447097,-79.895394,116.69,59.01,True,130.8,14.1,True
pano2pano,20240312,1404-in,20240312/1404-in/R0011843.JPG,indoor,2024-03-12T18:04:42Z,2024:03:12 14:05:14,40.458147,-79.932564,192.77,45.89,True,91.2,101.6,False
pano2pano,20240312,1404-in,20240312/1404-in/R0011842.JPG,indoor,2024-03-12T18:04:42Z,2024:03:12 14:05:07,40.458147,-79.932564,192.77,45.89,True,77.2,115.6,False
pano2pano,20240312,1404-in,20240312/1404-in/R0011840.JPG,indoor,2024-03-12T18:04:42Z,2024:03:12 14:04:53,40.458147,-79.932564,192.77,45.89,True,109.1,83.7,True
pano2pano,20240312,1404-in,20240312/1404-in/R0011848.JPG,indoor,2024-03-12T18:04:42Z,2024:03:12 14:05:46,40.458147,-79.932564,192.77,45.89,True,66.1,126.7,False
pano2pano,20240312,1404-in,20240312/1404-in/R0011841.JPG,indoor,2024-03-12T18:04:42Z,2024:03:12 14:05:00,40.458147,-79.932564,192.77,45.89,True,79.7,113.1,False
pano2pano,20240312,1404-in,20240312/1404-in/R0011845.JPG,indoor,2024-03-12T18:04:42Z,2024:03:12 14:05:27,40.458147,-79.932564,192.77,45.89,True,90.9,101.9,False
pano2pano,20240312,1404-in,20240312/1404-in/R0011844.JPG,indoor,2024-03-12T18:04:42Z,2024:03:12 14:05:21,40.458147,-79.932564,192.77,45.89,True,79.9,112.9,False
pano2pano,20240312,1404-in,20240312/1404-in/R0011846.JPG,indoor,2024-03-12T18:04:42Z,2024:03:12 14:05:34,40.458147,-79.932564,192.77,45.89,True,82.6,110.2,False
pano2pano,20240312,1404-in,20240312/1404-in/R0011847.JPG,indoor,2024-03-12T18:04:42Z,2024:03:12 14:05:40,40.458147,-79.932564,192.77,45.89,True,89.7,103.1,False
pano2pano,20240312,1356-in,20240312/1356-in/R0011824.JPG,indoor,2024-03-12T17:56:06Z,2024:03:12 13:56:32,40.458125,-79.932478,189.71,46.21,True,70.7,119.0,False
pano2pano,20240312,1356-in,20240312/1356-in/R0011825.JPG,indoor,2024-03-12T17:56:06Z,2024:03:12 13:56:39,40.458125,-79.932478,189.71,46.21,True,76.2,113.5,False
pano2pano,20240312,1356-in,20240312/1356-in/R0011830.JPG,indoor,2024-03-12T17:56:06Z,2024:03:12 13:57:10,40.458125,-79.932478,189.71,46.21,True,77.7,112.0,False
pano2pano,20240312,1356-in,20240312/1356-in/R0011827.JPG,indoor,2024-03-12T17:56:06Z,2024:03:12 13:56:52,40.458125,-79.932478,189.71,46.21,True,89.8,99.9,False
pano2pano,20240312,1356-in,20240312/1356-in/R0011826.JPG,indoor,2024-03-12T17:56:06Z,2024:03:12 13:56:45,40.458125,-79.932478,189.71,46.21,True,78.5,111.2,False
pano2pano,20240312,1356-in,20240312/1356-in/R0011822.JPG,indoor,2024-03-12T17:56:06Z,2024:03:12 13:56:18,40.458125,-79.932478,189.71,46.21,True,79.9,109.8,False
pano2pano,20240312,1356-in,20240312/1356-in/R0011823.JPG,indoor,2024-03-12T17:56:06Z,2024:03:12 13:56:25,40.458125,-79.932478,189.71,46.21,True,80.1,109.6,False
pano2pano,20240312,1356-in,20240312/1356-in/R0011828.JPG,indoor,2024-03-12T17:56:06Z,2024:03:12 13:56:58,40.458125,-79.932478,189.71,46.21,True,80.2,109.5,False
pano2pano,20240312,1356-in,20240312/1356-in/R0011829.JPG,indoor,2024-03-12T17:56:06Z,2024:03:12 13:57:04,40.458125,-79.932478,189.71,46.21,True,73.9,115.8,False
pano2pano,20240312,2024-in,20240312/2024-in/R0011855.JPG,indoor,2024-03-13T00:21:49Z,2024:03:12 20:23:08,40.458106,-79.932556,276.47,-11.82,False,61.0,144.5,False
pano2pano,20240312,2024-in,20240312/2024-in/R0011849.JPG,indoor,2024-03-13T00:21:49Z,2024:03:12 20:22:27,40.458106,-79.932556,276.47,-11.82,False,80.0,163.5,False
pano2pano,20240312,2024-in,20240312/2024-in/R0011854.JPG,indoor,2024-03-13T00:21:49Z,2024:03:12 20:23:01,40.458106,-79.932556,276.47,-11.82,False,74.8,158.3,False
pano2pano,20240312,2024-in,20240312/2024-in/R0011856.JPG,indoor,2024-03-13T00:21:49Z,2024:03:12 20:23:14,40.458106,-79.932556,276.47,-11.82,False,84.8,168.3,False
pano2pano,20240312,2024-in,20240312/2024-in/R0011857.JPG,indoor,2024-03-13T00:21:49Z,2024:03:12 20:23:20,40.458106,-79.932556,276.47,-11.82,False,82.8,166.3,False
pano2pano,20240312,2024-in,20240312/2024-in/R0011853.JPG,indoor,2024-03-13T00:21:49Z,2024:03:12 20:22:55,40.458106,-79.932556,276.47,-11.82,False,79.6,163.1,False
pano2pano,20240312,2024-in,20240312/2024-in/R0011852.JPG,indoor,2024-03-13T00:21:49Z,2024:03:12 20:22:49,40.458106,-79.932556,276.47,-11.82,False,89.1,172.6,False
pano2pano,20240312,2024-in,20240312/2024-in/R0011850.JPG,indoor,2024-03-13T00:21:49Z,2024:03:12 20:22:35,40.458106,-79.932556,276.47,-11.82,False,95.4,178.9,False
pano2pano,20240312,2024-in,20240312/2024-in/R0011851.JPG,indoor,2024-03-13T00:21:49Z,2024:03:12 20:22:42,40.458106,-79.932556,276.47,-11.82,False,84.0,167.5,False
pano2pano,20240312,1400-out,20240312/1400-out/R0011837.JPG,outdoor,2024-03-12T18:01:10Z,2024:03:12 14:02:09,40.458136,-79.932522,191.51,46.03,True,48.1,143.4,False
pano2pano,20240312,1400-out,20240312/1400-out/R0011836.JPG,outdoor,2024-03-12T18:01:10Z,2024:03:12 14:02:02,40.458136,-79.932522,191.51,46.03,True,41.8,149.7,False
pano2pano,20240312,1400-out,20240312/1400-out/R0011834.JPG,outdoor,2024-03-12T18:01:10Z,2024:03:12 14:01:50,40.458136,-79.932522,191.51,46.03,True,47.9,143.6,False
pano2pano,20240312,1400-out,20240312/1400-out/R0011835.JPG,outdoor,2024-03-12T18:01:10Z,2024:03:12 14:01:56,40.458136,-79.932522,191.51,46.03,True,47.7,143.8,False
pano2pano,20240312,1400-out,20240312/1400-out/R0011831.JPG,outdoor,2024-03-12T18:01:10Z,2024:03:12 14:01:29,40.458136,-79.932522,191.51,46.03,True,47.7,143.8,False
pano2pano,20240312,1400-out,20240312/1400-out/R0011838.JPG,outdoor,2024-03-12T18:01:10Z,2024:03:12 14:02:15,40.458136,-79.932522,191.51,46.03,True,47.7,143.8,False
pano2pano,20240312,1400-out,20240312/1400-out/R0011839.JPG,outdoor,2024-03-12T18:01:10Z,2024:03:12 14:02:21,40.458136,-79.932522,191.51,46.03,True,50.4,141.1,False
pano2pano,20240312,1400-out,20240312/1400-out/R0011832.JPG,outdoor,2024-03-12T18:01:10Z,2024:03:12 14:01:37,40.458136,-79.932522,191.51,46.03,True,51.5,140.0,False
pano2pano,20240312,1400-out,20240312/1400-out/R0011833.JPG,outdoor,2024-03-12T18:01:10Z,2024:03:12 14:01:43,40.458136,-79.932522,191.51,46.03,True,46.1,145.4,False
pano2pano,20240421,indoor,20240421/indoor/1254_living/R0012966.JPG,indoor,2024-04-21T16:53:01Z,2024:04:21 12:54:24,40.4439,-80.000903,166.96,61.2,True,225.5,58.5,True
pano2pano,20240421,indoor,20240421/indoor/1254_living/R0012973.JPG,indoor,2024-04-21T16:53:01Z,2024:04:21 12:55:10,40.4439,-80.000903,166.96,61.2,True,221.8,54.8,True
pano2pano,20240421,indoor,20240421/indoor/1254_living/R0012967.JPG,indoor,2024-04-21T16:53:01Z,2024:04:21 12:54:32,40.4439,-80.000903,166.96,61.2,True,213.2,46.2,True
pano2pano,20240421,indoor,20240421/indoor/1254_living/R0012972.JPG,indoor,2024-04-21T16:53:01Z,2024:04:21 12:55:04,40.4439,-80.000903,166.96,61.2,True,217.1,50.1,True
pano2pano,20240421,indoor,20240421/indoor/1254_living/R0012970.JPG,indoor,2024-04-21T16:53:01Z,2024:04:21 12:54:51,40.4439,-80.000903,166.96,61.2,True,212.2,45.2,True
pano2pano,20240421,indoor,20240421/indoor/1254_living/R0012971.JPG,indoor,2024-04-21T16:53:01Z,2024:04:21 12:54:58,40.4439,-80.000903,166.96,61.2,True,215.1,48.1,True
pano2pano,20240421,indoor,20240421/indoor/1254_living/R0012969.JPG,indoor,2024-04-21T16:53:01Z,2024:04:21 12:54:45,40.4439,-80.000903,166.96,61.2,True,218.5,51.5,True
pano2pano,20240421,indoor,20240421/indoor/1254_living/R0012974.JPG,indoor,2024-04-21T16:53:01Z,2024:04:21 12:55:16,40.4439,-80.000903,166.96,61.2,True,232.5,65.5,True
pano2pano,20240421,indoor,20240421/indoor/1254_living/R0012968.JPG,indoor,2024-04-21T16:53:01Z,2024:04:21 12:54:39,40.4439,-80.000903,166.96,61.2,True,217.5,50.5,True
pano2pano,20240421,indoor,20240421/indoor/1251_living/R0012960.JPG,indoor,2024-04-21T16:51:51Z,2024:04:21 12:52:23,40.443936,-80.000889,166.38,61.15,True,221.2,54.8,True
pano2pano,20240421,indoor,20240421/indoor/1251_living/R0012957.JPG,indoor,2024-04-21T16:51:51Z,2024:04:21 12:52:01,40.443936,-80.000889,166.38,61.15,True,195.3,28.9,True
pano2pano,20240421,indoor,20240421/indoor/1251_living/R0012961.JPG,indoor,2024-04-21T16:51:51Z,2024:04:21 12:52:30,40.443936,-80.000889,166.38,61.15,True,202.1,35.7,True
pano2pano,20240421,indoor,20240421/indoor/1251_living/R0012963.JPG,indoor,2024-04-21T16:51:51Z,2024:04:21 12:52:43,40.443936,-80.000889,166.38,61.15,True,208.3,41.9,True
pano2pano,20240421,indoor,20240421/indoor/1251_living/R0012962.JPG,indoor,2024-04-21T16:51:51Z,2024:04:21 12:52:36,40.443936,-80.000889,166.38,61.15,True,195.7,29.3,True
pano2pano,20240421,indoor,20240421/indoor/1251_living/R0012959.JPG,indoor,2024-04-21T16:51:51Z,2024:04:21 12:52:16,40.443936,-80.000889,166.38,61.15,True,225.3,58.9,True
pano2pano,20240421,indoor,20240421/indoor/1251_living/R0012958.JPG,indoor,2024-04-21T16:51:51Z,2024:04:21 12:52:09,40.443936,-80.000889,166.38,61.15,True,201.5,35.1,True
pano2pano,20240421,indoor,20240421/indoor/1251_living/R0012965.JPG,indoor,2024-04-21T16:51:51Z,2024:04:21 12:52:55,40.443936,-80.000889,166.38,61.15,True,187.2,20.8,True
pano2pano,20240421,indoor,20240421/indoor/1251_living/R0012964.JPG,indoor,2024-04-21T16:51:51Z,2024:04:21 12:52:49,40.443936,-80.000889,166.38,61.15,True,191.7,25.3,True
pano2pano,20240421,indoor,20240421/indoor/1256_living/R0012977.JPG,indoor,2024-04-21T16:55:44Z,2024:04:21 12:56:57,40.443944,-80.000911,168.32,61.31,True,211.5,43.2,True
pano2pano,20240421,indoor,20240421/indoor/1256_living/R0012983.JPG,indoor,2024-04-21T16:55:44Z,2024:04:21 12:57:35,40.443944,-80.000911,168.32,61.31,True,210.5,42.2,True
pano2pano,20240421,indoor,20240421/indoor/1256_living/R0012982.JPG,indoor,2024-04-21T16:55:44Z,2024:04:21 12:57:29,40.443944,-80.000911,168.32,61.31,True,208.2,39.9,True
pano2pano,20240421,indoor,20240421/indoor/1256_living/R0012976.JPG,indoor,2024-04-21T16:55:44Z,2024:04:21 12:56:50,40.443944,-80.000911,168.32,61.31,True,218.6,50.3,True
pano2pano,20240421,indoor,20240421/indoor/1256_living/R0012980.JPG,indoor,2024-04-21T16:55:44Z,2024:04:21 12:57:17,40.443944,-80.000911,168.32,61.31,True,216.5,48.2,True
pano2pano,20240421,indoor,20240421/indoor/1256_living/R0012975.JPG,indoor,2024-04-21T16:55:44Z,2024:04:21 12:56:42,40.443944,-80.000911,168.32,61.31,True,204.8,36.5,True
pano2pano,20240421,indoor,20240421/indoor/1256_living/R0012981.JPG,indoor,2024-04-21T16:55:44Z,2024:04:21 12:57:23,40.443944,-80.000911,168.32,61.31,True,208.8,40.5,True
pano2pano,20240421,indoor,20240421/indoor/1256_living/R0012978.JPG,indoor,2024-04-21T16:55:44Z,2024:04:21 12:57:04,40.443944,-80.000911,168.32,61.31,True,208.1,39.8,True
pano2pano,20240421,indoor,20240421/indoor/1256_living/R0012979.JPG,indoor,2024-04-21T16:55:44Z,2024:04:21 12:57:10,40.443944,-80.000911,168.32,61.31,True,211.8,43.5,True
pano2pano,20240330,indoor,20240330/indoor/1345_living/R0012648.JPG,indoor,2024-03-30T17:44:16Z,2024:03:30 13:46:26,40.447231,-79.895878,188.58,53.43,True,310.2,121.6,False
pano2pano,20240330,indoor,20240330/indoor/1345_living/R0012649.JPG,indoor,2024-03-30T17:44:16Z,2024:03:30 13:46:32,40.447231,-79.895878,188.58,53.43,True,309.5,120.9,False
pano2pano,20240330,indoor,20240330/indoor/1345_living/R0012642.JPG,indoor,2024-03-30T17:44:16Z,2024:03:30 13:45:47,40.447231,-79.895878,188.58,53.43,True,315.2,126.6,False
pano2pano,20240330,indoor,20240330/indoor/1345_living/R0012643.JPG,indoor,2024-03-30T17:44:16Z,2024:03:30 13:45:54,40.447231,-79.895878,188.58,53.43,True,307.8,119.2,False
pano2pano,20240330,indoor,20240330/indoor/1345_living/R0012647.JPG,indoor,2024-03-30T17:44:16Z,2024:03:30 13:46:20,40.447231,-79.895878,188.58,53.43,True,313.6,125.0,False
pano2pano,20240330,indoor,20240330/indoor/1345_living/R0012646.JPG,indoor,2024-03-30T17:44:16Z,2024:03:30 13:46:13,40.447231,-79.895878,188.58,53.43,True,313.6,125.0,False
pano2pano,20240330,indoor,20240330/indoor/1345_living/R0012644.JPG,indoor,2024-03-30T17:44:16Z,2024:03:30 13:46:01,40.447231,-79.895878,188.58,53.43,True,312.2,123.6,False
pano2pano,20240330,indoor,20240330/indoor/1345_living/R0012650.JPG,indoor,2024-03-30T17:44:16Z,2024:03:30 13:46:38,40.447231,-79.895878,188.58,53.43,True,314.4,125.8,False
pano2pano,20240330,indoor,20240330/indoor/1345_living/R0012645.JPG,indoor,2024-03-30T17:44:16Z,2024:03:30 13:46:07,40.447231,-79.895878,188.58,53.43,True,307.8,119.2,False
pano2pano,20240330,indoor,20240330/indoor/1342_living/R0012633.JPG,indoor,2024-03-30T17:43:10Z,2024:03:30 13:43:21,40.447158,-79.895775,188.12,53.46,True,312.9,124.8,False
pano2pano,20240330,indoor,20240330/indoor/1342_living/R0012640.JPG,indoor,2024-03-30T17:43:10Z,2024:03:30 13:44:07,40.447158,-79.895775,188.12,53.46,True,315.5,127.4,False
pano2pano,20240330,indoor,20240330/indoor/1342_living/R0012639.JPG,indoor,2024-03-30T17:43:10Z,2024:03:30 13:44:01,40.447158,-79.895775,188.12,53.46,True,313.4,125.3,False
pano2pano,20240330,indoor,20240330/indoor/1342_living/R0012638.JPG,indoor,2024-03-30T17:43:10Z,2024:03:30 13:43:55,40.447158,-79.895775,188.12,53.46,True,315.1,127.0,False
pano2pano,20240330,indoor,20240330/indoor/1342_living/R0012641.JPG,indoor,2024-03-30T17:43:10Z,2024:03:30 13:44:13,40.447158,-79.895775,188.12,53.46,True,310.3,122.2,False
pano2pano,20240330,indoor,20240330/indoor/1342_living/R0012635.JPG,indoor,2024-03-30T17:43:10Z,2024:03:30 13:43:36,40.447158,-79.895775,188.12,53.46,True,313.4,125.3,False
pano2pano,20240330,indoor,20240330/indoor/1342_living/R0012634.JPG,indoor,2024-03-30T17:43:10Z,2024:03:30 13:43:29,40.447158,-79.895775,188.12,53.46,True,312.3,124.2,False
pano2pano,20240330,indoor,20240330/indoor/1342_living/R0012636.JPG,indoor,2024-03-30T17:43:10Z,2024:03:30 13:43:42,40.447158,-79.895775,188.12,53.46,True,311.3,123.2,False
pano2pano,20240330,indoor,20240330/indoor/1342_living/R0012637.JPG,indoor,2024-03-30T17:43:10Z,2024:03:30 13:43:49,40.447158,-79.895775,188.12,53.46,True,315.4,127.3,False
pano2pano,20240330,indoor,20240330/indoor/1355_office/R0012674.JPG,indoor,2024-03-30T17:51:41Z,2024:03:30 13:56:13,40.447217,-79.895928,191.65,53.19,True,306.3,114.7,False
pano2pano,20240330,indoor,20240330/indoor/1355_office/R0012675.JPG,indoor,2024-03-30T17:51:41Z,2024:03:30 13:56:19,40.447217,-79.895928,191.65,53.19,True,307.8,116.2,False
pano2pano,20240330,indoor,20240330/indoor/1355_office/R0012669.JPG,indoor,2024-03-30T17:51:41Z,2024:03:30 13:55:40,40.447217,-79.895928,191.65,53.19,True,305.6,114.0,False
pano2pano,20240330,indoor,20240330/indoor/1355_office/R0012677.JPG,indoor,2024-03-30T17:51:41Z,2024:03:30 13:56:31,40.447217,-79.895928,191.65,53.19,True,304.9,113.3,False
pano2pano,20240330,indoor,20240330/indoor/1355_office/R0012676.JPG,indoor,2024-03-30T17:51:41Z,2024:03:30 13:56:26,40.447217,-79.895928,191.65,53.19,True,309.1,117.5,False
pano2pano,20240330,indoor,20240330/indoor/1355_office/R0012672.JPG,indoor,2024-03-30T17:51:41Z,2024:03:30 13:56:01,40.447217,-79.895928,191.65,53.19,True,308.2,116.6,False
pano2pano,20240330,indoor,20240330/indoor/1355_office/R0012673.JPG,indoor,2024-03-30T17:51:41Z,2024:03:30 13:56:07,40.447217,-79.895928,191.65,53.19,True,301.6,110.0,False
pano2pano,20240330,indoor,20240330/indoor/1355_office/R0012671.JPG,indoor,2024-03-30T17:51:41Z,2024:03:30 13:55:54,40.447217,-79.895928,191.65,53.19,True,306.2,114.6,False
pano2pano,20240330,indoor,20240330/indoor/1355_office/R0012670.JPG,indoor,2024-03-30T17:51:41Z,2024:03:30 13:55:47,40.447217,-79.895928,191.65,53.19,True,308.9,117.3,False
pano2pano,20240330,indoor,20240330/indoor/1347_living/R0012659.JPG,indoor,2024-03-30T17:48:07Z,2024:03:30 13:49:09,40.447158,-79.895769,190.18,53.31,True,310.6,120.4,False
pano2pano,20240330,indoor,20240330/indoor/1347_living/R0012651.JPG,indoor,2024-03-30T17:48:07Z,2024:03:30 13:48:18,40.447158,-79.895769,190.18,53.31,True,312.6,122.4,False
pano2pano,20240330,indoor,20240330/indoor/1347_living/R0012658.JPG,indoor,2024-03-30T17:48:07Z,2024:03:30 13:49:04,40.447158,-79.895769,190.18,53.31,True,308.8,118.6,False
pano2pano,20240330,indoor,20240330/indoor/1347_living/R0012653.JPG,indoor,2024-03-30T17:48:07Z,2024:03:30 13:48:33,40.447158,-79.895769,190.18,53.31,True,307.9,117.7,False
pano2pano,20240330,indoor,20240330/indoor/1347_living/R0012652.JPG,indoor,2024-03-30T17:48:07Z,2024:03:30 13:48:26,40.447158,-79.895769,190.18,53.31,True,308.8,118.6,False
pano2pano,20240330,indoor,20240330/indoor/1347_living/R0012656.JPG,indoor,2024-03-30T17:48:07Z,2024:03:30 13:48:52,40.447158,-79.895769,190.18,53.31,True,309.1,118.9,False
pano2pano,20240330,indoor,20240330/indoor/1347_living/R0012657.JPG,indoor,2024-03-30T17:48:07Z,2024:03:30 13:48:58,40.447158,-79.895769,190.18,53.31,True,311.5,121.3,False
pano2pano,20240330,indoor,20240330/indoor/1347_living/R0012655.JPG,indoor,2024-03-30T17:48:07Z,2024:03:30 13:48:46,40.447158,-79.895769,190.18,53.31,True,307.1,116.9,False
pano2pano,20240330,indoor,20240330/indoor/1347_living/R0012654.JPG,indoor,2024-03-30T17:48:07Z,2024:03:30 13:48:39,40.447158,-79.895769,190.18,53.31,True,308.9,118.7,False
pano2pano,20240330,indoor,20240330/indoor/1359_office/R0012694.JPG,indoor,2024-03-30T17:59:07Z,2024:03:30 14:01:06,40.447194,-79.895814,194.69,52.87,True,314.5,119.8,False
pano2pano,20240330,indoor,20240330/indoor/1359_office/R0012688.JPG,indoor,2024-03-30T17:59:07Z,2024:03:30 14:00:28,40.447194,-79.895814,194.69,52.87,True,313.7,119.0,False
pano2pano,20240330,indoor,20240330/indoor/1359_office/R0012689.JPG,indoor,2024-03-30T17:59:07Z,2024:03:30 14:00:35,40.447194,-79.895814,194.69,52.87,True,311.8,117.1,False
pano2pano,20240330,indoor,20240330/indoor/1359_office/R0012695.JPG,indoor,2024-03-30T17:59:07Z,2024:03:30 14:01:11,40.447194,-79.895814,194.69,52.87,True,310.0,115.3,False
pano2pano,20240330,indoor,20240330/indoor/1359_office/R0012687.JPG,indoor,2024-03-30T17:59:07Z,2024:03:30 14:00:20,40.447194,-79.895814,194.69,52.87,True,300.5,105.8,False
pano2pano,20240330,indoor,20240330/indoor/1359_office/R0012692.JPG,indoor,2024-03-30T17:59:07Z,2024:03:30 14:00:54,40.447194,-79.895814,194.69,52.87,True,310.1,115.4,False
pano2pano,20240330,indoor,20240330/indoor/1359_office/R0012693.JPG,indoor,2024-03-30T17:59:07Z,2024:03:30 14:01:00,40.447194,-79.895814,194.69,52.87,True,312.6,117.9,False
pano2pano,20240330,indoor,20240330/indoor/1359_office/R0012691.JPG,indoor,2024-03-30T17:59:07Z,2024:03:30 14:00:48,40.447194,-79.895814,194.69,52.87,True,312.7,118.0,False
pano2pano,20240330,indoor,20240330/indoor/1359_office/R0012690.JPG,indoor,2024-03-30T17:59:07Z,2024:03:30 14:00:42,40.447194,-79.895814,194.69,52.87,True,311.0,116.3,False
pano2pano,20240330,indoor,20240330/indoor/1357_office/R0012679.JPG,indoor,2024-03-30T17:57:00Z,2024:03:30 13:58:15,40.447083,-79.895847,193.83,52.96,True,311.5,117.7,False
pano2pano,20240330,indoor,20240330/indoor/1357_office/R0012684.JPG,indoor,2024-03-30T17:57:00Z,2024:03:30 13:58:47,40.447083,-79.895847,193.83,52.96,True,302.7,108.9,False
pano2pano,20240330,indoor,20240330/indoor/1357_office/R0012685.JPG,indoor,2024-03-30T17:57:00Z,2024:03:30 13:58:53,40.447083,-79.895847,193.83,52.96,True,313.1,119.3,False
pano2pano,20240330,indoor,20240330/indoor/1357_office/R0012678.JPG,indoor,2024-03-30T17:57:00Z,2024:03:30 13:58:07,40.447083,-79.895847,193.83,52.96,True,310.8,117.0,False
pano2pano,20240330,indoor,20240330/indoor/1357_office/R0012686.JPG,indoor,2024-03-30T17:57:00Z,2024:03:30 13:58:59,40.447083,-79.895847,193.83,52.96,True,310.1,116.3,False
pano2pano,20240330,indoor,20240330/indoor/1357_office/R0012682.JPG,indoor,2024-03-30T17:57:00Z,2024:03:30 13:58:35,40.447083,-79.895847,193.83,52.96,True,311.5,117.7,False
pano2pano,20240330,indoor,20240330/indoor/1357_office/R0012683.JPG,indoor,2024-03-30T17:57:00Z,2024:03:30 13:58:41,40.447083,-79.895847,193.83,52.96,True,310.8,117.0,False
pano2pano,20240330,indoor,20240330/indoor/1357_office/R0012681.JPG,indoor,2024-03-30T17:57:00Z,2024:03:30 13:58:28,40.447083,-79.895847,193.83,52.96,True,310.4,116.6,False
pano2pano,20240330,indoor,20240330/indoor/1357_office/R0012680.JPG,indoor,2024-03-30T17:57:00Z,2024:03:30 13:58:22,40.447083,-79.895847,193.83,52.96,True,303.4,109.6,False
pano2pano,20240421,indoor,20240421/indoor/1324_bedroom/R0013058.JPG,indoor,2024-04-21T17:23:14Z,2024:04:21 13:24:34,40.443889,-80.000917,182.41,61.74,True,234.6,52.2,True
pano2pano,20240421,indoor,20240421/indoor/1324_bedroom/R0013059.JPG,indoor,2024-04-21T17:23:14Z,2024:04:21 13:24:40,40.443889,-80.000917,182.41,61.74,True,228.1,45.7,True
pano2pano,20240421,indoor,20240421/indoor/1324_bedroom/R0013064.JPG,indoor,2024-04-21T17:23:14Z,2024:04:21 13:25:12,40.443889,-80.000917,182.41,61.74,True,225.9,43.5,True
pano2pano,20240421,indoor,20240421/indoor/1324_bedroom/R0013061.JPG,indoor,2024-04-21T17:23:14Z,2024:04:21 13:24:53,40.443889,-80.000917,182.41,61.74,True,232.5,50.1,True
pano2pano,20240421,indoor,20240421/indoor/1324_bedroom/R0013057.JPG,indoor,2024-04-21T17:23:14Z,2024:04:21 13:24:27,40.443889,-80.000917,182.41,61.74,True,228.3,45.9,True
pano2pano,20240421,indoor,20240421/indoor/1324_bedroom/R0013056.JPG,indoor,2024-04-21T17:23:14Z,2024:04:21 13:24:20,40.443889,-80.000917,182.41,61.74,True,223.5,41.1,True
pano2pano,20240421,indoor,20240421/indoor/1324_bedroom/R0013060.JPG,indoor,2024-04-21T17:23:14Z,2024:04:21 13:24:46,40.443889,-80.000917,182.41,61.74,True,227.6,45.2,True
pano2pano,20240421,indoor,20240421/indoor/1324_bedroom/R0013062.JPG,indoor,2024-04-21T17:23:14Z,2024:04:21 13:24:59,40.443889,-80.000917,182.41,61.74,True,222.2,39.8,True
pano2pano,20240421,indoor,20240421/indoor/1324_bedroom/R0013063.JPG,indoor,2024-04-21T17:23:14Z,2024:04:21 13:25:06,40.443889,-80.000917,182.41,61.74,True,231.2,48.8,True
pano2pano,20240421,indoor,20240421/indoor/1304_kitchen/R0013005.JPG,indoor,2024-04-21T17:04:52Z,2024:04:21 13:06:02,40.443878,-80.000886,172.95,61.6,True,206.0,33.0,True
pano2pano,20240421,indoor,20240421/indoor/1304_kitchen/R0013010.JPG,indoor,2024-04-21T17:04:52Z,2024:04:21 13:06:33,40.443878,-80.000886,172.95,61.6,True,202.5,29.5,True
pano2pano,20240421,indoor,20240421/indoor/1304_kitchen/R0013004.JPG,indoor,2024-04-21T17:04:52Z,2024:04:21 13:05:55,40.443878,-80.000886,172.95,61.6,True,202.0,29.0,True
pano2pano,20240421,indoor,20240421/indoor/1304_kitchen/R0013006.JPG,indoor,2024-04-21T17:04:52Z,2024:04:21 13:06:08,40.443878,-80.000886,172.95,61.6,True,195.9,22.9,True
pano2pano,20240421,indoor,20240421/indoor/1304_kitchen/R0013007.JPG,indoor,2024-04-21T17:04:52Z,2024:04:21 13:06:15,40.443878,-80.000886,172.95,61.6,True,201.3,28.3,True
pano2pano,20240421,indoor,20240421/indoor/1304_kitchen/R0013003.JPG,indoor,2024-04-21T17:04:52Z,2024:04:21 13:05:48,40.443878,-80.000886,172.95,61.6,True,199.8,26.8,True
pano2pano,20240421,indoor,20240421/indoor/1304_kitchen/R0013002.JPG,indoor,2024-04-21T17:04:52Z,2024:04:21 13:05:40,40.443878,-80.000886,172.95,61.6,True,201.0,28.0,True
pano2pano,20240421,indoor,20240421/indoor/1304_kitchen/R0013009.JPG,indoor,2024-04-21T17:04:52Z,2024:04:21 13:06:27,40.443878,-80.000886,172.95,61.6,True,200.6,27.6,True
pano2pano,20240421,indoor,20240421/indoor/1304_kitchen/R0013008.JPG,indoor,2024-04-21T17:04:52Z,2024:04:21 13:06:21,40.443878,-80.000886,172.95,61.6,True,201.0,28.0,True
pano2pano,20240421,indoor,20240421/indoor/1307_kitchen/R0013018.JPG,indoor,2024-04-21T17:08:00Z,2024:04:21 13:08:57,40.443978,-80.000886,174.56,61.66,True,219.5,44.9,True
pano2pano,20240421,indoor,20240421/indoor/1307_kitchen/R0013011.JPG,indoor,2024-04-21T17:08:00Z,2024:04:21 13:08:11,40.443978,-80.000886,174.56,61.66,True,215.1,40.5,True
pano2pano,20240421,indoor,20240421/indoor/1307_kitchen/R0013019.JPG,indoor,2024-04-21T17:08:00Z,2024:04:21 13:09:03,40.443978,-80.000886,174.56,61.66,True,206.4,31.8,True
pano2pano,20240421,indoor,20240421/indoor/1307_kitchen/R0013012.JPG,indoor,2024-04-21T17:08:00Z,2024:04:21 13:08:18,40.443978,-80.000886,174.56,61.66,True,216.3,41.7,True
pano2pano,20240421,indoor,20240421/indoor/1307_kitchen/R0013013.JPG,indoor,2024-04-21T17:08:00Z,2024:04:21 13:08:26,40.443978,-80.000886,174.56,61.66,True,227.7,53.1,True
pano2pano,20240421,indoor,20240421/indoor/1307_kitchen/R0013017.JPG,indoor,2024-04-21T17:08:00Z,2024:04:21 13:08:51,40.443978,-80.000886,174.56,61.66,True,223.8,49.2,True
pano2pano,20240421,indoor,20240421/indoor/1307_kitchen/R0013016.JPG,indoor,2024-04-21T17:08:00Z,2024:04:21 13:08:44,40.443978,-80.000886,174.56,61.66,True,218.0,43.4,True
pano2pano,20240421,indoor,20240421/indoor/1307_kitchen/R0013014.JPG,indoor,2024-04-21T17:08:00Z,2024:04:21 13:08:32,40.443978,-80.000886,174.56,61.66,True,214.8,40.2,True
pano2pano,20240421,indoor,20240421/indoor/1307_kitchen/R0013015.JPG,indoor,2024-04-21T17:08:00Z,2024:04:21 13:08:38,40.443978,-80.000886,174.56,61.66,True,215.3,40.7,True
pano2pano,20240421,indoor,20240421/indoor/1326_bedroom/R0013073.JPG,indoor,2024-04-21T17:25:17Z,2024:04:21 13:27:35,40.443911,-80.000919,183.47,61.72,True,197.3,13.8,True
pano2pano,20240421,indoor,20240421/indoor/1326_bedroom/R0013066.JPG,indoor,2024-04-21T17:25:17Z,2024:04:21 13:26:50,40.443911,-80.000919,183.47,61.72,True,190.4,6.9,True
pano2pano,20240421,indoor,20240421/indoor/1326_bedroom/R0013072.JPG,indoor,2024-04-21T17:25:17Z,2024:04:21 13:27:29,40.443911,-80.000919,183.47,61.72,True,190.5,7.0,True
pano2pano,20240421,indoor,20240421/indoor/1326_bedroom/R0013067.JPG,indoor,2024-04-21T17:25:17Z,2024:04:21 13:26:57,40.443911,-80.000919,183.47,61.72,True,188.6,5.1,True
pano2pano,20240421,indoor,20240421/indoor/1326_bedroom/R0013065.JPG,indoor,2024-04-21T17:25:17Z,2024:04:21 13:26:43,40.443911,-80.000919,183.47,61.72,True,183.2,0.3,True
pano2pano,20240421,indoor,20240421/indoor/1326_bedroom/R0013070.JPG,indoor,2024-04-21T17:25:17Z,2024:04:21 13:27:16,40.443911,-80.000919,183.47,61.72,True,189.5,6.0,True
pano2pano,20240421,indoor,20240421/indoor/1326_bedroom/R0013071.JPG,indoor,2024-04-21T17:25:17Z,2024:04:21 13:27:23,40.443911,-80.000919,183.47,61.72,True,192.4,8.9,True
pano2pano,20240421,indoor,20240421/indoor/1326_bedroom/R0013069.JPG,indoor,2024-04-21T17:25:17Z,2024:04:21 13:27:10,40.443911,-80.000919,183.47,61.72,True,189.0,5.5,True
pano2pano,20240421,indoor,20240421/indoor/1326_bedroom/R0013068.JPG,indoor,2024-04-21T17:25:17Z,2024:04:21 13:27:04,40.443911,-80.000919,183.47,61.72,True,190.3,6.8,True
pano2pano,20240421,indoor,20240421/indoor/1321_bedroom/R0013052.JPG,indoor,2024-04-21T17:18:52Z,2024:04:21 13:22:39,40.443958,-80.000878,180.16,61.76,True,227.9,47.7,True
pano2pano,20240421,indoor,20240421/indoor/1321_bedroom/R0013047.JPG,indoor,2024-04-21T17:18:52Z,2024:04:21 13:22:05,40.443958,-80.000878,180.16,61.76,True,219.8,39.6,True
pano2pano,20240421,indoor,20240421/indoor/1321_bedroom/R0013053.JPG,indoor,2024-04-21T17:18:52Z,2024:04:21 13:22:45,40.443958,-80.000878,180.16,61.76,True,235.3,55.1,True
pano2pano,20240421,indoor,20240421/indoor/1321_bedroom/R0013051.JPG,indoor,2024-04-21T17:18:52Z,2024:04:21 13:22:32,40.443958,-80.000878,180.16,61.76,True,214.9,34.7,True
pano2pano,20240421,indoor,20240421/indoor/1321_bedroom/R0013050.JPG,indoor,2024-04-21T17:18:52Z,2024:04:21 13:22:26,40.443958,-80.000878,180.16,61.76,True,218.1,37.9,True
pano2pano,20240421,indoor,20240421/indoor/1321_bedroom/R0013054.JPG,indoor,2024-04-21T17:18:52Z,2024:04:21 13:22:51,40.443958,-80.000878,180.16,61.76,True,237.5,57.3,True
pano2pano,20240421,indoor,20240421/indoor/1321_bedroom/R0013048.JPG,indoor,2024-04-21T17:18:52Z,2024:04:21 13:22:12,40.443958,-80.000878,180.16,61.76,True,217.0,36.8,True
pano2pano,20240421,indoor,20240421/indoor/1321_bedroom/R0013049.JPG,indoor,2024-04-21T17:18:52Z,2024:04:21 13:22:19,40.443958,-80.000878,180.16,61.76,True,221.1,40.9,True
pano2pano,20240421,indoor,20240421/indoor/1321_bedroom/R0013055.JPG,indoor,2024-04-21T17:18:52Z,2024:04:21 13:22:57,40.443958,-80.000878,180.16,61.76,True,226.5,46.3,True
pano2pano,20240421,indoor,20240421/indoor/1302_kitchen/R0012995.JPG,indoor,2024-04-21T17:02:46Z,2024:04:21 13:03:16,40.443872,-80.000925,171.88,61.55,True,199.8,27.9,True
pano2pano,20240421,indoor,20240421/indoor/1302_kitchen/R0012994.JPG,indoor,2024-04-21T17:02:46Z,2024:04:21 13:03:09,40.443872,-80.000925,171.88,61.55,True,204.4,32.5,True
pano2pano,20240421,indoor,20240421/indoor/1302_kitchen/R0012996.JPG,indoor,2024-04-21T17:02:46Z,2024:04:21 13:03:23,40.443872,-80.000925,171.88,61.55,True,200.4,28.5,True
pano2pano,20240421,indoor,20240421/indoor/1302_kitchen/R0012997.JPG,indoor,2024-04-21T17:02:46Z,2024:04:21 13:03:30,40.443872,-80.000925,171.88,61.55,True,196.1,24.2,True
pano2pano,20240421,indoor,20240421/indoor/1302_kitchen/R0012993.JPG,indoor,2024-04-21T17:02:46Z,2024:04:21 13:03:02,40.443872,-80.000925,171.88,61.55,True,194.5,22.6,True
pano2pano,20240421,indoor,20240421/indoor/1302_kitchen/R0013001.JPG,indoor,2024-04-21T17:02:46Z,2024:04:21 13:03:55,40.443872,-80.000925,171.88,61.55,True,204.5,32.6,True
pano2pano,20240421,indoor,20240421/indoor/1302_kitchen/R0013000.JPG,indoor,2024-04-21T17:02:46Z,2024:04:21 13:03:49,40.443872,-80.000925,171.88,61.55,True,209.5,37.6,True
pano2pano,20240421,indoor,20240421/indoor/1302_kitchen/R0012999.JPG,indoor,2024-04-21T17:02:46Z,2024:04:21 13:03:43,40.443872,-80.000925,171.88,61.55,True,201.6,29.7,True
pano2pano,20240421,indoor,20240421/indoor/1302_kitchen/R0012998.JPG,indoor,2024-04-21T17:02:46Z,2024:04:21 13:03:36,40.443872,-80.000925,171.88,61.55,True,198.2,26.3,True
pano2pano,20240421,indoor,20240421/indoor/1313_kitchen/R0013037.JPG,indoor,2024-04-21T17:12:14Z,2024:04:21 13:15:07,40.443911,-80.000925,176.73,61.73,True,272.5,95.8,False
pano2pano,20240421,indoor,20240421/indoor/1313_kitchen/R0013036.JPG,indoor,2024-04-21T17:12:14Z,2024:04:21 13:15:01,40.443911,-80.000925,176.73,61.73,True,246.3,69.6,True
pano2pano,20240421,indoor,20240421/indoor/1313_kitchen/R0013034.JPG,indoor,2024-04-21T17:12:14Z,2024:04:21 13:14:49,40.443911,-80.000925,176.73,61.73,True,281.1,104.4,False
pano2pano,20240421,indoor,20240421/indoor/1313_kitchen/R0013035.JPG,indoor,2024-04-21T17:12:14Z,2024:04:21 13:14:55,40.443911,-80.000925,176.73,61.73,True,290.1,113.4,False
pano2pano,20240421,indoor,20240421/indoor/1313_kitchen/R0013029.JPG,indoor,2024-04-21T17:12:14Z,2024:04:21 13:14:14,40.443911,-80.000925,176.73,61.73,True,269.0,92.3,False
pano2pano,20240421,indoor,20240421/indoor/1313_kitchen/R0013031.JPG,indoor,2024-04-21T17:12:14Z,2024:04:21 13:14:30,40.443911,-80.000925,176.73,61.73,True,244.9,68.2,True
pano2pano,20240421,indoor,20240421/indoor/1313_kitchen/R0013030.JPG,indoor,2024-04-21T17:12:14Z,2024:04:21 13:14:23,40.443911,-80.000925,176.73,61.73,True,263.8,87.1,True
pano2pano,20240421,indoor,20240421/indoor/1313_kitchen/R0013032.JPG,indoor,2024-04-21T17:12:14Z,2024:04:21 13:14:36,40.443911,-80.000925,176.73,61.73,True,227.7,51.0,True
pano2pano,20240421,indoor,20240421/indoor/1313_kitchen/R0013033.JPG,indoor,2024-04-21T17:12:14Z,2024:04:21 13:14:43,40.443911,-80.000925,176.73,61.73,True,238.9,62.2,True
pano2pano,20240421,indoor,20240421/indoor/1310_kitchen/R0013023.JPG,indoor,2024-04-21T17:09:09Z,2024:04:21 13:11:25,40.443875,-80.0009,175.15,61.68,True,232.0,56.9,True
pano2pano,20240421,indoor,20240421/indoor/1310_kitchen/R0013022.JPG,indoor,2024-04-21T17:09:09Z,2024:04:21 13:11:19,40.443875,-80.0009,175.15,61.68,True,303.2,128.1,False
pano2pano,20240421,indoor,20240421/indoor/1310_kitchen/R0013020.JPG,indoor,2024-04-21T17:09:09Z,2024:04:21 13:11:04,40.443875,-80.0009,175.15,61.68,True,278.8,103.7,False
pano2pano,20240421,indoor,20240421/indoor/1310_kitchen/R0013021.JPG,indoor,2024-04-21T17:09:09Z,2024:04:21 13:11:12,40.443875,-80.0009,175.15,61.68,True,230.1,55.0,True
pano2pano,20240421,indoor,20240421/indoor/1310_kitchen/R0013028.JPG,indoor,2024-04-21T17:09:09Z,2024:04:21 13:11:56,40.443875,-80.0009,175.15,61.68,True,295.0,119.9,False
pano2pano,20240421,indoor,20240421/indoor/1310_kitchen/R0013025.JPG,indoor,2024-04-21T17:09:09Z,2024:04:21 13:11:38,40.443875,-80.0009,175.15,61.68,True,268.4,93.3,False
pano2pano,20240421,indoor,20240421/indoor/1310_kitchen/R0013024.JPG,indoor,2024-04-21T17:09:09Z,2024:04:21 13:11:32,40.443875,-80.0009,175.15,61.68,True,254.8,79.7,True
pano2pano,20240421,indoor,20240421/indoor/1310_kitchen/R0013026.JPG,indoor,2024-04-21T17:09:09Z,2024:04:21 13:11:44,40.443875,-80.0009,175.15,61.68,True,305.4,130.3,False
pano2pano,20240421,indoor,20240421/indoor/1310_kitchen/R0013027.JPG,indoor,2024-04-21T17:09:09Z,2024:04:21 13:11:50,40.443875,-80.0009,175.15,61.68,True,282.4,107.3,False
pano2pano,20240421,indoor,20240421/indoor/1328_bedroom/R0013076.JPG,indoor,2024-04-21T17:27:38Z,2024:04:21 13:28:51,40.443886,-80.000908,184.68,61.69,True,229.4,44.7,True
pano2pano,20240421,indoor,20240421/indoor/1328_bedroom/R0013082.JPG,indoor,2024-04-21T17:27:38Z,2024:04:21 13:29:29,40.443886,-80.000908,184.68,61.69,True,234.4,49.7,True
pano2pano,20240421,indoor,20240421/indoor/1328_bedroom/R0013077.JPG,indoor,2024-04-21T17:27:38Z,2024:04:21 13:28:57,40.443886,-80.000908,184.68,61.69,True,232.7,48.0,True
pano2pano,20240421,indoor,20240421/indoor/1328_bedroom/R0013081.JPG,indoor,2024-04-21T17:27:38Z,2024:04:21 13:29:22,40.443886,-80.000908,184.68,61.69,True,228.8,44.1,True
pano2pano,20240421,indoor,20240421/indoor/1328_bedroom/R0013075.JPG,indoor,2024-04-21T17:27:38Z,2024:04:21 13:28:44,40.443886,-80.000908,184.68,61.69,True,229.9,45.2,True
pano2pano,20240421,indoor,20240421/indoor/1328_bedroom/R0013074.JPG,indoor,2024-04-21T17:27:38Z,2024:04:21 13:28:36,40.443886,-80.000908,184.68,61.69,True,221.5,36.8,True
pano2pano,20240421,indoor,20240421/indoor/1328_bedroom/R0013080.JPG,indoor,2024-04-21T17:27:38Z,2024:04:21 13:29:16,40.443886,-80.000908,184.68,61.69,True,242.1,57.4,True
pano2pano,20240421,indoor,20240421/indoor/1328_bedroom/R0013079.JPG,indoor,2024-04-21T17:27:38Z,2024:04:21 13:29:10,40.443886,-80.000908,184.68,61.69,True,224.2,39.5,True
pano2pano,20240421,indoor,20240421/indoor/1328_bedroom/R0013078.JPG,indoor,2024-04-21T17:27:38Z,2024:04:21 13:29:04,40.443886,-80.000908,184.68,61.69,True,230.8,46.1,True
pano2pano,20240330,indoor,20240330/indoor/1328_kitchen/R0012589.JPG,indoor,2024-03-30T17:28:31Z,2024:03:30 13:28:50,40.447222,-79.895828,181.98,53.7,True,303.6,121.6,False
pano2pano,20240330,indoor,20240330/indoor/1328_kitchen/R0012595.JPG,indoor,2024-03-30T17:28:31Z,2024:03:30 13:29:28,40.447222,-79.895828,181.98,53.7,True,299.1,117.1,False
pano2pano,20240330,indoor,20240330/indoor/1328_kitchen/R0012594.JPG,indoor,2024-03-30T17:28:31Z,2024:03:30 13:29:23,40.447222,-79.895828,181.98,53.7,True,304.8,122.8,False
pano2pano,20240330,indoor,20240330/indoor/1328_kitchen/R0012588.JPG,indoor,2024-03-30T17:28:31Z,2024:03:30 13:28:42,40.447222,-79.895828,181.98,53.7,True,304.1,122.1,False
pano2pano,20240330,indoor,20240330/indoor/1328_kitchen/R0012596.JPG,indoor,2024-03-30T17:28:31Z,2024:03:30 13:29:34,40.447222,-79.895828,181.98,53.7,True,301.5,119.5,False
pano2pano,20240330,indoor,20240330/indoor/1328_kitchen/R0012593.JPG,indoor,2024-03-30T17:28:31Z,2024:03:30 13:29:16,40.447222,-79.895828,181.98,53.7,True,308.6,126.6,False
pano2pano,20240330,indoor,20240330/indoor/1328_kitchen/R0012592.JPG,indoor,2024-03-30T17:28:31Z,2024:03:30 13:29:10,40.447222,-79.895828,181.98,53.7,True,309.4,127.4,False
pano2pano,20240330,indoor,20240330/indoor/1328_kitchen/R0012590.JPG,indoor,2024-03-30T17:28:31Z,2024:03:30 13:28:57,40.447222,-79.895828,181.98,53.7,True,302.3,120.3,False
pano2pano,20240330,indoor,20240330/indoor/1328_kitchen/R0012591.JPG,indoor,2024-03-30T17:28:31Z,2024:03:30 13:29:04,40.447222,-79.895828,181.98,53.7,True,308.6,126.6,False
pano2pano,20240330,indoor,20240330/indoor/1308_bedroom/R0012535.JPG,indoor,2024-03-30T17:08:13Z,2024:03:30 13:08:32,40.447122,-79.895783,173.45,53.54,True,19.7,153.7,False
pano2pano,20240330,indoor,20240330/indoor/1308_bedroom/R0012534.JPG,indoor,2024-03-30T17:08:13Z,2024:03:30 13:08:24,40.447122,-79.895783,173.45,53.54,True,16.5,156.9,False
pano2pano,20240330,indoor,20240330/indoor/1308_bedroom/R0012536.JPG,indoor,2024-03-30T17:08:13Z,2024:03:30 13:08:39,40.447122,-79.895783,173.45,53.54,True,16.8,156.6,False
pano2pano,20240330,indoor,20240330/indoor/1308_bedroom/R0012537.JPG,indoor,2024-03-30T17:08:13Z,2024:03:30 13:08:46,40.447122,-79.895783,173.45,53.54,True,20.6,152.8,False
pano2pano,20240330,indoor,20240330/indoor/1308_bedroom/R0012542.JPG,indoor,2024-03-30T17:08:13Z,2024:03:30 13:09:17,40.447122,-79.895783,173.45,53.54,True,20.5,152.9,False
pano2pano,20240330,indoor,20240330/indoor/1308_bedroom/R0012539.JPG,indoor,2024-03-30T17:08:13Z,2024:03:30 13:08:58,40.447122,-79.895783,173.45,53.54,True,20.6,152.8,False
pano2pano,20240330,indoor,20240330/indoor/1308_bedroom/R0012540.JPG,indoor,2024-03-30T17:08:13Z,2024:03:30 13:09:05,40.447122,-79.895783,173.45,53.54,True,16.1,157.3,False
pano2pano,20240330,indoor,20240330/indoor/1308_bedroom/R0012541.JPG,indoor,2024-03-30T17:08:13Z,2024:03:30 13:09:11,40.447122,-79.895783,173.45,53.54,True,13.3,160.1,False
pano2pano,20240330,indoor,20240330/indoor/1308_bedroom/R0012538.JPG,indoor,2024-03-30T17:08:13Z,2024:03:30 13:08:52,40.447122,-79.895783,173.45,53.54,True,17.1,156.3,False
pano2pano,20240330,indoor,20240330/indoor/1311_bedroom/R0012551.JPG,indoor,2024-03-30T17:09:47Z,2024:03:30 13:12:22,40.447067,-79.895758,174.1,53.58,True,29.3,144.8,False
pano2pano,20240330,indoor,20240330/indoor/1311_bedroom/R0012544.JPG,indoor,2024-03-30T17:09:47Z,2024:03:30 13:11:39,40.447067,-79.895758,174.1,53.58,True,24.6,149.5,False
pano2pano,20240330,indoor,20240330/indoor/1311_bedroom/R0012550.JPG,indoor,2024-03-30T17:09:47Z,2024:03:30 13:12:17,40.447067,-79.895758,174.1,53.58,True,24.6,149.5,False
pano2pano,20240330,indoor,20240330/indoor/1311_bedroom/R0012545.JPG,indoor,2024-03-30T17:09:47Z,2024:03:30 13:11:45,40.447067,-79.895758,174.1,53.58,True,30.9,143.2,False
pano2pano,20240330,indoor,20240330/indoor/1311_bedroom/R0012547.JPG,indoor,2024-03-30T17:09:47Z,2024:03:30 13:11:58,40.447067,-79.895758,174.1,53.58,True,24.8,149.3,False
pano2pano,20240330,indoor,20240330/indoor/1311_bedroom/R0012546.JPG,indoor,2024-03-30T17:09:47Z,2024:03:30 13:11:52,40.447067,-79.895758,174.1,53.58,True,25.7,148.4,False
pano2pano,20240330,indoor,20240330/indoor/1311_bedroom/R0012543.JPG,indoor,2024-03-30T17:09:47Z,2024:03:30 13:11:31,40.447067,-79.895758,174.1,53.58,True,29.2,144.9,False
pano2pano,20240330,indoor,20240330/indoor/1311_bedroom/R0012548.JPG,indoor,2024-03-30T17:09:47Z,2024:03:30 13:12:04,40.447067,-79.895758,174.1,53.58,True,28.6,145.5,False
pano2pano,20240330,indoor,20240330/indoor/1311_bedroom/R0012549.JPG,indoor,2024-03-30T17:09:47Z,2024:03:30 13:12:11,40.447067,-79.895758,174.1,53.58,True,26.2,147.9,False
pano2pano,20240330,indoor,20240330/indoor/1330_kitchen/R0012604.JPG,indoor,2024-03-30T17:30:59Z,2024:03:30 13:31:56,40.447119,-79.895789,183.02,53.68,True,305.2,122.2,False
pano2pano,20240330,indoor,20240330/indoor/1330_kitchen/R0012605.JPG,indoor,2024-03-30T17:30:59Z,2024:03:30 13:32:01,40.447119,-79.895789,183.02,53.68,True,303.6,120.6,False
pano2pano,20240330,indoor,20240330/indoor/1330_kitchen/R0012597.JPG,indoor,2024-03-30T17:30:59Z,2024:03:30 13:31:11,40.447119,-79.895789,183.02,53.68,True,299.1,116.1,False
pano2pano,20240330,indoor,20240330/indoor/1330_kitchen/R0012602.JPG,indoor,2024-03-30T17:30:59Z,2024:03:30 13:31:44,40.447119,-79.895789,183.02,53.68,True,299.2,116.2,False
pano2pano,20240330,indoor,20240330/indoor/1330_kitchen/R0012603.JPG,indoor,2024-03-30T17:30:59Z,2024:03:30 13:31:50,40.447119,-79.895789,183.02,53.68,True,303.5,120.5,False
pano2pano,20240330,indoor,20240330/indoor/1330_kitchen/R0012601.JPG,indoor,2024-03-30T17:30:59Z,2024:03:30 13:31:38,40.447119,-79.895789,183.02,53.68,True,301.6,118.6,False
pano2pano,20240330,indoor,20240330/indoor/1330_kitchen/R0012598.JPG,indoor,2024-03-30T17:30:59Z,2024:03:30 13:31:18,40.447119,-79.895789,183.02,53.68,True,300.6,117.6,False
pano2pano,20240330,indoor,20240330/indoor/1330_kitchen/R0012599.JPG,indoor,2024-03-30T17:30:59Z,2024:03:30 13:31:25,40.447119,-79.895789,183.02,53.68,True,300.1,117.1,False
pano2pano,20240330,indoor,20240330/indoor/1330_kitchen/R0012600.JPG,indoor,2024-03-30T17:30:59Z,2024:03:30 13:31:32,40.447119,-79.895789,183.02,53.68,True,301.6,118.6,False
pano2pano,20240330,indoor,20240330/indoor/1313_bedroom/R0012559.JPG,indoor,2024-03-30T17:12:53Z,2024:03:30 13:14:32,40.447103,-79.895831,175.4,53.63,True,21.0,154.4,False
pano2pano,20240330,indoor,20240330/indoor/1313_bedroom/R0012558.JPG,indoor,2024-03-30T17:12:53Z,2024:03:30 13:14:26,40.447103,-79.895831,175.4,53.63,True,20.6,154.8,False
pano2pano,20240330,indoor,20240330/indoor/1313_bedroom/R0012553.JPG,indoor,2024-03-30T17:12:53Z,2024:03:30 13:13:54,40.447103,-79.895831,175.4,53.63,True,17.0,158.4,False
pano2pano,20240330,indoor,20240330/indoor/1313_bedroom/R0012552.JPG,indoor,2024-03-30T17:12:53Z,2024:03:30 13:13:46,40.447103,-79.895831,175.4,53.63,True,18.4,157.0,False
pano2pano,20240330,indoor,20240330/indoor/1313_bedroom/R0012560.JPG,indoor,2024-03-30T17:12:53Z,2024:03:30 13:14:37,40.447103,-79.895831,175.4,53.63,True,17.5,157.9,False
pano2pano,20240330,indoor,20240330/indoor/1313_bedroom/R0012556.JPG,indoor,2024-03-30T17:12:53Z,2024:03:30 13:14:14,40.447103,-79.895831,175.4,53.63,True,17.3,158.1,False
pano2pano,20240330,indoor,20240330/indoor/1313_bedroom/R0012557.JPG,indoor,2024-03-30T17:12:53Z,2024:03:30 13:14:20,40.447103,-79.895831,175.4,53.63,True,22.1,153.3,False
pano2pano,20240330,indoor,20240330/indoor/1313_bedroom/R0012555.JPG,indoor,2024-03-30T17:12:53Z,2024:03:30 13:14:07,40.447103,-79.895831,175.4,53.63,True,20.9,154.5,False
pano2pano,20240330,indoor,20240330/indoor/1313_bedroom/R0012554.JPG,indoor,2024-03-30T17:12:53Z,2024:03:30 13:14:00,40.447103,-79.895831,175.4,53.63,True,21.2,154.2,False
pano2pano,20240330,indoor,20240330/indoor/1333_kitchen/R0012610.JPG,indoor,2024-03-30T17:33:56Z,2024:03:30 13:34:37,40.447164,-79.895719,184.26,53.65,True,306.3,122.0,False
pano2pano,20240330,indoor,20240330/indoor/1333_kitchen/R0012611.JPG,indoor,2024-03-30T17:33:56Z,2024:03:30 13:34:43,40.447164,-79.895719,184.26,53.65,True,303.6,119.3,False
pano2pano,20240330,indoor,20240330/indoor/1333_kitchen/R0012606.JPG,indoor,2024-03-30T17:33:56Z,2024:03:30 13:34:09,40.447164,-79.895719,184.26,53.65,True,302.1,117.8,False
pano2pano,20240330,indoor,20240330/indoor/1333_kitchen/R0012613.JPG,indoor,2024-03-30T17:33:56Z,2024:03:30 13:34:55,40.447164,-79.895719,184.26,53.65,True,302.3,118.0,False
pano2pano,20240330,indoor,20240330/indoor/1333_kitchen/R0012607.JPG,indoor,2024-03-30T17:33:56Z,2024:03:30 13:34:17,40.447164,-79.895719,184.26,53.65,True,306.5,122.2,False
pano2pano,20240330,indoor,20240330/indoor/1333_kitchen/R0012612.JPG,indoor,2024-03-30T17:33:56Z,2024:03:30 13:34:49,40.447164,-79.895719,184.26,53.65,True,302.6,118.3,False
pano2pano,20240330,indoor,20240330/indoor/1333_kitchen/R0012609.JPG,indoor,2024-03-30T17:33:56Z,2024:03:30 13:34:31,40.447164,-79.895719,184.26,53.65,True,302.1,117.8,False
pano2pano,20240330,indoor,20240330/indoor/1333_kitchen/R0012614.JPG,indoor,2024-03-30T17:33:56Z,2024:03:30 13:35:01,40.447164,-79.895719,184.26,53.65,True,303.9,119.6,False
pano2pano,20240330,indoor,20240330/indoor/1333_kitchen/R0012608.JPG,indoor,2024-03-30T17:33:56Z,2024:03:30 13:34:24,40.447164,-79.895719,184.26,53.65,True,305.1,120.8,False
pano2pano,20240330,outdoor,20240330/outdoor/1339_living/R0012628.JPG,outdoor,2024-03-30T17:40:10Z,2024:03:30 13:40:48,40.4472,-79.895806,186.87,53.54,True,0.4,173.5,False
pano2pano,20240330,outdoor,20240330/outdoor/1339_living/R0012629.JPG,outdoor,2024-03-30T17:40:10Z,2024:03:30 13:40:55,40.4472,-79.895806,186.87,53.54,True,2.1,175.2,False
pano2pano,20240330,outdoor,20240330/outdoor/1339_living/R0012631.JPG,outdoor,2024-03-30T17:40:10Z,2024:03:30 13:41:08,40.4472,-79.895806,186.87,53.54,True,359.2,172.3,False
pano2pano,20240330,outdoor,20240330/outdoor/1339_living/R0012624.JPG,outdoor,2024-03-30T17:40:10Z,2024:03:30 13:40:22,40.4472,-79.895806,186.87,53.54,True,359.9,173.0,False
pano2pano,20240330,outdoor,20240330/outdoor/1339_living/R0012630.JPG,outdoor,2024-03-30T17:40:10Z,2024:03:30 13:41:01,40.4472,-79.895806,186.87,53.54,True,3.4,176.5,False
pano2pano,20240330,outdoor,20240330/outdoor/1339_living/R0012625.JPG,outdoor,2024-03-30T17:40:10Z,2024:03:30 13:40:29,40.4472,-79.895806,186.87,53.54,True,358.9,172.0,False
pano2pano,20240330,outdoor,20240330/outdoor/1339_living/R0012627.JPG,outdoor,2024-03-30T17:40:10Z,2024:03:30 13:40:42,40.4472,-79.895806,186.87,53.54,True,359.4,172.5,False
pano2pano,20240330,outdoor,20240330/outdoor/1339_living/R0012632.JPG,outdoor,2024-03-30T17:40:10Z,2024:03:30 13:41:14,40.4472,-79.895806,186.87,53.54,True,360.0,173.1,False
pano2pano,20240330,outdoor,20240330/outdoor/1339_living/R0012626.JPG,outdoor,2024-03-30T17:40:10Z,2024:03:30 13:40:35,40.4472,-79.895806,186.87,53.54,True,360.0,173.1,False
pano2pano,20240330,outdoor,20240330/outdoor/1405_office/R0012707.JPG,outdoor,2024-03-30T18:03:22Z,2024:03:30 14:06:23,40.447222,-79.895847,196.4,52.65,True,0.2,163.8,False
pano2pano,20240330,outdoor,20240330/outdoor/1405_office/R0012712.JPG,outdoor,2024-03-30T18:03:22Z,2024:03:30 14:06:55,40.447222,-79.895847,196.4,52.65,True,357.8,161.4,False
pano2pano,20240330,outdoor,20240330/outdoor/1405_office/R0012706.JPG,outdoor,2024-03-30T18:03:22Z,2024:03:30 14:06:17,40.447222,-79.895847,196.4,52.65,True,0.8,164.4,False
pano2pano,20240330,outdoor,20240330/outdoor/1405_office/R0012713.JPG,outdoor,2024-03-30T18:03:22Z,2024:03:30 14:07:01,40.447222,-79.895847,196.4,52.65,True,359.3,162.9,False
pano2pano,20240330,outdoor,20240330/outdoor/1405_office/R0012711.JPG,outdoor,2024-03-30T18:03:22Z,2024:03:30 14:06:49,40.447222,-79.895847,196.4,52.65,True,1.0,164.6,False
pano2pano,20240330,outdoor,20240330/outdoor/1405_office/R0012710.JPG,outdoor,2024-03-30T18:03:22Z,2024:03:30 14:06:42,40.447222,-79.895847,196.4,52.65,True,1.3,164.9,False
pano2pano,20240330,outdoor,20240330/outdoor/1405_office/R0012705.JPG,outdoor,2024-03-30T18:03:22Z,2024:03:30 14:06:10,40.447222,-79.895847,196.4,52.65,True,357.2,160.8,False
pano2pano,20240330,outdoor,20240330/outdoor/1405_office/R0012708.JPG,outdoor,2024-03-30T18:03:22Z,2024:03:30 14:06:30,40.447222,-79.895847,196.4,52.65,True,2.3,165.9,False
pano2pano,20240330,outdoor,20240330/outdoor/1405_office/R0012709.JPG,outdoor,2024-03-30T18:03:22Z,2024:03:30 14:06:36,40.447222,-79.895847,196.4,52.65,True,4.1,167.7,False
pano2pano,20240323,indoor,20240323/indoor/1351_Kitchen/R0011960.JPG,indoor,2024-03-23T17:50:35Z,2024:03:23 13:51:47,40.430083,-79.926658,189.69,50.61,True,271.9,82.2,True
pano2pano,20240323,indoor,20240323/indoor/1351_Kitchen/R0011957.JPG,indoor,2024-03-23T17:50:35Z,2024:03:23 13:51:27,40.430083,-79.926658,189.69,50.61,True,272.3,82.6,True
pano2pano,20240323,indoor,20240323/indoor/1351_Kitchen/R0011961.JPG,indoor,2024-03-23T17:50:35Z,2024:03:23 13:51:54,40.430083,-79.926658,189.69,50.61,True,272.4,82.7,True
pano2pano,20240323,indoor,20240323/indoor/1351_Kitchen/R0011963.JPG,indoor,2024-03-23T17:50:35Z,2024:03:23 13:52:06,40.430083,-79.926658,189.69,50.61,True,271.3,81.6,True
pano2pano,20240323,indoor,20240323/indoor/1351_Kitchen/R0011962.JPG,indoor,2024-03-23T17:50:35Z,2024:03:23 13:52:00,40.430083,-79.926658,189.69,50.61,True,273.3,83.6,True
pano2pano,20240323,indoor,20240323/indoor/1351_Kitchen/R0011959.JPG,indoor,2024-03-23T17:50:35Z,2024:03:23 13:51:41,40.430083,-79.926658,189.69,50.61,True,273.1,83.4,True
pano2pano,20240323,indoor,20240323/indoor/1351_Kitchen/R0011958.JPG,indoor,2024-03-23T17:50:35Z,2024:03:23 13:51:35,40.430083,-79.926658,189.69,50.61,True,279.6,89.9,True
pano2pano,20240323,indoor,20240323/indoor/1351_Kitchen/R0011965.JPG,indoor,2024-03-23T17:50:35Z,2024:03:23 13:52:17,40.430083,-79.926658,189.69,50.61,True,276.2,86.5,True
pano2pano,20240323,indoor,20240323/indoor/1351_Kitchen/R0011964.JPG,indoor,2024-03-23T17:50:35Z,2024:03:23 13:52:11,40.430083,-79.926658,189.69,50.61,True,274.3,84.6,True
pano2pano,20240323,indoor,20240323/indoor/1348_Kitchen/R0011942.JPG,indoor,2024-03-23T17:45:18Z,2024:03:23 13:47:39,40.430022,-79.926661,187.62,50.76,True,258.8,71.2,True
pano2pano,20240323,indoor,20240323/indoor/1348_Kitchen/R0011943.JPG,indoor,2024-03-23T17:45:18Z,2024:03:23 13:47:45,40.430022,-79.926661,187.62,50.76,True,259.1,71.5,True
pano2pano,20240323,indoor,20240323/indoor/1348_Kitchen/R0011941.JPG,indoor,2024-03-23T17:45:18Z,2024:03:23 13:47:33,40.430022,-79.926661,187.62,50.76,True,261.9,74.3,True
pano2pano,20240323,indoor,20240323/indoor/1348_Kitchen/R0011939.JPG,indoor,2024-03-23T17:45:18Z,2024:03:23 13:47:18,40.430022,-79.926661,187.62,50.76,True,259.0,71.4,True
pano2pano,20240323,indoor,20240323/indoor/1348_Kitchen/R0011940.JPG,indoor,2024-03-23T17:45:18Z,2024:03:23 13:47:26,40.430022,-79.926661,187.62,50.76,True,262.6,75.0,True
pano2pano,20240323,indoor,20240323/indoor/1348_Kitchen/R0011944.JPG,indoor,2024-03-23T17:45:18Z,2024:03:23 13:47:51,40.430022,-79.926661,187.62,50.76,True,259.4,71.8,True
pano2pano,20240323,indoor,20240323/indoor/1348_Kitchen/R0011945.JPG,indoor,2024-03-23T17:45:18Z,2024:03:23 13:47:57,40.430022,-79.926661,187.62,50.76,True,261.4,73.8,True
pano2pano,20240323,indoor,20240323/indoor/1348_Kitchen/R0011947.JPG,indoor,2024-03-23T17:45:18Z,2024:03:23 13:48:08,40.430022,-79.926661,187.62,50.76,True,260.6,73.0,True
pano2pano,20240323,indoor,20240323/indoor/1348_Kitchen/R0011946.JPG,indoor,2024-03-23T17:45:18Z,2024:03:23 13:48:03,40.430022,-79.926661,187.62,50.76,True,260.6,73.0,True
pano2pano,20240323,indoor,20240323/indoor/1349_Kitchen/R0011956.JPG,indoor,2024-03-23T17:45:18Z,2024:03:23 13:50:19,40.430022,-79.926661,187.62,50.76,True,258.5,70.9,True
pano2pano,20240323,indoor,20240323/indoor/1349_Kitchen/R0011954.JPG,indoor,2024-03-23T17:45:18Z,2024:03:23 13:50:07,40.430022,-79.926661,187.62,50.76,True,259.6,72.0,True
pano2pano,20240323,indoor,20240323/indoor/1349_Kitchen/R0011948.JPG,indoor,2024-03-23T17:45:18Z,2024:03:23 13:49:28,40.430022,-79.926661,187.62,50.76,True,260.3,72.7,True
pano2pano,20240323,indoor,20240323/indoor/1349_Kitchen/R0011949.JPG,indoor,2024-03-23T17:45:18Z,2024:03:23 13:49:36,40.430022,-79.926661,187.62,50.76,True,254.5,66.9,True
pano2pano,20240323,indoor,20240323/indoor/1349_Kitchen/R0011955.JPG,indoor,2024-03-23T17:45:18Z,2024:03:23 13:50:13,40.430022,-79.926661,187.62,50.76,True,259.1,71.5,True
pano2pano,20240323,indoor,20240323/indoor/1349_Kitchen/R0011951.JPG,indoor,2024-03-23T17:45:18Z,2024:03:23 13:49:49,40.430022,-79.926661,187.62,50.76,True,257.1,69.5,True
pano2pano,20240323,indoor,20240323/indoor/1349_Kitchen/R0011950.JPG,indoor,2024-03-23T17:45:18Z,2024:03:23 13:49:42,40.430022,-79.926661,187.62,50.76,True,255.1,67.5,True
pano2pano,20240323,indoor,20240323/indoor/1349_Kitchen/R0011952.JPG,indoor,2024-03-23T17:45:18Z,2024:03:23 13:49:55,40.430022,-79.926661,187.62,50.76,True,246.2,58.6,True
pano2pano,20240323,indoor,20240323/indoor/1349_Kitchen/R0011953.JPG,indoor,2024-03-23T17:45:18Z,2024:03:23 13:50:01,40.430022,-79.926661,187.62,50.76,True,248.3,60.7,True
pano2pano,20240421,outdoor,20240421/outdoor/1259_kitchen/R0012988.JPG,outdoor,2024-04-21T16:59:23Z,2024:04:21 13:00:01,40.443822,-80.000831,170.16,61.44,True,199.6,29.4,True
pano2pano,20240421,outdoor,20240421/outdoor/1259_kitchen/R0012989.JPG,outdoor,2024-04-21T16:59:23Z,2024:04:21 13:00:08,40.443822,-80.000831,170.16,61.44,True,193.0,22.8,True
pano2pano,20240421,outdoor,20240421/outdoor/1259_kitchen/R0012987.JPG,outdoor,2024-04-21T16:59:23Z,2024:04:21 12:59:55,40.443822,-80.000831,170.16,61.44,True,203.0,32.8,True
pano2pano,20240421,outdoor,20240421/outdoor/1259_kitchen/R0012992.JPG,outdoor,2024-04-21T16:59:23Z,2024:04:21 13:00:27,40.443822,-80.000831,170.16,61.44,True,199.4,29.2,True
pano2pano,20240421,outdoor,20240421/outdoor/1259_kitchen/R0012986.JPG,outdoor,2024-04-21T16:59:23Z,2024:04:21 12:59:49,40.443822,-80.000831,170.16,61.44,True,202.7,32.5,True
pano2pano,20240421,outdoor,20240421/outdoor/1259_kitchen/R0012991.JPG,outdoor,2024-04-21T16:59:23Z,2024:04:21 13:00:21,40.443822,-80.000831,170.16,61.44,True,197.4,27.2,True
pano2pano,20240421,outdoor,20240421/outdoor/1259_kitchen/R0012984.JPG,outdoor,2024-04-21T16:59:23Z,2024:04:21 12:59:35,40.443822,-80.000831,170.16,61.44,True,198.2,28.0,True
pano2pano,20240421,outdoor,20240421/outdoor/1259_kitchen/R0012990.JPG,outdoor,2024-04-21T16:59:23Z,2024:04:21 13:00:14,40.443822,-80.000831,170.16,61.44,True,200.5,30.3,True
pano2pano,20240421,outdoor,20240421/outdoor/1259_kitchen/R0012985.JPG,outdoor,2024-04-21T16:59:23Z,2024:04:21 12:59:43,40.443822,-80.000831,170.16,61.44,True,199.1,28.9,True
pano2pano,20240421,outdoor,20240421/outdoor/1317_kitchen/R0013043.JPG,outdoor,2024-04-21T17:15:16Z,2024:04:21 13:18:20,40.443925,-80.000872,178.3,61.75,True,200.8,22.5,True
pano2pano,20240421,outdoor,20240421/outdoor/1317_kitchen/R0013042.JPG,outdoor,2024-04-21T17:15:16Z,2024:04:21 13:18:14,40.443925,-80.000872,178.3,61.75,True,199.8,21.5,True
pano2pano,20240421,outdoor,20240421/outdoor/1317_kitchen/R0013040.JPG,outdoor,2024-04-21T17:15:16Z,2024:04:21 13:18:02,40.443925,-80.000872,178.3,61.75,True,207.1,28.8,True
pano2pano,20240421,outdoor,20240421/outdoor/1317_kitchen/R0013039.JPG,outdoor,2024-04-21T17:15:16Z,2024:04:21 13:17:55,40.443925,-80.000872,178.3,61.75,True,201.5,23.2,True
pano2pano,20240421,outdoor,20240421/outdoor/1317_kitchen/R0013038.JPG,outdoor,2024-04-21T17:15:16Z,2024:04:21 13:17:48,40.443925,-80.000872,178.3,61.75,True,201.7,23.4,True
pano2pano,20240421,outdoor,20240421/outdoor/1317_kitchen/R0013041.JPG,outdoor,2024-04-21T17:15:16Z,2024:04:21 13:18:08,40.443925,-80.000872,178.3,61.75,True,198.4,20.1,True
pano2pano,20240421,outdoor,20240421/outdoor/1317_kitchen/R0013045.JPG,outdoor,2024-04-21T17:15:16Z,2024:04:21 13:18:33,40.443925,-80.000872,178.3,61.75,True,208.6,30.3,True
pano2pano,20240421,outdoor,20240421/outdoor/1317_kitchen/R0013044.JPG,outdoor,2024-04-21T17:15:16Z,2024:04:21 13:18:26,40.443925,-80.000872,178.3,61.75,True,201.8,23.5,True
pano2pano,20240421,outdoor,20240421/outdoor/1317_kitchen/R0013046.JPG,outdoor,2024-04-21T17:15:16Z,2024:04:21 13:18:39,40.443925,-80.000872,178.3,61.75,True,209.5,31.2,True
pano2pano,20240225,indoor,20240225/indoor/1215_Corridor/R0011819.JPG,indoor,2024-02-25T17:15:26Z,2024:02:25 12:16:16,40.430086,-79.926661,174.39,40.33,True,181.2,6.8,True
pano2pano,20240225,indoor,20240225/indoor/1215_Corridor/R0011818.JPG,indoor,2024-02-25T17:15:26Z,2024:02:25 12:16:10,40.430086,-79.926661,174.39,40.33,True,181.2,6.8,True
pano2pano,20240225,indoor,20240225/indoor/1215_Corridor/R0011813.JPG,indoor,2024-02-25T17:15:26Z,2024:02:25 12:15:37,40.430086,-79.926661,174.39,40.33,True,186.1,11.7,True
pano2pano,20240225,indoor,20240225/indoor/1215_Corridor/R0011820.JPG,indoor,2024-02-25T17:15:26Z,2024:02:25 12:16:21,40.430086,-79.926661,174.39,40.33,True,186.6,12.2,True
pano2pano,20240225,indoor,20240225/indoor/1215_Corridor/R0011816.JPG,indoor,2024-02-25T17:15:26Z,2024:02:25 12:15:59,40.430086,-79.926661,174.39,40.33,True,184.7,10.3,True
pano2pano,20240225,indoor,20240225/indoor/1215_Corridor/R0011817.JPG,indoor,2024-02-25T17:15:26Z,2024:02:25 12:16:05,40.430086,-79.926661,174.39,40.33,True,186.5,12.1,True
pano2pano,20240225,indoor,20240225/indoor/1215_Corridor/R0011821.JPG,indoor,2024-02-25T17:15:26Z,2024:02:25 12:16:27,40.430086,-79.926661,174.39,40.33,True,185.9,11.5,True
pano2pano,20240225,indoor,20240225/indoor/1215_Corridor/R0011815.JPG,indoor,2024-02-25T17:15:26Z,2024:02:25 12:15:52,40.430086,-79.926661,174.39,40.33,True,188.3,13.9,True
pano2pano,20240225,indoor,20240225/indoor/1215_Corridor/R0011814.JPG,indoor,2024-02-25T17:15:26Z,2024:02:25 12:15:45,40.430086,-79.926661,174.39,40.33,True,182.2,7.8,True
pano2pano,20240330,outdoor,20240330/outdoor/1326_bedroom/R0012584.JPG,outdoor,2024-03-30T17:24:56Z,2024:03:30 13:25:44,40.447047,-79.895814,180.47,53.72,True,359.3,178.8,False
pano2pano,20240330,outdoor,20240330/outdoor/1326_bedroom/R0012579.JPG,outdoor,2024-03-30T17:24:56Z,2024:03:30 13:25:10,40.447047,-79.895814,180.47,53.72,True,358.1,177.6,False
pano2pano,20240330,outdoor,20240330/outdoor/1326_bedroom/R0012585.JPG,outdoor,2024-03-30T17:24:56Z,2024:03:30 13:25:50,40.447047,-79.895814,180.47,53.72,True,1.5,179.0,False
pano2pano,20240330,outdoor,20240330/outdoor/1326_bedroom/R0012587.JPG,outdoor,2024-03-30T17:24:56Z,2024:03:30 13:26:02,40.447047,-79.895814,180.47,53.72,True,356.3,175.8,False
pano2pano,20240330,outdoor,20240330/outdoor/1326_bedroom/R0012586.JPG,outdoor,2024-03-30T17:24:56Z,2024:03:30 13:25:56,40.447047,-79.895814,180.47,53.72,True,359.2,178.7,False
pano2pano,20240330,outdoor,20240330/outdoor/1326_bedroom/R0012582.JPG,outdoor,2024-03-30T17:24:56Z,2024:03:30 13:25:31,40.447047,-79.895814,180.47,53.72,True,359.0,178.5,False
pano2pano,20240330,outdoor,20240330/outdoor/1326_bedroom/R0012583.JPG,outdoor,2024-03-30T17:24:56Z,2024:03:30 13:25:37,40.447047,-79.895814,180.47,53.72,True,359.1,178.6,False
pano2pano,20240330,outdoor,20240330/outdoor/1326_bedroom/R0012581.JPG,outdoor,2024-03-30T17:24:56Z,2024:03:30 13:25:25,40.447047,-79.895814,180.47,53.72,True,357.3,176.8,False
pano2pano,20240330,outdoor,20240330/outdoor/1326_bedroom/R0012580.JPG,outdoor,2024-03-30T17:24:56Z,2024:03:30 13:25:18,40.447047,-79.895814,180.47,53.72,True,356.1,175.6,False
pano2pano,20240330,outdoor,20240330/outdoor/1321_bedroom/R0012572.JPG,outdoor,2024-03-30T17:21:10Z,2024:03:30 13:21:36,40.447222,-79.895822,178.89,53.71,True,27.0,151.9,False
pano2pano,20240330,outdoor,20240330/outdoor/1321_bedroom/R0012573.JPG,outdoor,2024-03-30T17:21:10Z,2024:03:30 13:21:42,40.447222,-79.895822,178.89,53.71,True,27.6,151.3,False
pano2pano,20240330,outdoor,20240330/outdoor/1321_bedroom/R0012578.JPG,outdoor,2024-03-30T17:21:10Z,2024:03:30 13:22:14,40.447222,-79.895822,178.89,53.71,True,24.6,154.3,False
pano2pano,20240330,outdoor,20240330/outdoor/1321_bedroom/R0012571.JPG,outdoor,2024-03-30T17:21:10Z,2024:03:30 13:21:29,40.447222,-79.895822,178.89,53.71,True,29.3,149.6,False
pano2pano,20240330,outdoor,20240330/outdoor/1321_bedroom/R0012570.JPG,outdoor,2024-03-30T17:21:10Z,2024:03:30 13:21:21,40.447222,-79.895822,178.89,53.71,True,27.2,151.7,False
pano2pano,20240330,outdoor,20240330/outdoor/1321_bedroom/R0012574.JPG,outdoor,2024-03-30T17:21:10Z,2024:03:30 13:21:48,40.447222,-79.895822,178.89,53.71,True,30.2,148.7,False
pano2pano,20240330,outdoor,20240330/outdoor/1321_bedroom/R0012575.JPG,outdoor,2024-03-30T17:21:10Z,2024:03:30 13:21:55,40.447222,-79.895822,178.89,53.71,True,26.0,152.9,False
pano2pano,20240330,outdoor,20240330/outdoor/1321_bedroom/R0012577.JPG,outdoor,2024-03-30T17:21:10Z,2024:03:30 13:22:08,40.447222,-79.895822,178.89,53.71,True,29.3,149.6,False
pano2pano,20240330,outdoor,20240330/outdoor/1321_bedroom/R0012576.JPG,outdoor,2024-03-30T17:21:10Z,2024:03:30 13:22:02,40.447222,-79.895822,178.89,53.71,True,26.4,152.5,False
pano2pano,20240502,indoor,20240502/indoor/1328_2F-study/R0013135.JPG,indoor,2024-05-02T17:27:17Z,2024:05:02 13:29:17,40.454003,-79.920767,186.13,65.12,True,340.1,154.0,False
pano2pano,20240502,indoor,20240502/indoor/1328_2F-study/R0013129.JPG,indoor,2024-05-02T17:27:17Z,2024:05:02 13:28:40,40.454003,-79.920767,186.13,65.12,True,337.7,151.6,False
pano2pano,20240502,indoor,20240502/indoor/1328_2F-study/R0013128.JPG,indoor,2024-05-02T17:27:17Z,2024:05:02 13:28:31,40.454003,-79.920767,186.13,65.12,True,339.0,152.9,False
pano2pano,20240502,indoor,20240502/indoor/1328_2F-study/R0013134.JPG,indoor,2024-05-02T17:27:17Z,2024:05:02 13:29:11,40.454003,-79.920767,186.13,65.12,True,344.5,158.4,False
pano2pano,20240502,indoor,20240502/indoor/1328_2F-study/R0013136.JPG,indoor,2024-05-02T17:27:17Z,2024:05:02 13:29:23,40.454003,-79.920767,186.13,65.12,True,343.1,157.0,False
pano2pano,20240502,indoor,20240502/indoor/1328_2F-study/R0013133.JPG,indoor,2024-05-02T17:27:17Z,2024:05:02 13:29:06,40.454003,-79.920767,186.13,65.12,True,335.8,149.7,False
pano2pano,20240502,indoor,20240502/indoor/1328_2F-study/R0013132.JPG,indoor,2024-05-02T17:27:17Z,2024:05:02 13:29:00,40.454003,-79.920767,186.13,65.12,True,339.6,153.5,False
pano2pano,20240502,indoor,20240502/indoor/1328_2F-study/R0013130.JPG,indoor,2024-05-02T17:27:17Z,2024:05:02 13:28:47,40.454003,-79.920767,186.13,65.12,True,342.7,156.6,False
pano2pano,20240502,indoor,20240502/indoor/1328_2F-study/R0013131.JPG,indoor,2024-05-02T17:27:17Z,2024:05:02 13:28:53,40.454003,-79.920767,186.13,65.12,True,338.5,152.4,False
pano2pano,20240502,indoor,20240502/indoor/1346_3F-study/R0013182.JPG,indoor,2024-05-02T17:43:29Z,2024:05:02 13:47:12,40.454039,-79.920569,195.21,64.55,True,339.4,144.2,False
pano2pano,20240502,indoor,20240502/indoor/1346_3F-study/R0013183.JPG,indoor,2024-05-02T17:43:29Z,2024:05:02 13:47:19,40.454039,-79.920569,195.21,64.55,True,334.4,139.2,False
pano2pano,20240502,indoor,20240502/indoor/1346_3F-study/R0013188.JPG,indoor,2024-05-02T17:43:29Z,2024:05:02 13:47:51,40.454039,-79.920569,195.21,64.55,True,342.3,147.1,False
pano2pano,20240502,indoor,20240502/indoor/1346_3F-study/R0013189.JPG,indoor,2024-05-02T17:43:29Z,2024:05:02 13:47:56,40.454039,-79.920569,195.21,64.55,True,337.8,142.6,False
pano2pano,20240502,indoor,20240502/indoor/1346_3F-study/R0013184.JPG,indoor,2024-05-02T17:43:29Z,2024:05:02 13:47:26,40.454039,-79.920569,195.21,64.55,True,344.5,149.3,False
pano2pano,20240502,indoor,20240502/indoor/1346_3F-study/R0013190.JPG,indoor,2024-05-02T17:43:29Z,2024:05:02 13:48:02,40.454039,-79.920569,195.21,64.55,True,343.3,148.1,False
pano2pano,20240502,indoor,20240502/indoor/1346_3F-study/R0013185.JPG,indoor,2024-05-02T17:43:29Z,2024:05:02 13:47:32,40.454039,-79.920569,195.21,64.55,True,337.4,142.2,False
pano2pano,20240502,indoor,20240502/indoor/1346_3F-study/R0013187.JPG,indoor,2024-05-02T17:43:29Z,2024:05:02 13:47:45,40.454039,-79.920569,195.21,64.55,True,347.1,151.9,False
pano2pano,20240502,indoor,20240502/indoor/1346_3F-study/R0013186.JPG,indoor,2024-05-02T17:43:29Z,2024:05:02 13:47:38,40.454039,-79.920569,195.21,64.55,True,346.7,151.5,False
pano2pano,20240502,indoor,20240502/indoor/1313_playroom/R0013106.JPG,indoor,2024-05-02T17:12:01Z,2024:05:02 13:13:56,40.453864,-79.920694,177.38,65.21,True,343.0,165.6,False
pano2pano,20240502,indoor,20240502/indoor/1313_playroom/R0013107.JPG,indoor,2024-05-02T17:12:01Z,2024:05:02 13:14:02,40.453864,-79.920694,177.38,65.21,True,347.1,169.7,False
pano2pano,20240502,indoor,20240502/indoor/1313_playroom/R0013105.JPG,indoor,2024-05-02T17:12:01Z,2024:05:02 13:13:50,40.453864,-79.920694,177.38,65.21,True,341.8,164.4,False
pano2pano,20240502,indoor,20240502/indoor/1313_playroom/R0013104.JPG,indoor,2024-05-02T17:12:01Z,2024:05:02 13:13:44,40.453864,-79.920694,177.38,65.21,True,344.0,166.6,False
pano2pano,20240502,indoor,20240502/indoor/1313_playroom/R0013109.JPG,indoor,2024-05-02T17:12:01Z,2024:05:02 13:14:14,40.453864,-79.920694,177.38,65.21,True,342.4,165.0,False
pano2pano,20240502,indoor,20240502/indoor/1313_playroom/R0013101.JPG,indoor,2024-05-02T17:12:01Z,2024:05:02 13:13:23,40.453864,-79.920694,177.38,65.21,True,348.4,171.0,False
pano2pano,20240502,indoor,20240502/indoor/1313_playroom/R0013108.JPG,indoor,2024-05-02T17:12:01Z,2024:05:02 13:14:08,40.453864,-79.920694,177.38,65.21,True,345.5,168.1,False
pano2pano,20240502,indoor,20240502/indoor/1313_playroom/R0013103.JPG,indoor,2024-05-02T17:12:01Z,2024:05:02 13:13:38,40.453864,-79.920694,177.38,65.21,True,348.1,170.7,False
pano2pano,20240502,indoor,20240502/indoor/1313_playroom/R0013102.JPG,indoor,2024-05-02T17:12:01Z,2024:05:02 13:13:31,40.453864,-79.920694,177.38,65.21,True,346.3,168.9,False
pano2pano,20240502,indoor,20240502/indoor/1315_playroom/R0013117.JPG,indoor,2024-05-02T17:14:19Z,2024:05:02 13:16:12,40.453978,-79.920769,178.7,65.22,True,341.6,162.9,False
pano2pano,20240502,indoor,20240502/indoor/1315_playroom/R0013116.JPG,indoor,2024-05-02T17:14:19Z,2024:05:02 13:16:06,40.453978,-79.920769,178.7,65.22,True,343.5,164.8,False
pano2pano,20240502,indoor,20240502/indoor/1315_playroom/R0013114.JPG,indoor,2024-05-02T17:14:19Z,2024:05:02 13:15:53,40.453978,-79.920769,178.7,65.22,True,339.7,161.0,False
pano2pano,20240502,indoor,20240502/indoor/1315_playroom/R0013115.JPG,indoor,2024-05-02T17:14:19Z,2024:05:02 13:16:00,40.453978,-79.920769,178.7,65.22,True,341.3,162.6,False
pano2pano,20240502,indoor,20240502/indoor/1315_playroom/R0013111.JPG,indoor,2024-05-02T17:14:19Z,2024:05:02 13:15:34,40.453978,-79.920769,178.7,65.22,True,344.3,165.6,False
pano2pano,20240502,indoor,20240502/indoor/1315_playroom/R0013118.JPG,indoor,2024-05-02T17:14:19Z,2024:05:02 13:16:18,40.453978,-79.920769,178.7,65.22,True,344.9,166.2,False
pano2pano,20240502,indoor,20240502/indoor/1315_playroom/R0013110.JPG,indoor,2024-05-02T17:14:19Z,2024:05:02 13:15:26,40.453978,-79.920769,178.7,65.22,True,341.9,163.2,False
pano2pano,20240502,indoor,20240502/indoor/1315_playroom/R0013112.JPG,indoor,2024-05-02T17:14:19Z,2024:05:02 13:15:41,40.453978,-79.920769,178.7,65.22,True,342.3,163.6,False
pano2pano,20240502,indoor,20240502/indoor/1315_playroom/R0013113.JPG,indoor,2024-05-02T17:14:19Z,2024:05:02 13:15:47,40.453978,-79.920769,178.7,65.22,True,342.0,163.3,False
pano2pano,20240502,indoor,20240502/indoor/1310_playroom/R0013092.JPG,indoor,2024-05-02T17:10:52Z,2024:05:02 13:11:04,40.454206,-79.920861,176.72,65.19,True,344.4,167.7,False
pano2pano,20240502,indoor,20240502/indoor/1310_playroom/R0013093.JPG,indoor,2024-05-02T17:10:52Z,2024:05:02 13:11:12,40.454206,-79.920861,176.72,65.19,True,342.8,166.1,False
pano2pano,20240502,indoor,20240502/indoor/1310_playroom/R0013098.JPG,indoor,2024-05-02T17:10:52Z,2024:05:02 13:11:44,40.454206,-79.920861,176.72,65.19,True,340.8,164.1,False
pano2pano,20240502,indoor,20240502/indoor/1310_playroom/R0013099.JPG,indoor,2024-05-02T17:10:52Z,2024:05:02 13:11:50,40.454206,-79.920861,176.72,65.19,True,343.4,166.7,False
pano2pano,20240502,indoor,20240502/indoor/1310_playroom/R0013094.JPG,indoor,2024-05-02T17:10:52Z,2024:05:02 13:11:19,40.454206,-79.920861,176.72,65.19,True,340.5,163.8,False
pano2pano,20240502,indoor,20240502/indoor/1310_playroom/R0013095.JPG,indoor,2024-05-02T17:10:52Z,2024:05:02 13:11:25,40.454206,-79.920861,176.72,65.19,True,341.7,165.0,False
pano2pano,20240502,indoor,20240502/indoor/1310_playroom/R0013097.JPG,indoor,2024-05-02T17:10:52Z,2024:05:02 13:11:37,40.454206,-79.920861,176.72,65.19,True,345.2,168.5,False
pano2pano,20240502,indoor,20240502/indoor/1310_playroom/R0013096.JPG,indoor,2024-05-02T17:10:52Z,2024:05:02 13:11:31,40.454206,-79.920861,176.72,65.19,True,343.1,166.4,False
pano2pano,20240502,indoor,20240502/indoor/1310_playroom/R0013100.JPG,indoor,2024-05-02T17:10:52Z,2024:05:02 13:11:55,40.454206,-79.920861,176.72,65.19,True,342.4,165.7,False
pano2pano,20240502,indoor,20240502/indoor/1330_2F-study/R0013143.JPG,indoor,2024-05-02T17:30:53Z,2024:05:02 13:31:44,40.453969,-79.920736,188.18,65.04,True,332.3,144.1,False
pano2pano,20240502,indoor,20240502/indoor/1330_2F-study/R0013142.JPG,indoor,2024-05-02T17:30:53Z,2024:05:02 13:31:37,40.453969,-79.920736,188.18,65.04,True,331.1,142.9,False
pano2pano,20240502,indoor,20240502/indoor/1330_2F-study/R0013140.JPG,indoor,2024-05-02T17:30:53Z,2024:05:02 13:31:25,40.453969,-79.920736,188.18,65.04,True,331.9,143.7,False
pano2pano,20240502,indoor,20240502/indoor/1330_2F-study/R0013139.JPG,indoor,2024-05-02T17:30:53Z,2024:05:02 13:31:18,40.453969,-79.920736,188.18,65.04,True,336.9,148.7,False
pano2pano,20240502,indoor,20240502/indoor/1330_2F-study/R0013138.JPG,indoor,2024-05-02T17:30:53Z,2024:05:02 13:31:11,40.453969,-79.920736,188.18,65.04,True,337.0,148.8,False
pano2pano,20240502,indoor,20240502/indoor/1330_2F-study/R0013141.JPG,indoor,2024-05-02T17:30:53Z,2024:05:02 13:31:31,40.453969,-79.920736,188.18,65.04,True,326.4,138.2,False
pano2pano,20240502,indoor,20240502/indoor/1330_2F-study/R0013145.JPG,indoor,2024-05-02T17:30:53Z,2024:05:02 13:31:56,40.453969,-79.920736,188.18,65.04,True,333.5,145.3,False
pano2pano,20240502,indoor,20240502/indoor/1330_2F-study/R0013144.JPG,indoor,2024-05-02T17:30:53Z,2024:05:02 13:31:50,40.453969,-79.920736,188.18,65.04,True,338.9,150.7,False
pano2pano,20240502,indoor,20240502/indoor/1330_2F-study/R0013137.JPG,indoor,2024-05-02T17:30:53Z,2024:05:02 13:31:04,40.453969,-79.920736,188.18,65.04,True,336.1,147.9,False
pano2pano,20240502,indoor,20240502/indoor/1343_3F-study/R0013179.JPG,indoor,2024-05-02T17:43:29Z,2024:05:02 13:45:06,40.454039,-79.920569,195.21,64.55,True,349.8,154.6,False
pano2pano,20240502,indoor,20240502/indoor/1343_3F-study/R0013178.JPG,indoor,2024-05-02T17:43:29Z,2024:05:02 13:45:00,40.454039,-79.920569,195.21,64.55,True,347.1,151.9,False
pano2pano,20240502,indoor,20240502/indoor/1343_3F-study/R0013173.JPG,indoor,2024-05-02T17:43:29Z,2024:05:02 13:44:26,40.454039,-79.920569,195.21,64.55,True,348.0,152.8,False
pano2pano,20240502,indoor,20240502/indoor/1343_3F-study/R0013176.JPG,indoor,2024-05-02T17:43:29Z,2024:05:02 13:44:47,40.454039,-79.920569,195.21,64.55,True,346.4,151.2,False
pano2pano,20240502,indoor,20240502/indoor/1343_3F-study/R0013177.JPG,indoor,2024-05-02T17:43:29Z,2024:05:02 13:44:53,40.454039,-79.920569,195.21,64.55,True,341.2,146.0,False
pano2pano,20240502,indoor,20240502/indoor/1343_3F-study/R0013175.JPG,indoor,2024-05-02T17:43:29Z,2024:05:02 13:44:41,40.454039,-79.920569,195.21,64.55,True,353.2,158.0,False
pano2pano,20240502,indoor,20240502/indoor/1343_3F-study/R0013181.JPG,indoor,2024-05-02T17:43:29Z,2024:05:02 13:45:18,40.454039,-79.920569,195.21,64.55,True,349.3,154.1,False
pano2pano,20240502,indoor,20240502/indoor/1343_3F-study/R0013180.JPG,indoor,2024-05-02T17:43:29Z,2024:05:02 13:45:12,40.454039,-79.920569,195.21,64.55,True,346.2,151.0,False
pano2pano,20240502,indoor,20240502/indoor/1343_3F-study/R0013174.JPG,indoor,2024-05-02T17:43:29Z,2024:05:02 13:44:34,40.454039,-79.920569,195.21,64.55,True,342.4,147.2,False
pano2pano,20240502,indoor,20240502/indoor/1341_3F-study/R0013168.JPG,indoor,2024-05-02T17:40:53Z,2024:05:02 13:42:48,40.454008,-79.920686,193.78,64.67,True,343.5,149.7,False
pano2pano,20240502,indoor,20240502/indoor/1341_3F-study/R0013169.JPG,indoor,2024-05-02T17:40:53Z,2024:05:02 13:42:55,40.454008,-79.920686,193.78,64.67,True,348.6,154.8,False
pano2pano,20240502,indoor,20240502/indoor/1341_3F-study/R0013167.JPG,indoor,2024-05-02T17:40:53Z,2024:05:02 13:42:42,40.454008,-79.920686,193.78,64.67,True,344.6,150.8,False
pano2pano,20240502,indoor,20240502/indoor/1341_3F-study/R0013172.JPG,indoor,2024-05-02T17:40:53Z,2024:05:02 13:43:12,40.454008,-79.920686,193.78,64.67,True,339.7,145.9,False
pano2pano,20240502,indoor,20240502/indoor/1341_3F-study/R0013166.JPG,indoor,2024-05-02T17:40:53Z,2024:05:02 13:42:36,40.454008,-79.920686,193.78,64.67,True,343.4,149.6,False
pano2pano,20240502,indoor,20240502/indoor/1341_3F-study/R0013171.JPG,indoor,2024-05-02T17:40:53Z,2024:05:02 13:43:06,40.454008,-79.920686,193.78,64.67,True,343.9,150.1,False
pano2pano,20240502,indoor,20240502/indoor/1341_3F-study/R0013164.JPG,indoor,2024-05-02T17:40:53Z,2024:05:02 13:42:21,40.454008,-79.920686,193.78,64.67,True,341.5,147.7,False
pano2pano,20240502,indoor,20240502/indoor/1341_3F-study/R0013170.JPG,indoor,2024-05-02T17:40:53Z,2024:05:02 13:43:00,40.454008,-79.920686,193.78,64.67,True,341.3,147.5,False
pano2pano,20240502,indoor,20240502/indoor/1341_3F-study/R0013165.JPG,indoor,2024-05-02T17:40:53Z,2024:05:02 13:42:29,40.454008,-79.920686,193.78,64.67,True,328.5,134.7,False
pano2pano,20240502,indoor,20240502/indoor/1325_2F-study/R0013119.JPG,indoor,2024-05-02T17:26:08Z,2024:05:02 13:26:18,40.453964,-79.920814,185.48,65.14,True,344.5,159.0,False
pano2pano,20240502,indoor,20240502/indoor/1325_2F-study/R0013126.JPG,indoor,2024-05-02T17:26:08Z,2024:05:02 13:27:05,40.453964,-79.920814,185.48,65.14,True,341.8,156.3,False
pano2pano,20240502,indoor,20240502/indoor/1325_2F-study/R0013127.JPG,indoor,2024-05-02T17:26:08Z,2024:05:02 13:27:11,40.453964,-79.920814,185.48,65.14,True,340.3,154.8,False
pano2pano,20240502,indoor,20240502/indoor/1325_2F-study/R0013125.JPG,indoor,2024-05-02T17:26:08Z,2024:05:02 13:26:59,40.453964,-79.920814,185.48,65.14,True,336.3,150.8,False
pano2pano,20240502,indoor,20240502/indoor/1325_2F-study/R0013124.JPG,indoor,2024-05-02T17:26:08Z,2024:05:02 13:26:52,40.453964,-79.920814,185.48,65.14,True,340.9,155.4,False
pano2pano,20240502,indoor,20240502/indoor/1325_2F-study/R0013120.JPG,indoor,2024-05-02T17:26:08Z,2024:05:02 13:26:26,40.453964,-79.920814,185.48,65.14,True,336.5,151.0,False
pano2pano,20240502,indoor,20240502/indoor/1325_2F-study/R0013121.JPG,indoor,2024-05-02T17:26:08Z,2024:05:02 13:26:33,40.453964,-79.920814,185.48,65.14,True,341.4,155.9,False
pano2pano,20240502,indoor,20240502/indoor/1325_2F-study/R0013123.JPG,indoor,2024-05-02T17:26:08Z,2024:05:02 13:26:46,40.453964,-79.920814,185.48,65.14,True,340.1,154.6,False
pano2pano,20240502,indoor,20240502/indoor/1325_2F-study/R0013122.JPG,indoor,2024-05-02T17:26:08Z,2024:05:02 13:26:39,40.453964,-79.920814,185.48,65.14,True,332.7,147.2,False
pano2pano,20240323,outdoor,20240323/outdoor/1344_Kitchen/R0011933.JPG,outdoor,2024-03-23T17:39:29Z,2024:03:23 13:44:43,40.430022,-79.926661,185.33,50.89,True,339.5,154.2,False
pano2pano,20240323,outdoor,20240323/outdoor/1344_Kitchen/R0011932.JPG,outdoor,2024-03-23T17:39:29Z,2024:03:23 13:44:37,40.430022,-79.926661,185.33,50.89,True,333.2,147.9,False
pano2pano,20240323,outdoor,20240323/outdoor/1344_Kitchen/R0011930.JPG,outdoor,2024-03-23T17:39:29Z,2024:03:23 13:44:23,40.430022,-79.926661,185.33,50.89,True,335.7,150.4,False
pano2pano,20240323,outdoor,20240323/outdoor/1344_Kitchen/R0011931.JPG,outdoor,2024-03-23T17:39:29Z,2024:03:23 13:44:30,40.430022,-79.926661,185.33,50.89,True,333.6,148.3,False
pano2pano,20240323,outdoor,20240323/outdoor/1344_Kitchen/R0011938.JPG,outdoor,2024-03-23T17:39:29Z,2024:03:23 13:45:13,40.430022,-79.926661,185.33,50.89,True,329.2,143.9,False
pano2pano,20240323,outdoor,20240323/outdoor/1344_Kitchen/R0011935.JPG,outdoor,2024-03-23T17:39:29Z,2024:03:23 13:44:55,40.430022,-79.926661,185.33,50.89,True,333.4,148.1,False
pano2pano,20240323,outdoor,20240323/outdoor/1344_Kitchen/R0011934.JPG,outdoor,2024-03-23T17:39:29Z,2024:03:23 13:44:49,40.430022,-79.926661,185.33,50.89,True,337.6,152.3,False
pano2pano,20240323,outdoor,20240323/outdoor/1344_Kitchen/R0011936.JPG,outdoor,2024-03-23T17:39:29Z,2024:03:23 13:45:01,40.430022,-79.926661,185.33,50.89,True,336.1,150.8,False
pano2pano,20240323,outdoor,20240323/outdoor/1344_Kitchen/R0011937.JPG,outdoor,2024-03-23T17:39:29Z,2024:03:23 13:45:08,40.430022,-79.926661,185.33,50.89,True,336.0,150.7,False
pano2pano,20240225,indoor,20240225/indoor/1205_Living-in/R0011791.JPG,indoor,2024-02-25T17:03:58Z,2024:02:25 12:06:25,40.430117,-79.926686,170.7,40.05,True,357.9,172.8,False
pano2pano,20240225,indoor,20240225/indoor/1205_Living-in/R0011790.JPG,indoor,2024-02-25T17:03:58Z,2024:02:25 12:06:19,40.430117,-79.926686,170.7,40.05,True,350.6,179.9,False
pano2pano,20240225,indoor,20240225/indoor/1205_Living-in/R0011792.JPG,indoor,2024-02-25T17:03:58Z,2024:02:25 12:06:31,40.430117,-79.926686,170.7,40.05,True,352.6,178.1,False
pano2pano,20240225,indoor,20240225/indoor/1205_Living-in/R0011787.JPG,indoor,2024-02-25T17:03:58Z,2024:02:25 12:05:59,40.430117,-79.926686,170.7,40.05,True,351.9,178.8,False
pano2pano,20240225,indoor,20240225/indoor/1205_Living-in/R0011793.JPG,indoor,2024-02-25T17:03:58Z,2024:02:25 12:06:36,40.430117,-79.926686,170.7,40.05,True,348.9,178.2,False
pano2pano,20240225,indoor,20240225/indoor/1205_Living-in/R0011786.JPG,indoor,2024-02-25T17:03:58Z,2024:02:25 12:05:51,40.430117,-79.926686,170.7,40.05,True,352.6,178.1,False
pano2pano,20240225,indoor,20240225/indoor/1205_Living-in/R0011794.JPG,indoor,2024-02-25T17:03:58Z,2024:02:25 12:06:42,40.430117,-79.926686,170.7,40.05,True,352.6,178.1,False
pano2pano,20240225,indoor,20240225/indoor/1205_Living-in/R0011788.JPG,indoor,2024-02-25T17:03:58Z,2024:02:25 12:06:06,40.430117,-79.926686,170.7,40.05,True,355.4,175.3,False
pano2pano,20240225,indoor,20240225/indoor/1205_Living-in/R0011789.JPG,indoor,2024-02-25T17:03:58Z,2024:02:25 12:06:12,40.430117,-79.926686,170.7,40.05,True,347.4,176.7,False
pano2pano,20240502,indoor,20240502/indoor/1428_1F-living/R0013323.JPG,indoor,2024-05-02T18:27:17Z,2024:05:02 14:29:00,40.453992,-79.920806,216.9,60.87,True,203.0,13.9,True
pano2pano,20240502,indoor,20240502/indoor/1428_1F-living/R0013322.JPG,indoor,2024-05-02T18:27:17Z,2024:05:02 14:28:54,40.453992,-79.920806,216.9,60.87,True,199.0,17.9,True
pano2pano,20240502,indoor,20240502/indoor/1428_1F-living/R0013320.JPG,indoor,2024-05-02T18:27:17Z,2024:05:02 14:28:41,40.453992,-79.920806,216.9,60.87,True,201.8,15.1,True
pano2pano,20240502,indoor,20240502/indoor/1428_1F-living/R0013317.JPG,indoor,2024-05-02T18:27:17Z,2024:05:02 14:28:20,40.453992,-79.920806,216.9,60.87,True,195.8,21.1,True
pano2pano,20240502,indoor,20240502/indoor/1428_1F-living/R0013321.JPG,indoor,2024-05-02T18:27:17Z,2024:05:02 14:28:48,40.453992,-79.920806,216.9,60.87,True,199.0,17.9,True
pano2pano,20240502,indoor,20240502/indoor/1428_1F-living/R0013325.JPG,indoor,2024-05-02T18:27:17Z,2024:05:02 14:29:13,40.453992,-79.920806,216.9,60.87,True,200.9,16.0,True
pano2pano,20240502,indoor,20240502/indoor/1428_1F-living/R0013324.JPG,indoor,2024-05-02T18:27:17Z,2024:05:02 14:29:07,40.453992,-79.920806,216.9,60.87,True,200.4,16.5,True
pano2pano,20240502,indoor,20240502/indoor/1428_1F-living/R0013319.JPG,indoor,2024-05-02T18:27:17Z,2024:05:02 14:28:35,40.453992,-79.920806,216.9,60.87,True,196.1,20.8,True
pano2pano,20240502,indoor,20240502/indoor/1428_1F-living/R0013318.JPG,indoor,2024-05-02T18:27:17Z,2024:05:02 14:28:28,40.453992,-79.920806,216.9,60.87,True,198.7,18.2,True
pano2pano,20240502,indoor,20240502/indoor/1425_1F-living/R0013308.JPG,indoor,2024-05-02T18:25:49Z,2024:05:02 14:26:01,40.454075,-79.920467,216.26,61.03,True,198.4,17.9,True
pano2pano,20240502,indoor,20240502/indoor/1425_1F-living/R0013314.JPG,indoor,2024-05-02T18:25:49Z,2024:05:02 14:26:41,40.454075,-79.920467,216.26,61.03,True,202.6,13.7,True
pano2pano,20240502,indoor,20240502/indoor/1425_1F-living/R0013315.JPG,indoor,2024-05-02T18:25:49Z,2024:05:02 14:26:47,40.454075,-79.920467,216.26,61.03,True,200.9,15.4,True
pano2pano,20240502,indoor,20240502/indoor/1425_1F-living/R0013309.JPG,indoor,2024-05-02T18:25:49Z,2024:05:02 14:26:08,40.454075,-79.920467,216.26,61.03,True,197.1,19.2,True
pano2pano,20240502,indoor,20240502/indoor/1425_1F-living/R0013316.JPG,indoor,2024-05-02T18:25:49Z,2024:05:02 14:26:53,40.454075,-79.920467,216.26,61.03,True,206.9,9.4,True
pano2pano,20240502,indoor,20240502/indoor/1425_1F-living/R0013312.JPG,indoor,2024-05-02T18:25:49Z,2024:05:02 14:26:28,40.454075,-79.920467,216.26,61.03,True,197.7,18.6,True
pano2pano,20240502,indoor,20240502/indoor/1425_1F-living/R0013313.JPG,indoor,2024-05-02T18:25:49Z,2024:05:02 14:26:35,40.454075,-79.920467,216.26,61.03,True,205.7,10.6,True
pano2pano,20240502,indoor,20240502/indoor/1425_1F-living/R0013311.JPG,indoor,2024-05-02T18:25:49Z,2024:05:02 14:26:22,40.454075,-79.920467,216.26,61.03,True,198.4,17.9,True
pano2pano,20240502,indoor,20240502/indoor/1425_1F-living/R0013310.JPG,indoor,2024-05-02T18:25:49Z,2024:05:02 14:26:15,40.454075,-79.920467,216.26,61.03,True,205.4,10.9,True
pano2pano,20240502,indoor,20240502/indoor/1422_1F-living/R0013300.JPG,indoor,2024-05-02T18:21:45Z,2024:05:02 14:23:06,40.454,-79.920817,214.44,61.48,True,201.9,12.5,True
pano2pano,20240502,indoor,20240502/indoor/1422_1F-living/R0013301.JPG,indoor,2024-05-02T18:21:45Z,2024:05:02 14:23:13,40.454,-79.920817,214.44,61.48,True,208.7,5.7,True
pano2pano,20240502,indoor,20240502/indoor/1422_1F-living/R0013303.JPG,indoor,2024-05-02T18:21:45Z,2024:05:02 14:23:26,40.454,-79.920817,214.44,61.48,True,207.8,6.6,True
pano2pano,20240502,indoor,20240502/indoor/1422_1F-living/R0013302.JPG,indoor,2024-05-02T18:21:45Z,2024:05:02 14:23:19,40.454,-79.920817,214.44,61.48,True,217.3,2.9,True
pano2pano,20240502,indoor,20240502/indoor/1422_1F-living/R0013306.JPG,indoor,2024-05-02T18:21:45Z,2024:05:02 14:23:44,40.454,-79.920817,214.44,61.48,True,211.6,2.8,True
pano2pano,20240502,indoor,20240502/indoor/1422_1F-living/R0013299.JPG,indoor,2024-05-02T18:21:45Z,2024:05:02 14:22:59,40.454,-79.920817,214.44,61.48,True,205.9,8.5,True
pano2pano,20240502,indoor,20240502/indoor/1422_1F-living/R0013307.JPG,indoor,2024-05-02T18:21:45Z,2024:05:02 14:23:50,40.454,-79.920817,214.44,61.48,True,211.2,3.2,True
pano2pano,20240502,indoor,20240502/indoor/1422_1F-living/R0013305.JPG,indoor,2024-05-02T18:21:45Z,2024:05:02 14:23:38,40.454,-79.920817,214.44,61.48,True,203.7,10.7,True
pano2pano,20240502,indoor,20240502/indoor/1422_1F-living/R0013304.JPG,indoor,2024-05-02T18:21:45Z,2024:05:02 14:23:32,40.454,-79.920817,214.44,61.48,True,209.4,5.0,True
pano2pano,20240502,indoor,20240502/indoor/1304_1F-living/R0013088.JPG,indoor,2024-05-02T17:01:54Z,2024:05:02 13:02:39,40.453878,-79.920675,171.61,65.02,True,188.2,16.6,True
pano2pano,20240502,indoor,20240502/indoor/1304_1F-living/R0013089.JPG,indoor,2024-05-02T17:01:54Z,2024:05:02 13:02:45,40.453878,-79.920675,171.61,65.02,True,195.5,23.9,True
pano2pano,20240502,indoor,20240502/indoor/1304_1F-living/R0013083.JPG,indoor,2024-05-02T17:01:54Z,2024:05:02 13:02:07,40.453878,-79.920675,171.61,65.02,True,207.3,35.7,True
pano2pano,20240502,indoor,20240502/indoor/1304_1F-living/R0013087.JPG,indoor,2024-05-02T17:01:54Z,2024:05:02 13:02:33,40.453878,-79.920675,171.61,65.02,True,189.4,17.8,True
pano2pano,20240502,indoor,20240502/indoor/1304_1F-living/R0013086.JPG,indoor,2024-05-02T17:01:54Z,2024:05:02 13:02:27,40.453878,-79.920675,171.61,65.02,True,190.1,18.5,True
pano2pano,20240502,indoor,20240502/indoor/1304_1F-living/R0013091.JPG,indoor,2024-05-02T17:01:54Z,2024:05:02 13:02:58,40.453878,-79.920675,171.61,65.02,True,196.6,25.0,True
pano2pano,20240502,indoor,20240502/indoor/1304_1F-living/R0013084.JPG,indoor,2024-05-02T17:01:54Z,2024:05:02 13:02:14,40.453878,-79.920675,171.61,65.02,True,190.8,19.2,True
pano2pano,20240502,indoor,20240502/indoor/1304_1F-living/R0013090.JPG,indoor,2024-05-02T17:01:54Z,2024:05:02 13:02:52,40.453878,-79.920675,171.61,65.02,True,193.2,21.6,True
pano2pano,20240502,indoor,20240502/indoor/1304_1F-living/R0013085.JPG,indoor,2024-05-02T17:01:54Z,2024:05:02 13:02:20,40.453878,-79.920675,171.61,65.02,True,196.5,24.9,True
pano2pano,20240502,indoor,20240502/indoor/1420_1F-living/R0013293.JPG,indoor,2024-05-02T18:18:33Z,2024:05:02 14:21:10,40.453894,-79.920775,212.99,61.82,True,194.7,18.3,True
pano2pano,20240502,indoor,20240502/indoor/1420_1F-living/R0013292.JPG,indoor,2024-05-02T18:18:33Z,2024:05:02 14:21:04,40.453894,-79.920775,212.99,61.82,True,194.8,18.2,True
pano2pano,20240502,indoor,20240502/indoor/1420_1F-living/R0013290.JPG,indoor,2024-05-02T18:18:33Z,2024:05:02 14:20:49,40.453894,-79.920775,212.99,61.82,True,194.5,18.5,True
pano2pano,20240502,indoor,20240502/indoor/1420_1F-living/R0013291.JPG,indoor,2024-05-02T18:18:33Z,2024:05:02 14:20:57,40.453894,-79.920775,212.99,61.82,True,199.2,13.8,True
pano2pano,20240502,indoor,20240502/indoor/1420_1F-living/R0013298.JPG,indoor,2024-05-02T18:18:33Z,2024:05:02 14:21:39,40.453894,-79.920775,212.99,61.82,True,200.7,12.3,True
pano2pano,20240502,indoor,20240502/indoor/1420_1F-living/R0013295.JPG,indoor,2024-05-02T18:18:33Z,2024:05:02 14:21:22,40.453894,-79.920775,212.99,61.82,True,201.1,11.9,True
pano2pano,20240502,indoor,20240502/indoor/1420_1F-living/R0013294.JPG,indoor,2024-05-02T18:18:33Z,2024:05:02 14:21:16,40.453894,-79.920775,212.99,61.82,True,197.6,15.4,True
pano2pano,20240502,indoor,20240502/indoor/1420_1F-living/R0013296.JPG,indoor,2024-05-02T18:18:33Z,2024:05:02 14:21:28,40.453894,-79.920775,212.99,61.82,True,199.0,14.0,True
pano2pano,20240502,indoor,20240502/indoor/1420_1F-living/R0013297.JPG,indoor,2024-05-02T18:18:33Z,2024:05:02 14:21:33,40.453894,-79.920775,212.99,61.82,True,192.1,20.9,True
pano2pano,20240502,outdoor,20240502/outdoor/1339_3F-study/R0013156.JPG,outdoor,2024-05-02T17:39:32Z,2024:05:02 13:39:50,40.454064,-79.920683,193.03,64.73,True,14.6,178.4,False
pano2pano,20240502,outdoor,20240502/outdoor/1339_3F-study/R0013160.JPG,outdoor,2024-05-02T17:39:32Z,2024:05:02 13:40:15,40.454064,-79.920683,193.03,64.73,True,14.5,178.5,False
pano2pano,20240502,outdoor,20240502/outdoor/1339_3F-study/R0013161.JPG,outdoor,2024-05-02T17:39:32Z,2024:05:02 13:40:21,40.454064,-79.920683,193.03,64.73,True,16.5,176.5,False
pano2pano,20240502,outdoor,20240502/outdoor/1339_3F-study/R0013157.JPG,outdoor,2024-05-02T17:39:32Z,2024:05:02 13:39:57,40.454064,-79.920683,193.03,64.73,True,15.6,177.4,False
pano2pano,20240502,outdoor,20240502/outdoor/1339_3F-study/R0013155.JPG,outdoor,2024-05-02T17:39:32Z,2024:05:02 13:39:43,40.454064,-79.920683,193.03,64.73,True,15.1,177.9,False
pano2pano,20240502,outdoor,20240502/outdoor/1339_3F-study/R0013163.JPG,outdoor,2024-05-02T17:39:32Z,2024:05:02 13:40:34,40.454064,-79.920683,193.03,64.73,True,14.0,179.0,False
pano2pano,20240502,outdoor,20240502/outdoor/1339_3F-study/R0013162.JPG,outdoor,2024-05-02T17:39:32Z,2024:05:02 13:40:28,40.454064,-79.920683,193.03,64.73,True,15.0,178.0,False
pano2pano,20240502,outdoor,20240502/outdoor/1339_3F-study/R0013159.JPG,outdoor,2024-05-02T17:39:32Z,2024:05:02 13:40:09,40.454064,-79.920683,193.03,64.73,True,13.6,179.4,False
pano2pano,20240502,outdoor,20240502/outdoor/1339_3F-study/R0013158.JPG,outdoor,2024-05-02T17:39:32Z,2024:05:02 13:40:03,40.454064,-79.920683,193.03,64.73,True,11.9,178.9,False
pano2pano,20240502,outdoor,20240502/outdoor/1334_2F-study/R0013149.JPG,outdoor,2024-05-02T17:32:05Z,2024:05:02 13:35:22,40.453892,-79.920714,188.86,65.0,True,17.9,171.0,False
pano2pano,20240502,outdoor,20240502/outdoor/1334_2F-study/R0013148.JPG,outdoor,2024-05-02T17:32:05Z,2024:05:02 13:35:16,40.453892,-79.920714,188.86,65.0,True,16.4,172.5,False
pano2pano,20240502,outdoor,20240502/outdoor/1334_2F-study/R0013154.JPG,outdoor,2024-05-02T17:32:05Z,2024:05:02 13:35:53,40.453892,-79.920714,188.86,65.0,True,17.0,171.9,False
pano2pano,20240502,outdoor,20240502/outdoor/1334_2F-study/R0013150.JPG,outdoor,2024-05-02T17:32:05Z,2024:05:02 13:35:28,40.453892,-79.920714,188.86,65.0,True,16.3,172.6,False
pano2pano,20240502,outdoor,20240502/outdoor/1334_2F-study/R0013151.JPG,outdoor,2024-05-02T17:32:05Z,2024:05:02 13:35:34,40.453892,-79.920714,188.86,65.0,True,17.5,171.4,False
pano2pano,20240502,outdoor,20240502/outdoor/1334_2F-study/R0013153.JPG,outdoor,2024-05-02T17:32:05Z,2024:05:02 13:35:47,40.453892,-79.920714,188.86,65.0,True,14.0,174.9,False
pano2pano,20240502,outdoor,20240502/outdoor/1334_2F-study/R0013146.JPG,outdoor,2024-05-02T17:32:05Z,2024:05:02 13:35:02,40.453892,-79.920714,188.86,65.0,True,14.6,174.3,False
pano2pano,20240502,outdoor,20240502/outdoor/1334_2F-study/R0013152.JPG,outdoor,2024-05-02T17:32:05Z,2024:05:02 13:35:40,40.453892,-79.920714,188.86,65.0,True,17.0,171.9,False
pano2pano,20240502,outdoor,20240502/outdoor/1334_2F-study/R0013147.JPG,outdoor,2024-05-02T17:32:05Z,2024:05:02 13:35:09,40.453892,-79.920714,188.86,65.0,True,13.8,175.1,False
pano2pano,20240323,indoor,20240323/indoor/1324_E-Bedroom/R0011892.JPG,indoor,2024-03-23T17:23:27Z,2024:03:23 13:25:26,40.430022,-79.926661,178.97,51.0,True,82.5,96.5,False
pano2pano,20240323,indoor,20240323/indoor/1324_E-Bedroom/R0011887.JPG,indoor,2024-03-23T17:23:27Z,2024:03:23 13:24:56,40.430022,-79.926661,178.97,51.0,True,74.2,104.8,False
pano2pano,20240323,indoor,20240323/indoor/1324_E-Bedroom/R0011893.JPG,indoor,2024-03-23T17:23:27Z,2024:03:23 13:25:32,40.430022,-79.926661,178.97,51.0,True,80.8,98.2,False
pano2pano,20240323,indoor,20240323/indoor/1324_E-Bedroom/R0011886.JPG,indoor,2024-03-23T17:23:27Z,2024:03:23 13:24:49,40.430022,-79.926661,178.97,51.0,True,83.0,96.0,False
pano2pano,20240323,indoor,20240323/indoor/1324_E-Bedroom/R0011891.JPG,indoor,2024-03-23T17:23:27Z,2024:03:23 13:25:20,40.430022,-79.926661,178.97,51.0,True,81.3,97.7,False
pano2pano,20240323,indoor,20240323/indoor/1324_E-Bedroom/R0011885.JPG,indoor,2024-03-23T17:23:27Z,2024:03:23 13:24:41,40.430022,-79.926661,178.97,51.0,True,78.5,100.5,False
pano2pano,20240323,indoor,20240323/indoor/1324_E-Bedroom/R0011890.JPG,indoor,2024-03-23T17:23:27Z,2024:03:23 13:25:14,40.430022,-79.926661,178.97,51.0,True,76.7,102.3,False
pano2pano,20240323,indoor,20240323/indoor/1324_E-Bedroom/R0011888.JPG,indoor,2024-03-23T17:23:27Z,2024:03:23 13:25:02,40.430022,-79.926661,178.97,51.0,True,80.2,98.8,False
pano2pano,20240323,indoor,20240323/indoor/1324_E-Bedroom/R0011889.JPG,indoor,2024-03-23T17:23:27Z,2024:03:23 13:25:08,40.430022,-79.926661,178.97,51.0,True,83.2,95.8,False
pano2pano,20240323,indoor,20240323/indoor/1322_E-Bedroom/R0011880.JPG,indoor,2024-03-23T17:21:39Z,2024:03:23 13:22:58,40.430033,-79.926692,178.25,50.99,True,68.0,110.3,False
pano2pano,20240323,indoor,20240323/indoor/1322_E-Bedroom/R0011881.JPG,indoor,2024-03-23T17:21:39Z,2024:03:23 13:23:04,40.430033,-79.926692,178.25,50.99,True,77.6,100.7,False
pano2pano,20240323,indoor,20240323/indoor/1322_E-Bedroom/R0011883.JPG,indoor,2024-03-23T17:21:39Z,2024:03:23 13:23:16,40.430033,-79.926692,178.25,50.99,True,74.1,104.2,False
pano2pano,20240323,indoor,20240323/indoor/1322_E-Bedroom/R0011877.JPG,indoor,2024-03-23T17:21:39Z,2024:03:23 13:22:37,40.430033,-79.926692,178.25,50.99,True,82.4,95.9,False
pano2pano,20240323,indoor,20240323/indoor/1322_E-Bedroom/R0011876.JPG,indoor,2024-03-23T17:21:39Z,2024:03:23 13:22:30,40.430033,-79.926692,178.25,50.99,True,83.2,95.1,False
pano2pano,20240323,indoor,20240323/indoor/1322_E-Bedroom/R0011882.JPG,indoor,2024-03-23T17:21:39Z,2024:03:23 13:23:10,40.430033,-79.926692,178.25,50.99,True,82.6,95.7,False
pano2pano,20240323,indoor,20240323/indoor/1322_E-Bedroom/R0011878.JPG,indoor,2024-03-23T17:21:39Z,2024:03:23 13:22:44,40.430033,-79.926692,178.25,50.99,True,82.9,95.4,False
pano2pano,20240323,indoor,20240323/indoor/1322_E-Bedroom/R0011879.JPG,indoor,2024-03-23T17:21:39Z,2024:03:23 13:22:51,40.430033,-79.926692,178.25,50.99,True,75.9,102.4,False
pano2pano,20240323,indoor,20240323/indoor/1322_E-Bedroom/R0011884.JPG,indoor,2024-03-23T17:21:39Z,2024:03:23 13:23:22,40.430033,-79.926692,178.25,50.99,True,69.2,109.1,False
pano2pano,20240323,indoor,20240323/indoor/1319_E-Bedroom/R0011873.JPG,indoor,2024-03-23T17:17:58Z,2024:03:23 13:20:47,40.429972,-79.926656,176.79,50.96,True,75.8,101.0,False
pano2pano,20240323,indoor,20240323/indoor/1319_E-Bedroom/R0011872.JPG,indoor,2024-03-23T17:17:58Z,2024:03:23 13:20:41,40.429972,-79.926656,176.79,50.96,True,86.5,90.3,False
pano2pano,20240323,indoor,20240323/indoor/1319_E-Bedroom/R0011867.JPG,indoor,2024-03-23T17:17:58Z,2024:03:23 13:20:06,40.429972,-79.926656,176.79,50.96,True,82.1,94.7,False
pano2pano,20240323,indoor,20240323/indoor/1319_E-Bedroom/R0011870.JPG,indoor,2024-03-23T17:17:58Z,2024:03:23 13:20:28,40.429972,-79.926656,176.79,50.96,True,77.1,99.7,False
pano2pano,20240323,indoor,20240323/indoor/1319_E-Bedroom/R0011871.JPG,indoor,2024-03-23T17:17:58Z,2024:03:23 13:20:34,40.429972,-79.926656,176.79,50.96,True,66.6,110.2,False
pano2pano,20240323,indoor,20240323/indoor/1319_E-Bedroom/R0011869.JPG,indoor,2024-03-23T17:17:58Z,2024:03:23 13:20:21,40.429972,-79.926656,176.79,50.96,True,80.1,96.7,False
pano2pano,20240323,indoor,20240323/indoor/1319_E-Bedroom/R0011875.JPG,indoor,2024-03-23T17:17:58Z,2024:03:23 13:20:59,40.429972,-79.926656,176.79,50.96,True,83.0,93.8,False
pano2pano,20240323,indoor,20240323/indoor/1319_E-Bedroom/R0011874.JPG,indoor,2024-03-23T17:17:58Z,2024:03:23 13:20:53,40.429972,-79.926656,176.79,50.96,True,78.0,98.8,False
pano2pano,20240323,indoor,20240323/indoor/1319_E-Bedroom/R0011868.JPG,indoor,2024-03-23T17:17:58Z,2024:03:23 13:20:14,40.429972,-79.926656,176.79,50.96,True,80.5,96.3,False
pano2pano,20240225,indoor,20240225/indoor/1202_Dinning-in/R0011778.JPG,indoor,2024-02-25T17:00:34Z,2024:02:25 12:03:03,40.430033,-79.926697,169.61,39.93,True,91.5,78.1,True
pano2pano,20240225,indoor,20240225/indoor/1202_Dinning-in/R0011785.JPG,indoor,2024-02-25T17:00:34Z,2024:02:25 12:03:47,40.430033,-79.926697,169.61,39.93,True,93.0,76.6,True
pano2pano,20240225,indoor,20240225/indoor/1202_Dinning-in/R0011784.JPG,indoor,2024-02-25T17:00:34Z,2024:02:25 12:03:41,40.430033,-79.926697,169.61,39.93,True,93.7,75.9,True
pano2pano,20240225,indoor,20240225/indoor/1202_Dinning-in/R0011779.JPG,indoor,2024-02-25T17:00:34Z,2024:02:25 12:03:10,40.430033,-79.926697,169.61,39.93,True,99.9,69.7,True
pano2pano,20240225,indoor,20240225/indoor/1202_Dinning-in/R0011780.JPG,indoor,2024-02-25T17:00:34Z,2024:02:25 12:03:17,40.430033,-79.926697,169.61,39.93,True,87.9,81.7,True
pano2pano,20240225,indoor,20240225/indoor/1202_Dinning-in/R0011781.JPG,indoor,2024-02-25T17:00:34Z,2024:02:25 12:03:23,40.430033,-79.926697,169.61,39.93,True,90.4,79.2,True
pano2pano,20240225,indoor,20240225/indoor/1202_Dinning-in/R0011777.JPG,indoor,2024-02-25T17:00:34Z,2024:02:25 12:02:55,40.430033,-79.926697,169.61,39.93,True,96.3,73.3,True
pano2pano,20240225,indoor,20240225/indoor/1202_Dinning-in/R0011783.JPG,indoor,2024-02-25T17:00:34Z,2024:02:25 12:03:35,40.430033,-79.926697,169.61,39.93,True,88.3,81.3,True
pano2pano,20240225,indoor,20240225/indoor/1202_Dinning-in/R0011782.JPG,indoor,2024-02-25T17:00:34Z,2024:02:25 12:03:29,40.430033,-79.926697,169.61,39.93,True,84.2,85.4,True
pano2pano,20240225,indoor,20240225/indoor/1152_Kitchen-in/R0011753.JPG,indoor,2024-02-25T16:53:40Z,2024:02:25 11:54:12,40.430033,-79.926697,167.42,39.67,True,260.1,92.7,False
pano2pano,20240225,indoor,20240225/indoor/1152_Kitchen-in/R0011752.JPG,indoor,2024-02-25T16:53:40Z,2024:02:25 11:54:06,40.430033,-79.926697,167.42,39.67,True,261.2,93.8,False
pano2pano,20240225,indoor,20240225/indoor/1152_Kitchen-in/R0011750.JPG,indoor,2024-02-25T16:53:40Z,2024:02:25 11:53:51,40.430033,-79.926697,167.42,39.67,True,263.9,96.5,False
pano2pano,20240225,indoor,20240225/indoor/1152_Kitchen-in/R0011758.JPG,indoor,2024-02-25T16:53:40Z,2024:02:25 11:54:42,40.430033,-79.926697,167.42,39.67,True,259.8,92.4,False
pano2pano,20240225,indoor,20240225/indoor/1152_Kitchen-in/R0011751.JPG,indoor,2024-02-25T16:53:40Z,2024:02:25 11:53:58,40.430033,-79.926697,167.42,39.67,True,260.9,93.5,False
pano2pano,20240225,indoor,20240225/indoor/1152_Kitchen-in/R0011755.JPG,indoor,2024-02-25T16:53:40Z,2024:02:25 11:54:25,40.430033,-79.926697,167.42,39.67,True,263.0,95.6,False
pano2pano,20240225,indoor,20240225/indoor/1152_Kitchen-in/R0011754.JPG,indoor,2024-02-25T16:53:40Z,2024:02:25 11:54:19,40.430033,-79.926697,167.42,39.67,True,257.2,89.8,True
pano2pano,20240225,indoor,20240225/indoor/1152_Kitchen-in/R0011756.JPG,indoor,2024-02-25T16:53:40Z,2024:02:25 11:54:31,40.430033,-79.926697,167.42,39.67,True,259.0,91.6,False
pano2pano,20240225,indoor,20240225/indoor/1152_Kitchen-in/R0011757.JPG,indoor,2024-02-25T16:53:40Z,2024:02:25 11:54:37,40.430033,-79.926697,167.42,39.67,True,260.9,93.5,False
pano2pano,20240330,indoor,20240330/indoor/1350_living+lit/R0012663.JPG,indoor,2024-03-30T17:50:35Z,2024:03:30 13:51:06,40.447247,-79.895781,191.2,53.23,True,304.8,113.6,False
pano2pano,20240330,indoor,20240330/indoor/1350_living+lit/R0012662.JPG,indoor,2024-03-30T17:50:35Z,2024:03:30 13:51:00,40.447247,-79.895781,191.2,53.23,True,308.6,117.4,False
pano2pano,20240330,indoor,20240330/indoor/1350_living+lit/R0012660.JPG,indoor,2024-03-30T17:50:35Z,2024:03:30 13:50:45,40.447247,-79.895781,191.2,53.23,True,304.1,112.9,False
pano2pano,20240330,indoor,20240330/indoor/1350_living+lit/R0012661.JPG,indoor,2024-03-30T17:50:35Z,2024:03:30 13:50:53,40.447247,-79.895781,191.2,53.23,True,309.7,118.5,False
pano2pano,20240330,indoor,20240330/indoor/1350_living+lit/R0012668.JPG,indoor,2024-03-30T17:50:35Z,2024:03:30 13:51:37,40.447247,-79.895781,191.2,53.23,True,306.1,114.9,False
pano2pano,20240330,indoor,20240330/indoor/1350_living+lit/R0012665.JPG,indoor,2024-03-30T17:50:35Z,2024:03:30 13:51:19,40.447247,-79.895781,191.2,53.23,True,310.6,119.4,False
pano2pano,20240330,indoor,20240330/indoor/1350_living+lit/R0012664.JPG,indoor,2024-03-30T17:50:35Z,2024:03:30 13:51:13,40.447247,-79.895781,191.2,53.23,True,311.0,119.8,False
pano2pano,20240330,indoor,20240330/indoor/1350_living+lit/R0012666.JPG,indoor,2024-03-30T17:50:35Z,2024:03:30 13:51:25,40.447247,-79.895781,191.2,53.23,True,312.8,121.6,False
pano2pano,20240330,indoor,20240330/indoor/1350_living+lit/R0012667.JPG,indoor,2024-03-30T17:50:35Z,2024:03:30 13:51:31,40.447247,-79.895781,191.2,53.23,True,310.6,119.4,False
pano2pano,20240330,indoor,20240330/indoor/1401_office+lit/R0012703.JPG,indoor,2024-03-30T18:01:16Z,2024:03:30 14:03:10,40.447219,-79.895828,195.55,52.76,True,312.4,116.8,False
pano2pano,20240330,indoor,20240330/indoor/1401_office+lit/R0012702.JPG,indoor,2024-03-30T18:01:16Z,2024:03:30 14:03:04,40.447219,-79.895828,195.55,52.76,True,310.9,115.3,False
pano2pano,20240330,indoor,20240330/indoor/1401_office+lit/R0012700.JPG,indoor,2024-03-30T18:01:16Z,2024:03:30 14:02:52,40.447219,-79.895828,195.55,52.76,True,310.3,114.7,False
pano2pano,20240330,indoor,20240330/indoor/1401_office+lit/R0012696.JPG,indoor,2024-03-30T18:01:16Z,2024:03:30 14:02:24,40.447219,-79.895828,195.55,52.76,True,314.2,118.6,False
pano2pano,20240330,indoor,20240330/indoor/1401_office+lit/R0012697.JPG,indoor,2024-03-30T18:01:16Z,2024:03:30 14:02:32,40.447219,-79.895828,195.55,52.76,True,313.1,117.5,False
pano2pano,20240330,indoor,20240330/indoor/1401_office+lit/R0012701.JPG,indoor,2024-03-30T18:01:16Z,2024:03:30 14:02:58,40.447219,-79.895828,195.55,52.76,True,315.6,120.0,False
pano2pano,20240330,indoor,20240330/indoor/1401_office+lit/R0012704.JPG,indoor,2024-03-30T18:01:16Z,2024:03:30 14:03:16,40.447219,-79.895828,195.55,52.76,True,308.5,112.9,False
pano2pano,20240330,indoor,20240330/indoor/1401_office+lit/R0012699.JPG,indoor,2024-03-30T18:01:16Z,2024:03:30 14:02:45,40.447219,-79.895828,195.55,52.76,True,314.1,118.5,False
pano2pano,20240330,indoor,20240330/indoor/1401_office+lit/R0012698.JPG,indoor,2024-03-30T18:01:16Z,2024:03:30 14:02:39,40.447219,-79.895828,195.55,52.76,True,307.9,112.3,False
pano2pano,20240502,indoor,20240502/indoor/1353_3F-bedroom/R0013212.JPG,indoor,2024-05-02T17:53:11Z,2024:05:02 13:54:18,40.453892,-79.920733,200.43,63.99,True,212.5,12.1,True
pano2pano,20240502,indoor,20240502/indoor/1353_3F-bedroom/R0013213.JPG,indoor,2024-05-02T17:53:11Z,2024:05:02 13:54:24,40.453892,-79.920733,200.43,63.99,True,205.0,4.6,True
pano2pano,20240502,indoor,20240502/indoor/1353_3F-bedroom/R0013211.JPG,indoor,2024-05-02T17:53:11Z,2024:05:02 13:54:11,40.453892,-79.920733,200.43,63.99,True,212.6,12.2,True
pano2pano,20240502,indoor,20240502/indoor/1353_3F-bedroom/R0013210.JPG,indoor,2024-05-02T17:53:11Z,2024:05:02 13:54:04,40.453892,-79.920733,200.43,63.99,True,203.1,2.7,True
pano2pano,20240502,indoor,20240502/indoor/1353_3F-bedroom/R0013214.JPG,indoor,2024-05-02T17:53:11Z,2024:05:02 13:54:30,40.453892,-79.920733,200.43,63.99,True,200.9,0.5,True
pano2pano,20240502,indoor,20240502/indoor/1353_3F-bedroom/R0013209.JPG,indoor,2024-05-02T17:53:11Z,2024:05:02 13:53:58,40.453892,-79.920733,200.43,63.99,True,203.1,2.7,True
pano2pano,20240502,indoor,20240502/indoor/1353_3F-bedroom/R0013215.JPG,indoor,2024-05-02T17:53:11Z,2024:05:02 13:54:37,40.453892,-79.920733,200.43,63.99,True,203.5,3.1,True
pano2pano,20240502,indoor,20240502/indoor/1353_3F-bedroom/R0013217.JPG,indoor,2024-05-02T17:53:11Z,2024:05:02 13:54:49,40.453892,-79.920733,200.43,63.99,True,217.5,17.1,True
pano2pano,20240502,indoor,20240502/indoor/1353_3F-bedroom/R0013216.JPG,indoor,2024-05-02T17:53:11Z,2024:05:02 13:54:43,40.453892,-79.920733,200.43,63.99,True,197.7,2.7,True
pano2pano,20240502,indoor,20240502/indoor/1349_3F-bedroom/R0013194.JPG,indoor,2024-05-02T17:43:29Z,2024:05:02 13:50:20,40.454039,-79.920569,195.21,64.55,True,190.2,5.0,True
pano2pano,20240502,indoor,20240502/indoor/1349_3F-bedroom/R0013195.JPG,indoor,2024-05-02T17:43:29Z,2024:05:02 13:50:26,40.454039,-79.920569,195.21,64.55,True,192.0,3.2,True
pano2pano,20240502,indoor,20240502/indoor/1349_3F-bedroom/R0013197.JPG,indoor,2024-05-02T17:43:29Z,2024:05:02 13:50:38,40.454039,-79.920569,195.21,64.55,True,186.9,8.3,True
pano2pano,20240502,indoor,20240502/indoor/1349_3F-bedroom/R0013196.JPG,indoor,2024-05-02T17:43:29Z,2024:05:02 13:50:32,40.454039,-79.920569,195.21,64.55,True,187.1,8.1,True
pano2pano,20240502,indoor,20240502/indoor/1349_3F-bedroom/R0013192.JPG,indoor,2024-05-02T17:43:29Z,2024:05:02 13:50:06,40.454039,-79.920569,195.21,64.55,True,193.0,2.2,True
pano2pano,20240502,indoor,20240502/indoor/1349_3F-bedroom/R0013193.JPG,indoor,2024-05-02T17:43:29Z,2024:05:02 13:50:13,40.454039,-79.920569,195.21,64.55,True,188.7,6.5,True
pano2pano,20240502,indoor,20240502/indoor/1349_3F-bedroom/R0013198.JPG,indoor,2024-05-02T17:43:29Z,2024:05:02 13:50:44,40.454039,-79.920569,195.21,64.55,True,189.3,5.9,True
pano2pano,20240502,indoor,20240502/indoor/1349_3F-bedroom/R0013191.JPG,indoor,2024-05-02T17:43:29Z,2024:05:02 13:49:59,40.454039,-79.920569,195.21,64.55,True,188.4,6.8,True
pano2pano,20240502,indoor,20240502/indoor/1349_3F-bedroom/R0013199.JPG,indoor,2024-05-02T17:43:29Z,2024:05:02 13:50:50,40.454039,-79.920569,195.21,64.55,True,191.8,3.4,True
pano2pano,20240502,indoor,20240502/indoor/1410_1F-kitchen/R0013256.JPG,indoor,2024-05-02T18:10:11Z,2024:05:02 14:10:37,40.453983,-79.920747,209.04,62.64,True,332.6,123.6,False
pano2pano,20240502,indoor,20240502/indoor/1410_1F-kitchen/R0013260.JPG,indoor,2024-05-02T18:10:11Z,2024:05:02 14:11:02,40.453983,-79.920747,209.04,62.64,True,339.1,130.1,False
pano2pano,20240502,indoor,20240502/indoor/1410_1F-kitchen/R0013261.JPG,indoor,2024-05-02T18:10:11Z,2024:05:02 14:11:08,40.453983,-79.920747,209.04,62.64,True,324.7,115.7,False
pano2pano,20240502,indoor,20240502/indoor/1410_1F-kitchen/R0013257.JPG,indoor,2024-05-02T18:10:11Z,2024:05:02 14:10:43,40.453983,-79.920747,209.04,62.64,True,332.6,123.6,False
pano2pano,20240502,indoor,20240502/indoor/1410_1F-kitchen/R0013255.JPG,indoor,2024-05-02T18:10:11Z,2024:05:02 14:10:30,40.453983,-79.920747,209.04,62.64,True,330.3,121.3,False
pano2pano,20240502,indoor,20240502/indoor/1410_1F-kitchen/R0013262.JPG,indoor,2024-05-02T18:10:11Z,2024:05:02 14:11:14,40.453983,-79.920747,209.04,62.64,True,329.2,120.2,False
pano2pano,20240502,indoor,20240502/indoor/1410_1F-kitchen/R0013254.JPG,indoor,2024-05-02T18:10:11Z,2024:05:02 14:10:22,40.453983,-79.920747,209.04,62.64,True,335.5,126.5,False
pano2pano,20240502,indoor,20240502/indoor/1410_1F-kitchen/R0013259.JPG,indoor,2024-05-02T18:10:11Z,2024:05:02 14:10:56,40.453983,-79.920747,209.04,62.64,True,342.3,133.3,False
pano2pano,20240502,indoor,20240502/indoor/1410_1F-kitchen/R0013258.JPG,indoor,2024-05-02T18:10:11Z,2024:05:02 14:10:49,40.453983,-79.920747,209.04,62.64,True,331.9,122.9,False
pano2pano,20240502,indoor,20240502/indoor/1351_3F-bedroom/R0013201.JPG,indoor,2024-05-02T17:51:34Z,2024:05:02 13:52:12,40.453861,-79.920817,199.58,64.09,True,195.0,4.6,True
pano2pano,20240502,indoor,20240502/indoor/1351_3F-bedroom/R0013208.JPG,indoor,2024-05-02T17:51:34Z,2024:05:02 13:52:56,40.453861,-79.920817,199.58,64.09,True,189.3,10.3,True
pano2pano,20240502,indoor,20240502/indoor/1351_3F-bedroom/R0013200.JPG,indoor,2024-05-02T17:51:34Z,2024:05:02 13:52:05,40.453861,-79.920817,199.58,64.09,True,195.6,4.0,True
pano2pano,20240502,indoor,20240502/indoor/1351_3F-bedroom/R0013202.JPG,indoor,2024-05-02T17:51:34Z,2024:05:02 13:52:19,40.453861,-79.920817,199.58,64.09,True,192.2,7.4,True
pano2pano,20240502,indoor,20240502/indoor/1351_3F-bedroom/R0013203.JPG,indoor,2024-05-02T17:51:34Z,2024:05:02 13:52:25,40.453861,-79.920817,199.58,64.09,True,190.7,8.9,True
pano2pano,20240502,indoor,20240502/indoor/1351_3F-bedroom/R0013207.JPG,indoor,2024-05-02T17:51:34Z,2024:05:02 13:52:50,40.453861,-79.920817,199.58,64.09,True,196.7,2.9,True
pano2pano,20240502,indoor,20240502/indoor/1351_3F-bedroom/R0013206.JPG,indoor,2024-05-02T17:51:34Z,2024:05:02 13:52:44,40.453861,-79.920817,199.58,64.09,True,185.6,14.0,True
pano2pano,20240502,indoor,20240502/indoor/1351_3F-bedroom/R0013204.JPG,indoor,2024-05-02T17:51:34Z,2024:05:02 13:52:31,40.453861,-79.920817,199.58,64.09,True,199.1,0.5,True
pano2pano,20240502,indoor,20240502/indoor/1351_3F-bedroom/R0013205.JPG,indoor,2024-05-02T17:51:34Z,2024:05:02 13:52:38,40.453861,-79.920817,199.58,64.09,True,189.8,9.8,True
pano2pano,20240502,outdoor,20240502/outdoor/1432_1F-living/R0013334.JPG,outdoor,2024-05-02T18:31:10Z,2024:05:02 14:32:15,40.453869,-79.920686,218.57,60.42,True,204.1,14.5,True
pano2pano,20240502,outdoor,20240502/outdoor/1432_1F-living/R0013328.JPG,outdoor,2024-05-02T18:31:10Z,2024:05:02 14:31:37,40.453869,-79.920686,218.57,60.42,True,197.9,20.7,True
pano2pano,20240502,outdoor,20240502/outdoor/1432_1F-living/R0013329.JPG,outdoor,2024-05-02T18:31:10Z,2024:05:02 14:31:43,40.453869,-79.920686,218.57,60.42,True,205.0,13.6,True
pano2pano,20240502,outdoor,20240502/outdoor/1432_1F-living/R0013331.JPG,outdoor,2024-05-02T18:31:10Z,2024:05:02 14:31:56,40.453869,-79.920686,218.57,60.42,True,199.6,19.0,True
pano2pano,20240502,outdoor,20240502/outdoor/1432_1F-living/R0013330.JPG,outdoor,2024-05-02T18:31:10Z,2024:05:02 14:31:50,40.453869,-79.920686,218.57,60.42,True,199.8,18.8,True
pano2pano,20240502,outdoor,20240502/outdoor/1432_1F-living/R0013327.JPG,outdoor,2024-05-02T18:31:10Z,2024:05:02 14:31:30,40.453869,-79.920686,218.57,60.42,True,200.8,17.8,True
pano2pano,20240502,outdoor,20240502/outdoor/1432_1F-living/R0013332.JPG,outdoor,2024-05-02T18:31:10Z,2024:05:02 14:32:03,40.453869,-79.920686,218.57,60.42,True,211.4,7.2,True
pano2pano,20240502,outdoor,20240502/outdoor/1432_1F-living/R0013326.JPG,outdoor,2024-05-02T18:31:10Z,2024:05:02 14:31:23,40.453869,-79.920686,218.57,60.42,True,200.8,17.8,True
pano2pano,20240502,outdoor,20240502/outdoor/1432_1F-living/R0013333.JPG,outdoor,2024-05-02T18:31:10Z,2024:05:02 14:32:09,40.453869,-79.920686,218.57,60.42,True,206.5,12.1,True
pano2pano,20240323,outdoor,20240323/outdoor/1317_E-Bedroom/R0011866.JPG,outdoor,2024-03-23T17:16:05Z,2024:03:23 13:17:47,40.43,-79.926697,176.05,50.93,True,61.2,114.8,False
pano2pano,20240323,outdoor,20240323/outdoor/1317_E-Bedroom/R0011859.JPG,outdoor,2024-03-23T17:16:05Z,2024:03:23 13:17:02,40.43,-79.926697,176.05,50.93,True,60.5,115.5,False
pano2pano,20240323,outdoor,20240323/outdoor/1317_E-Bedroom/R0011858.JPG,outdoor,2024-03-23T17:16:05Z,2024:03:23 13:16:54,40.43,-79.926697,176.05,50.93,True,58.6,117.4,False
pano2pano,20240323,outdoor,20240323/outdoor/1317_E-Bedroom/R0011865.JPG,outdoor,2024-03-23T17:16:05Z,2024:03:23 13:17:41,40.43,-79.926697,176.05,50.93,True,59.7,116.3,False
pano2pano,20240323,outdoor,20240323/outdoor/1317_E-Bedroom/R0011864.JPG,outdoor,2024-03-23T17:16:05Z,2024:03:23 13:17:35,40.43,-79.926697,176.05,50.93,True,62.1,113.9,False
pano2pano,20240323,outdoor,20240323/outdoor/1317_E-Bedroom/R0011860.JPG,outdoor,2024-03-23T17:16:05Z,2024:03:23 13:17:09,40.43,-79.926697,176.05,50.93,True,62.7,113.3,False
pano2pano,20240323,outdoor,20240323/outdoor/1317_E-Bedroom/R0011861.JPG,outdoor,2024-03-23T17:16:05Z,2024:03:23 13:17:15,40.43,-79.926697,176.05,50.93,True,63.0,113.0,False
pano2pano,20240323,outdoor,20240323/outdoor/1317_E-Bedroom/R0011863.JPG,outdoor,2024-03-23T17:16:05Z,2024:03:23 13:17:28,40.43,-79.926697,176.05,50.93,True,62.9,113.1,False
pano2pano,20240323,outdoor,20240323/outdoor/1317_E-Bedroom/R0011862.JPG,outdoor,2024-03-23T17:16:05Z,2024:03:23 13:17:21,40.43,-79.926697,176.05,50.93,True,51.0,125.0,False
pano2pano,20240323,indoor,20240323/indoor/1406_SW_Bedroom/R0011995.JPG,indoor,2024-03-23T18:05:05Z,2024:03:23 14:06:45,40.429983,-79.926694,195.29,50.02,True,201.1,5.8,True
pano2pano,20240323,indoor,20240323/indoor/1406_SW_Bedroom/R0011994.JPG,indoor,2024-03-23T18:05:05Z,2024:03:23 14:06:38,40.429983,-79.926694,195.29,50.02,True,198.0,2.7,True
pano2pano,20240323,indoor,20240323/indoor/1406_SW_Bedroom/R0011996.JPG,indoor,2024-03-23T18:05:05Z,2024:03:23 14:06:51,40.429983,-79.926694,195.29,50.02,True,209.4,14.1,True
pano2pano,20240323,indoor,20240323/indoor/1406_SW_Bedroom/R0011997.JPG,indoor,2024-03-23T18:05:05Z,2024:03:23 14:06:57,40.429983,-79.926694,195.29,50.02,True,195.0,0.3,True
pano2pano,20240323,indoor,20240323/indoor/1406_SW_Bedroom/R0011993.JPG,indoor,2024-03-23T18:05:05Z,2024:03:23 14:06:30,40.429983,-79.926694,195.29,50.02,True,199.6,4.3,True
pano2pano,20240323,indoor,20240323/indoor/1406_SW_Bedroom/R0012001.JPG,indoor,2024-03-23T18:05:05Z,2024:03:23 14:07:21,40.429983,-79.926694,195.29,50.02,True,213.0,17.7,True
pano2pano,20240323,indoor,20240323/indoor/1406_SW_Bedroom/R0011999.JPG,indoor,2024-03-23T18:05:05Z,2024:03:23 14:07:09,40.429983,-79.926694,195.29,50.02,True,195.5,0.2,True
pano2pano,20240323,indoor,20240323/indoor/1406_SW_Bedroom/R0011998.JPG,indoor,2024-03-23T18:05:05Z,2024:03:23 14:07:03,40.429983,-79.926694,195.29,50.02,True,205.1,9.8,True
pano2pano,20240323,indoor,20240323/indoor/1406_SW_Bedroom/R0012000.JPG,indoor,2024-03-23T18:05:05Z,2024:03:23 14:07:16,40.429983,-79.926694,195.29,50.02,True,196.8,1.5,True
pano2pano,20240323,indoor,20240323/indoor/1333_SE-Bedroom/R0011910.JPG,indoor,2024-03-23T17:31:58Z,2024:03:23 13:34:47,40.429883,-79.926547,182.35,50.98,True,188.7,6.3,True
pano2pano,20240323,indoor,20240323/indoor/1333_SE-Bedroom/R0011905.JPG,indoor,2024-03-23T17:31:58Z,2024:03:23 13:34:15,40.429883,-79.926547,182.35,50.98,True,195.1,12.7,True
pano2pano,20240323,indoor,20240323/indoor/1333_SE-Bedroom/R0011911.JPG,indoor,2024-03-23T17:31:58Z,2024:03:23 13:34:52,40.429883,-79.926547,182.35,50.98,True,199.5,17.1,True
pano2pano,20240323,indoor,20240323/indoor/1333_SE-Bedroom/R0011904.JPG,indoor,2024-03-23T17:31:58Z,2024:03:23 13:34:08,40.429883,-79.926547,182.35,50.98,True,196.8,14.4,True
pano2pano,20240323,indoor,20240323/indoor/1333_SE-Bedroom/R0011906.JPG,indoor,2024-03-23T17:31:58Z,2024:03:23 13:34:22,40.429883,-79.926547,182.35,50.98,True,199.9,17.5,True
pano2pano,20240323,indoor,20240323/indoor/1333_SE-Bedroom/R0011907.JPG,indoor,2024-03-23T17:31:58Z,2024:03:23 13:34:28,40.429883,-79.926547,182.35,50.98,True,199.7,17.3,True
pano2pano,20240323,indoor,20240323/indoor/1333_SE-Bedroom/R0011903.JPG,indoor,2024-03-23T17:31:58Z,2024:03:23 13:34:01,40.429883,-79.926547,182.35,50.98,True,199.1,16.7,True
pano2pano,20240323,indoor,20240323/indoor/1333_SE-Bedroom/R0011909.JPG,indoor,2024-03-23T17:31:58Z,2024:03:23 13:34:41,40.429883,-79.926547,182.35,50.98,True,194.7,12.3,True
pano2pano,20240323,indoor,20240323/indoor/1333_SE-Bedroom/R0011908.JPG,indoor,2024-03-23T17:31:58Z,2024:03:23 13:34:35,40.429883,-79.926547,182.35,50.98,True,195.6,13.2,True
pano2pano,20240323,indoor,20240323/indoor/1338_SE-Bedroom/R0011926.JPG,indoor,2024-03-23T17:37:15Z,2024:03:23 13:39:08,40.430022,-79.926661,184.44,50.92,True,194.8,10.4,True
pano2pano,20240323,indoor,20240323/indoor/1338_SE-Bedroom/R0011927.JPG,indoor,2024-03-23T17:37:15Z,2024:03:23 13:39:14,40.430022,-79.926661,184.44,50.92,True,205.6,21.2,True
pano2pano,20240323,indoor,20240323/indoor/1338_SE-Bedroom/R0011925.JPG,indoor,2024-03-23T17:37:15Z,2024:03:23 13:39:01,40.430022,-79.926661,184.44,50.92,True,201.5,17.1,True
pano2pano,20240323,indoor,20240323/indoor/1338_SE-Bedroom/R0011924.JPG,indoor,2024-03-23T17:37:15Z,2024:03:23 13:38:55,40.430022,-79.926661,184.44,50.92,True,202.8,18.4,True
pano2pano,20240323,indoor,20240323/indoor/1338_SE-Bedroom/R0011929.JPG,indoor,2024-03-23T17:37:15Z,2024:03:23 13:39:26,40.430022,-79.926661,184.44,50.92,True,194.5,10.1,True
pano2pano,20240323,indoor,20240323/indoor/1338_SE-Bedroom/R0011928.JPG,indoor,2024-03-23T17:37:15Z,2024:03:23 13:39:20,40.430022,-79.926661,184.44,50.92,True,197.0,12.6,True
pano2pano,20240323,indoor,20240323/indoor/1338_SE-Bedroom/R0011921.JPG,indoor,2024-03-23T17:37:15Z,2024:03:23 13:38:34,40.430022,-79.926661,184.44,50.92,True,201.1,16.7,True
pano2pano,20240323,indoor,20240323/indoor/1338_SE-Bedroom/R0011923.JPG,indoor,2024-03-23T17:37:15Z,2024:03:23 13:38:48,40.430022,-79.926661,184.44,50.92,True,202.4,18.0,True
pano2pano,20240323,indoor,20240323/indoor/1338_SE-Bedroom/R0011922.JPG,indoor,2024-03-23T17:37:15Z,2024:03:23 13:38:41,40.430022,-79.926661,184.44,50.92,True,201.8,17.4,True
pano2pano,20240323,indoor,20240323/indoor/1401_SW_Bedroom/R0011978.JPG,indoor,2024-03-23T17:59:54Z,2024:03:23 14:01:47,40.43,-79.926739,193.31,50.26,True,203.3,10.0,True
pano2pano,20240323,indoor,20240323/indoor/1401_SW_Bedroom/R0011979.JPG,indoor,2024-03-23T17:59:54Z,2024:03:23 14:01:53,40.43,-79.926739,193.31,50.26,True,202.8,9.5,True
pano2pano,20240323,indoor,20240323/indoor/1401_SW_Bedroom/R0011977.JPG,indoor,2024-03-23T17:59:54Z,2024:03:23 14:01:40,40.43,-79.926739,193.31,50.26,True,205.3,12.0,True
pano2pano,20240323,indoor,20240323/indoor/1401_SW_Bedroom/R0011983.JPG,indoor,2024-03-23T17:59:54Z,2024:03:23 14:02:18,40.43,-79.926739,193.31,50.26,True,205.4,12.1,True
pano2pano,20240323,indoor,20240323/indoor/1401_SW_Bedroom/R0011982.JPG,indoor,2024-03-23T17:59:54Z,2024:03:23 14:02:12,40.43,-79.926739,193.31,50.26,True,196.6,3.3,True
pano2pano,20240323,indoor,20240323/indoor/1401_SW_Bedroom/R0011976.JPG,indoor,2024-03-23T17:59:54Z,2024:03:23 14:01:34,40.43,-79.926739,193.31,50.26,True,201.9,8.6,True
pano2pano,20240323,indoor,20240323/indoor/1401_SW_Bedroom/R0011980.JPG,indoor,2024-03-23T17:59:54Z,2024:03:23 14:02:00,40.43,-79.926739,193.31,50.26,True,199.7,6.4,True
pano2pano,20240323,indoor,20240323/indoor/1401_SW_Bedroom/R0011975.JPG,indoor,2024-03-23T17:59:54Z,2024:03:23 14:01:26,40.43,-79.926739,193.31,50.26,True,197.9,4.6,True
pano2pano,20240323,indoor,20240323/indoor/1401_SW_Bedroom/R0011981.JPG,indoor,2024-03-23T17:59:54Z,2024:03:23 14:02:06,40.43,-79.926739,193.31,50.26,True,201.4,8.1,True
pano2pano,20240323,indoor,20240323/indoor/1403_SW_Bedroom/R0011989.JPG,indoor,2024-03-23T18:02:22Z,2024:03:23 14:04:33,40.430111,-79.926789,194.25,50.15,True,201.8,7.5,True
pano2pano,20240323,indoor,20240323/indoor/1403_SW_Bedroom/R0011988.JPG,indoor,2024-03-23T18:02:22Z,2024:03:23 14:04:27,40.430111,-79.926789,194.25,50.15,True,199.0,4.7,True
pano2pano,20240323,indoor,20240323/indoor/1403_SW_Bedroom/R0011985.JPG,indoor,2024-03-23T18:02:22Z,2024:03:23 14:04:08,40.430111,-79.926789,194.25,50.15,True,198.7,4.4,True
pano2pano,20240323,indoor,20240323/indoor/1403_SW_Bedroom/R0011990.JPG,indoor,2024-03-23T18:02:22Z,2024:03:23 14:04:39,40.430111,-79.926789,194.25,50.15,True,198.0,3.7,True
pano2pano,20240323,indoor,20240323/indoor/1403_SW_Bedroom/R0011984.JPG,indoor,2024-03-23T18:02:22Z,2024:03:23 14:03:59,40.430111,-79.926789,194.25,50.15,True,192.5,1.8,True
pano2pano,20240323,indoor,20240323/indoor/1403_SW_Bedroom/R0011991.JPG,indoor,2024-03-23T18:02:22Z,2024:03:23 14:04:45,40.430111,-79.926789,194.25,50.15,True,192.7,1.6,True
pano2pano,20240323,indoor,20240323/indoor/1403_SW_Bedroom/R0011986.JPG,indoor,2024-03-23T18:02:22Z,2024:03:23 14:04:14,40.430111,-79.926789,194.25,50.15,True,193.1,1.2,True
pano2pano,20240323,indoor,20240323/indoor/1403_SW_Bedroom/R0011992.JPG,indoor,2024-03-23T18:02:22Z,2024:03:23 14:04:51,40.430111,-79.926789,194.25,50.15,True,199.7,5.4,True
pano2pano,20240323,indoor,20240323/indoor/1403_SW_Bedroom/R0011987.JPG,indoor,2024-03-23T18:02:22Z,2024:03:23 14:04:20,40.430111,-79.926789,194.25,50.15,True,199.3,5.0,True
pano2pano,20240323,indoor,20240323/indoor/1335_SE-Bedroom/R0011912.JPG,indoor,2024-03-23T17:34:57Z,2024:03:23 13:36:18,40.430022,-79.926661,183.53,50.95,True,185.5,2.0,True
pano2pano,20240323,indoor,20240323/indoor/1335_SE-Bedroom/R0011913.JPG,indoor,2024-03-23T17:34:57Z,2024:03:23 13:36:26,40.430022,-79.926661,183.53,50.95,True,198.3,14.8,True
pano2pano,20240323,indoor,20240323/indoor/1335_SE-Bedroom/R0011918.JPG,indoor,2024-03-23T17:34:57Z,2024:03:23 13:36:57,40.430022,-79.926661,183.53,50.95,True,194.2,10.7,True
pano2pano,20240323,indoor,20240323/indoor/1335_SE-Bedroom/R0011919.JPG,indoor,2024-03-23T17:34:57Z,2024:03:23 13:37:04,40.430022,-79.926661,183.53,50.95,True,187.2,3.7,True
pano2pano,20240323,indoor,20240323/indoor/1335_SE-Bedroom/R0011914.JPG,indoor,2024-03-23T17:34:57Z,2024:03:23 13:36:32,40.430022,-79.926661,183.53,50.95,True,195.1,11.6,True
pano2pano,20240323,indoor,20240323/indoor/1335_SE-Bedroom/R0011915.JPG,indoor,2024-03-23T17:34:57Z,2024:03:23 13:36:38,40.430022,-79.926661,183.53,50.95,True,188.1,4.6,True
pano2pano,20240323,indoor,20240323/indoor/1335_SE-Bedroom/R0011917.JPG,indoor,2024-03-23T17:34:57Z,2024:03:23 13:36:51,40.430022,-79.926661,183.53,50.95,True,195.7,12.2,True
pano2pano,20240323,indoor,20240323/indoor/1335_SE-Bedroom/R0011920.JPG,indoor,2024-03-23T17:34:57Z,2024:03:23 13:37:09,40.430022,-79.926661,183.53,50.95,True,194.2,10.7,True
pano2pano,20240323,indoor,20240323/indoor/1335_SE-Bedroom/R0011916.JPG,indoor,2024-03-23T17:34:57Z,2024:03:23 13:36:45,40.430022,-79.926661,183.53,50.95,True,190.2,6.7,True
pano2pano,20240225,outdoor,20240225/outdoor/1208_Living-out/R0011800.JPG,outdoor,2024-02-25T17:06:46Z,2024:02:25 12:09:14,40.430033,-79.926697,171.6,40.13,True,22.6,149.0,False
pano2pano,20240225,outdoor,20240225/outdoor/1208_Living-out/R0011795.JPG,outdoor,2024-02-25T17:06:46Z,2024:02:25 12:08:41,40.430033,-79.926697,171.6,40.13,True,23.8,147.8,False
pano2pano,20240225,outdoor,20240225/outdoor/1208_Living-out/R0011801.JPG,outdoor,2024-02-25T17:06:46Z,2024:02:25 12:09:20,40.430033,-79.926697,171.6,40.13,True,26.0,145.6,False
pano2pano,20240225,outdoor,20240225/outdoor/1208_Living-out/R0011803.JPG,outdoor,2024-02-25T17:06:46Z,2024:02:25 12:09:32,40.430033,-79.926697,171.6,40.13,True,23.4,148.2,False
pano2pano,20240225,outdoor,20240225/outdoor/1208_Living-out/R0011796.JPG,outdoor,2024-02-25T17:06:46Z,2024:02:25 12:08:48,40.430033,-79.926697,171.6,40.13,True,22.7,148.9,False
pano2pano,20240225,outdoor,20240225/outdoor/1208_Living-out/R0011797.JPG,outdoor,2024-02-25T17:06:46Z,2024:02:25 12:08:55,40.430033,-79.926697,171.6,40.13,True,25.0,146.6,False
pano2pano,20240225,outdoor,20240225/outdoor/1208_Living-out/R0011802.JPG,outdoor,2024-02-25T17:06:46Z,2024:02:25 12:09:26,40.430033,-79.926697,171.6,40.13,True,24.4,147.2,False
pano2pano,20240225,outdoor,20240225/outdoor/1208_Living-out/R0011799.JPG,outdoor,2024-02-25T17:06:46Z,2024:02:25 12:09:07,40.430033,-79.926697,171.6,40.13,True,23.7,147.9,False
pano2pano,20240225,outdoor,20240225/outdoor/1208_Living-out/R0011798.JPG,outdoor,2024-02-25T17:06:46Z,2024:02:25 12:09:01,40.430033,-79.926697,171.6,40.13,True,23.6,148.0,False
pano2pano,20240330,indoor,20240330/indoor/1316_bedroom+lit/R0012569.JPG,indoor,2024-03-30T17:16:51Z,2024:03:30 13:17:55,40.447178,-79.895708,177.07,53.68,True,24.9,152.2,False
pano2pano,20240330,indoor,20240330/indoor/1316_bedroom+lit/R0012561.JPG,indoor,2024-03-30T17:16:51Z,2024:03:30 13:17:01,40.447178,-79.895708,177.07,53.68,True,18.3,158.8,False
pano2pano,20240330,indoor,20240330/indoor/1316_bedroom+lit/R0012568.JPG,indoor,2024-03-30T17:16:51Z,2024:03:30 13:17:49,40.447178,-79.895708,177.07,53.68,True,24.7,152.4,False
pano2pano,20240330,indoor,20240330/indoor/1316_bedroom+lit/R0012563.JPG,indoor,2024-03-30T17:16:51Z,2024:03:30 13:17:17,40.447178,-79.895708,177.07,53.68,True,19.4,157.7,False
pano2pano,20240330,indoor,20240330/indoor/1316_bedroom+lit/R0012562.JPG,indoor,2024-03-30T17:16:51Z,2024:03:30 13:17:09,40.447178,-79.895708,177.07,53.68,True,22.8,154.3,False
pano2pano,20240330,indoor,20240330/indoor/1316_bedroom+lit/R0012566.JPG,indoor,2024-03-30T17:16:51Z,2024:03:30 13:17:36,40.447178,-79.895708,177.07,53.68,True,22.7,154.4,False
pano2pano,20240330,indoor,20240330/indoor/1316_bedroom+lit/R0012567.JPG,indoor,2024-03-30T17:16:51Z,2024:03:30 13:17:43,40.447178,-79.895708,177.07,53.68,True,23.4,153.7,False
pano2pano,20240330,indoor,20240330/indoor/1316_bedroom+lit/R0012565.JPG,indoor,2024-03-30T17:16:51Z,2024:03:30 13:17:30,40.447178,-79.895708,177.07,53.68,True,14.6,162.5,False
pano2pano,20240330,indoor,20240330/indoor/1316_bedroom+lit/R0012564.JPG,indoor,2024-03-30T17:16:51Z,2024:03:30 13:17:23,40.447178,-79.895708,177.07,53.68,True,15.8,161.3,False
pano2pano,20240330,indoor,20240330/indoor/1336_kitchen+lit/R0012617.JPG,indoor,2024-03-30T17:35:07Z,2024:03:30 13:36:45,40.447214,-79.895794,184.76,53.63,True,306.7,121.9,False
pano2pano,20240330,indoor,20240330/indoor/1336_kitchen+lit/R0012621.JPG,indoor,2024-03-30T17:35:07Z,2024:03:30 13:37:11,40.447214,-79.895794,184.76,53.63,True,301.5,116.7,False
pano2pano,20240330,indoor,20240330/indoor/1336_kitchen+lit/R0012620.JPG,indoor,2024-03-30T17:35:07Z,2024:03:30 13:37:04,40.447214,-79.895794,184.76,53.63,True,302.9,118.1,False
pano2pano,20240330,indoor,20240330/indoor/1336_kitchen+lit/R0012616.JPG,indoor,2024-03-30T17:35:07Z,2024:03:30 13:36:38,40.447214,-79.895794,184.76,53.63,True,301.9,117.1,False
pano2pano,20240330,indoor,20240330/indoor/1336_kitchen+lit/R0012622.JPG,indoor,2024-03-30T17:35:07Z,2024:03:30 13:37:16,40.447214,-79.895794,184.76,53.63,True,310.3,125.5,False
pano2pano,20240330,indoor,20240330/indoor/1336_kitchen+lit/R0012623.JPG,indoor,2024-03-30T17:35:07Z,2024:03:30 13:37:22,40.447214,-79.895794,184.76,53.63,True,300.6,115.8,False
pano2pano,20240330,indoor,20240330/indoor/1336_kitchen+lit/R0012615.JPG,indoor,2024-03-30T17:35:07Z,2024:03:30 13:36:30,40.447214,-79.895794,184.76,53.63,True,306.2,121.4,False
pano2pano,20240330,indoor,20240330/indoor/1336_kitchen+lit/R0012618.JPG,indoor,2024-03-30T17:35:07Z,2024:03:30 13:36:52,40.447214,-79.895794,184.76,53.63,True,301.9,117.1,False
pano2pano,20240330,indoor,20240330/indoor/1336_kitchen+lit/R0012619.JPG,indoor,2024-03-30T17:35:07Z,2024:03:30 13:36:58,40.447214,-79.895794,184.76,53.63,True,307.9,123.1,False
pano2pano,20240502,outdoor,20240502/outdoor/1356_3F-bedroom/R0013222.JPG,outdoor,2024-05-02T17:53:11Z,2024:05:02 13:57:15,40.453892,-79.920733,200.43,63.99,True,67.4,133.0,False
pano2pano,20240502,outdoor,20240502/outdoor/1356_3F-bedroom/R0013223.JPG,outdoor,2024-05-02T17:53:11Z,2024:05:02 13:57:22,40.453892,-79.920733,200.43,63.99,True,75.5,124.9,False
pano2pano,20240502,outdoor,20240502/outdoor/1356_3F-bedroom/R0013221.JPG,outdoor,2024-05-02T17:53:11Z,2024:05:02 13:57:09,40.453892,-79.920733,200.43,63.99,True,77.9,122.5,False
pano2pano,20240502,outdoor,20240502/outdoor/1356_3F-bedroom/R0013220.JPG,outdoor,2024-05-02T17:53:11Z,2024:05:02 13:57:03,40.453892,-79.920733,200.43,63.99,True,56.1,144.3,False
pano2pano,20240502,outdoor,20240502/outdoor/1356_3F-bedroom/R0013224.JPG,outdoor,2024-05-02T17:53:11Z,2024:05:02 13:57:28,40.453892,-79.920733,200.43,63.99,True,76.7,123.7,False
pano2pano,20240502,outdoor,20240502/outdoor/1356_3F-bedroom/R0013225.JPG,outdoor,2024-05-02T17:53:11Z,2024:05:02 13:57:35,40.453892,-79.920733,200.43,63.99,True,63.2,137.2,False
pano2pano,20240502,outdoor,20240502/outdoor/1356_3F-bedroom/R0013218.JPG,outdoor,2024-05-02T17:53:11Z,2024:05:02 13:56:51,40.453892,-79.920733,200.43,63.99,True,81.0,119.4,False
pano2pano,20240502,outdoor,20240502/outdoor/1356_3F-bedroom/R0013226.JPG,outdoor,2024-05-02T17:53:11Z,2024:05:02 13:57:41,40.453892,-79.920733,200.43,63.99,True,74.2,126.2,False
pano2pano,20240502,outdoor,20240502/outdoor/1356_3F-bedroom/R0013219.JPG,outdoor,2024-05-02T17:53:11Z,2024:05:02 13:56:57,40.453892,-79.920733,200.43,63.99,True,63.5,136.9,False
pano2pano,20240502,outdoor,20240502/outdoor/1417_1F-kitchen/R0013281.JPG,outdoor,2024-05-02T18:14:59Z,2024:05:02 14:17:26,40.453894,-79.920756,211.33,62.18,True,12.2,160.9,False
pano2pano,20240502,outdoor,20240502/outdoor/1417_1F-kitchen/R0013288.JPG,outdoor,2024-05-02T18:14:59Z,2024:05:02 14:18:13,40.453894,-79.920756,211.33,62.18,True,11.2,159.9,False
pano2pano,20240502,outdoor,20240502/outdoor/1417_1F-kitchen/R0013289.JPG,outdoor,2024-05-02T18:14:59Z,2024:05:02 14:18:19,40.453894,-79.920756,211.33,62.18,True,14.6,163.3,False
pano2pano,20240502,outdoor,20240502/outdoor/1417_1F-kitchen/R0013282.JPG,outdoor,2024-05-02T18:14:59Z,2024:05:02 14:17:33,40.453894,-79.920756,211.33,62.18,True,10.3,159.0,False
pano2pano,20240502,outdoor,20240502/outdoor/1417_1F-kitchen/R0013283.JPG,outdoor,2024-05-02T18:14:59Z,2024:05:02 14:17:40,40.453894,-79.920756,211.33,62.18,True,13.4,162.1,False
pano2pano,20240502,outdoor,20240502/outdoor/1417_1F-kitchen/R0013287.JPG,outdoor,2024-05-02T18:14:59Z,2024:05:02 14:18:07,40.453894,-79.920756,211.33,62.18,True,10.6,159.3,False
pano2pano,20240502,outdoor,20240502/outdoor/1417_1F-kitchen/R0013286.JPG,outdoor,2024-05-02T18:14:59Z,2024:05:02 14:18:00,40.453894,-79.920756,211.33,62.18,True,10.3,159.0,False
pano2pano,20240502,outdoor,20240502/outdoor/1417_1F-kitchen/R0013284.JPG,outdoor,2024-05-02T18:14:59Z,2024:05:02 14:17:46,40.453894,-79.920756,211.33,62.18,True,13.5,162.2,False
pano2pano,20240502,outdoor,20240502/outdoor/1417_1F-kitchen/R0013285.JPG,outdoor,2024-05-02T18:14:59Z,2024:05:02 14:17:53,40.453894,-79.920756,211.33,62.18,True,11.9,160.6,False
pano2pano,20240323,outdoor,20240323/outdoor/1358_SW-Bedroom/R0011969.JPG,outdoor,2024-03-23T17:52:27Z,2024:03:23 13:59:07,40.430156,-79.926897,190.42,50.55,True,102.4,88.0,True
pano2pano,20240323,outdoor,20240323/outdoor/1358_SW-Bedroom/R0011974.JPG,outdoor,2024-03-23T17:52:27Z,2024:03:23 13:59:38,40.430156,-79.926897,190.42,50.55,True,115.4,75.0,True
pano2pano,20240323,outdoor,20240323/outdoor/1358_SW-Bedroom/R0011968.JPG,outdoor,2024-03-23T17:52:27Z,2024:03:23 13:59:01,40.430156,-79.926897,190.42,50.55,True,95.4,95.0,False
pano2pano,20240323,outdoor,20240323/outdoor/1358_SW-Bedroom/R0011973.JPG,outdoor,2024-03-23T17:52:27Z,2024:03:23 13:59:32,40.430156,-79.926897,190.42,50.55,True,84.7,105.7,False
pano2pano,20240323,outdoor,20240323/outdoor/1358_SW-Bedroom/R0011966.JPG,outdoor,2024-03-23T17:52:27Z,2024:03:23 13:58:47,40.430156,-79.926897,190.42,50.55,True,97.7,92.7,False
pano2pano,20240323,outdoor,20240323/outdoor/1358_SW-Bedroom/R0011972.JPG,outdoor,2024-03-23T17:52:27Z,2024:03:23 13:59:26,40.430156,-79.926897,190.42,50.55,True,102.5,87.9,True
pano2pano,20240323,outdoor,20240323/outdoor/1358_SW-Bedroom/R0011967.JPG,outdoor,2024-03-23T17:52:27Z,2024:03:23 13:58:55,40.430156,-79.926897,190.42,50.55,True,96.2,94.2,False
pano2pano,20240323,outdoor,20240323/outdoor/1358_SW-Bedroom/R0011970.JPG,outdoor,2024-03-23T17:52:27Z,2024:03:23 13:59:13,40.430156,-79.926897,190.42,50.55,True,101.4,89.0,True
pano2pano,20240323,outdoor,20240323/outdoor/1358_SW-Bedroom/R0011971.JPG,outdoor,2024-03-23T17:52:27Z,2024:03:23 13:59:20,40.430156,-79.926897,190.42,50.55,True,105.1,85.3,True
pano2pano,20240323,outdoor,20240323/outdoor/1330_SE-Bedroom/R0011895.JPG,outdoor,2024-03-23T17:25:36Z,2024:03:23 13:31:05,40.430006,-79.926697,179.82,51.0,True,108.0,71.8,True
pano2pano,20240323,outdoor,20240323/outdoor/1330_SE-Bedroom/R0011902.JPG,outdoor,2024-03-23T17:25:36Z,2024:03:23 13:31:49,40.430006,-79.926697,179.82,51.0,True,117.2,62.6,True
pano2pano,20240323,outdoor,20240323/outdoor/1330_SE-Bedroom/R0011894.JPG,outdoor,2024-03-23T17:25:36Z,2024:03:23 13:30:58,40.430006,-79.926697,179.82,51.0,True,94.5,85.3,True
pano2pano,20240323,outdoor,20240323/outdoor/1330_SE-Bedroom/R0011896.JPG,outdoor,2024-03-23T17:25:36Z,2024:03:23 13:31:12,40.430006,-79.926697,179.82,51.0,True,107.0,72.8,True
pano2pano,20240323,outdoor,20240323/outdoor/1330_SE-Bedroom/R0011900.JPG,outdoor,2024-03-23T17:25:36Z,2024:03:23 13:31:37,40.430006,-79.926697,179.82,51.0,True,110.3,69.5,True
pano2pano,20240323,outdoor,20240323/outdoor/1330_SE-Bedroom/R0011901.JPG,outdoor,2024-03-23T17:25:36Z,2024:03:23 13:31:43,40.430006,-79.926697,179.82,51.0,True,102.4,77.4,True
pano2pano,20240323,outdoor,20240323/outdoor/1330_SE-Bedroom/R0011897.JPG,outdoor,2024-03-23T17:25:36Z,2024:03:23 13:31:18,40.430006,-79.926697,179.82,51.0,True,103.3,76.5,True
pano2pano,20240323,outdoor,20240323/outdoor/1330_SE-Bedroom/R0011899.JPG,outdoor,2024-03-23T17:25:36Z,2024:03:23 13:31:31,40.430006,-79.926697,179.82,51.0,True,115.4,64.4,True
pano2pano,20240323,outdoor,20240323/outdoor/1330_SE-Bedroom/R0011898.JPG,outdoor,2024-03-23T17:25:36Z,2024:03:23 13:31:24,40.430006,-79.926697,179.82,51.0,True,97.2,82.6,True
pano2pano,20240225,outdoor,20240225/outdoor/1158_Dinning-Out/R0011772.JPG,outdoor,2024-02-25T16:56:14Z,2024:02:25 12:00:04,40.430033,-79.926697,168.24,39.78,True,64.1,104.1,False
pano2pano,20240225,outdoor,20240225/outdoor/1158_Dinning-Out/R0011773.JPG,outdoor,2024-02-25T16:56:14Z,2024:02:25 12:00:10,40.430033,-79.926697,168.24,39.78,True,62.5,105.7,False
pano2pano,20240225,outdoor,20240225/outdoor/1158_Dinning-Out/R0011771.JPG,outdoor,2024-02-25T16:56:14Z,2024:02:25 11:59:57,40.430033,-79.926697,168.24,39.78,True,60.1,108.1,False
pano2pano,20240225,outdoor,20240225/outdoor/1158_Dinning-Out/R0011770.JPG,outdoor,2024-02-25T16:56:14Z,2024:02:25 11:59:51,40.430033,-79.926697,168.24,39.78,True,61.2,107.0,False
pano2pano,20240225,outdoor,20240225/outdoor/1158_Dinning-Out/R0011774.JPG,outdoor,2024-02-25T16:56:14Z,2024:02:25 12:00:17,40.430033,-79.926697,168.24,39.78,True,64.1,104.1,False
pano2pano,20240225,outdoor,20240225/outdoor/1158_Dinning-Out/R0011768.JPG,outdoor,2024-02-25T16:56:14Z,2024:02:25 11:59:37,40.430033,-79.926697,168.24,39.78,True,57.5,110.7,False
pano2pano,20240225,outdoor,20240225/outdoor/1158_Dinning-Out/R0011769.JPG,outdoor,2024-02-25T16:56:14Z,2024:02:25 11:59:44,40.430033,-79.926697,168.24,39.78,True,61.3,106.9,False
pano2pano,20240225,outdoor,20240225/outdoor/1158_Dinning-Out/R0011775.JPG,outdoor,2024-02-25T16:56:14Z,2024:02:25 12:00:23,40.430033,-79.926697,168.24,39.78,True,62.0,106.2,False
pano2pano,20240225,outdoor,20240225/outdoor/1158_Dinning-Out/R0011776.JPG,outdoor,2024-02-25T16:56:14Z,2024:02:25 12:00:29,40.430033,-79.926697,168.24,39.78,True,57.5,110.7,False
pano2pano,20240225,outdoor,20240225/outdoor/1156_Kitchen-out/R0011759.JPG,outdoor,2024-02-25T16:56:14Z,2024:02:25 11:56:25,40.430033,-79.926697,168.24,39.78,True,1.2,167.0,False
pano2pano,20240225,outdoor,20240225/outdoor/1156_Kitchen-out/R0011766.JPG,outdoor,2024-02-25T16:56:14Z,2024:02:25 11:57:11,40.430033,-79.926697,168.24,39.78,True,1.3,166.9,False
pano2pano,20240225,outdoor,20240225/outdoor/1156_Kitchen-out/R0011767.JPG,outdoor,2024-02-25T16:56:14Z,2024:02:25 11:57:17,40.430033,-79.926697,168.24,39.78,True,356.5,171.7,False
pano2pano,20240225,outdoor,20240225/outdoor/1156_Kitchen-out/R0011765.JPG,outdoor,2024-02-25T16:56:14Z,2024:02:25 11:57:05,40.430033,-79.926697,168.24,39.78,True,355.4,172.8,False
pano2pano,20240225,outdoor,20240225/outdoor/1156_Kitchen-out/R0011764.JPG,outdoor,2024-02-25T16:56:14Z,2024:02:25 11:56:59,40.430033,-79.926697,168.24,39.78,True,353.1,175.1,False
pano2pano,20240225,outdoor,20240225/outdoor/1156_Kitchen-out/R0011760.JPG,outdoor,2024-02-25T16:56:14Z,2024:02:25 11:56:33,40.430033,-79.926697,168.24,39.78,True,355.2,173.0,False
pano2pano,20240225,outdoor,20240225/outdoor/1156_Kitchen-out/R0011761.JPG,outdoor,2024-02-25T16:56:14Z,2024:02:25 11:56:40,40.430033,-79.926697,168.24,39.78,True,352.1,176.1,False
pano2pano,20240225,outdoor,20240225/outdoor/1156_Kitchen-out/R0011763.JPG,outdoor,2024-02-25T16:56:14Z,2024:02:25 11:56:52,40.430033,-79.926697,168.24,39.78,True,2.9,165.3,False
pano2pano,20240225,outdoor,20240225/outdoor/1156_Kitchen-out/R0011762.JPG,outdoor,2024-02-25T16:56:14Z,2024:02:25 11:56:46,40.430033,-79.926697,168.24,39.78,True,353.1,175.1,False
pano2pano,20240225,indoor,20240225/indoor/1130_E-Bedroom-in/R0011697.JPG,indoor,2024-02-25T16:32:17Z,2024:02:25 11:32:36,40.429994,-79.926683,160.78,38.55,True,78.4,82.4,True
pano2pano,20240225,indoor,20240225/indoor/1130_E-Bedroom-in/R0011701.JPG,indoor,2024-02-25T16:32:17Z,2024:02:25 11:33:03,40.429994,-79.926683,160.78,38.55,True,69.4,91.4,False
pano2pano,20240225,indoor,20240225/indoor/1130_E-Bedroom-in/R0011700.JPG,indoor,2024-02-25T16:32:17Z,2024:02:25 11:32:56,40.429994,-79.926683,160.78,38.55,True,61.1,99.7,False
pano2pano,20240225,indoor,20240225/indoor/1130_E-Bedroom-in/R0011696.JPG,indoor,2024-02-25T16:32:17Z,2024:02:25 11:32:28,40.429994,-79.926683,160.78,38.55,True,74.5,86.3,True
pano2pano,20240225,indoor,20240225/indoor/1130_E-Bedroom-in/R0011702.JPG,indoor,2024-02-25T16:32:17Z,2024:02:25 11:33:09,40.429994,-79.926683,160.78,38.55,True,79.3,81.5,True
pano2pano,20240225,indoor,20240225/indoor/1130_E-Bedroom-in/R0011703.JPG,indoor,2024-02-25T16:32:17Z,2024:02:25 11:33:16,40.429994,-79.926683,160.78,38.55,True,68.8,92.0,False
pano2pano,20240225,indoor,20240225/indoor/1130_E-Bedroom-in/R0011698.JPG,indoor,2024-02-25T16:32:17Z,2024:02:25 11:32:44,40.429994,-79.926683,160.78,38.55,True,76.8,84.0,True
pano2pano,20240225,indoor,20240225/indoor/1130_E-Bedroom-in/R0011699.JPG,indoor,2024-02-25T16:32:17Z,2024:02:25 11:32:50,40.429994,-79.926683,160.78,38.55,True,78.6,82.2,True
pano2pano,20240225,indoor,20240225/indoor/1130_E-Bedroom-in/R0011704.JPG,indoor,2024-02-25T16:32:17Z,2024:02:25 11:33:22,40.429994,-79.926683,160.78,38.55,True,83.9,76.9,True
pano2pano,20240225,indoor,20240225/indoor/1141_SE-Bedroom-in/R0011723.JPG,indoor,2024-02-25T16:40:11Z,2024:02:25 11:42:17,40.430033,-79.926697,163.2,39.02,True,193.4,30.2,True
pano2pano,20240225,indoor,20240225/indoor/1141_SE-Bedroom-in/R0011728.JPG,indoor,2024-02-25T16:40:11Z,2024:02:25 11:42:51,40.430033,-79.926697,163.2,39.02,True,187.5,24.3,True
pano2pano,20240225,indoor,20240225/indoor/1141_SE-Bedroom-in/R0011729.JPG,indoor,2024-02-25T16:40:11Z,2024:02:25 11:42:57,40.430033,-79.926697,163.2,39.02,True,189.6,26.4,True
pano2pano,20240225,indoor,20240225/indoor/1141_SE-Bedroom-in/R0011731.JPG,indoor,2024-02-25T16:40:11Z,2024:02:25 11:43:10,40.430033,-79.926697,163.2,39.02,True,195.1,31.9,True
pano2pano,20240225,indoor,20240225/indoor/1141_SE-Bedroom-in/R0011724.JPG,indoor,2024-02-25T16:40:11Z,2024:02:25 11:42:25,40.430033,-79.926697,163.2,39.02,True,193.5,30.3,True
pano2pano,20240225,indoor,20240225/indoor/1141_SE-Bedroom-in/R0011730.JPG,indoor,2024-02-25T16:40:11Z,2024:02:25 11:43:04,40.430033,-79.926697,163.2,39.02,True,188.1,24.9,True
pano2pano,20240225,indoor,20240225/indoor/1141_SE-Bedroom-in/R0011725.JPG,indoor,2024-02-25T16:40:11Z,2024:02:25 11:42:32,40.430033,-79.926697,163.2,39.02,True,195.9,32.7,True
pano2pano,20240225,indoor,20240225/indoor/1141_SE-Bedroom-in/R0011727.JPG,indoor,2024-02-25T16:40:11Z,2024:02:25 11:42:44,40.430033,-79.926697,163.2,39.02,True,186.8,23.6,True
pano2pano,20240225,indoor,20240225/indoor/1141_SE-Bedroom-in/R0011726.JPG,indoor,2024-02-25T16:40:11Z,2024:02:25 11:42:38,40.430033,-79.926697,163.2,39.02,True,187.6,24.4,True
pano2pano,20240225,indoor,20240225/indoor/1212_Corrdidor-Ele/R0011808.JPG,indoor,2024-02-25T17:10:09Z,2024:02:25 12:12:57,40.430033,-79.926697,172.68,40.22,True,183.4,10.7,True
pano2pano,20240225,indoor,20240225/indoor/1212_Corrdidor-Ele/R0011809.JPG,indoor,2024-02-25T17:10:09Z,2024:02:25 12:13:03,40.430033,-79.926697,172.68,40.22,True,187.3,14.6,True
pano2pano,20240225,indoor,20240225/indoor/1212_Corrdidor-Ele/R0011804.JPG,indoor,2024-02-25T17:10:09Z,2024:02:25 12:12:29,40.430033,-79.926697,172.68,40.22,True,179.8,7.1,True
pano2pano,20240225,indoor,20240225/indoor/1212_Corrdidor-Ele/R0011811.JPG,indoor,2024-02-25T17:10:09Z,2024:02:25 12:13:15,40.430033,-79.926697,172.68,40.22,True,188.0,15.3,True
pano2pano,20240225,indoor,20240225/indoor/1212_Corrdidor-Ele/R0011805.JPG,indoor,2024-02-25T17:10:09Z,2024:02:25 12:12:37,40.430033,-79.926697,172.68,40.22,True,186.2,13.5,True
pano2pano,20240225,indoor,20240225/indoor/1212_Corrdidor-Ele/R0011810.JPG,indoor,2024-02-25T17:10:09Z,2024:02:25 12:13:09,40.430033,-79.926697,172.68,40.22,True,180.4,7.7,True
pano2pano,20240225,indoor,20240225/indoor/1212_Corrdidor-Ele/R0011812.JPG,indoor,2024-02-25T17:10:09Z,2024:02:25 12:13:21,40.430033,-79.926697,172.68,40.22,True,185.5,12.8,True
pano2pano,20240225,indoor,20240225/indoor/1212_Corrdidor-Ele/R0011807.JPG,indoor,2024-02-25T17:10:09Z,2024:02:25 12:12:50,40.430033,-79.926697,172.68,40.22,True,184.5,11.8,True
pano2pano,20240225,indoor,20240225/indoor/1212_Corrdidor-Ele/R0011806.JPG,indoor,2024-02-25T17:10:09Z,2024:02:25 12:12:44,40.430033,-79.926697,172.68,40.22,True,185.9,13.2,True
pano2pano,20240225,indoor,20240225/indoor/1148_SW-Bedroom-in/R0011742.JPG,indoor,2024-02-25T16:47:33Z,2024:02:25 11:49:42,40.43,-79.926633,165.5,39.4,True,187.3,21.8,True
pano2pano,20240225,indoor,20240225/indoor/1148_SW-Bedroom-in/R0011743.JPG,indoor,2024-02-25T16:47:33Z,2024:02:25 11:49:49,40.43,-79.926633,165.5,39.4,True,182.9,17.4,True
pano2pano,20240225,indoor,20240225/indoor/1148_SW-Bedroom-in/R0011741.JPG,indoor,2024-02-25T16:47:33Z,2024:02:25 11:49:35,40.43,-79.926633,165.5,39.4,True,182.8,17.3,True
pano2pano,20240225,indoor,20240225/indoor/1148_SW-Bedroom-in/R0011748.JPG,indoor,2024-02-25T16:47:33Z,2024:02:25 11:50:21,40.43,-79.926633,165.5,39.4,True,178.4,12.9,True
pano2pano,20240225,indoor,20240225/indoor/1148_SW-Bedroom-in/R0011749.JPG,indoor,2024-02-25T16:47:33Z,2024:02:25 11:50:28,40.43,-79.926633,165.5,39.4,True,190.6,25.1,True
pano2pano,20240225,indoor,20240225/indoor/1148_SW-Bedroom-in/R0011744.JPG,indoor,2024-02-25T16:47:33Z,2024:02:25 11:49:56,40.43,-79.926633,165.5,39.4,True,181.6,16.1,True
pano2pano,20240225,indoor,20240225/indoor/1148_SW-Bedroom-in/R0011745.JPG,indoor,2024-02-25T16:47:33Z,2024:02:25 11:50:02,40.43,-79.926633,165.5,39.4,True,195.0,29.5,True
pano2pano,20240225,indoor,20240225/indoor/1148_SW-Bedroom-in/R0011747.JPG,indoor,2024-02-25T16:47:33Z,2024:02:25 11:50:15,40.43,-79.926633,165.5,39.4,True,190.2,24.7,True
pano2pano,20240225,indoor,20240225/indoor/1148_SW-Bedroom-in/R0011746.JPG,indoor,2024-02-25T16:47:33Z,2024:02:25 11:50:09,40.43,-79.926633,165.5,39.4,True,188.1,22.6,True
pano2pano,20240225,outdoor,20240225/outdoor/1135_E-Bedroom-out/R0011709.JPG,outdoor,2024-02-25T16:34:50Z,2024:02:25 11:35:29,40.430033,-79.926697,161.56,38.71,True,63.9,97.7,False
pano2pano,20240225,outdoor,20240225/outdoor/1135_E-Bedroom-out/R0011708.JPG,outdoor,2024-02-25T16:34:50Z,2024:02:25 11:35:23,40.430033,-79.926697,161.56,38.71,True,62.1,99.5,False
pano2pano,20240225,outdoor,20240225/outdoor/1135_E-Bedroom-out/R0011706.JPG,outdoor,2024-02-25T16:34:50Z,2024:02:25 11:35:10,40.430033,-79.926697,161.56,38.71,True,63.6,98.0,False
pano2pano,20240225,outdoor,20240225/outdoor/1135_E-Bedroom-out/R0011713.JPG,outdoor,2024-02-25T16:34:50Z,2024:02:25 11:35:55,40.430033,-79.926697,161.56,38.71,True,62.9,98.7,False
pano2pano,20240225,outdoor,20240225/outdoor/1135_E-Bedroom-out/R0011707.JPG,outdoor,2024-02-25T16:34:50Z,2024:02:25 11:35:17,40.430033,-79.926697,161.56,38.71,True,62.4,99.2,False
pano2pano,20240225,outdoor,20240225/outdoor/1135_E-Bedroom-out/R0011712.JPG,outdoor,2024-02-25T16:34:50Z,2024:02:25 11:35:48,40.430033,-79.926697,161.56,38.71,True,62.1,99.5,False
pano2pano,20240225,outdoor,20240225/outdoor/1135_E-Bedroom-out/R0011710.JPG,outdoor,2024-02-25T16:34:50Z,2024:02:25 11:35:35,40.430033,-79.926697,161.56,38.71,True,62.4,99.2,False
pano2pano,20240225,outdoor,20240225/outdoor/1135_E-Bedroom-out/R0011705.JPG,outdoor,2024-02-25T16:34:50Z,2024:02:25 11:35:03,40.430033,-79.926697,161.56,38.71,True,62.5,99.1,False
pano2pano,20240225,outdoor,20240225/outdoor/1135_E-Bedroom-out/R0011711.JPG,outdoor,2024-02-25T16:34:50Z,2024:02:25 11:35:42,40.430033,-79.926697,161.56,38.71,True,63.0,98.6,False
pano2pano,20240225,outdoor,20240225/outdoor/1146_SW-Bedroom-out/R0011738.JPG,outdoor,2024-02-25T16:43:15Z,2024:02:25 11:47:06,40.430033,-79.926697,164.16,39.18,True,94.0,70.2,True
pano2pano,20240225,outdoor,20240225/outdoor/1146_SW-Bedroom-out/R0011739.JPG,outdoor,2024-02-25T16:43:15Z,2024:02:25 11:47:12,40.430033,-79.926697,164.16,39.18,True,95.0,69.2,True
pano2pano,20240225,outdoor,20240225/outdoor/1146_SW-Bedroom-out/R0011740.JPG,outdoor,2024-02-25T16:43:15Z,2024:02:25 11:47:19,40.430033,-79.926697,164.16,39.18,True,89.9,74.3,True
pano2pano,20240225,outdoor,20240225/outdoor/1146_SW-Bedroom-out/R0011732.JPG,outdoor,2024-02-25T16:43:15Z,2024:02:25 11:46:27,40.430033,-79.926697,164.16,39.18,True,92.3,71.9,True
pano2pano,20240225,outdoor,20240225/outdoor/1146_SW-Bedroom-out/R0011733.JPG,outdoor,2024-02-25T16:43:15Z,2024:02:25 11:46:34,40.430033,-79.926697,164.16,39.18,True,92.9,71.3,True
pano2pano,20240225,outdoor,20240225/outdoor/1146_SW-Bedroom-out/R0011737.JPG,outdoor,2024-02-25T16:43:15Z,2024:02:25 11:47:00,40.430033,-79.926697,164.16,39.18,True,89.4,74.8,True
pano2pano,20240225,outdoor,20240225/outdoor/1146_SW-Bedroom-out/R0011736.JPG,outdoor,2024-02-25T16:43:15Z,2024:02:25 11:46:53,40.430033,-79.926697,164.16,39.18,True,96.4,67.8,True
pano2pano,20240225,outdoor,20240225/outdoor/1146_SW-Bedroom-out/R0011734.JPG,outdoor,2024-02-25T16:43:15Z,2024:02:25 11:46:40,40.430033,-79.926697,164.16,39.18,True,93.6,70.6,True
pano2pano,20240225,outdoor,20240225/outdoor/1146_SW-Bedroom-out/R0011735.JPG,outdoor,2024-02-25T16:43:15Z,2024:02:25 11:46:47,40.430033,-79.926697,164.16,39.18,True,104.0,60.2,True
pano2pano,20240225,outdoor,20240225/outdoor/1138_SE-Bedroom-out/R0011719.JPG,outdoor,2024-02-25T16:38:58Z,2024:02:25 11:39:46,40.430033,-79.926697,162.83,38.95,True,100.5,62.3,True
pano2pano,20240225,outdoor,20240225/outdoor/1138_SE-Bedroom-out/R0011718.JPG,outdoor,2024-02-25T16:38:58Z,2024:02:25 11:39:39,40.430033,-79.926697,162.83,38.95,True,97.5,65.3,True
pano2pano,20240225,outdoor,20240225/outdoor/1138_SE-Bedroom-out/R0011715.JPG,outdoor,2024-02-25T16:38:58Z,2024:02:25 11:39:20,40.430033,-79.926697,162.83,38.95,True,99.3,63.5,True
pano2pano,20240225,outdoor,20240225/outdoor/1138_SE-Bedroom-out/R0011714.JPG,outdoor,2024-02-25T16:38:58Z,2024:02:25 11:39:13,40.430033,-79.926697,162.83,38.95,True,99.4,63.4,True
pano2pano,20240225,outdoor,20240225/outdoor/1138_SE-Bedroom-out/R0011722.JPG,outdoor,2024-02-25T16:38:58Z,2024:02:25 11:40:05,40.430033,-79.926697,162.83,38.95,True,98.0,64.8,True
pano2pano,20240225,outdoor,20240225/outdoor/1138_SE-Bedroom-out/R0011720.JPG,outdoor,2024-02-25T16:38:58Z,2024:02:25 11:39:52,40.430033,-79.926697,162.83,38.95,True,95.5,67.3,True
pano2pano,20240225,outdoor,20240225/outdoor/1138_SE-Bedroom-out/R0011716.JPG,outdoor,2024-02-25T16:38:58Z,2024:02:25 11:39:27,40.430033,-79.926697,162.83,38.95,True,94.6,68.2,True
pano2pano,20240225,outdoor,20240225/outdoor/1138_SE-Bedroom-out/R0011717.JPG,outdoor,2024-02-25T16:38:58Z,2024:02:25 11:39:33,40.430033,-79.926697,162.83,38.95,True,95.3,67.5,True
pano2pano,20240225,outdoor,20240225/outdoor/1138_SE-Bedroom-out/R0011721.JPG,outdoor,2024-02-25T16:38:58Z,2024:02:25 11:39:59,40.430033,-79.926697,162.83,38.95,True,97.5,65.3,True
pano2pano,20240331,6236 5th ave,20240331/6236 5th ave/indoor/1204_living/R0012728.JPG,indoor,2024-03-31T16:05:25Z,2024:03:31 12:06:10,40.452428,-79.921394,148.74,50.0,True,285.3,136.6,False
pano2pano,20240331,6236 5th ave,20240331/6236 5th ave/indoor/1204_living/R0012729.JPG,indoor,2024-03-31T16:05:25Z,2024:03:31 12:06:17,40.452428,-79.921394,148.74,50.0,True,286.0,137.3,False
pano2pano,20240331,6236 5th ave,20240331/6236 5th ave/indoor/1204_living/R0012723.JPG,indoor,2024-03-31T16:05:25Z,2024:03:31 12:05:37,40.452428,-79.921394,148.74,50.0,True,288.4,139.7,False
pano2pano,20240331,6236 5th ave,20240331/6236 5th ave/indoor/1204_living/R0012727.JPG,indoor,2024-03-31T16:05:25Z,2024:03:31 12:06:04,40.452428,-79.921394,148.74,50.0,True,284.7,136.0,False
pano2pano,20240331,6236 5th ave,20240331/6236 5th ave/indoor/1204_living/R0012726.JPG,indoor,2024-03-31T16:05:25Z,2024:03:31 12:05:57,40.452428,-79.921394,148.74,50.0,True,286.6,137.9,False
pano2pano,20240331,6236 5th ave,20240331/6236 5th ave/indoor/1204_living/R0012724.JPG,indoor,2024-03-31T16:05:25Z,2024:03:31 12:05:44,40.452428,-79.921394,148.74,50.0,True,282.5,133.8,False
pano2pano,20240331,6236 5th ave,20240331/6236 5th ave/indoor/1204_living/R0012731.JPG,indoor,2024-03-31T16:05:25Z,2024:03:31 12:06:29,40.452428,-79.921394,148.74,50.0,True,286.3,137.6,False
pano2pano,20240331,6236 5th ave,20240331/6236 5th ave/indoor/1204_living/R0012725.JPG,indoor,2024-03-31T16:05:25Z,2024:03:31 12:05:50,40.452428,-79.921394,148.74,50.0,True,284.9,136.2,False
pano2pano,20240331,6236 5th ave,20240331/6236 5th ave/indoor/1204_living/R0012730.JPG,indoor,2024-03-31T16:05:25Z,2024:03:31 12:06:23,40.452428,-79.921394,148.74,50.0,True,288.9,140.2,False
pano2pano,20240331,6236 5th ave,20240331/6236 5th ave/indoor/1201_living/R0012718.JPG,indoor,2024-03-31T16:02:44Z,2024:03:31 12:03:24,40.452517,-79.921386,147.79,49.74,True,287.3,139.5,False
pano2pano,20240331,6236 5th ave,20240331/6236 5th ave/indoor/1201_living/R0012719.JPG,indoor,2024-03-31T16:02:44Z,2024:03:31 12:03:30,40.452517,-79.921386,147.79,49.74,True,286.4,138.6,False
pano2pano,20240331,6236 5th ave,20240331/6236 5th ave/indoor/1201_living/R0012717.JPG,indoor,2024-03-31T16:02:44Z,2024:03:31 12:03:17,40.452517,-79.921386,147.79,49.74,True,282.0,134.2,False
pano2pano,20240331,6236 5th ave,20240331/6236 5th ave/indoor/1201_living/R0012721.JPG,indoor,2024-03-31T16:02:44Z,2024:03:31 12:03:43,40.452517,-79.921386,147.79,49.74,True,288.8,141.0,False
pano2pano,20240331,6236 5th ave,20240331/6236 5th ave/indoor/1201_living/R0012720.JPG,indoor,2024-03-31T16:02:44Z,2024:03:31 12:03:37,40.452517,-79.921386,147.79,49.74,True,286.7,138.9,False
pano2pano,20240331,6236 5th ave,20240331/6236 5th ave/indoor/1201_living/R0012716.JPG,indoor,2024-03-31T16:02:44Z,2024:03:31 12:03:10,40.452517,-79.921386,147.79,49.74,True,289.4,141.6,False
pano2pano,20240331,6236 5th ave,20240331/6236 5th ave/indoor/1201_living/R0012714.JPG,indoor,2024-03-31T16:02:44Z,2024:03:31 12:02:56,40.452517,-79.921386,147.79,49.74,True,281.6,133.8,False
pano2pano,20240331,6236 5th ave,20240331/6236 5th ave/indoor/1201_living/R0012722.JPG,indoor,2024-03-31T16:02:44Z,2024:03:31 12:03:48,40.452517,-79.921386,147.79,49.74,True,283.8,136.0,False
pano2pano,20240331,6236 5th ave,20240331/6236 5th ave/indoor/1201_living/R0012715.JPG,indoor,2024-03-31T16:02:44Z,2024:03:31 12:03:03,40.452517,-79.921386,147.79,49.74,True,285.5,137.7,False
pano2pano,20240331,6236 5th ave,20240331/6236 5th ave/indoor/1207_living/R0012736.JPG,indoor,2024-03-31T16:06:34Z,2024:03:31 12:08:15,40.452522,-79.921142,149.15,50.12,True,277.3,128.2,False
pano2pano,20240331,6236 5th ave,20240331/6236 5th ave/indoor/1207_living/R0012737.JPG,indoor,2024-03-31T16:06:34Z,2024:03:31 12:08:22,40.452522,-79.921142,149.15,50.12,True,276.6,127.5,False
pano2pano,20240331,6236 5th ave,20240331/6236 5th ave/indoor/1207_living/R0012735.JPG,indoor,2024-03-31T16:06:34Z,2024:03:31 12:08:09,40.452522,-79.921142,149.15,50.12,True,271.9,122.8,False
pano2pano,20240331,6236 5th ave,20240331/6236 5th ave/indoor/1207_living/R0012734.JPG,indoor,2024-03-31T16:06:34Z,2024:03:31 12:08:02,40.452522,-79.921142,149.15,50.12,True,272.3,123.2,False
pano2pano,20240331,6236 5th ave,20240331/6236 5th ave/indoor/1207_living/R0012740.JPG,indoor,2024-03-31T16:06:34Z,2024:03:31 12:08:40,40.452522,-79.921142,149.15,50.12,True,269.0,119.9,False
pano2pano,20240331,6236 5th ave,20240331/6236 5th ave/indoor/1207_living/R0012739.JPG,indoor,2024-03-31T16:06:34Z,2024:03:31 12:08:34,40.452522,-79.921142,149.15,50.12,True,278.8,129.7,False
pano2pano,20240331,6236 5th ave,20240331/6236 5th ave/indoor/1207_living/R0012738.JPG,indoor,2024-03-31T16:06:34Z,2024:03:31 12:08:28,40.452522,-79.921142,149.15,50.12,True,272.9,123.8,False
pano2pano,20240331,6236 5th ave,20240331/6236 5th ave/indoor/1207_living/R0012733.JPG,indoor,2024-03-31T16:06:34Z,2024:03:31 12:07:55,40.452522,-79.921142,149.15,50.12,True,275.2,126.1,False
pano2pano,20240331,6236 5th ave,20240331/6236 5th ave/indoor/1207_living/R0012732.JPG,indoor,2024-03-31T16:06:34Z,2024:03:31 12:07:48,40.452522,-79.921142,149.15,50.12,True,275.5,126.4,False
pano2pano,20240326,city view apt,20240326/city view apt/indoor/1409_entry/R0012450.JPG,indoor,2024-03-26T18:08:19Z,2024:03:26 14:10:16,40.440108,-79.9867,197.18,50.95,True,267.4,70.2,True
pano2pano,20240326,city view apt,20240326/city view apt/indoor/1409_entry/R0012445.JPG,indoor,2024-03-26T18:08:19Z,2024:03:26 14:09:43,40.440108,-79.9867,197.18,50.95,True,258.9,61.7,True
pano2pano,20240326,city view apt,20240326/city view apt/indoor/1409_entry/R0012451.JPG,indoor,2024-03-26T18:08:19Z,2024:03:26 14:10:22,40.440108,-79.9867,197.18,50.95,True,259.4,62.2,True
pano2pano,20240326,city view apt,20240326/city view apt/indoor/1409_entry/R0012444.JPG,indoor,2024-03-26T18:08:19Z,2024:03:26 14:09:36,40.440108,-79.9867,197.18,50.95,True,262.3,65.1,True
pano2pano,20240326,city view apt,20240326/city view apt/indoor/1409_entry/R0012446.JPG,indoor,2024-03-26T18:08:19Z,2024:03:26 14:09:50,40.440108,-79.9867,197.18,50.95,True,259.9,62.7,True
pano2pano,20240326,city view apt,20240326/city view apt/indoor/1409_entry/R0012447.JPG,indoor,2024-03-26T18:08:19Z,2024:03:26 14:09:57,40.440108,-79.9867,197.18,50.95,True,256.7,59.5,True
pano2pano,20240326,city view apt,20240326/city view apt/indoor/1409_entry/R0012452.JPG,indoor,2024-03-26T18:08:19Z,2024:03:26 14:10:28,40.440108,-79.9867,197.18,50.95,True,265.4,68.2,True
pano2pano,20240326,city view apt,20240326/city view apt/indoor/1409_entry/R0012449.JPG,indoor,2024-03-26T18:08:19Z,2024:03:26 14:10:10,40.440108,-79.9867,197.18,50.95,True,261.7,64.5,True
pano2pano,20240326,city view apt,20240326/city view apt/indoor/1409_entry/R0012448.JPG,indoor,2024-03-26T18:08:19Z,2024:03:26 14:10:03,40.440108,-79.9867,197.18,50.95,True,270.0,72.8,True
pano2pano,20240326,city view apt,20240326/city view apt/indoor/1406_entry/R0012437.JPG,indoor,2024-03-26T18:05:08Z,2024:03:26 14:07:14,40.440097,-79.9866,195.94,51.13,True,276.5,80.6,True
pano2pano,20240326,city view apt,20240326/city view apt/indoor/1406_entry/R0012436.JPG,indoor,2024-03-26T18:05:08Z,2024:03:26 14:07:06,40.440097,-79.9866,195.94,51.13,True,269.9,74.0,True
pano2pano,20240326,city view apt,20240326/city view apt/indoor/1406_entry/R0012435.JPG,indoor,2024-03-26T18:05:08Z,2024:03:26 14:06:59,40.440097,-79.9866,195.94,51.13,True,266.5,70.6,True
pano2pano,20240326,city view apt,20240326/city view apt/indoor/1406_entry/R0012438.JPG,indoor,2024-03-26T18:05:08Z,2024:03:26 14:07:20,40.440097,-79.9866,195.94,51.13,True,272.7,76.8,True
pano2pano,20240326,city view apt,20240326/city view apt/indoor/1406_entry/R0012441.JPG,indoor,2024-03-26T18:05:08Z,2024:03:26 14:07:40,40.440097,-79.9866,195.94,51.13,True,270.2,74.3,True
pano2pano,20240326,city view apt,20240326/city view apt/indoor/1406_entry/R0012440.JPG,indoor,2024-03-26T18:05:08Z,2024:03:26 14:07:33,40.440097,-79.9866,195.94,51.13,True,274.6,78.7,True
pano2pano,20240326,city view apt,20240326/city view apt/indoor/1406_entry/R0012439.JPG,indoor,2024-03-26T18:05:08Z,2024:03:26 14:07:27,40.440097,-79.9866,195.94,51.13,True,282.6,86.7,True
pano2pano,20240326,city view apt,20240326/city view apt/indoor/1406_entry/R0012442.JPG,indoor,2024-03-26T18:05:08Z,2024:03:26 14:07:46,40.440097,-79.9866,195.94,51.13,True,275.3,79.4,True
pano2pano,20240326,city view apt,20240326/city view apt/indoor/1406_entry/R0012443.JPG,indoor,2024-03-26T18:05:08Z,2024:03:26 14:07:52,40.440097,-79.9866,195.94,51.13,True,268.0,72.1,True
pano2pano,20240326,city view apt,20240326/city view apt/indoor/1412_entry/R0012461.JPG,indoor,2024-03-26T18:12:17Z,2024:03:26 14:13:18,40.440089,-79.986731,198.7,50.72,True,258.8,60.1,True
pano2pano,20240326,city view apt,20240326/city view apt/indoor/1412_entry/R0012457.JPG,indoor,2024-03-26T18:12:17Z,2024:03:26 14:12:55,40.440089,-79.986731,198.7,50.72,True,261.5,62.8,True
pano2pano,20240326,city view apt,20240326/city view apt/indoor/1412_entry/R0012456.JPG,indoor,2024-03-26T18:12:17Z,2024:03:26 14:12:48,40.440089,-79.986731,198.7,50.72,True,258.1,59.4,True
pano2pano,20240326,city view apt,20240326/city view apt/indoor/1412_entry/R0012460.JPG,indoor,2024-03-26T18:12:17Z,2024:03:26 14:13:12,40.440089,-79.986731,198.7,50.72,True,249.6,50.9,True
pano2pano,20240326,city view apt,20240326/city view apt/indoor/1412_entry/R0012454.JPG,indoor,2024-03-26T18:12:17Z,2024:03:26 14:12:35,40.440089,-79.986731,198.7,50.72,True,252.1,53.4,True
pano2pano,20240326,city view apt,20240326/city view apt/indoor/1412_entry/R0012455.JPG,indoor,2024-03-26T18:12:17Z,2024:03:26 14:12:42,40.440089,-79.986731,198.7,50.72,True,259.5,60.8,True
pano2pano,20240326,city view apt,20240326/city view apt/indoor/1412_entry/R0012458.JPG,indoor,2024-03-26T18:12:17Z,2024:03:26 14:13:01,40.440089,-79.986731,198.7,50.72,True,253.8,55.1,True
pano2pano,20240326,city view apt,20240326/city view apt/indoor/1412_entry/R0012459.JPG,indoor,2024-03-26T18:12:17Z,2024:03:26 14:13:06,40.440089,-79.986731,198.7,50.72,True,259.5,60.8,True
pano2pano,20240326,city view apt,20240326/city view apt/indoor/1412_entry/R0012453.JPG,indoor,2024-03-26T18:12:17Z,2024:03:26 14:12:28,40.440089,-79.986731,198.7,50.72,True,257.2,58.5,True
pano2pano,20240331,6236 5th ave,20240331/6236 5th ave/outdoor/1211_living/R0012756.JPG,outdoor,2024-03-31T16:13:01Z,2024:03:31 12:13:51,40.4523,-79.921406,151.48,50.73,True,6.0,145.5,False
pano2pano,20240331,6236 5th ave,20240331/6236 5th ave/outdoor/1211_living/R0012757.JPG,outdoor,2024-03-31T16:13:01Z,2024:03:31 12:13:58,40.4523,-79.921406,151.48,50.73,True,11.2,140.3,False
pano2pano,20240331,6236 5th ave,20240331/6236 5th ave/outdoor/1211_living/R0012755.JPG,outdoor,2024-03-31T16:13:01Z,2024:03:31 12:13:45,40.4523,-79.921406,151.48,50.73,True,9.1,142.4,False
pano2pano,20240331,6236 5th ave,20240331/6236 5th ave/outdoor/1211_living/R0012754.JPG,outdoor,2024-03-31T16:13:01Z,2024:03:31 12:13:38,40.4523,-79.921406,151.48,50.73,True,7.7,143.8,False
pano2pano,20240331,6236 5th ave,20240331/6236 5th ave/outdoor/1211_living/R0012750.JPG,outdoor,2024-03-31T16:13:01Z,2024:03:31 12:13:12,40.4523,-79.921406,151.48,50.73,True,7.5,144.0,False
pano2pano,20240331,6236 5th ave,20240331/6236 5th ave/outdoor/1211_living/R0012758.JPG,outdoor,2024-03-31T16:13:01Z,2024:03:31 12:14:04,40.4523,-79.921406,151.48,50.73,True,11.6,139.9,False
pano2pano,20240331,6236 5th ave,20240331/6236 5th ave/outdoor/1211_living/R0012751.JPG,outdoor,2024-03-31T16:13:01Z,2024:03:31 12:13:19,40.4523,-79.921406,151.48,50.73,True,5.1,146.4,False
pano2pano,20240331,6236 5th ave,20240331/6236 5th ave/outdoor/1211_living/R0012753.JPG,outdoor,2024-03-31T16:13:01Z,2024:03:31 12:13:32,40.4523,-79.921406,151.48,50.73,True,11.5,140.0,False
pano2pano,20240331,6236 5th ave,20240331/6236 5th ave/outdoor/1211_living/R0012752.JPG,outdoor,2024-03-31T16:13:01Z,2024:03:31 12:13:26,40.4523,-79.921406,151.48,50.73,True,2.0,149.5,False
pano2pano,20240331,6236 5th ave,20240331/6236 5th ave/indoor/1247_kitchen/R0012857.JPG,indoor,2024-03-31T16:47:54Z,2024:03:31 12:48:57,40.452403,-79.921483,165.03,53.2,True,63.2,101.8,False
pano2pano,20240331,6236 5th ave,20240331/6236 5th ave/indoor/1247_kitchen/R0012856.JPG,indoor,2024-03-31T16:47:54Z,2024:03:31 12:48:51,40.452403,-79.921483,165.03,53.2,True,63.0,102.0,False
pano2pano,20240331,6236 5th ave,20240331/6236 5th ave/indoor/1247_kitchen/R0012854.JPG,indoor,2024-03-31T16:47:54Z,2024:03:31 12:48:39,40.452403,-79.921483,165.03,53.2,True,66.3,98.7,False
pano2pano,20240331,6236 5th ave,20240331/6236 5th ave/indoor/1247_kitchen/R0012855.JPG,indoor,2024-03-31T16:47:54Z,2024:03:31 12:48:45,40.452403,-79.921483,165.03,53.2,True,68.6,96.4,False
pano2pano,20240331,6236 5th ave,20240331/6236 5th ave/indoor/1247_kitchen/R0012849.JPG,indoor,2024-03-31T16:47:54Z,2024:03:31 12:48:05,40.452403,-79.921483,165.03,53.2,True,73.2,91.8,False
pano2pano,20240331,6236 5th ave,20240331/6236 5th ave/indoor/1247_kitchen/R0012851.JPG,indoor,2024-03-31T16:47:54Z,2024:03:31 12:48:19,40.452403,-79.921483,165.03,53.2,True,66.3,98.7,False
pano2pano,20240331,6236 5th ave,20240331/6236 5th ave/indoor/1247_kitchen/R0012850.JPG,indoor,2024-03-31T16:47:54Z,2024:03:31 12:48:12,40.452403,-79.921483,165.03,53.2,True,74.0,91.0,False
pano2pano,20240331,6236 5th ave,20240331/6236 5th ave/indoor/1247_kitchen/R0012852.JPG,indoor,2024-03-31T16:47:54Z,2024:03:31 12:48:26,40.452403,-79.921483,165.03,53.2,True,81.4,83.6,True
pano2pano,20240331,6236 5th ave,20240331/6236 5th ave/indoor/1247_kitchen/R0012853.JPG,indoor,2024-03-31T16:47:54Z,2024:03:31 12:48:32,40.452403,-79.921483,165.03,53.2,True,69.8,95.2,False
pano2pano,20240331,6236 5th ave,20240331/6236 5th ave/indoor/1244_kitchen/R0012843.JPG,indoor,2024-03-31T16:45:35Z,2024:03:31 12:46:07,40.452264,-79.921219,164.09,53.08,True,56.8,107.3,False
pano2pano,20240331,6236 5th ave,20240331/6236 5th ave/indoor/1244_kitchen/R0012842.JPG,indoor,2024-03-31T16:45:35Z,2024:03:31 12:46:01,40.452264,-79.921219,164.09,53.08,True,76.5,87.6,True
pano2pano,20240331,6236 5th ave,20240331/6236 5th ave/indoor/1244_kitchen/R0012840.JPG,indoor,2024-03-31T16:45:35Z,2024:03:31 12:45:46,40.452264,-79.921219,164.09,53.08,True,76.2,87.9,True
pano2pano,20240331,6236 5th ave,20240331/6236 5th ave/indoor/1244_kitchen/R0012841.JPG,indoor,2024-03-31T16:45:35Z,2024:03:31 12:45:54,40.452264,-79.921219,164.09,53.08,True,70.6,93.5,False
pano2pano,20240331,6236 5th ave,20240331/6236 5th ave/indoor/1244_kitchen/R0012848.JPG,indoor,2024-03-31T16:45:35Z,2024:03:31 12:46:36,40.452264,-79.921219,164.09,53.08,True,79.6,84.5,True
pano2pano,20240331,6236 5th ave,20240331/6236 5th ave/indoor/1244_kitchen/R0012845.JPG,indoor,2024-03-31T16:45:35Z,2024:03:31 12:46:19,40.452264,-79.921219,164.09,53.08,True,63.2,100.9,False
pano2pano,20240331,6236 5th ave,20240331/6236 5th ave/indoor/1244_kitchen/R0012844.JPG,indoor,2024-03-31T16:45:35Z,2024:03:31 12:46:13,40.452264,-79.921219,164.09,53.08,True,74.9,89.2,True
pano2pano,20240331,6236 5th ave,20240331/6236 5th ave/indoor/1244_kitchen/R0012846.JPG,indoor,2024-03-31T16:45:35Z,2024:03:31 12:46:25,40.452264,-79.921219,164.09,53.08,True,71.1,93.0,False
pano2pano,20240331,6236 5th ave,20240331/6236 5th ave/indoor/1244_kitchen/R0012847.JPG,indoor,2024-03-31T16:45:35Z,2024:03:31 12:46:31,40.452264,-79.921219,164.09,53.08,True,78.5,85.6,True
pano2pano,20240331,6236 5th ave,20240331/6236 5th ave/indoor/1253_kitchen/R0012871.JPG,indoor,2024-03-31T16:51:41Z,2024:03:31 12:53:31,40.452356,-79.921467,166.58,53.38,True,53.4,113.2,False
pano2pano,20240331,6236 5th ave,20240331/6236 5th ave/indoor/1253_kitchen/R0012870.JPG,indoor,2024-03-31T16:51:41Z,2024:03:31 12:53:25,40.452356,-79.921467,166.58,53.38,True,61.6,105.0,False
pano2pano,20240331,6236 5th ave,20240331/6236 5th ave/indoor/1253_kitchen/R0012867.JPG,indoor,2024-03-31T16:51:41Z,2024:03:31 12:53:04,40.452356,-79.921467,166.58,53.38,True,50.8,115.8,False
pano2pano,20240331,6236 5th ave,20240331/6236 5th ave/indoor/1253_kitchen/R0012872.JPG,indoor,2024-03-31T16:51:41Z,2024:03:31 12:53:37,40.452356,-79.921467,166.58,53.38,True,55.7,110.9,False
pano2pano,20240331,6236 5th ave,20240331/6236 5th ave/indoor/1253_kitchen/R0012873.JPG,indoor,2024-03-31T16:51:41Z,2024:03:31 12:53:43,40.452356,-79.921467,166.58,53.38,True,53.3,113.3,False
pano2pano,20240331,6236 5th ave,20240331/6236 5th ave/indoor/1253_kitchen/R0012874.JPG,indoor,2024-03-31T16:51:41Z,2024:03:31 12:53:50,40.452356,-79.921467,166.58,53.38,True,61.5,105.1,False
pano2pano,20240331,6236 5th ave,20240331/6236 5th ave/indoor/1253_kitchen/R0012868.JPG,indoor,2024-03-31T16:51:41Z,2024:03:31 12:53:12,40.452356,-79.921467,166.58,53.38,True,49.6,117.0,False
pano2pano,20240331,6236 5th ave,20240331/6236 5th ave/indoor/1253_kitchen/R0012869.JPG,indoor,2024-03-31T16:51:41Z,2024:03:31 12:53:18,40.452356,-79.921467,166.58,53.38,True,55.3,111.3,False
pano2pano,20240331,6236 5th ave,20240331/6236 5th ave/indoor/1253_kitchen/R0012875.JPG,indoor,2024-03-31T16:51:41Z,2024:03:31 12:53:55,40.452356,-79.921467,166.58,53.38,True,58.3,108.3,False
pano2pano,20240326,city view apt,20240326/city view apt/indoor/1354_living/R0012401.JPG,indoor,2024-03-26T17:54:31Z,2024:03:26 13:54:57,40.440244,-79.986633,191.77,51.61,True,257.8,66.0,True
pano2pano,20240326,city view apt,20240326/city view apt/indoor/1354_living/R0012400.JPG,indoor,2024-03-26T17:54:31Z,2024:03:26 13:54:50,40.440244,-79.986633,191.77,51.61,True,262.2,70.4,True
pano2pano,20240326,city view apt,20240326/city view apt/indoor/1354_living/R0012402.JPG,indoor,2024-03-26T17:54:31Z,2024:03:26 13:55:04,40.440244,-79.986633,191.77,51.61,True,264.6,72.8,True
pano2pano,20240326,city view apt,20240326/city view apt/indoor/1354_living/R0012403.JPG,indoor,2024-03-26T17:54:31Z,2024:03:26 13:55:10,40.440244,-79.986633,191.77,51.61,True,267.1,75.3,True
pano2pano,20240326,city view apt,20240326/city view apt/indoor/1354_living/R0012407.JPG,indoor,2024-03-26T17:54:31Z,2024:03:26 13:55:35,40.440244,-79.986633,191.77,51.61,True,251.7,59.9,True
pano2pano,20240326,city view apt,20240326/city view apt/indoor/1354_living/R0012406.JPG,indoor,2024-03-26T17:54:31Z,2024:03:26 13:55:29,40.440244,-79.986633,191.77,51.61,True,267.0,75.2,True
pano2pano,20240326,city view apt,20240326/city view apt/indoor/1354_living/R0012399.JPG,indoor,2024-03-26T17:54:31Z,2024:03:26 13:54:42,40.440244,-79.986633,191.77,51.61,True,265.6,73.8,True
pano2pano,20240326,city view apt,20240326/city view apt/indoor/1354_living/R0012404.JPG,indoor,2024-03-26T17:54:31Z,2024:03:26 13:55:17,40.440244,-79.986633,191.77,51.61,True,247.3,55.5,True
pano2pano,20240326,city view apt,20240326/city view apt/indoor/1354_living/R0012405.JPG,indoor,2024-03-26T17:54:31Z,2024:03:26 13:55:23,40.440244,-79.986633,191.77,51.61,True,267.9,76.1,True
pano2pano,20240326,city view apt,20240326/city view apt/indoor/1400_living/R0012423.JPG,indoor,2024-03-26T17:58:54Z,2024:03:26 13:59:46,40.440072,-79.986628,193.5,51.42,True,250.5,57.0,True
pano2pano,20240326,city view apt,20240326/city view apt/indoor/1400_living/R0012422.JPG,indoor,2024-03-26T17:58:54Z,2024:03:26 13:59:40,40.440072,-79.986628,193.5,51.42,True,261.6,68.1,True
pano2pano,20240326,city view apt,20240326/city view apt/indoor/1400_living/R0012420.JPG,indoor,2024-03-26T17:58:54Z,2024:03:26 13:59:27,40.440072,-79.986628,193.5,51.42,True,255.4,61.9,True
pano2pano,20240326,city view apt,20240326/city view apt/indoor/1400_living/R0012421.JPG,indoor,2024-03-26T17:58:54Z,2024:03:26 13:59:33,40.440072,-79.986628,193.5,51.42,True,258.0,64.5,True
pano2pano,20240326,city view apt,20240326/city view apt/indoor/1400_living/R0012417.JPG,indoor,2024-03-26T17:58:54Z,2024:03:26 13:59:05,40.440072,-79.986628,193.5,51.42,True,262.5,69.0,True
pano2pano,20240326,city view apt,20240326/city view apt/indoor/1400_living/R0012425.JPG,indoor,2024-03-26T17:58:54Z,2024:03:26 13:59:58,40.440072,-79.986628,193.5,51.42,True,259.0,65.5,True
pano2pano,20240326,city view apt,20240326/city view apt/indoor/1400_living/R0012424.JPG,indoor,2024-03-26T17:58:54Z,2024:03:26 13:59:52,40.440072,-79.986628,193.5,51.42,True,264.0,70.5,True
pano2pano,20240326,city view apt,20240326/city view apt/indoor/1400_living/R0012419.JPG,indoor,2024-03-26T17:58:54Z,2024:03:26 13:59:21,40.440072,-79.986628,193.5,51.42,True,271.0,77.5,True
pano2pano,20240326,city view apt,20240326/city view apt/indoor/1400_living/R0012418.JPG,indoor,2024-03-26T17:58:54Z,2024:03:26 13:59:13,40.440072,-79.986628,193.5,51.42,True,262.8,69.3,True
pano2pano,20240326,city view apt,20240326/city view apt/indoor/1355_living/R0012412.JPG,indoor,2024-03-26T17:56:11Z,2024:03:26 13:56:51,40.440072,-79.986814,192.43,51.54,True,271.2,78.8,True
pano2pano,20240326,city view apt,20240326/city view apt/indoor/1355_living/R0012413.JPG,indoor,2024-03-26T17:56:11Z,2024:03:26 13:56:57,40.440072,-79.986814,192.43,51.54,True,271.3,78.9,True
pano2pano,20240326,city view apt,20240326/city view apt/indoor/1355_living/R0012411.JPG,indoor,2024-03-26T17:56:11Z,2024:03:26 13:56:44,40.440072,-79.986814,192.43,51.54,True,273.0,80.6,True
pano2pano,20240326,city view apt,20240326/city view apt/indoor/1355_living/R0012410.JPG,indoor,2024-03-26T17:56:11Z,2024:03:26 13:56:38,40.440072,-79.986814,192.43,51.54,True,273.8,81.4,True
pano2pano,20240326,city view apt,20240326/city view apt/indoor/1355_living/R0012408.JPG,indoor,2024-03-26T17:56:11Z,2024:03:26 13:56:23,40.440072,-79.986814,192.43,51.54,True,268.2,75.8,True
pano2pano,20240326,city view apt,20240326/city view apt/indoor/1355_living/R0012414.JPG,indoor,2024-03-26T17:56:11Z,2024:03:26 13:57:04,40.440072,-79.986814,192.43,51.54,True,273.5,81.1,True
pano2pano,20240326,city view apt,20240326/city view apt/indoor/1355_living/R0012415.JPG,indoor,2024-03-26T17:56:11Z,2024:03:26 13:57:10,40.440072,-79.986814,192.43,51.54,True,275.0,82.6,True
pano2pano,20240326,city view apt,20240326/city view apt/indoor/1355_living/R0012409.JPG,indoor,2024-03-26T17:56:11Z,2024:03:26 13:56:30,40.440072,-79.986814,192.43,51.54,True,265.9,73.5,True
pano2pano,20240326,city view apt,20240326/city view apt/indoor/1355_living/R0012416.JPG,indoor,2024-03-26T17:56:11Z,2024:03:26 13:57:15,40.440072,-79.986814,192.43,51.54,True,263.9,71.5,True
pano2pano,20240331,6236 5th ave,20240331/6236 5th ave/outdoor/1240_kitchen/R0012835.JPG,outdoor,2024-03-31T16:39:54Z,2024:03:31 12:40:31,40.452336,-79.921194,161.8,52.76,True,61.5,100.3,False
pano2pano,20240331,6236 5th ave,20240331/6236 5th ave/outdoor/1240_kitchen/R0012834.JPG,outdoor,2024-03-31T16:39:54Z,2024:03:31 12:40:25,40.452336,-79.921194,161.8,52.76,True,75.5,86.3,True
pano2pano,20240331,6236 5th ave,20240331/6236 5th ave/outdoor/1240_kitchen/R0012836.JPG,outdoor,2024-03-31T16:39:54Z,2024:03:31 12:40:38,40.452336,-79.921194,161.8,52.76,True,77.6,84.2,True
pano2pano,20240331,6236 5th ave,20240331/6236 5th ave/outdoor/1240_kitchen/R0012837.JPG,outdoor,2024-03-31T16:39:54Z,2024:03:31 12:40:44,40.452336,-79.921194,161.8,52.76,True,75.6,86.2,True
pano2pano,20240331,6236 5th ave,20240331/6236 5th ave/outdoor/1240_kitchen/R0012833.JPG,outdoor,2024-03-31T16:39:54Z,2024:03:31 12:40:19,40.452336,-79.921194,161.8,52.76,True,75.2,86.6,True
pano2pano,20240331,6236 5th ave,20240331/6236 5th ave/outdoor/1240_kitchen/R0012832.JPG,outdoor,2024-03-31T16:39:54Z,2024:03:31 12:40:13,40.452336,-79.921194,161.8,52.76,True,76.8,85.0,True
pano2pano,20240331,6236 5th ave,20240331/6236 5th ave/outdoor/1240_kitchen/R0012839.JPG,outdoor,2024-03-31T16:39:54Z,2024:03:31 12:40:56,40.452336,-79.921194,161.8,52.76,True,71.1,90.7,False
pano2pano,20240331,6236 5th ave,20240331/6236 5th ave/outdoor/1240_kitchen/R0012831.JPG,outdoor,2024-03-31T16:39:54Z,2024:03:31 12:40:05,40.452336,-79.921194,161.8,52.76,True,75.5,86.3,True
pano2pano,20240331,6236 5th ave,20240331/6236 5th ave/outdoor/1240_kitchen/R0012838.JPG,outdoor,2024-03-31T16:39:54Z,2024:03:31 12:40:50,40.452336,-79.921194,161.8,52.76,True,72.1,89.7,True
pano2pano,20240326,city view apt,20240326/city view apt/indoor/1421_kitchen/R0012483.JPG,indoor,2024-03-26T18:19:57Z,2024:03:26 14:21:28,40.440069,-79.986797,201.61,50.22,True,54.1,147.5,False
pano2pano,20240326,city view apt,20240326/city view apt/indoor/1421_kitchen/R0012482.JPG,indoor,2024-03-26T18:19:57Z,2024:03:26 14:21:22,40.440069,-79.986797,201.61,50.22,True,62.2,139.4,False
pano2pano,20240326,city view apt,20240326/city view apt/indoor/1421_kitchen/R0012480.JPG,indoor,2024-03-26T18:19:57Z,2024:03:26 14:21:07,40.440069,-79.986797,201.61,50.22,True,60.8,140.8,False
pano2pano,20240326,city view apt,20240326/city view apt/indoor/1421_kitchen/R0012481.JPG,indoor,2024-03-26T18:19:57Z,2024:03:26 14:21:15,40.440069,-79.986797,201.61,50.22,True,56.7,144.9,False
pano2pano,20240326,city view apt,20240326/city view apt/indoor/1421_kitchen/R0012488.JPG,indoor,2024-03-26T18:19:57Z,2024:03:26 14:21:59,40.440069,-79.986797,201.61,50.22,True,62.9,138.7,False
pano2pano,20240326,city view apt,20240326/city view apt/indoor/1421_kitchen/R0012485.JPG,indoor,2024-03-26T18:19:57Z,2024:03:26 14:21:41,40.440069,-79.986797,201.61,50.22,True,61.8,139.8,False
pano2pano,20240326,city view apt,20240326/city view apt/indoor/1421_kitchen/R0012484.JPG,indoor,2024-03-26T18:19:57Z,2024:03:26 14:21:35,40.440069,-79.986797,201.61,50.22,True,66.7,134.9,False
pano2pano,20240326,city view apt,20240326/city view apt/indoor/1421_kitchen/R0012486.JPG,indoor,2024-03-26T18:19:57Z,2024:03:26 14:21:47,40.440069,-79.986797,201.61,50.22,True,58.1,143.5,False
pano2pano,20240326,city view apt,20240326/city view apt/indoor/1421_kitchen/R0012487.JPG,indoor,2024-03-26T18:19:57Z,2024:03:26 14:21:54,40.440069,-79.986797,201.61,50.22,True,60.1,141.5,False
pano2pano,20240326,city view apt,20240326/city view apt/indoor/1423_kitchen/R0012497.JPG,indoor,2024-03-26T18:22:37Z,2024:03:26 14:23:46,40.440278,-79.986767,202.6,50.03,True,68.8,133.8,False
pano2pano,20240326,city view apt,20240326/city view apt/indoor/1423_kitchen/R0012496.JPG,indoor,2024-03-26T18:22:37Z,2024:03:26 14:23:40,40.440278,-79.986767,202.6,50.03,True,69.3,133.3,False
pano2pano,20240326,city view apt,20240326/city view apt/indoor/1423_kitchen/R0012494.JPG,indoor,2024-03-26T18:22:37Z,2024:03:26 14:23:28,40.440278,-79.986767,202.6,50.03,True,66.0,136.6,False
pano2pano,20240326,city view apt,20240326/city view apt/indoor/1423_kitchen/R0012495.JPG,indoor,2024-03-26T18:22:37Z,2024:03:26 14:23:34,40.440278,-79.986767,202.6,50.03,True,67.7,134.9,False
pano2pano,20240326,city view apt,20240326/city view apt/indoor/1423_kitchen/R0012489.JPG,indoor,2024-03-26T18:22:37Z,2024:03:26 14:22:54,40.440278,-79.986767,202.6,50.03,True,69.5,133.1,False
pano2pano,20240326,city view apt,20240326/city view apt/indoor/1423_kitchen/R0012491.JPG,indoor,2024-03-26T18:22:37Z,2024:03:26 14:23:09,40.440278,-79.986767,202.6,50.03,True,73.5,129.1,False
pano2pano,20240326,city view apt,20240326/city view apt/indoor/1423_kitchen/R0012490.JPG,indoor,2024-03-26T18:22:37Z,2024:03:26 14:23:02,40.440278,-79.986767,202.6,50.03,True,62.4,140.2,False
pano2pano,20240326,city view apt,20240326/city view apt/indoor/1423_kitchen/R0012492.JPG,indoor,2024-03-26T18:22:37Z,2024:03:26 14:23:15,40.440278,-79.986767,202.6,50.03,True,67.3,135.3,False
pano2pano,20240326,city view apt,20240326/city view apt/indoor/1423_kitchen/R0012493.JPG,indoor,2024-03-26T18:22:37Z,2024:03:26 14:23:21,40.440278,-79.986767,202.6,50.03,True,69.1,133.5,False
pano2pano,20240326,city view apt,20240326/city view apt/indoor/1418_kitchen/R0012472.JPG,indoor,2024-03-26T18:17:57Z,2024:03:26 14:19:06,40.4401,-79.986664,200.86,50.36,True,70.7,130.2,False
pano2pano,20240326,city view apt,20240326/city view apt/indoor/1418_kitchen/R0012473.JPG,indoor,2024-03-26T18:17:57Z,2024:03:26 14:19:14,40.4401,-79.986664,200.86,50.36,True,67.1,133.8,False
pano2pano,20240326,city view apt,20240326/city view apt/indoor/1418_kitchen/R0012478.JPG,indoor,2024-03-26T18:17:57Z,2024:03:26 14:19:45,40.4401,-79.986664,200.86,50.36,True,66.3,134.6,False
pano2pano,20240326,city view apt,20240326/city view apt/indoor/1418_kitchen/R0012471.JPG,indoor,2024-03-26T18:17:57Z,2024:03:26 14:18:59,40.4401,-79.986664,200.86,50.36,True,68.4,132.5,False
pano2pano,20240326,city view apt,20240326/city view apt/indoor/1418_kitchen/R0012479.JPG,indoor,2024-03-26T18:17:57Z,2024:03:26 14:19:52,40.4401,-79.986664,200.86,50.36,True,68.3,132.6,False
pano2pano,20240326,city view apt,20240326/city view apt/indoor/1418_kitchen/R0012474.JPG,indoor,2024-03-26T18:17:57Z,2024:03:26 14:19:20,40.4401,-79.986664,200.86,50.36,True,67.7,133.2,False
pano2pano,20240326,city view apt,20240326/city view apt/indoor/1418_kitchen/R0012475.JPG,indoor,2024-03-26T18:17:57Z,2024:03:26 14:19:27,40.4401,-79.986664,200.86,50.36,True,78.8,122.1,False
pano2pano,20240326,city view apt,20240326/city view apt/indoor/1418_kitchen/R0012477.JPG,indoor,2024-03-26T18:17:57Z,2024:03:26 14:19:39,40.4401,-79.986664,200.86,50.36,True,64.2,136.7,False
pano2pano,20240326,city view apt,20240326/city view apt/indoor/1418_kitchen/R0012476.JPG,indoor,2024-03-26T18:17:57Z,2024:03:26 14:19:33,40.4401,-79.986664,200.86,50.36,True,74.6,126.3,False
pano2pano,20240326,city view apt,20240326/city view apt/indoor/1428_bedroom/R0012511.JPG,indoor,2024-03-26T18:27:25Z,2024:03:26 14:28:57,40.440019,-79.986922,204.37,49.67,True,266.8,62.4,True
pano2pano,20240326,city view apt,20240326/city view apt/indoor/1428_bedroom/R0012510.JPG,indoor,2024-03-26T18:27:25Z,2024:03:26 14:28:51,40.440019,-79.986922,204.37,49.67,True,262.0,57.6,True
pano2pano,20240326,city view apt,20240326/city view apt/indoor/1428_bedroom/R0012512.JPG,indoor,2024-03-26T18:27:25Z,2024:03:26 14:29:04,40.440019,-79.986922,204.37,49.67,True,274.4,70.0,True
pano2pano,20240326,city view apt,20240326/city view apt/indoor/1428_bedroom/R0012507.JPG,indoor,2024-03-26T18:27:25Z,2024:03:26 14:28:31,40.440019,-79.986922,204.37,49.67,True,264.4,60.0,True
pano2pano,20240326,city view apt,20240326/city view apt/indoor/1428_bedroom/R0012513.JPG,indoor,2024-03-26T18:27:25Z,2024:03:26 14:29:10,40.440019,-79.986922,204.37,49.67,True,267.3,62.9,True
pano2pano,20240326,city view apt,20240326/city view apt/indoor/1428_bedroom/R0012514.JPG,indoor,2024-03-26T18:27:25Z,2024:03:26 14:29:16,40.440019,-79.986922,204.37,49.67,True,265.7,61.3,True
pano2pano,20240326,city view apt,20240326/city view apt/indoor/1428_bedroom/R0012508.JPG,indoor,2024-03-26T18:27:25Z,2024:03:26 14:28:38,40.440019,-79.986922,204.37,49.67,True,263.1,58.7,True
pano2pano,20240326,city view apt,20240326/city view apt/indoor/1428_bedroom/R0012509.JPG,indoor,2024-03-26T18:27:25Z,2024:03:26 14:28:44,40.440019,-79.986922,204.37,49.67,True,269.2,64.8,True
pano2pano,20240326,city view apt,20240326/city view apt/indoor/1428_bedroom/R0012515.JPG,indoor,2024-03-26T18:27:25Z,2024:03:26 14:29:21,40.440019,-79.986922,204.37,49.67,True,265.3,60.9,True
pano2pano,20240326,city view apt,20240326/city view apt/indoor/1432_bedroom/R0012532.JPG,indoor,2024-03-26T18:31:45Z,2024:03:26 14:33:36,40.440036,-79.986906,205.95,49.32,True,284.0,78.0,True
pano2pano,20240326,city view apt,20240326/city view apt/indoor/1432_bedroom/R0012527.JPG,indoor,2024-03-26T18:31:45Z,2024:03:26 14:33:05,40.440036,-79.986906,205.95,49.32,True,284.3,78.3,True
pano2pano,20240326,city view apt,20240326/city view apt/indoor/1432_bedroom/R0012533.JPG,indoor,2024-03-26T18:31:45Z,2024:03:26 14:33:43,40.440036,-79.986906,205.95,49.32,True,273.9,67.9,True
pano2pano,20240326,city view apt,20240326/city view apt/indoor/1432_bedroom/R0012526.JPG,indoor,2024-03-26T18:31:45Z,2024:03:26 14:32:58,40.440036,-79.986906,205.95,49.32,True,281.6,75.6,True
pano2pano,20240326,city view apt,20240326/city view apt/indoor/1432_bedroom/R0012531.JPG,indoor,2024-03-26T18:31:45Z,2024:03:26 14:33:30,40.440036,-79.986906,205.95,49.32,True,276.8,70.8,True
pano2pano,20240326,city view apt,20240326/city view apt/indoor/1432_bedroom/R0012525.JPG,indoor,2024-03-26T18:31:45Z,2024:03:26 14:32:51,40.440036,-79.986906,205.95,49.32,True,282.2,76.2,True
pano2pano,20240326,city view apt,20240326/city view apt/indoor/1432_bedroom/R0012530.JPG,indoor,2024-03-26T18:31:45Z,2024:03:26 14:33:24,40.440036,-79.986906,205.95,49.32,True,286.2,80.2,True
pano2pano,20240326,city view apt,20240326/city view apt/indoor/1432_bedroom/R0012528.JPG,indoor,2024-03-26T18:31:45Z,2024:03:26 14:33:11,40.440036,-79.986906,205.95,49.32,True,274.9,68.9,True
pano2pano,20240326,city view apt,20240326/city view apt/indoor/1432_bedroom/R0012529.JPG,indoor,2024-03-26T18:31:45Z,2024:03:26 14:33:18,40.440036,-79.986906,205.95,49.32,True,277.4,71.4,True
pano2pano,20240326,city view apt,20240326/city view apt/indoor/1430_bedroom/R0012519.JPG,indoor,2024-03-26T18:29:44Z,2024:03:26 14:31:09,40.439742,-79.986947,205.22,49.48,True,276.8,71.6,True
pano2pano,20240326,city view apt,20240326/city view apt/indoor/1430_bedroom/R0012518.JPG,indoor,2024-03-26T18:29:44Z,2024:03:26 14:31:02,40.439742,-79.986947,205.22,49.48,True,267.0,61.8,True
pano2pano,20240326,city view apt,20240326/city view apt/indoor/1430_bedroom/R0012524.JPG,indoor,2024-03-26T18:29:44Z,2024:03:26 14:31:39,40.439742,-79.986947,205.22,49.48,True,272.4,67.2,True
pano2pano,20240326,city view apt,20240326/city view apt/indoor/1430_bedroom/R0012520.JPG,indoor,2024-03-26T18:29:44Z,2024:03:26 14:31:15,40.439742,-79.986947,205.22,49.48,True,266.8,61.6,True
pano2pano,20240326,city view apt,20240326/city view apt/indoor/1430_bedroom/R0012516.JPG,indoor,2024-03-26T18:29:44Z,2024:03:26 14:30:47,40.439742,-79.986947,205.22,49.48,True,263.1,57.9,True
pano2pano,20240326,city view apt,20240326/city view apt/indoor/1430_bedroom/R0012517.JPG,indoor,2024-03-26T18:29:44Z,2024:03:26 14:30:55,40.439742,-79.986947,205.22,49.48,True,275.3,70.1,True
pano2pano,20240326,city view apt,20240326/city view apt/indoor/1430_bedroom/R0012521.JPG,indoor,2024-03-26T18:29:44Z,2024:03:26 14:31:22,40.439742,-79.986947,205.22,49.48,True,271.6,66.4,True
pano2pano,20240326,city view apt,20240326/city view apt/indoor/1430_bedroom/R0012523.JPG,indoor,2024-03-26T18:29:44Z,2024:03:26 14:31:34,40.439742,-79.986947,205.22,49.48,True,265.9,60.7,True
pano2pano,20240326,city view apt,20240326/city view apt/indoor/1430_bedroom/R0012522.JPG,indoor,2024-03-26T18:29:44Z,2024:03:26 14:31:28,40.439742,-79.986947,205.22,49.48,True,271.5,66.3,True
pano2pano,20240326,city view apt,20240326/city view apt/outdoor/1403_living/R0012429.JPG,outdoor,2024-03-26T18:03:57Z,2024:03:26 14:04:30,40.44035,-79.986667,195.48,51.19,True,261.2,65.7,True
pano2pano,20240326,city view apt,20240326/city view apt/outdoor/1403_living/R0012428.JPG,outdoor,2024-03-26T18:03:57Z,2024:03:26 14:04:23,40.44035,-79.986667,195.48,51.19,True,256.7,61.2,True
pano2pano,20240326,city view apt,20240326/city view apt/outdoor/1403_living/R0012434.JPG,outdoor,2024-03-26T18:03:57Z,2024:03:26 14:05:02,40.44035,-79.986667,195.48,51.19,True,270.1,74.6,True
pano2pano,20240326,city view apt,20240326/city view apt/outdoor/1403_living/R0012426.JPG,outdoor,2024-03-26T18:03:57Z,2024:03:26 14:04:09,40.44035,-79.986667,195.48,51.19,True,260.5,65.0,True
pano2pano,20240326,city view apt,20240326/city view apt/outdoor/1403_living/R0012433.JPG,outdoor,2024-03-26T18:03:57Z,2024:03:26 14:04:55,40.44035,-79.986667,195.48,51.19,True,270.7,75.2,True
pano2pano,20240326,city view apt,20240326/city view apt/outdoor/1403_living/R0012427.JPG,outdoor,2024-03-26T18:03:57Z,2024:03:26 14:04:16,40.44035,-79.986667,195.48,51.19,True,258.1,62.6,True
pano2pano,20240326,city view apt,20240326/city view apt/outdoor/1403_living/R0012432.JPG,outdoor,2024-03-26T18:03:57Z,2024:03:26 14:04:49,40.44035,-79.986667,195.48,51.19,True,278.2,82.7,True
pano2pano,20240326,city view apt,20240326/city view apt/outdoor/1403_living/R0012430.JPG,outdoor,2024-03-26T18:03:57Z,2024:03:26 14:04:36,40.44035,-79.986667,195.48,51.19,True,259.5,64.0,True
pano2pano,20240326,city view apt,20240326/city view apt/outdoor/1403_living/R0012431.JPG,outdoor,2024-03-26T18:03:57Z,2024:03:26 14:04:43,40.44035,-79.986667,195.48,51.19,True,251.2,55.7,True
pano2pano,20240331,6236 5th ave,20240331/6236 5th ave/indoor/1227_bedroom-E/R0012798.JPG,indoor,2024-03-31T16:27:23Z,2024:03:31 12:27:57,40.452511,-79.921042,156.89,51.92,True,81.2,75.7,True
pano2pano,20240331,6236 5th ave,20240331/6236 5th ave/indoor/1227_bedroom-E/R0012799.JPG,indoor,2024-03-31T16:27:23Z,2024:03:31 12:28:03,40.452511,-79.921042,156.89,51.92,True,82.2,74.7,True
pano2pano,20240331,6236 5th ave,20240331/6236 5th ave/indoor/1227_bedroom-E/R0012801.JPG,indoor,2024-03-31T16:27:23Z,2024:03:31 12:28:16,40.452511,-79.921042,156.89,51.92,True,81.9,75.0,True
pano2pano,20240331,6236 5th ave,20240331/6236 5th ave/indoor/1227_bedroom-E/R0012800.JPG,indoor,2024-03-31T16:27:23Z,2024:03:31 12:28:09,40.452511,-79.921042,156.89,51.92,True,83.0,73.9,True
pano2pano,20240331,6236 5th ave,20240331/6236 5th ave/indoor/1227_bedroom-E/R0012795.JPG,indoor,2024-03-31T16:27:23Z,2024:03:31 12:27:36,40.452511,-79.921042,156.89,51.92,True,77.0,79.9,True
pano2pano,20240331,6236 5th ave,20240331/6236 5th ave/indoor/1227_bedroom-E/R0012797.JPG,indoor,2024-03-31T16:27:23Z,2024:03:31 12:27:50,40.452511,-79.921042,156.89,51.92,True,84.1,72.8,True
pano2pano,20240331,6236 5th ave,20240331/6236 5th ave/indoor/1227_bedroom-E/R0012802.JPG,indoor,2024-03-31T16:27:23Z,2024:03:31 12:28:22,40.452511,-79.921042,156.89,51.92,True,77.1,79.8,True
pano2pano,20240331,6236 5th ave,20240331/6236 5th ave/indoor/1227_bedroom-E/R0012803.JPG,indoor,2024-03-31T16:27:23Z,2024:03:31 12:28:27,40.452511,-79.921042,156.89,51.92,True,75.4,81.5,True
pano2pano,20240331,6236 5th ave,20240331/6236 5th ave/indoor/1227_bedroom-E/R0012796.JPG,indoor,2024-03-31T16:27:23Z,2024:03:31 12:27:43,40.452511,-79.921042,156.89,51.92,True,79.2,77.7,True
pano2pano,20240331,6236 5th ave,20240331/6236 5th ave/indoor/1218_bedroom-W/R0012770.JPG,indoor,2024-03-31T16:18:34Z,2024:03:31 12:19:16,40.452339,-79.921372,153.54,51.22,True,274.3,120.8,False
pano2pano,20240331,6236 5th ave,20240331/6236 5th ave/indoor/1218_bedroom-W/R0012771.JPG,indoor,2024-03-31T16:18:34Z,2024:03:31 12:19:23,40.452339,-79.921372,153.54,51.22,True,271.5,118.0,False
pano2pano,20240331,6236 5th ave,20240331/6236 5th ave/indoor/1218_bedroom-W/R0012773.JPG,indoor,2024-03-31T16:18:34Z,2024:03:31 12:19:36,40.452339,-79.921372,153.54,51.22,True,273.4,119.9,False
pano2pano,20240331,6236 5th ave,20240331/6236 5th ave/indoor/1218_bedroom-W/R0012772.JPG,indoor,2024-03-31T16:18:34Z,2024:03:31 12:19:29,40.452339,-79.921372,153.54,51.22,True,274.4,120.9,False
pano2pano,20240331,6236 5th ave,20240331/6236 5th ave/indoor/1218_bedroom-W/R0012776.JPG,indoor,2024-03-31T16:18:34Z,2024:03:31 12:19:53,40.452339,-79.921372,153.54,51.22,True,271.3,117.8,False
pano2pano,20240331,6236 5th ave,20240331/6236 5th ave/indoor/1218_bedroom-W/R0012769.JPG,indoor,2024-03-31T16:18:34Z,2024:03:31 12:19:09,40.452339,-79.921372,153.54,51.22,True,275.6,122.1,False
pano2pano,20240331,6236 5th ave,20240331/6236 5th ave/indoor/1218_bedroom-W/R0012775.JPG,indoor,2024-03-31T16:18:34Z,2024:03:31 12:19:48,40.452339,-79.921372,153.54,51.22,True,274.3,120.8,False
pano2pano,20240331,6236 5th ave,20240331/6236 5th ave/indoor/1218_bedroom-W/R0012774.JPG,indoor,2024-03-31T16:18:34Z,2024:03:31 12:19:42,40.452339,-79.921372,153.54,51.22,True,274.1,120.6,False
pano2pano,20240331,6236 5th ave,20240331/6236 5th ave/indoor/1218_bedroom-W/R0012768.JPG,indoor,2024-03-31T16:18:34Z,2024:03:31 12:19:02,40.452339,-79.921372,153.54,51.22,True,279.9,126.4,False
pano2pano,20240331,6236 5th ave,20240331/6236 5th ave/indoor/1221_bedroom-W/R0012778.JPG,indoor,2024-03-31T16:20:13Z,2024:03:31 12:21:24,40.452369,-79.921408,154.16,51.35,True,274.9,120.7,False
pano2pano,20240331,6236 5th ave,20240331/6236 5th ave/indoor/1221_bedroom-W/R0012785.JPG,indoor,2024-03-31T16:20:13Z,2024:03:31 12:22:08,40.452369,-79.921408,154.16,51.35,True,271.5,117.3,False
pano2pano,20240331,6236 5th ave,20240331/6236 5th ave/indoor/1221_bedroom-W/R0012784.JPG,indoor,2024-03-31T16:20:13Z,2024:03:31 12:22:02,40.452369,-79.921408,154.16,51.35,True,268.8,114.6,False
pano2pano,20240331,6236 5th ave,20240331/6236 5th ave/indoor/1221_bedroom-W/R0012779.JPG,indoor,2024-03-31T16:20:13Z,2024:03:31 12:21:31,40.452369,-79.921408,154.16,51.35,True,269.9,115.7,False
pano2pano,20240331,6236 5th ave,20240331/6236 5th ave/indoor/1221_bedroom-W/R0012780.JPG,indoor,2024-03-31T16:20:13Z,2024:03:31 12:21:37,40.452369,-79.921408,154.16,51.35,True,269.8,115.6,False
pano2pano,20240331,6236 5th ave,20240331/6236 5th ave/indoor/1221_bedroom-W/R0012781.JPG,indoor,2024-03-31T16:20:13Z,2024:03:31 12:21:44,40.452369,-79.921408,154.16,51.35,True,270.9,116.7,False
pano2pano,20240331,6236 5th ave,20240331/6236 5th ave/indoor/1221_bedroom-W/R0012783.JPG,indoor,2024-03-31T16:20:13Z,2024:03:31 12:21:56,40.452369,-79.921408,154.16,51.35,True,270.9,116.7,False
pano2pano,20240331,6236 5th ave,20240331/6236 5th ave/indoor/1221_bedroom-W/R0012777.JPG,indoor,2024-03-31T16:20:13Z,2024:03:31 12:21:17,40.452369,-79.921408,154.16,51.35,True,269.6,115.4,False
pano2pano,20240331,6236 5th ave,20240331/6236 5th ave/indoor/1221_bedroom-W/R0012782.JPG,indoor,2024-03-31T16:20:13Z,2024:03:31 12:21:50,40.452369,-79.921408,154.16,51.35,True,264.4,110.2,False
pano2pano,20240331,6236 5th ave,20240331/6236 5th ave/indoor/1229_bedroom-E/R0012805.JPG,indoor,2024-03-31T16:28:32Z,2024:03:31 12:30:17,40.452342,-79.921397,157.33,52.01,True,87.9,69.4,True
pano2pano,20240331,6236 5th ave,20240331/6236 5th ave/indoor/1229_bedroom-E/R0012810.JPG,indoor,2024-03-31T16:28:32Z,2024:03:31 12:30:49,40.452342,-79.921397,157.33,52.01,True,83.2,74.1,True
pano2pano,20240331,6236 5th ave,20240331/6236 5th ave/indoor/1229_bedroom-E/R0012804.JPG,indoor,2024-03-31T16:28:32Z,2024:03:31 12:30:09,40.452342,-79.921397,157.33,52.01,True,72.1,85.2,True
pano2pano,20240331,6236 5th ave,20240331/6236 5th ave/indoor/1229_bedroom-E/R0012811.JPG,indoor,2024-03-31T16:28:32Z,2024:03:31 12:30:55,40.452342,-79.921397,157.33,52.01,True,82.1,75.2,True
pano2pano,20240331,6236 5th ave,20240331/6236 5th ave/indoor/1229_bedroom-E/R0012806.JPG,indoor,2024-03-31T16:28:32Z,2024:03:31 12:30:24,40.452342,-79.921397,157.33,52.01,True,84.3,73.0,True
pano2pano,20240331,6236 5th ave,20240331/6236 5th ave/indoor/1229_bedroom-E/R0012812.JPG,indoor,2024-03-31T16:28:32Z,2024:03:31 12:31:00,40.452342,-79.921397,157.33,52.01,True,78.6,78.7,True
pano2pano,20240331,6236 5th ave,20240331/6236 5th ave/indoor/1229_bedroom-E/R0012807.JPG,indoor,2024-03-31T16:28:32Z,2024:03:31 12:30:30,40.452342,-79.921397,157.33,52.01,True,72.4,84.9,True
pano2pano,20240331,6236 5th ave,20240331/6236 5th ave/indoor/1229_bedroom-E/R0012809.JPG,indoor,2024-03-31T16:28:32Z,2024:03:31 12:30:43,40.452342,-79.921397,157.33,52.01,True,79.0,78.3,True
pano2pano,20240331,6236 5th ave,20240331/6236 5th ave/indoor/1229_bedroom-E/R0012808.JPG,indoor,2024-03-31T16:28:32Z,2024:03:31 12:30:37,40.452342,-79.921397,157.33,52.01,True,84.2,73.1,True
pano2pano,20240331,6236 5th ave,20240331/6236 5th ave/indoor/1217_bedroom-W/R0012761.JPG,indoor,2024-03-31T16:17:04Z,2024:03:31 12:17:31,40.452978,-79.925483,152.97,51.08,True,279.7,126.7,False
pano2pano,20240331,6236 5th ave,20240331/6236 5th ave/indoor/1217_bedroom-W/R0012760.JPG,indoor,2024-03-31T16:17:04Z,2024:03:31 12:17:24,40.452978,-79.925483,152.97,51.08,True,262.6,109.6,False
pano2pano,20240331,6236 5th ave,20240331/6236 5th ave/indoor/1217_bedroom-W/R0012762.JPG,indoor,2024-03-31T16:17:04Z,2024:03:31 12:17:37,40.452978,-79.925483,152.97,51.08,True,268.7,115.7,False
pano2pano,20240331,6236 5th ave,20240331/6236 5th ave/indoor/1217_bedroom-W/R0012763.JPG,indoor,2024-03-31T16:17:04Z,2024:03:31 12:17:44,40.452978,-79.925483,152.97,51.08,True,269.1,116.1,False
pano2pano,20240331,6236 5th ave,20240331/6236 5th ave/indoor/1217_bedroom-W/R0012767.JPG,indoor,2024-03-31T16:17:04Z,2024:03:31 12:18:08,40.452978,-79.925483,152.97,51.08,True,269.3,116.3,False
pano2pano,20240331,6236 5th ave,20240331/6236 5th ave/indoor/1217_bedroom-W/R0012759.JPG,indoor,2024-03-31T16:17:04Z,2024:03:31 12:17:16,40.452978,-79.925483,152.97,51.08,True,274.6,121.6,False
pano2pano,20240331,6236 5th ave,20240331/6236 5th ave/indoor/1217_bedroom-W/R0012766.JPG,indoor,2024-03-31T16:17:04Z,2024:03:31 12:18:02,40.452978,-79.925483,152.97,51.08,True,264.0,111.0,False
pano2pano,20240331,6236 5th ave,20240331/6236 5th ave/indoor/1217_bedroom-W/R0012764.JPG,indoor,2024-03-31T16:17:04Z,2024:03:31 12:17:50,40.452978,-79.925483,152.97,51.08,True,271.6,118.6,False
pano2pano,20240331,6236 5th ave,20240331/6236 5th ave/indoor/1217_bedroom-W/R0012765.JPG,indoor,2024-03-31T16:17:04Z,2024:03:31 12:17:56,40.452978,-79.925483,152.97,51.08,True,269.2,116.2,False
pano2pano,20240331,6236 5th ave,20240331/6236 5th ave/indoor/1235_bedroom-E/R0012826.JPG,indoor,2024-03-31T16:35:01Z,2024:03:31 12:35:39,40.452439,-79.921219,159.86,52.46,True,84.4,75.5,True
pano2pano,20240331,6236 5th ave,20240331/6236 5th ave/indoor/1235_bedroom-E/R0012827.JPG,indoor,2024-03-31T16:35:01Z,2024:03:31 12:35:45,40.452439,-79.921219,159.86,52.46,True,82.9,77.0,True
pano2pano,20240331,6236 5th ave,20240331/6236 5th ave/indoor/1235_bedroom-E/R0012830.JPG,indoor,2024-03-31T16:35:01Z,2024:03:31 12:36:04,40.452439,-79.921219,159.86,52.46,True,82.0,77.9,True
pano2pano,20240331,6236 5th ave,20240331/6236 5th ave/indoor/1235_bedroom-E/R0012825.JPG,indoor,2024-03-31T16:35:01Z,2024:03:31 12:35:33,40.452439,-79.921219,159.86,52.46,True,85.3,74.6,True
pano2pano,20240331,6236 5th ave,20240331/6236 5th ave/indoor/1235_bedroom-E/R0012824.JPG,indoor,2024-03-31T16:35:01Z,2024:03:31 12:35:27,40.452439,-79.921219,159.86,52.46,True,91.5,68.4,True
pano2pano,20240331,6236 5th ave,20240331/6236 5th ave/indoor/1235_bedroom-E/R0012829.JPG,indoor,2024-03-31T16:35:01Z,2024:03:31 12:35:58,40.452439,-79.921219,159.86,52.46,True,71.1,88.8,True
pano2pano,20240331,6236 5th ave,20240331/6236 5th ave/indoor/1235_bedroom-E/R0012828.JPG,indoor,2024-03-31T16:35:01Z,2024:03:31 12:35:52,40.452439,-79.921219,159.86,52.46,True,86.7,73.2,True
pano2pano,20240331,6236 5th ave,20240331/6236 5th ave/indoor/1235_bedroom-E/R0012823.JPG,indoor,2024-03-31T16:35:01Z,2024:03:31 12:35:20,40.452439,-79.921219,159.86,52.46,True,87.5,72.4,True
pano2pano,20240331,6236 5th ave,20240331/6236 5th ave/indoor/1235_bedroom-E/R0012822.JPG,indoor,2024-03-31T16:35:01Z,2024:03:31 12:35:12,40.452439,-79.921219,159.86,52.46,True,81.5,78.4,True
pano2pano,20240324,776 Montclair St,20240324/776 Montclair St/indoor/1103_Entry/R0012104.JPG,indoor,2024-03-24T15:03:04Z,2024:03:24 11:03:31,40.420903,-79.930389,130.78,39.67,True,,,
pano2pano,20240324,776 Montclair St,20240324/776 Montclair St/indoor/1103_Entry/R0012110.JPG,indoor,2024-03-24T15:03:04Z,2024:03:24 11:04:08,40.420903,-79.930389,130.78,39.67,True,,,
pano2pano,20240324,776 Montclair St,20240324/776 Montclair St/indoor/1103_Entry/R0012105.JPG,indoor,2024-03-24T15:03:04Z,2024:03:24 11:03:38,40.420903,-79.930389,130.78,39.67,True,,,
pano2pano,20240324,776 Montclair St,20240324/776 Montclair St/indoor/1103_Entry/R0012107.JPG,indoor,2024-03-24T15:03:04Z,2024:03:24 11:03:50,40.420903,-79.930389,130.78,39.67,True,,,
pano2pano,20240324,776 Montclair St,20240324/776 Montclair St/indoor/1103_Entry/R0012106.JPG,indoor,2024-03-24T15:03:04Z,2024:03:24 11:03:44,40.420903,-79.930389,130.78,39.67,True,,,
pano2pano,20240324,776 Montclair St,20240324/776 Montclair St/indoor/1103_Entry/R0012102.JPG,indoor,2024-03-24T15:03:04Z,2024:03:24 11:03:17,40.420903,-79.930389,130.78,39.67,True,,,
pano2pano,20240324,776 Montclair St,20240324/776 Montclair St/indoor/1103_Entry/R0012103.JPG,indoor,2024-03-24T15:03:04Z,2024:03:24 11:03:24,40.420903,-79.930389,130.78,39.67,True,,,
pano2pano,20240324,776 Montclair St,20240324/776 Montclair St/indoor/1103_Entry/R0012108.JPG,indoor,2024-03-24T15:03:04Z,2024:03:24 11:03:57,40.420903,-79.930389,130.78,39.67,True,,,
pano2pano,20240324,776 Montclair St,20240324/776 Montclair St/indoor/1103_Entry/R0012109.JPG,indoor,2024-03-24T15:03:04Z,2024:03:24 11:04:03,40.420903,-79.930389,130.78,39.67,True,,,
pano2pano,20240324,776 Montclair St,20240324/776 Montclair St/indoor/1100_Entry/R0012095.JPG,indoor,2024-03-24T15:00:39Z,2024:03:24 11:01:07,40.4209,-79.930431,130.14,39.32,True,,,
pano2pano,20240324,776 Montclair St,20240324/776 Montclair St/indoor/1100_Entry/R0012094.JPG,indoor,2024-03-24T15:00:39Z,2024:03:24 11:01:00,40.4209,-79.930431,130.14,39.32,True,,,
pano2pano,20240324,776 Montclair St,20240324/776 Montclair St/indoor/1100_Entry/R0012096.JPG,indoor,2024-03-24T15:00:39Z,2024:03:24 11:01:13,40.4209,-79.930431,130.14,39.32,True,,,
pano2pano,20240324,776 Montclair St,20240324/776 Montclair St/indoor/1100_Entry/R0012100.JPG,indoor,2024-03-24T15:00:39Z,2024:03:24 11:01:37,40.4209,-79.930431,130.14,39.32,True,,,
pano2pano,20240324,776 Montclair St,20240324/776 Montclair St/indoor/1100_Entry/R0012101.JPG,indoor,2024-03-24T15:00:39Z,2024:03:24 11:01:43,40.4209,-79.930431,130.14,39.32,True,,,
pano2pano,20240324,776 Montclair St,20240324/776 Montclair St/indoor/1100_Entry/R0012097.JPG,indoor,2024-03-24T15:00:39Z,2024:03:24 11:01:19,40.4209,-79.930431,130.14,39.32,True,,,
pano2pano,20240324,776 Montclair St,20240324/776 Montclair St/indoor/1100_Entry/R0012093.JPG,indoor,2024-03-24T15:00:39Z,2024:03:24 11:00:52,40.4209,-79.930431,130.14,39.32,True,,,
pano2pano,20240324,776 Montclair St,20240324/776 Montclair St/indoor/1100_Entry/R0012099.JPG,indoor,2024-03-24T15:00:39Z,2024:03:24 11:01:31,40.4209,-79.930431,130.14,39.32,True,,,
pano2pano,20240324,776 Montclair St,20240324/776 Montclair St/indoor/1100_Entry/R0012098.JPG,indoor,2024-03-24T15:00:39Z,2024:03:24 11:01:25,40.4209,-79.930431,130.14,39.32,True,,,
pano2pano,20240324,776 Montclair St,20240324/776 Montclair St/indoor/1057_Entry/R0012088.JPG,indoor,2024-03-24T14:55:47Z,2024:03:24 10:58:34,40.420875,-79.930469,128.88,38.61,True,,,
pano2pano,20240324,776 Montclair St,20240324/776 Montclair St/indoor/1057_Entry/R0012089.JPG,indoor,2024-03-24T14:55:47Z,2024:03:24 10:58:41,40.420875,-79.930469,128.88,38.61,True,,,
pano2pano,20240324,776 Montclair St,20240324/776 Montclair St/indoor/1057_Entry/R0012084.JPG,indoor,2024-03-24T14:55:47Z,2024:03:24 10:58:07,40.420875,-79.930469,128.88,38.61,True,,,
pano2pano,20240324,776 Montclair St,20240324/776 Montclair St/indoor/1057_Entry/R0012091.JPG,indoor,2024-03-24T14:55:47Z,2024:03:24 10:58:53,40.420875,-79.930469,128.88,38.61,True,,,
pano2pano,20240324,776 Montclair St,20240324/776 Montclair St/indoor/1057_Entry/R0012085.JPG,indoor,2024-03-24T14:55:47Z,2024:03:24 10:58:15,40.420875,-79.930469,128.88,38.61,True,,,
pano2pano,20240324,776 Montclair St,20240324/776 Montclair St/indoor/1057_Entry/R0012090.JPG,indoor,2024-03-24T14:55:47Z,2024:03:24 10:58:47,40.420875,-79.930469,128.88,38.61,True,,,
pano2pano,20240324,776 Montclair St,20240324/776 Montclair St/indoor/1057_Entry/R0012092.JPG,indoor,2024-03-24T14:55:47Z,2024:03:24 10:58:58,40.420875,-79.930469,128.88,38.61,True,,,
pano2pano,20240324,776 Montclair St,20240324/776 Montclair St/indoor/1057_Entry/R0012087.JPG,indoor,2024-03-24T14:55:47Z,2024:03:24 10:58:28,40.420875,-79.930469,128.88,38.61,True,,,
pano2pano,20240324,776 Montclair St,20240324/776 Montclair St/indoor/1057_Entry/R0012086.JPG,indoor,2024-03-24T14:55:47Z,2024:03:24 10:58:21,40.420875,-79.930469,128.88,38.61,True,,,
pano2pano,20240326,city view apt,20240326/city view apt/outdoor/1426_bedroom/R0012499.JPG,outdoor,2024-03-26T18:24:19Z,2024:03:26 14:26:18,40.440108,-79.986622,203.23,49.91,True,269.5,66.3,True
pano2pano,20240326,city view apt,20240326/city view apt/outdoor/1426_bedroom/R0012506.JPG,outdoor,2024-03-26T18:24:19Z,2024:03:26 14:27:02,40.440108,-79.986622,203.23,49.91,True,268.0,64.8,True
pano2pano,20240326,city view apt,20240326/city view apt/outdoor/1426_bedroom/R0012498.JPG,outdoor,2024-03-26T18:24:19Z,2024:03:26 14:26:11,40.440108,-79.986622,203.23,49.91,True,276.0,72.8,True
pano2pano,20240326,city view apt,20240326/city view apt/outdoor/1426_bedroom/R0012505.JPG,outdoor,2024-03-26T18:24:19Z,2024:03:26 14:26:57,40.440108,-79.986622,203.23,49.91,True,264.8,61.6,True
pano2pano,20240326,city view apt,20240326/city view apt/outdoor/1426_bedroom/R0012504.JPG,outdoor,2024-03-26T18:24:19Z,2024:03:26 14:26:51,40.440108,-79.986622,203.23,49.91,True,263.3,60.1,True
pano2pano,20240326,city view apt,20240326/city view apt/outdoor/1426_bedroom/R0012500.JPG,outdoor,2024-03-26T18:24:19Z,2024:03:26 14:26:25,40.440108,-79.986622,203.23,49.91,True,269.9,66.7,True
pano2pano,20240326,city view apt,20240326/city view apt/outdoor/1426_bedroom/R0012501.JPG,outdoor,2024-03-26T18:24:19Z,2024:03:26 14:26:31,40.440108,-79.986622,203.23,49.91,True,267.4,64.2,True
pano2pano,20240326,city view apt,20240326/city view apt/outdoor/1426_bedroom/R0012503.JPG,outdoor,2024-03-26T18:24:19Z,2024:03:26 14:26:44,40.440108,-79.986622,203.23,49.91,True,276.3,73.1,True
pano2pano,20240326,city view apt,20240326/city view apt/outdoor/1426_bedroom/R0012502.JPG,outdoor,2024-03-26T18:24:19Z,2024:03:26 14:26:38,40.440108,-79.986622,203.23,49.91,True,276.0,72.8,True
pano2pano,20240326,city view apt,20240326/city view apt/outdoor/1416_kitchen/R0012470.JPG,outdoor,2024-03-26T18:14:05Z,2024:03:26 14:17:22,40.440161,-79.986744,199.39,50.61,True,66.9,132.5,False
pano2pano,20240326,city view apt,20240326/city view apt/outdoor/1416_kitchen/R0012465.JPG,outdoor,2024-03-26T18:14:05Z,2024:03:26 14:16:50,40.440161,-79.986744,199.39,50.61,True,61.4,138.0,False
pano2pano,20240326,city view apt,20240326/city view apt/outdoor/1416_kitchen/R0012464.JPG,outdoor,2024-03-26T18:14:05Z,2024:03:26 14:16:43,40.440161,-79.986744,199.39,50.61,True,59.5,139.9,False
pano2pano,20240326,city view apt,20240326/city view apt/outdoor/1416_kitchen/R0012466.JPG,outdoor,2024-03-26T18:14:05Z,2024:03:26 14:16:56,40.440161,-79.986744,199.39,50.61,True,66.3,133.1,False
pano2pano,20240326,city view apt,20240326/city view apt/outdoor/1416_kitchen/R0012467.JPG,outdoor,2024-03-26T18:14:05Z,2024:03:26 14:17:03,40.440161,-79.986744,199.39,50.61,True,63.5,135.9,False
pano2pano,20240326,city view apt,20240326/city view apt/outdoor/1416_kitchen/R0012463.JPG,outdoor,2024-03-26T18:14:05Z,2024:03:26 14:16:37,40.440161,-79.986744,199.39,50.61,True,62.8,136.6,False
pano2pano,20240326,city view apt,20240326/city view apt/outdoor/1416_kitchen/R0012462.JPG,outdoor,2024-03-26T18:14:05Z,2024:03:26 14:16:29,40.440161,-79.986744,199.39,50.61,True,64.5,134.9,False
pano2pano,20240326,city view apt,20240326/city view apt/outdoor/1416_kitchen/R0012469.JPG,outdoor,2024-03-26T18:14:05Z,2024:03:26 14:17:16,40.440161,-79.986744,199.39,50.61,True,63.3,136.1,False
pano2pano,20240326,city view apt,20240326/city view apt/outdoor/1416_kitchen/R0012468.JPG,outdoor,2024-03-26T18:14:05Z,2024:03:26 14:17:10,40.440161,-79.986744,199.39,50.61,True,68.7,130.7,False
pano2pano,20240331,6236 5th ave,20240331/6236 5th ave/indoor/1209_living+lit/R0012749.JPG,indoor,2024-03-31T16:09:38Z,2024:03:31 12:10:41,40.452558,-79.921183,150.25,50.41,True,273.8,123.5,False
pano2pano,20240331,6236 5th ave,20240331/6236 5th ave/indoor/1209_living+lit/R0012741.JPG,indoor,2024-03-31T16:09:38Z,2024:03:31 12:09:48,40.452558,-79.921183,150.25,50.41,True,272.2,121.9,False
pano2pano,20240331,6236 5th ave,20240331/6236 5th ave/indoor/1209_living+lit/R0012748.JPG,indoor,2024-03-31T16:09:38Z,2024:03:31 12:10:35,40.452558,-79.921183,150.25,50.41,True,272.4,122.1,False
pano2pano,20240331,6236 5th ave,20240331/6236 5th ave/indoor/1209_living+lit/R0012743.JPG,indoor,2024-03-31T16:09:38Z,2024:03:31 12:10:03,40.452558,-79.921183,150.25,50.41,True,278.5,128.2,False
pano2pano,20240331,6236 5th ave,20240331/6236 5th ave/indoor/1209_living+lit/R0012742.JPG,indoor,2024-03-31T16:09:38Z,2024:03:31 12:09:56,40.452558,-79.921183,150.25,50.41,True,274.0,123.7,False
pano2pano,20240331,6236 5th ave,20240331/6236 5th ave/indoor/1209_living+lit/R0012746.JPG,indoor,2024-03-31T16:09:38Z,2024:03:31 12:10:23,40.452558,-79.921183,150.25,50.41,True,275.8,125.5,False
pano2pano,20240331,6236 5th ave,20240331/6236 5th ave/indoor/1209_living+lit/R0012747.JPG,indoor,2024-03-31T16:09:38Z,2024:03:31 12:10:28,40.452558,-79.921183,150.25,50.41,True,280.9,130.6,False
pano2pano,20240331,6236 5th ave,20240331/6236 5th ave/indoor/1209_living+lit/R0012745.JPG,indoor,2024-03-31T16:09:38Z,2024:03:31 12:10:16,40.452558,-79.921183,150.25,50.41,True,274.6,124.3,False
pano2pano,20240331,6236 5th ave,20240331/6236 5th ave/indoor/1209_living+lit/R0012744.JPG,indoor,2024-03-31T16:09:38Z,2024:03:31 12:10:10,40.452558,-79.921183,150.25,50.41,True,268.0,117.7,False
pano2pano,20240324,776 Montclair St,20240324/776 Montclair St/outdoor/1054_Entry/R0012080.JPG,outdoor,2024-03-24T14:50:42Z,2024:03:24 10:55:23,40.420933,-79.930475,127.58,37.85,True,,,
pano2pano,20240324,776 Montclair St,20240324/776 Montclair St/outdoor/1054_Entry/R0012075.JPG,outdoor,2024-03-24T14:50:42Z,2024:03:24 10:54:49,40.420933,-79.930475,127.58,37.85,True,,,
pano2pano,20240324,776 Montclair St,20240324/776 Montclair St/outdoor/1054_Entry/R0012081.JPG,outdoor,2024-03-24T14:50:42Z,2024:03:24 10:55:30,40.420933,-79.930475,127.58,37.85,True,,,
pano2pano,20240324,776 Montclair St,20240324/776 Montclair St/outdoor/1054_Entry/R0012077.JPG,outdoor,2024-03-24T14:50:42Z,2024:03:24 10:55:04,40.420933,-79.930475,127.58,37.85,True,,,
pano2pano,20240324,776 Montclair St,20240324/776 Montclair St/outdoor/1054_Entry/R0012083.JPG,outdoor,2024-03-24T14:50:42Z,2024:03:24 10:55:42,40.420933,-79.930475,127.58,37.85,True,,,
pano2pano,20240324,776 Montclair St,20240324/776 Montclair St/outdoor/1054_Entry/R0012082.JPG,outdoor,2024-03-24T14:50:42Z,2024:03:24 10:55:36,40.420933,-79.930475,127.58,37.85,True,,,
pano2pano,20240324,776 Montclair St,20240324/776 Montclair St/outdoor/1054_Entry/R0012076.JPG,outdoor,2024-03-24T14:50:42Z,2024:03:24 10:54:57,40.420933,-79.930475,127.58,37.85,True,,,
pano2pano,20240324,776 Montclair St,20240324/776 Montclair St/outdoor/1054_Entry/R0012078.JPG,outdoor,2024-03-24T14:50:42Z,2024:03:24 10:55:11,40.420933,-79.930475,127.58,37.85,True,,,
pano2pano,20240324,776 Montclair St,20240324/776 Montclair St/outdoor/1054_Entry/R0012079.JPG,outdoor,2024-03-24T14:50:42Z,2024:03:24 10:55:17,40.420933,-79.930475,127.58,37.85,True,,,
pano2pano,20240324,776 Montclair St,20240324/776 Montclair St/indoor/1046_Living/R0012058.JPG,indoor,2024-03-24T14:46:14Z,2024:03:24 10:47:18,40.420892,-79.930419,126.47,37.17,True,,,
pano2pano,20240324,776 Montclair St,20240324/776 Montclair St/indoor/1046_Living/R0012059.JPG,indoor,2024-03-24T14:46:14Z,2024:03:24 10:47:25,40.420892,-79.930419,126.47,37.17,True,,,
pano2pano,20240324,776 Montclair St,20240324/776 Montclair St/indoor/1046_Living/R0012064.JPG,indoor,2024-03-24T14:46:14Z,2024:03:24 10:47:56,40.420892,-79.930419,126.47,37.17,True,,,
pano2pano,20240324,776 Montclair St,20240324/776 Montclair St/indoor/1046_Living/R0012065.JPG,indoor,2024-03-24T14:46:14Z,2024:03:24 10:48:02,40.420892,-79.930419,126.47,37.17,True,,,
pano2pano,20240324,776 Montclair St,20240324/776 Montclair St/indoor/1046_Living/R0012057.JPG,indoor,2024-03-24T14:46:14Z,2024:03:24 10:47:11,40.420892,-79.930419,126.47,37.17,True,,,
pano2pano,20240324,776 Montclair St,20240324/776 Montclair St/indoor/1046_Living/R0012061.JPG,indoor,2024-03-24T14:46:14Z,2024:03:24 10:47:38,40.420892,-79.930419,126.47,37.17,True,,,
pano2pano,20240324,776 Montclair St,20240324/776 Montclair St/indoor/1046_Living/R0012060.JPG,indoor,2024-03-24T14:46:14Z,2024:03:24 10:47:31,40.420892,-79.930419,126.47,37.17,True,,,
pano2pano,20240324,776 Montclair St,20240324/776 Montclair St/indoor/1046_Living/R0012062.JPG,indoor,2024-03-24T14:46:14Z,2024:03:24 10:47:44,40.420892,-79.930419,126.47,37.17,True,,,
pano2pano,20240324,776 Montclair St,20240324/776 Montclair St/indoor/1046_Living/R0012063.JPG,indoor,2024-03-24T14:46:14Z,2024:03:24 10:47:50,40.420892,-79.930419,126.47,37.17,True,,,
pano2pano,20240324,776 Montclair St,20240324/776 Montclair St/indoor/1044_Living/R0012049.JPG,indoor,2024-03-24T14:42:26Z,2024:03:24 10:44:50,40.420883,-79.930453,125.53,36.58,True,,,
pano2pano,20240324,776 Montclair St,20240324/776 Montclair St/indoor/1044_Living/R0012055.JPG,indoor,2024-03-24T14:42:26Z,2024:03:24 10:45:29,40.420883,-79.930453,125.53,36.58,True,,,
pano2pano,20240324,776 Montclair St,20240324/776 Montclair St/indoor/1044_Living/R0012054.JPG,indoor,2024-03-24T14:42:26Z,2024:03:24 10:45:23,40.420883,-79.930453,125.53,36.58,True,,,
pano2pano,20240324,776 Montclair St,20240324/776 Montclair St/indoor/1044_Living/R0012048.JPG,indoor,2024-03-24T14:42:26Z,2024:03:24 10:44:42,40.420883,-79.930453,125.53,36.58,True,,,
pano2pano,20240324,776 Montclair St,20240324/776 Montclair St/indoor/1044_Living/R0012056.JPG,indoor,2024-03-24T14:42:26Z,2024:03:24 10:45:35,40.420883,-79.930453,125.53,36.58,True,,,
pano2pano,20240324,776 Montclair St,20240324/776 Montclair St/indoor/1044_Living/R0012053.JPG,indoor,2024-03-24T14:42:26Z,2024:03:24 10:45:16,40.420883,-79.930453,125.53,36.58,True,,,
pano2pano,20240324,776 Montclair St,20240324/776 Montclair St/indoor/1044_Living/R0012052.JPG,indoor,2024-03-24T14:42:26Z,2024:03:24 10:45:10,40.420883,-79.930453,125.53,36.58,True,,,
pano2pano,20240324,776 Montclair St,20240324/776 Montclair St/indoor/1044_Living/R0012050.JPG,indoor,2024-03-24T14:42:26Z,2024:03:24 10:44:57,40.420883,-79.930453,125.53,36.58,True,,,
pano2pano,20240324,776 Montclair St,20240324/776 Montclair St/indoor/1044_Living/R0012051.JPG,indoor,2024-03-24T14:42:26Z,2024:03:24 10:45:03,40.420883,-79.930453,125.53,36.58,True,,,
pano2pano,20240324,776 Montclair St,20240324/776 Montclair St/indoor/1049_Living/R0012071.JPG,indoor,2024-03-24T14:48:07Z,2024:03:24 10:50:17,40.420814,-79.930425,126.94,37.45,True,,,
pano2pano,20240324,776 Montclair St,20240324/776 Montclair St/indoor/1049_Living/R0012070.JPG,indoor,2024-03-24T14:48:07Z,2024:03:24 10:50:11,40.420814,-79.930425,126.94,37.45,True,,,
pano2pano,20240324,776 Montclair St,20240324/776 Montclair St/indoor/1049_Living/R0012067.JPG,indoor,2024-03-24T14:48:07Z,2024:03:24 10:49:51,40.420814,-79.930425,126.94,37.45,True,,,
pano2pano,20240324,776 Montclair St,20240324/776 Montclair St/indoor/1049_Living/R0012072.JPG,indoor,2024-03-24T14:48:07Z,2024:03:24 10:50:24,40.420814,-79.930425,126.94,37.45,True,,,
pano2pano,20240324,776 Montclair St,20240324/776 Montclair St/indoor/1049_Living/R0012066.JPG,indoor,2024-03-24T14:48:07Z,2024:03:24 10:49:43,40.420814,-79.930425,126.94,37.45,True,,,
pano2pano,20240324,776 Montclair St,20240324/776 Montclair St/indoor/1049_Living/R0012073.JPG,indoor,2024-03-24T14:48:07Z,2024:03:24 10:50:30,40.420814,-79.930425,126.94,37.45,True,,,
pano2pano,20240324,776 Montclair St,20240324/776 Montclair St/indoor/1049_Living/R0012074.JPG,indoor,2024-03-24T14:48:07Z,2024:03:24 10:50:36,40.420814,-79.930425,126.94,37.45,True,,,
pano2pano,20240324,776 Montclair St,20240324/776 Montclair St/indoor/1049_Living/R0012068.JPG,indoor,2024-03-24T14:48:07Z,2024:03:24 10:49:58,40.420814,-79.930425,126.94,37.45,True,,,
pano2pano,20240324,776 Montclair St,20240324/776 Montclair St/indoor/1049_Living/R0012069.JPG,indoor,2024-03-24T14:48:07Z,2024:03:24 10:50:04,40.420814,-79.930425,126.94,37.45,True,,,
pano2pano,20240331,6236 5th ave,20240331/6236 5th ave/indoor/1250_kitchen+lit/R0012862.JPG,indoor,2024-03-31T16:50:34Z,2024:03:31 12:51:11,40.452267,-79.921456,166.12,53.33,True,68.9,97.2,False
pano2pano,20240331,6236 5th ave,20240331/6236 5th ave/indoor/1250_kitchen+lit/R0012863.JPG,indoor,2024-03-31T16:50:34Z,2024:03:31 12:51:18,40.452267,-79.921456,166.12,53.33,True,66.8,99.3,False
pano2pano,20240331,6236 5th ave,20240331/6236 5th ave/indoor/1250_kitchen+lit/R0012861.JPG,indoor,2024-03-31T16:50:34Z,2024:03:31 12:51:05,40.452267,-79.921456,166.12,53.33,True,67.0,99.1,False
pano2pano,20240331,6236 5th ave,20240331/6236 5th ave/indoor/1250_kitchen+lit/R0012860.JPG,indoor,2024-03-31T16:50:34Z,2024:03:31 12:50:59,40.452267,-79.921456,166.12,53.33,True,78.6,87.5,True
pano2pano,20240331,6236 5th ave,20240331/6236 5th ave/indoor/1250_kitchen+lit/R0012864.JPG,indoor,2024-03-31T16:50:34Z,2024:03:31 12:51:24,40.452267,-79.921456,166.12,53.33,True,75.2,90.9,False
pano2pano,20240331,6236 5th ave,20240331/6236 5th ave/indoor/1250_kitchen+lit/R0012865.JPG,indoor,2024-03-31T16:50:34Z,2024:03:31 12:51:30,40.452267,-79.921456,166.12,53.33,True,61.6,104.5,False
pano2pano,20240331,6236 5th ave,20240331/6236 5th ave/indoor/1250_kitchen+lit/R0012858.JPG,indoor,2024-03-31T16:50:34Z,2024:03:31 12:50:45,40.452267,-79.921456,166.12,53.33,True,73.0,93.1,False
pano2pano,20240331,6236 5th ave,20240331/6236 5th ave/indoor/1250_kitchen+lit/R0012866.JPG,indoor,2024-03-31T16:50:34Z,2024:03:31 12:51:36,40.452267,-79.921456,166.12,53.33,True,72.0,94.1,False
pano2pano,20240331,6236 5th ave,20240331/6236 5th ave/indoor/1250_kitchen+lit/R0012859.JPG,indoor,2024-03-31T16:50:34Z,2024:03:31 12:50:52,40.452267,-79.921456,166.12,53.33,True,76.9,89.2,True
pano2pano,20240324,6311 Darlington Rd,20240324/6311 Darlington Rd/Indoor/1213_2F_SE/R0012216.JPG,indoor,2024-03-24T16:13:05Z,2024:03:24 12:14:52,40.437286,-79.918903,152.25,48.01,True,,,
pano2pano,20240324,6311 Darlington Rd,20240324/6311 Darlington Rd/Indoor/1213_2F_SE/R0012217.JPG,indoor,2024-03-24T16:13:05Z,2024:03:24 12:14:58,40.437286,-79.918903,152.25,48.01,True,,,
pano2pano,20240324,6311 Darlington Rd,20240324/6311 Darlington Rd/Indoor/1213_2F_SE/R0012215.JPG,indoor,2024-03-24T16:13:05Z,2024:03:24 12:14:46,40.437286,-79.918903,152.25,48.01,True,,,
pano2pano,20240324,6311 Darlington Rd,20240324/6311 Darlington Rd/Indoor/1213_2F_SE/R0012214.JPG,indoor,2024-03-24T16:13:05Z,2024:03:24 12:14:39,40.437286,-79.918903,152.25,48.01,True,,,
pano2pano,20240324,6311 Darlington Rd,20240324/6311 Darlington Rd/Indoor/1213_2F_SE/R0012210.JPG,indoor,2024-03-24T16:13:05Z,2024:03:24 12:14:12,40.437286,-79.918903,152.25,48.01,True,,,
pano2pano,20240324,6311 Darlington Rd,20240324/6311 Darlington Rd/Indoor/1213_2F_SE/R0012211.JPG,indoor,2024-03-24T16:13:05Z,2024:03:24 12:14:19,40.437286,-79.918903,152.25,48.01,True,,,
pano2pano,20240324,6311 Darlington Rd,20240324/6311 Darlington Rd/Indoor/1213_2F_SE/R0012218.JPG,indoor,2024-03-24T16:13:05Z,2024:03:24 12:15:04,40.437286,-79.918903,152.25,48.01,True,,,
pano2pano,20240324,6311 Darlington Rd,20240324/6311 Darlington Rd/Indoor/1213_2F_SE/R0012213.JPG,indoor,2024-03-24T16:13:05Z,2024:03:24 12:14:33,40.437286,-79.918903,152.25,48.01,True,,,
pano2pano,20240324,6311 Darlington Rd,20240324/6311 Darlington Rd/Indoor/1213_2F_SE/R0012212.JPG,indoor,2024-03-24T16:13:05Z,2024:03:24 12:14:26,40.437286,-79.918903,152.25,48.01,True,,,
pano2pano,20240324,6311 Darlington Rd,20240324/6311 Darlington Rd/Indoor/1200_2F_SW/R0012169.JPG,indoor,2024-03-24T15:58:54Z,2024:03:24 12:00:53,40.437364,-79.918592,147.42,46.65,True,,,
pano2pano,20240324,6311 Darlington Rd,20240324/6311 Darlington Rd/Indoor/1200_2F_SW/R0012168.JPG,indoor,2024-03-24T15:58:54Z,2024:03:24 12:00:47,40.437364,-79.918592,147.42,46.65,True,,,
pano2pano,20240324,6311 Darlington Rd,20240324/6311 Darlington Rd/Indoor/1200_2F_SW/R0012166.JPG,indoor,2024-03-24T15:58:54Z,2024:03:24 12:00:34,40.437364,-79.918592,147.42,46.65,True,,,
pano2pano,20240324,6311 Darlington Rd,20240324/6311 Darlington Rd/Indoor/1200_2F_SW/R0012173.JPG,indoor,2024-03-24T15:58:54Z,2024:03:24 12:01:18,40.437364,-79.918592,147.42,46.65,True,,,
pano2pano,20240324,6311 Darlington Rd,20240324/6311 Darlington Rd/Indoor/1200_2F_SW/R0012167.JPG,indoor,2024-03-24T15:58:54Z,2024:03:24 12:00:40,40.437364,-79.918592,147.42,46.65,True,,,
pano2pano,20240324,6311 Darlington Rd,20240324/6311 Darlington Rd/Indoor/1200_2F_SW/R0012172.JPG,indoor,2024-03-24T15:58:54Z,2024:03:24 12:01:13,40.437364,-79.918592,147.42,46.65,True,,,
pano2pano,20240324,6311 Darlington Rd,20240324/6311 Darlington Rd/Indoor/1200_2F_SW/R0012170.JPG,indoor,2024-03-24T15:58:54Z,2024:03:24 12:01:00,40.437364,-79.918592,147.42,46.65,True,,,
pano2pano,20240324,6311 Darlington Rd,20240324/6311 Darlington Rd/Indoor/1200_2F_SW/R0012165.JPG,indoor,2024-03-24T15:58:54Z,2024:03:24 12:00:26,40.437364,-79.918592,147.42,46.65,True,,,
pano2pano,20240324,6311 Darlington Rd,20240324/6311 Darlington Rd/Indoor/1200_2F_SW/R0012171.JPG,indoor,2024-03-24T15:58:54Z,2024:03:24 12:01:06,40.437364,-79.918592,147.42,46.65,True,,,
pano2pano,20240324,6311 Darlington Rd,20240324/6311 Darlington Rd/Indoor/1209_2F_SE/R0012196.JPG,indoor,2024-03-24T16:07:54Z,2024:03:24 12:10:15,40.437336,-79.918625,150.46,47.54,True,,,
pano2pano,20240324,6311 Darlington Rd,20240324/6311 Darlington Rd/Indoor/1209_2F_SE/R0012197.JPG,indoor,2024-03-24T16:07:54Z,2024:03:24 12:10:21,40.437336,-79.918625,150.46,47.54,True,,,
pano2pano,20240324,6311 Darlington Rd,20240324/6311 Darlington Rd/Indoor/1209_2F_SE/R0012195.JPG,indoor,2024-03-24T16:07:54Z,2024:03:24 12:10:08,40.437336,-79.918625,150.46,47.54,True,,,
pano2pano,20240324,6311 Darlington Rd,20240324/6311 Darlington Rd/Indoor/1209_2F_SE/R0012194.JPG,indoor,2024-03-24T16:07:54Z,2024:03:24 12:10:01,40.437336,-79.918625,150.46,47.54,True,,,
pano2pano,20240324,6311 Darlington Rd,20240324/6311 Darlington Rd/Indoor/1209_2F_SE/R0012200.JPG,indoor,2024-03-24T16:07:54Z,2024:03:24 12:10:40,40.437336,-79.918625,150.46,47.54,True,,,
pano2pano,20240324,6311 Darlington Rd,20240324/6311 Darlington Rd/Indoor/1209_2F_SE/R0012199.JPG,indoor,2024-03-24T16:07:54Z,2024:03:24 12:10:34,40.437336,-79.918625,150.46,47.54,True,,,
pano2pano,20240324,6311 Darlington Rd,20240324/6311 Darlington Rd/Indoor/1209_2F_SE/R0012198.JPG,indoor,2024-03-24T16:07:54Z,2024:03:24 12:10:27,40.437336,-79.918625,150.46,47.54,True,,,
pano2pano,20240324,6311 Darlington Rd,20240324/6311 Darlington Rd/Indoor/1209_2F_SE/R0012193.JPG,indoor,2024-03-24T16:07:54Z,2024:03:24 12:09:54,40.437336,-79.918625,150.46,47.54,True,,,
pano2pano,20240324,6311 Darlington Rd,20240324/6311 Darlington Rd/Indoor/1209_2F_SE/R0012192.JPG,indoor,2024-03-24T16:07:54Z,2024:03:24 12:09:47,40.437336,-79.918625,150.46,47.54,True,,,
pano2pano,20240324,6311 Darlington Rd,20240324/6311 Darlington Rd/Indoor/1211_2F_SE/R0012206.JPG,indoor,2024-03-24T16:10:50Z,2024:03:24 12:12:39,40.437131,-79.918536,151.47,47.81,True,,,
pano2pano,20240324,6311 Darlington Rd,20240324/6311 Darlington Rd/Indoor/1211_2F_SE/R0012207.JPG,indoor,2024-03-24T16:10:50Z,2024:03:24 12:12:46,40.437131,-79.918536,151.47,47.81,True,,,
pano2pano,20240324,6311 Darlington Rd,20240324/6311 Darlington Rd/Indoor/1211_2F_SE/R0012205.JPG,indoor,2024-03-24T16:10:50Z,2024:03:24 12:12:33,40.437131,-79.918536,151.47,47.81,True,,,
pano2pano,20240324,6311 Darlington Rd,20240324/6311 Darlington Rd/Indoor/1211_2F_SE/R0012204.JPG,indoor,2024-03-24T16:10:50Z,2024:03:24 12:12:26,40.437131,-79.918536,151.47,47.81,True,,,
pano2pano,20240324,6311 Darlington Rd,20240324/6311 Darlington Rd/Indoor/1211_2F_SE/R0012209.JPG,indoor,2024-03-24T16:10:50Z,2024:03:24 12:12:58,40.437131,-79.918536,151.47,47.81,True,,,
pano2pano,20240324,6311 Darlington Rd,20240324/6311 Darlington Rd/Indoor/1211_2F_SE/R0012201.JPG,indoor,2024-03-24T16:10:50Z,2024:03:24 12:12:05,40.437131,-79.918536,151.47,47.81,True,,,
pano2pano,20240324,6311 Darlington Rd,20240324/6311 Darlington Rd/Indoor/1211_2F_SE/R0012208.JPG,indoor,2024-03-24T16:10:50Z,2024:03:24 12:12:52,40.437131,-79.918536,151.47,47.81,True,,,
pano2pano,20240324,6311 Darlington Rd,20240324/6311 Darlington Rd/Indoor/1211_2F_SE/R0012203.JPG,indoor,2024-03-24T16:10:50Z,2024:03:24 12:12:20,40.437131,-79.918536,151.47,47.81,True,,,
pano2pano,20240324,6311 Darlington Rd,20240324/6311 Darlington Rd/Indoor/1211_2F_SE/R0012202.JPG,indoor,2024-03-24T16:10:50Z,2024:03:24 12:12:13,40.437131,-79.918536,151.47,47.81,True,,,
pano2pano,20240324,6311 Darlington Rd,20240324/6311 Darlington Rd/Indoor/1202_2F_SW/R0012179.JPG,indoor,2024-03-24T16:02:32Z,2024:03:24 12:03:17,40.437142,-79.918975,148.64,47.02,True,,,
pano2pano,20240324,6311 Darlington Rd,20240324/6311 Darlington Rd/Indoor/1202_2F_SW/R0012178.JPG,indoor,2024-03-24T16:02:32Z,2024:03:24 12:03:10,40.437142,-79.918975,148.64,47.02,True,,,
pano2pano,20240324,6311 Darlington Rd,20240324/6311 Darlington Rd/Indoor/1202_2F_SW/R0012182.JPG,indoor,2024-03-24T16:02:32Z,2024:03:24 12:03:35,40.437142,-79.918975,148.64,47.02,True,,,
pano2pano,20240324,6311 Darlington Rd,20240324/6311 Darlington Rd/Indoor/1202_2F_SW/R0012176.JPG,indoor,2024-03-24T16:02:32Z,2024:03:24 12:02:57,40.437142,-79.918975,148.64,47.02,True,,,
pano2pano,20240324,6311 Darlington Rd,20240324/6311 Darlington Rd/Indoor/1202_2F_SW/R0012177.JPG,indoor,2024-03-24T16:02:32Z,2024:03:24 12:03:04,40.437142,-79.918975,148.64,47.02,True,,,
pano2pano,20240324,6311 Darlington Rd,20240324/6311 Darlington Rd/Indoor/1202_2F_SW/R0012175.JPG,indoor,2024-03-24T16:02:32Z,2024:03:24 12:02:51,40.437142,-79.918975,148.64,47.02,True,,,
pano2pano,20240324,6311 Darlington Rd,20240324/6311 Darlington Rd/Indoor/1202_2F_SW/R0012181.JPG,indoor,2024-03-24T16:02:32Z,2024:03:24 12:03:29,40.437142,-79.918975,148.64,47.02,True,,,
pano2pano,20240324,6311 Darlington Rd,20240324/6311 Darlington Rd/Indoor/1202_2F_SW/R0012180.JPG,indoor,2024-03-24T16:02:32Z,2024:03:24 12:03:23,40.437142,-79.918975,148.64,47.02,True,,,
pano2pano,20240324,6311 Darlington Rd,20240324/6311 Darlington Rd/Indoor/1202_2F_SW/R0012174.JPG,indoor,2024-03-24T16:02:32Z,2024:03:24 12:02:43,40.437142,-79.918975,148.64,47.02,True,,,
pano2pano,20240324,6311 Darlington Rd,20240324/6311 Darlington Rd/Indoor/1157_2F_SW/R0012163.JPG,indoor,2024-03-24T15:57:39Z,2024:03:24 11:58:37,40.437328,-79.918642,147.01,46.52,True,,,
pano2pano,20240324,6311 Darlington Rd,20240324/6311 Darlington Rd/Indoor/1157_2F_SW/R0012162.JPG,indoor,2024-03-24T15:57:39Z,2024:03:24 11:58:30,40.437328,-79.918642,147.01,46.52,True,,,
pano2pano,20240324,6311 Darlington Rd,20240324/6311 Darlington Rd/Indoor/1157_2F_SW/R0012160.JPG,indoor,2024-03-24T15:57:39Z,2024:03:24 11:58:17,40.437328,-79.918642,147.01,46.52,True,,,
pano2pano,20240324,6311 Darlington Rd,20240324/6311 Darlington Rd/Indoor/1157_2F_SW/R0012156.JPG,indoor,2024-03-24T15:57:39Z,2024:03:24 11:57:50,40.437328,-79.918642,147.01,46.52,True,,,
pano2pano,20240324,6311 Darlington Rd,20240324/6311 Darlington Rd/Indoor/1157_2F_SW/R0012157.JPG,indoor,2024-03-24T15:57:39Z,2024:03:24 11:57:57,40.437328,-79.918642,147.01,46.52,True,,,
pano2pano,20240324,6311 Darlington Rd,20240324/6311 Darlington Rd/Indoor/1157_2F_SW/R0012161.JPG,indoor,2024-03-24T15:57:39Z,2024:03:24 11:58:23,40.437328,-79.918642,147.01,46.52,True,,,
pano2pano,20240324,6311 Darlington Rd,20240324/6311 Darlington Rd/Indoor/1157_2F_SW/R0012164.JPG,indoor,2024-03-24T15:57:39Z,2024:03:24 11:58:42,40.437328,-79.918642,147.01,46.52,True,,,
pano2pano,20240324,6311 Darlington Rd,20240324/6311 Darlington Rd/Indoor/1157_2F_SW/R0012159.JPG,indoor,2024-03-24T15:57:39Z,2024:03:24 11:58:11,40.437328,-79.918642,147.01,46.52,True,,,
pano2pano,20240324,6311 Darlington Rd,20240324/6311 Darlington Rd/Indoor/1157_2F_SW/R0012158.JPG,indoor,2024-03-24T15:57:39Z,2024:03:24 11:58:04,40.437328,-79.918642,147.01,46.52,True,,,
pano2pano,20240324,776 Montclair St,20240324/776 Montclair St/outdoor/1041_Living/R0012044.JPG,outdoor,2024-03-24T14:40:44Z,2024:03:24 10:42:03,40.420878,-79.930433,125.12,36.32,True,,,
pano2pano,20240324,776 Montclair St,20240324/776 Montclair St/outdoor/1041_Living/R0012045.JPG,outdoor,2024-03-24T14:40:44Z,2024:03:24 10:42:09,40.420878,-79.930433,125.12,36.32,True,,,
pano2pano,20240324,776 Montclair St,20240324/776 Montclair St/outdoor/1041_Living/R0012047.JPG,outdoor,2024-03-24T14:40:44Z,2024:03:24 10:42:21,40.420878,-79.930433,125.12,36.32,True,,,
pano2pano,20240324,776 Montclair St,20240324/776 Montclair St/outdoor/1041_Living/R0012046.JPG,outdoor,2024-03-24T14:40:44Z,2024:03:24 10:42:15,40.420878,-79.930433,125.12,36.32,True,,,
pano2pano,20240324,776 Montclair St,20240324/776 Montclair St/outdoor/1041_Living/R0012042.JPG,outdoor,2024-03-24T14:40:44Z,2024:03:24 10:41:50,40.420878,-79.930433,125.12,36.32,True,,,
pano2pano,20240324,776 Montclair St,20240324/776 Montclair St/outdoor/1041_Living/R0012043.JPG,outdoor,2024-03-24T14:40:44Z,2024:03:24 10:41:57,40.420878,-79.930433,125.12,36.32,True,,,
pano2pano,20240324,776 Montclair St,20240324/776 Montclair St/outdoor/1041_Living/R0012041.JPG,outdoor,2024-03-24T14:40:44Z,2024:03:24 10:41:44,40.420878,-79.930433,125.12,36.32,True,,,
pano2pano,20240324,776 Montclair St,20240324/776 Montclair St/outdoor/1041_Living/R0012040.JPG,outdoor,2024-03-24T14:40:44Z,2024:03:24 10:41:37,40.420878,-79.930433,125.12,36.32,True,,,
pano2pano,20240324,776 Montclair St,20240324/776 Montclair St/outdoor/1041_Living/R0012039.JPG,outdoor,2024-03-24T14:40:44Z,2024:03:24 10:41:30,40.420878,-79.930433,125.12,36.32,True,,,
pano2pano,20240324,776 Montclair St,20240324/776 Montclair St/indoor/1109_Bedroom/R0012117.JPG,indoor,2024-03-24T15:04:14Z,2024:03:24 11:10:26,40.420942,-79.930358,131.09,39.84,True,,,
pano2pano,20240324,776 Montclair St,20240324/776 Montclair St/indoor/1109_Bedroom/R0012116.JPG,indoor,2024-03-24T15:04:14Z,2024:03:24 11:10:20,40.420942,-79.930358,131.09,39.84,True,,,
pano2pano,20240324,776 Montclair St,20240324/776 Montclair St/indoor/1109_Bedroom/R0012114.JPG,indoor,2024-03-24T15:04:14Z,2024:03:24 11:10:07,40.420942,-79.930358,131.09,39.84,True,,,
pano2pano,20240324,776 Montclair St,20240324/776 Montclair St/indoor/1109_Bedroom/R0012115.JPG,indoor,2024-03-24T15:04:14Z,2024:03:24 11:10:14,40.420942,-79.930358,131.09,39.84,True,,,
pano2pano,20240324,776 Montclair St,20240324/776 Montclair St/indoor/1109_Bedroom/R0012111.JPG,indoor,2024-03-24T15:04:14Z,2024:03:24 11:09:46,40.420942,-79.930358,131.09,39.84,True,,,
pano2pano,20240324,776 Montclair St,20240324/776 Montclair St/indoor/1109_Bedroom/R0012118.JPG,indoor,2024-03-24T15:04:14Z,2024:03:24 11:10:32,40.420942,-79.930358,131.09,39.84,True,,,
pano2pano,20240324,776 Montclair St,20240324/776 Montclair St/indoor/1109_Bedroom/R0012119.JPG,indoor,2024-03-24T15:04:14Z,2024:03:24 11:10:38,40.420942,-79.930358,131.09,39.84,True,,,
pano2pano,20240324,776 Montclair St,20240324/776 Montclair St/indoor/1109_Bedroom/R0012112.JPG,indoor,2024-03-24T15:04:14Z,2024:03:24 11:09:54,40.420942,-79.930358,131.09,39.84,True,,,
pano2pano,20240324,776 Montclair St,20240324/776 Montclair St/indoor/1109_Bedroom/R0012113.JPG,indoor,2024-03-24T15:04:14Z,2024:03:24 11:10:01,40.420942,-79.930358,131.09,39.84,True,,,
pano2pano,20240324,776 Montclair St,20240324/776 Montclair St/indoor/1114_Bedroom/R0012136.JPG,indoor,2024-03-24T15:13:03Z,2024:03:24 11:15:15,40.420922,-79.930517,133.48,41.08,True,,,
pano2pano,20240324,776 Montclair St,20240324/776 Montclair St/indoor/1114_Bedroom/R0012137.JPG,indoor,2024-03-24T15:13:03Z,2024:03:24 11:15:21,40.420922,-79.930517,133.48,41.08,True,,,
pano2pano,20240324,776 Montclair St,20240324/776 Montclair St/indoor/1114_Bedroom/R0012135.JPG,indoor,2024-03-24T15:13:03Z,2024:03:24 11:15:09,40.420922,-79.930517,133.48,41.08,True,,,
pano2pano,20240324,776 Montclair St,20240324/776 Montclair St/indoor/1114_Bedroom/R0012129.JPG,indoor,2024-03-24T15:13:03Z,2024:03:24 11:14:29,40.420922,-79.930517,133.48,41.08,True,,,
pano2pano,20240324,776 Montclair St,20240324/776 Montclair St/indoor/1114_Bedroom/R0012134.JPG,indoor,2024-03-24T15:13:03Z,2024:03:24 11:15:03,40.420922,-79.930517,133.48,41.08,True,,,
pano2pano,20240324,776 Montclair St,20240324/776 Montclair St/indoor/1114_Bedroom/R0012130.JPG,indoor,2024-03-24T15:13:03Z,2024:03:24 11:14:37,40.420922,-79.930517,133.48,41.08,True,,,
pano2pano,20240324,776 Montclair St,20240324/776 Montclair St/indoor/1114_Bedroom/R0012131.JPG,indoor,2024-03-24T15:13:03Z,2024:03:24 11:14:44,40.420922,-79.930517,133.48,41.08,True,,,
pano2pano,20240324,776 Montclair St,20240324/776 Montclair St/indoor/1114_Bedroom/R0012133.JPG,indoor,2024-03-24T15:13:03Z,2024:03:24 11:14:57,40.420922,-79.930517,133.48,41.08,True,,,
pano2pano,20240324,776 Montclair St,20240324/776 Montclair St/indoor/1114_Bedroom/R0012132.JPG,indoor,2024-03-24T15:13:03Z,2024:03:24 11:14:50,40.420922,-79.930517,133.48,41.08,True,,,
pano2pano,20240324,776 Montclair St,20240324/776 Montclair St/indoor/1111_Bedroom/R0012120.JPG,indoor,2024-03-24T15:10:44Z,2024:03:24 11:12:07,40.420947,-79.930575,132.84,40.76,True,,,
pano2pano,20240324,776 Montclair St,20240324/776 Montclair St/indoor/1111_Bedroom/R0012121.JPG,indoor,2024-03-24T15:10:44Z,2024:03:24 11:12:14,40.420947,-79.930575,132.84,40.76,True,,,
pano2pano,20240324,776 Montclair St,20240324/776 Montclair St/indoor/1111_Bedroom/R0012128.JPG,indoor,2024-03-24T15:10:44Z,2024:03:24 11:12:57,40.420947,-79.930575,132.84,40.76,True,,,
pano2pano,20240324,776 Montclair St,20240324/776 Montclair St/indoor/1111_Bedroom/R0012123.JPG,indoor,2024-03-24T15:10:44Z,2024:03:24 11:12:28,40.420947,-79.930575,132.84,40.76,True,,,
pano2pano,20240324,776 Montclair St,20240324/776 Montclair St/indoor/1111_Bedroom/R0012122.JPG,indoor,2024-03-24T15:10:44Z,2024:03:24 11:12:21,40.420947,-79.930575,132.84,40.76,True,,,
pano2pano,20240324,776 Montclair St,20240324/776 Montclair St/indoor/1111_Bedroom/R0012126.JPG,indoor,2024-03-24T15:10:44Z,2024:03:24 11:12:46,40.420947,-79.930575,132.84,40.76,True,,,
pano2pano,20240324,776 Montclair St,20240324/776 Montclair St/indoor/1111_Bedroom/R0012127.JPG,indoor,2024-03-24T15:10:44Z,2024:03:24 11:12:52,40.420947,-79.930575,132.84,40.76,True,,,
pano2pano,20240324,776 Montclair St,20240324/776 Montclair St/indoor/1111_Bedroom/R0012125.JPG,indoor,2024-03-24T15:10:44Z,2024:03:24 11:12:40,40.420947,-79.930575,132.84,40.76,True,,,
pano2pano,20240324,776 Montclair St,20240324/776 Montclair St/indoor/1111_Bedroom/R0012124.JPG,indoor,2024-03-24T15:10:44Z,2024:03:24 11:12:34,40.420947,-79.930575,132.84,40.76,True,,,
pano2pano,20240324,776 Montclair St,20240324/776 Montclair St/indoor/1031_Kitchen/R0012019.JPG,indoor,2024-03-24T14:30:57Z,2024:03:24 10:32:01,40.420978,-79.930319,122.79,34.77,True,,,
pano2pano,20240324,776 Montclair St,20240324/776 Montclair St/indoor/1031_Kitchen/R0012018.JPG,indoor,2024-03-24T14:30:57Z,2024:03:24 10:31:56,40.420978,-79.930319,122.79,34.77,True,,,
pano2pano,20240324,776 Montclair St,20240324/776 Montclair St/indoor/1031_Kitchen/R0012011.JPG,indoor,2024-03-24T14:30:57Z,2024:03:24 10:31:10,40.420978,-79.930319,122.79,34.77,True,,,
pano2pano,20240324,776 Montclair St,20240324/776 Montclair St/indoor/1031_Kitchen/R0012013.JPG,indoor,2024-03-24T14:30:57Z,2024:03:24 10:31:24,40.420978,-79.930319,122.79,34.77,True,,,
pano2pano,20240324,776 Montclair St,20240324/776 Montclair St/indoor/1031_Kitchen/R0012012.JPG,indoor,2024-03-24T14:30:57Z,2024:03:24 10:31:17,40.420978,-79.930319,122.79,34.77,True,,,
pano2pano,20240324,776 Montclair St,20240324/776 Montclair St/indoor/1031_Kitchen/R0012016.JPG,indoor,2024-03-24T14:30:57Z,2024:03:24 10:31:43,40.420978,-79.930319,122.79,34.77,True,,,
pano2pano,20240324,776 Montclair St,20240324/776 Montclair St/indoor/1031_Kitchen/R0012017.JPG,indoor,2024-03-24T14:30:57Z,2024:03:24 10:31:50,40.420978,-79.930319,122.79,34.77,True,,,
pano2pano,20240324,776 Montclair St,20240324/776 Montclair St/indoor/1031_Kitchen/R0012015.JPG,indoor,2024-03-24T14:30:57Z,2024:03:24 10:31:37,40.420978,-79.930319,122.79,34.77,True,,,
pano2pano,20240324,776 Montclair St,20240324/776 Montclair St/indoor/1031_Kitchen/R0012014.JPG,indoor,2024-03-24T14:30:57Z,2024:03:24 10:31:31,40.420978,-79.930319,122.79,34.77,True,,,
pano2pano,20240324,776 Montclair St,20240324/776 Montclair St/indoor/1033_Kitchen/R0012027.JPG,indoor,2024-03-24T14:32:20Z,2024:03:24 10:34:26,40.420881,-79.930439,123.12,34.99,True,,,
pano2pano,20240324,776 Montclair St,20240324/776 Montclair St/indoor/1033_Kitchen/R0012026.JPG,indoor,2024-03-24T14:32:20Z,2024:03:24 10:34:21,40.420881,-79.930439,123.12,34.99,True,,,
pano2pano,20240324,776 Montclair St,20240324/776 Montclair St/indoor/1033_Kitchen/R0012024.JPG,indoor,2024-03-24T14:32:20Z,2024:03:24 10:34:08,40.420881,-79.930439,123.12,34.99,True,,,
pano2pano,20240324,776 Montclair St,20240324/776 Montclair St/indoor/1033_Kitchen/R0012025.JPG,indoor,2024-03-24T14:32:20Z,2024:03:24 10:34:14,40.420881,-79.930439,123.12,34.99,True,,,
pano2pano,20240324,776 Montclair St,20240324/776 Montclair St/indoor/1033_Kitchen/R0012021.JPG,indoor,2024-03-24T14:32:20Z,2024:03:24 10:33:49,40.420881,-79.930439,123.12,34.99,True,,,
pano2pano,20240324,776 Montclair St,20240324/776 Montclair St/indoor/1033_Kitchen/R0012028.JPG,indoor,2024-03-24T14:32:20Z,2024:03:24 10:34:32,40.420881,-79.930439,123.12,34.99,True,,,
pano2pano,20240324,776 Montclair St,20240324/776 Montclair St/indoor/1033_Kitchen/R0012020.JPG,indoor,2024-03-24T14:32:20Z,2024:03:24 10:33:40,40.420881,-79.930439,123.12,34.99,True,,,
pano2pano,20240324,776 Montclair St,20240324/776 Montclair St/indoor/1033_Kitchen/R0012022.JPG,indoor,2024-03-24T14:32:20Z,2024:03:24 10:33:56,40.420881,-79.930439,123.12,34.99,True,,,
pano2pano,20240324,776 Montclair St,20240324/776 Montclair St/indoor/1033_Kitchen/R0012023.JPG,indoor,2024-03-24T14:32:20Z,2024:03:24 10:34:02,40.420881,-79.930439,123.12,34.99,True,,,
pano2pano,20240324,776 Montclair St,20240324/776 Montclair St/indoor/1036_Kitchen/R0012031.JPG,indoor,2024-03-24T14:36:56Z,2024:03:24 10:37:20,40.420875,-79.930367,124.21,35.72,True,,,
pano2pano,20240324,776 Montclair St,20240324/776 Montclair St/indoor/1036_Kitchen/R0012030.JPG,indoor,2024-03-24T14:36:56Z,2024:03:24 10:37:13,40.420875,-79.930367,124.21,35.72,True,,,
pano2pano,20240324,776 Montclair St,20240324/776 Montclair St/indoor/1036_Kitchen/R0012032.JPG,indoor,2024-03-24T14:36:56Z,2024:03:24 10:37:26,40.420875,-79.930367,124.21,35.72,True,,,
pano2pano,20240324,776 Montclair St,20240324/776 Montclair St/indoor/1036_Kitchen/R0012033.JPG,indoor,2024-03-24T14:36:56Z,2024:03:24 10:37:33,40.420875,-79.930367,124.21,35.72,True,,,
pano2pano,20240324,776 Montclair St,20240324/776 Montclair St/indoor/1036_Kitchen/R0012037.JPG,indoor,2024-03-24T14:36:56Z,2024:03:24 10:37:57,40.420875,-79.930367,124.21,35.72,True,,,
pano2pano,20240324,776 Montclair St,20240324/776 Montclair St/indoor/1036_Kitchen/R0012036.JPG,indoor,2024-03-24T14:36:56Z,2024:03:24 10:37:51,40.420875,-79.930367,124.21,35.72,True,,,
pano2pano,20240324,776 Montclair St,20240324/776 Montclair St/indoor/1036_Kitchen/R0012034.JPG,indoor,2024-03-24T14:36:56Z,2024:03:24 10:37:39,40.420875,-79.930367,124.21,35.72,True,,,
pano2pano,20240324,776 Montclair St,20240324/776 Montclair St/indoor/1036_Kitchen/R0012035.JPG,indoor,2024-03-24T14:36:56Z,2024:03:24 10:37:45,40.420875,-79.930367,124.21,35.72,True,,,
pano2pano,20240324,776 Montclair St,20240324/776 Montclair St/indoor/1036_Kitchen/R0012029.JPG,indoor,2024-03-24T14:36:56Z,2024:03:24 10:37:05,40.420875,-79.930367,124.21,35.72,True,,,
pano2pano,20240326,highland plaza apt,20240326/highland plaza apt/indoor/1245_entry/R0012336.JPG,indoor,2024-03-26T16:45:54Z,2024:03:26 12:46:05,40.457083,-79.925069,164.27,51.11,True,90.3,74.0,True
pano2pano,20240326,highland plaza apt,20240326/highland plaza apt/indoor/1245_entry/R0012337.JPG,indoor,2024-03-26T16:45:54Z,2024:03:26 12:46:13,40.457083,-79.925069,164.27,51.11,True,98.1,66.2,True
pano2pano,20240326,highland plaza apt,20240326/highland plaza apt/indoor/1245_entry/R0012344.JPG,indoor,2024-03-26T16:45:54Z,2024:03:26 12:46:56,40.457083,-79.925069,164.27,51.11,True,89.1,75.2,True
pano2pano,20240326,highland plaza apt,20240326/highland plaza apt/indoor/1245_entry/R0012340.JPG,indoor,2024-03-26T16:45:54Z,2024:03:26 12:46:32,40.457083,-79.925069,164.27,51.11,True,92.0,72.3,True
pano2pano,20240326,highland plaza apt,20240326/highland plaza apt/indoor/1245_entry/R0012339.JPG,indoor,2024-03-26T16:45:54Z,2024:03:26 12:46:26,40.457083,-79.925069,164.27,51.11,True,93.9,70.4,True
pano2pano,20240326,highland plaza apt,20240326/highland plaza apt/indoor/1245_entry/R0012338.JPG,indoor,2024-03-26T16:45:54Z,2024:03:26 12:46:19,40.457083,-79.925069,164.27,51.11,True,95.1,69.2,True
pano2pano,20240326,highland plaza apt,20240326/highland plaza apt/indoor/1245_entry/R0012341.JPG,indoor,2024-03-26T16:45:54Z,2024:03:26 12:46:38,40.457083,-79.925069,164.27,51.11,True,92.0,72.3,True
pano2pano,20240326,highland plaza apt,20240326/highland plaza apt/indoor/1245_entry/R0012343.JPG,indoor,2024-03-26T16:45:54Z,2024:03:26 12:46:50,40.457083,-79.925069,164.27,51.11,True,91.9,72.4,True
pano2pano,20240326,highland plaza apt,20240326/highland plaza apt/indoor/1245_entry/R0012342.JPG,indoor,2024-03-26T16:45:54Z,2024:03:26 12:46:44,40.457083,-79.925069,164.27,51.11,True,88.6,75.7,True
pano2pano,20240331,6311 Darlington Rd,20240331/6311 Darlington Rd/indoor/1400_living/R0012890.JPG,indoor,2024-03-31T18:00:56Z,2024:03:31 14:01:46,40.437331,-79.918658,195.64,53.15,True,208.9,13.3,True
pano2pano,20240331,6311 Darlington Rd,20240331/6311 Darlington Rd/indoor/1400_living/R0012885.JPG,indoor,2024-03-31T18:00:56Z,2024:03:31 14:01:11,40.437331,-79.918658,195.64,53.15,True,211.9,16.3,True
pano2pano,20240331,6311 Darlington Rd,20240331/6311 Darlington Rd/indoor/1400_living/R0012891.JPG,indoor,2024-03-31T18:00:56Z,2024:03:31 14:01:52,40.437331,-79.918658,195.64,53.15,True,209.8,14.2,True
pano2pano,20240331,6311 Darlington Rd,20240331/6311 Darlington Rd/indoor/1400_living/R0012886.JPG,indoor,2024-03-31T18:00:56Z,2024:03:31 14:01:19,40.437331,-79.918658,195.64,53.15,True,205.1,9.5,True
pano2pano,20240331,6311 Darlington Rd,20240331/6311 Darlington Rd/indoor/1400_living/R0012893.JPG,indoor,2024-03-31T18:00:56Z,2024:03:31 14:02:05,40.437331,-79.918658,195.64,53.15,True,207.5,11.9,True
pano2pano,20240331,6311 Darlington Rd,20240331/6311 Darlington Rd/indoor/1400_living/R0012887.JPG,indoor,2024-03-31T18:00:56Z,2024:03:31 14:01:26,40.437331,-79.918658,195.64,53.15,True,208.2,12.6,True
pano2pano,20240331,6311 Darlington Rd,20240331/6311 Darlington Rd/indoor/1400_living/R0012892.JPG,indoor,2024-03-31T18:00:56Z,2024:03:31 14:01:58,40.437331,-79.918658,195.64,53.15,True,205.3,9.7,True
pano2pano,20240331,6311 Darlington Rd,20240331/6311 Darlington Rd/indoor/1400_living/R0012889.JPG,indoor,2024-03-31T18:00:56Z,2024:03:31 14:01:40,40.437331,-79.918658,195.64,53.15,True,207.7,12.1,True
pano2pano,20240331,6311 Darlington Rd,20240331/6311 Darlington Rd/indoor/1400_living/R0012888.JPG,indoor,2024-03-31T18:00:56Z,2024:03:31 14:01:33,40.437331,-79.918658,195.64,53.15,True,203.4,7.8,True
pano2pano,20240331,6311 Darlington Rd,20240331/6311 Darlington Rd/indoor/1407_living/R0012904.JPG,indoor,2024-03-31T18:07:27Z,2024:03:31 14:07:46,40.437294,-79.918631,198.27,52.79,True,211.2,12.9,True
pano2pano,20240331,6311 Darlington Rd,20240331/6311 Darlington Rd/indoor/1407_living/R0012911.JPG,indoor,2024-03-31T18:07:27Z,2024:03:31 14:08:30,40.437294,-79.918631,198.27,52.79,True,213.3,15.0,True
pano2pano,20240331,6311 Darlington Rd,20240331/6311 Darlington Rd/indoor/1407_living/R0012905.JPG,indoor,2024-03-31T18:07:27Z,2024:03:31 14:07:53,40.437294,-79.918631,198.27,52.79,True,202.5,4.2,True
pano2pano,20240331,6311 Darlington Rd,20240331/6311 Darlington Rd/indoor/1407_living/R0012910.JPG,indoor,2024-03-31T18:07:27Z,2024:03:31 14:08:24,40.437294,-79.918631,198.27,52.79,True,202.1,3.8,True
pano2pano,20240331,6311 Darlington Rd,20240331/6311 Darlington Rd/indoor/1407_living/R0012907.JPG,indoor,2024-03-31T18:07:27Z,2024:03:31 14:08:06,40.437294,-79.918631,198.27,52.79,True,207.6,9.3,True
pano2pano,20240331,6311 Darlington Rd,20240331/6311 Darlington Rd/indoor/1407_living/R0012906.JPG,indoor,2024-03-31T18:07:27Z,2024:03:31 14:07:59,40.437294,-79.918631,198.27,52.79,True,206.6,8.3,True
pano2pano,20240331,6311 Darlington Rd,20240331/6311 Darlington Rd/indoor/1407_living/R0012903.JPG,indoor,2024-03-31T18:07:27Z,2024:03:31 14:07:38,40.437294,-79.918631,198.27,52.79,True,204.0,5.7,True
pano2pano,20240331,6311 Darlington Rd,20240331/6311 Darlington Rd/indoor/1407_living/R0012908.JPG,indoor,2024-03-31T18:07:27Z,2024:03:31 14:08:12,40.437294,-79.918631,198.27,52.79,True,207.7,9.4,True
pano2pano,20240331,6311 Darlington Rd,20240331/6311 Darlington Rd/indoor/1407_living/R0012909.JPG,indoor,2024-03-31T18:07:27Z,2024:03:31 14:08:18,40.437294,-79.918631,198.27,52.79,True,205.4,7.1,True
pano2pano,20240331,6311 Darlington Rd,20240331/6311 Darlington Rd/indoor/1403_living/R0012898.JPG,indoor,2024-03-31T18:03:46Z,2024:03:31 14:04:26,40.437297,-79.918564,196.79,53.0,True,212.9,16.1,True
pano2pano,20240331,6311 Darlington Rd,20240331/6311 Darlington Rd/indoor/1403_living/R0012899.JPG,indoor,2024-03-31T18:03:46Z,2024:03:31 14:04:32,40.437297,-79.918564,196.79,53.0,True,211.4,14.6,True
pano2pano,20240331,6311 Darlington Rd,20240331/6311 Darlington Rd/indoor/1403_living/R0012902.JPG,indoor,2024-03-31T18:03:46Z,2024:03:31 14:04:50,40.437297,-79.918564,196.79,53.0,True,205.4,8.6,True
pano2pano,20240331,6311 Darlington Rd,20240331/6311 Darlington Rd/indoor/1403_living/R0012894.JPG,indoor,2024-03-31T18:03:46Z,2024:03:31 14:03:57,40.437297,-79.918564,196.79,53.0,True,208.2,11.4,True
pano2pano,20240331,6311 Darlington Rd,20240331/6311 Darlington Rd/indoor/1403_living/R0012895.JPG,indoor,2024-03-31T18:03:46Z,2024:03:31 14:04:05,40.437297,-79.918564,196.79,53.0,True,208.9,12.1,True
pano2pano,20240331,6311 Darlington Rd,20240331/6311 Darlington Rd/indoor/1403_living/R0012901.JPG,indoor,2024-03-31T18:03:46Z,2024:03:31 14:04:44,40.437297,-79.918564,196.79,53.0,True,209.4,12.6,True
pano2pano,20240331,6311 Darlington Rd,20240331/6311 Darlington Rd/indoor/1403_living/R0012897.JPG,indoor,2024-03-31T18:03:46Z,2024:03:31 14:04:19,40.437297,-79.918564,196.79,53.0,True,208.0,11.2,True
pano2pano,20240331,6311 Darlington Rd,20240331/6311 Darlington Rd/indoor/1403_living/R0012896.JPG,indoor,2024-03-31T18:03:46Z,2024:03:31 14:04:12,40.437297,-79.918564,196.79,53.0,True,211.8,15.0,True
pano2pano,20240331,6311 Darlington Rd,20240331/6311 Darlington Rd/indoor/1403_living/R0012900.JPG,indoor,2024-03-31T18:03:46Z,2024:03:31 14:04:38,40.437297,-79.918564,196.79,53.0,True,207.9,11.1,True
pano2pano,20240324,6311 Darlington Rd,20240324/6311 Darlington Rd/Outdoor/1154_2F_SW/R0012150.JPG,outdoor,2024-03-24T15:54:43Z,2024:03:24 11:55:14,40.437378,-79.918619,146.05,46.21,True,,,
pano2pano,20240324,6311 Darlington Rd,20240324/6311 Darlington Rd/Outdoor/1154_2F_SW/R0012151.JPG,outdoor,2024-03-24T15:54:43Z,2024:03:24 11:55:21,40.437378,-79.918619,146.05,46.21,True,,,
pano2pano,20240324,6311 Darlington Rd,20240324/6311 Darlington Rd/Outdoor/1154_2F_SW/R0012153.JPG,outdoor,2024-03-24T15:54:43Z,2024:03:24 11:55:34,40.437378,-79.918619,146.05,46.21,True,,,
pano2pano,20240324,6311 Darlington Rd,20240324/6311 Darlington Rd/Outdoor/1154_2F_SW/R0012147.JPG,outdoor,2024-03-24T15:54:43Z,2024:03:24 11:54:55,40.437378,-79.918619,146.05,46.21,True,,,
pano2pano,20240324,6311 Darlington Rd,20240324/6311 Darlington Rd/Outdoor/1154_2F_SW/R0012152.JPG,outdoor,2024-03-24T15:54:43Z,2024:03:24 11:55:27,40.437378,-79.918619,146.05,46.21,True,,,
pano2pano,20240324,6311 Darlington Rd,20240324/6311 Darlington Rd/Outdoor/1154_2F_SW/R0012155.JPG,outdoor,2024-03-24T15:54:43Z,2024:03:24 11:55:47,40.437378,-79.918619,146.05,46.21,True,,,
pano2pano,20240324,6311 Darlington Rd,20240324/6311 Darlington Rd/Outdoor/1154_2F_SW/R0012149.JPG,outdoor,2024-03-24T15:54:43Z,2024:03:24 11:55:08,40.437378,-79.918619,146.05,46.21,True,,,
pano2pano,20240324,6311 Darlington Rd,20240324/6311 Darlington Rd/Outdoor/1154_2F_SW/R0012148.JPG,outdoor,2024-03-24T15:54:43Z,2024:03:24 11:55:02,40.437378,-79.918619,146.05,46.21,True,,,
pano2pano,20240324,6311 Darlington Rd,20240324/6311 Darlington Rd/Outdoor/1154_2F_SW/R0012154.JPG,outdoor,2024-03-24T15:54:43Z,2024:03:24 11:55:40,40.437378,-79.918619,146.05,46.21,True,,,
pano2pano,20240324,6311 Darlington Rd,20240324/6311 Darlington Rd/Outdoor/1206_2F_SE/R0012183.JPG,outdoor,2024-03-24T16:03:40Z,2024:03:24 12:06:57,40.437133,-79.918889,149.02,47.13,True,,,
pano2pano,20240324,6311 Darlington Rd,20240324/6311 Darlington Rd/Outdoor/1206_2F_SE/R0012189.JPG,outdoor,2024-03-24T16:03:40Z,2024:03:24 12:07:36,40.437133,-79.918889,149.02,47.13,True,,,
pano2pano,20240324,6311 Darlington Rd,20240324/6311 Darlington Rd/Outdoor/1206_2F_SE/R0012188.JPG,outdoor,2024-03-24T16:03:40Z,2024:03:24 12:07:30,40.437133,-79.918889,149.02,47.13,True,,,
pano2pano,20240324,6311 Darlington Rd,20240324/6311 Darlington Rd/Outdoor/1206_2F_SE/R0012185.JPG,outdoor,2024-03-24T16:03:40Z,2024:03:24 12:07:10,40.437133,-79.918889,149.02,47.13,True,,,
pano2pano,20240324,6311 Darlington Rd,20240324/6311 Darlington Rd/Outdoor/1206_2F_SE/R0012190.JPG,outdoor,2024-03-24T16:03:40Z,2024:03:24 12:07:43,40.437133,-79.918889,149.02,47.13,True,,,
pano2pano,20240324,6311 Darlington Rd,20240324/6311 Darlington Rd/Outdoor/1206_2F_SE/R0012184.JPG,outdoor,2024-03-24T16:03:40Z,2024:03:24 12:07:04,40.437133,-79.918889,149.02,47.13,True,,,
pano2pano,20240324,6311 Darlington Rd,20240324/6311 Darlington Rd/Outdoor/1206_2F_SE/R0012191.JPG,outdoor,2024-03-24T16:03:40Z,2024:03:24 12:07:49,40.437133,-79.918889,149.02,47.13,True,,,
pano2pano,20240324,6311 Darlington Rd,20240324/6311 Darlington Rd/Outdoor/1206_2F_SE/R0012186.JPG,outdoor,2024-03-24T16:03:40Z,2024:03:24 12:07:17,40.437133,-79.918889,149.02,47.13,True,,,
pano2pano,20240324,6311 Darlington Rd,20240324/6311 Darlington Rd/Outdoor/1206_2F_SE/R0012187.JPG,outdoor,2024-03-24T16:03:40Z,2024:03:24 12:07:23,40.437133,-79.918889,149.02,47.13,True,,,
pano2pano,20240324,776 Montclair St,20240324/776 Montclair St/outdoor/1027_kitchen/R0012009.JPG,outdoor,2024-03-24T14:27:06Z,2024:03:24 10:28:47,40.420944,-79.930494,121.9,34.15,True,,,
pano2pano,20240324,776 Montclair St,20240324/776 Montclair St/outdoor/1027_kitchen/R0012008.JPG,outdoor,2024-03-24T14:27:06Z,2024:03:24 10:28:41,40.420944,-79.930494,121.9,34.15,True,,,
pano2pano,20240324,776 Montclair St,20240324/776 Montclair St/outdoor/1027_kitchen/R0012003.JPG,outdoor,2024-03-24T14:27:06Z,2024:03:24 10:28:08,40.420944,-79.930494,121.9,34.15,True,,,
pano2pano,20240324,776 Montclair St,20240324/776 Montclair St/outdoor/1027_kitchen/R0012002.JPG,outdoor,2024-03-24T14:27:06Z,2024:03:24 10:28:01,40.420944,-79.930494,121.9,34.15,True,,,
pano2pano,20240324,776 Montclair St,20240324/776 Montclair St/outdoor/1027_kitchen/R0012006.JPG,outdoor,2024-03-24T14:27:06Z,2024:03:24 10:28:28,40.420944,-79.930494,121.9,34.15,True,,,
pano2pano,20240324,776 Montclair St,20240324/776 Montclair St/outdoor/1027_kitchen/R0012007.JPG,outdoor,2024-03-24T14:27:06Z,2024:03:24 10:28:34,40.420944,-79.930494,121.9,34.15,True,,,
pano2pano,20240324,776 Montclair St,20240324/776 Montclair St/outdoor/1027_kitchen/R0012005.JPG,outdoor,2024-03-24T14:27:06Z,2024:03:24 10:28:21,40.420944,-79.930494,121.9,34.15,True,,,
pano2pano,20240324,776 Montclair St,20240324/776 Montclair St/outdoor/1027_kitchen/R0012010.JPG,outdoor,2024-03-24T14:27:06Z,2024:03:24 10:28:53,40.420944,-79.930494,121.9,34.15,True,,,
pano2pano,20240324,776 Montclair St,20240324/776 Montclair St/outdoor/1027_kitchen/R0012004.JPG,outdoor,2024-03-24T14:27:06Z,2024:03:24 10:28:15,40.420944,-79.930494,121.9,34.15,True,,,
pano2pano,20240324,776 Montclair St,20240324/776 Montclair St/outdoor/1116_Bedroom/R0012146.JPG,outdoor,2024-03-24T15:15:25Z,2024:03:24 11:18:10,40.420867,-79.930508,134.14,41.41,True,,,
pano2pano,20240324,776 Montclair St,20240324/776 Montclair St/outdoor/1116_Bedroom/R0012145.JPG,outdoor,2024-03-24T15:15:25Z,2024:03:24 11:18:04,40.420867,-79.930508,134.14,41.41,True,,,
pano2pano,20240324,776 Montclair St,20240324/776 Montclair St/outdoor/1116_Bedroom/R0012144.JPG,outdoor,2024-03-24T15:15:25Z,2024:03:24 11:17:58,40.420867,-79.930508,134.14,41.41,True,,,
pano2pano,20240324,776 Montclair St,20240324/776 Montclair St/outdoor/1116_Bedroom/R0012139.JPG,outdoor,2024-03-24T15:15:25Z,2024:03:24 11:17:26,40.420867,-79.930508,134.14,41.41,True,,,
pano2pano,20240324,776 Montclair St,20240324/776 Montclair St/outdoor/1116_Bedroom/R0012140.JPG,outdoor,2024-03-24T15:15:25Z,2024:03:24 11:17:33,40.420867,-79.930508,134.14,41.41,True,,,
pano2pano,20240324,776 Montclair St,20240324/776 Montclair St/outdoor/1116_Bedroom/R0012141.JPG,outdoor,2024-03-24T15:15:25Z,2024:03:24 11:17:39,40.420867,-79.930508,134.14,41.41,True,,,
pano2pano,20240324,776 Montclair St,20240324/776 Montclair St/outdoor/1116_Bedroom/R0012138.JPG,outdoor,2024-03-24T15:15:25Z,2024:03:24 11:17:19,40.420867,-79.930508,134.14,41.41,True,,,
pano2pano,20240324,776 Montclair St,20240324/776 Montclair St/outdoor/1116_Bedroom/R0012143.JPG,outdoor,2024-03-24T15:15:25Z,2024:03:24 11:17:52,40.420867,-79.930508,134.14,41.41,True,,,
pano2pano,20240324,776 Montclair St,20240324/776 Montclair St/outdoor/1116_Bedroom/R0012142.JPG,outdoor,2024-03-24T15:15:25Z,2024:03:24 11:17:45,40.420867,-79.930508,134.14,41.41,True,,,
pano2pano,20240326,highland plaza apt,20240326/highland plaza apt/indoor/1226_living/R0012269.JPG,indoor,2024-03-26T16:24:59Z,2024:03:26 12:26:26,40.457,-79.925142,156.34,49.77,True,292.8,136.5,False
pano2pano,20240326,highland plaza apt,20240326/highland plaza apt/indoor/1226_living/R0012268.JPG,indoor,2024-03-26T16:24:59Z,2024:03:26 12:26:19,40.457,-79.925142,156.34,49.77,True,297.0,140.7,False
pano2pano,20240326,highland plaza apt,20240326/highland plaza apt/indoor/1226_living/R0012265.JPG,indoor,2024-03-26T16:24:59Z,2024:03:26 12:25:59,40.457,-79.925142,156.34,49.77,True,297.0,140.7,False
pano2pano,20240326,highland plaza apt,20240326/highland plaza apt/indoor/1226_living/R0012270.JPG,indoor,2024-03-26T16:24:59Z,2024:03:26 12:26:32,40.457,-79.925142,156.34,49.77,True,289.4,133.1,False
pano2pano,20240326,highland plaza apt,20240326/highland plaza apt/indoor/1226_living/R0012264.JPG,indoor,2024-03-26T16:24:59Z,2024:03:26 12:25:52,40.457,-79.925142,156.34,49.77,True,294.9,138.6,False
pano2pano,20240326,highland plaza apt,20240326/highland plaza apt/indoor/1226_living/R0012271.JPG,indoor,2024-03-26T16:24:59Z,2024:03:26 12:26:38,40.457,-79.925142,156.34,49.77,True,295.7,139.4,False
pano2pano,20240326,highland plaza apt,20240326/highland plaza apt/indoor/1226_living/R0012266.JPG,indoor,2024-03-26T16:24:59Z,2024:03:26 12:26:06,40.457,-79.925142,156.34,49.77,True,294.5,138.2,False
pano2pano,20240326,highland plaza apt,20240326/highland plaza apt/indoor/1226_living/R0012272.JPG,indoor,2024-03-26T16:24:59Z,2024:03:26 12:26:43,40.457,-79.925142,156.34,49.77,True,294.3,138.0,False
pano2pano,20240326,highland plaza apt,20240326/highland plaza apt/indoor/1226_living/R0012267.JPG,indoor,2024-03-26T16:24:59Z,2024:03:26 12:26:13,40.457,-79.925142,156.34,49.77,True,296.4,140.1,False
pano2pano,20240326,highland plaza apt,20240326/highland plaza apt/indoor/1228_living/R0012273.JPG,indoor,2024-03-26T16:26:49Z,2024:03:26 12:28:00,40.457072,-79.924953,157.02,49.91,True,286.6,129.6,False
pano2pano,20240326,highland plaza apt,20240326/highland plaza apt/indoor/1228_living/R0012279.JPG,indoor,2024-03-26T16:26:49Z,2024:03:26 12:28:40,40.457072,-79.924953,157.02,49.91,True,291.8,134.8,False
pano2pano,20240326,highland plaza apt,20240326/highland plaza apt/indoor/1228_living/R0012278.JPG,indoor,2024-03-26T16:26:49Z,2024:03:26 12:28:34,40.457072,-79.924953,157.02,49.91,True,296.5,139.5,False
pano2pano,20240326,highland plaza apt,20240326/highland plaza apt/indoor/1228_living/R0012281.JPG,indoor,2024-03-26T16:26:49Z,2024:03:26 12:28:53,40.457072,-79.924953,157.02,49.91,True,283.6,126.6,False
pano2pano,20240326,highland plaza apt,20240326/highland plaza apt/indoor/1228_living/R0012275.JPG,indoor,2024-03-26T16:26:49Z,2024:03:26 12:28:15,40.457072,-79.924953,157.02,49.91,True,294.0,137.0,False
pano2pano,20240326,highland plaza apt,20240326/highland plaza apt/indoor/1228_living/R0012274.JPG,indoor,2024-03-26T16:26:49Z,2024:03:26 12:28:08,40.457072,-79.924953,157.02,49.91,True,290.9,133.9,False
pano2pano,20240326,highland plaza apt,20240326/highland plaza apt/indoor/1228_living/R0012280.JPG,indoor,2024-03-26T16:26:49Z,2024:03:26 12:28:46,40.457072,-79.924953,157.02,49.91,True,289.2,132.2,False
pano2pano,20240326,highland plaza apt,20240326/highland plaza apt/indoor/1228_living/R0012276.JPG,indoor,2024-03-26T16:26:49Z,2024:03:26 12:28:22,40.457072,-79.924953,157.02,49.91,True,290.4,133.4,False
pano2pano,20240326,highland plaza apt,20240326/highland plaza apt/indoor/1228_living/R0012277.JPG,indoor,2024-03-26T16:26:49Z,2024:03:26 12:28:28,40.457072,-79.924953,157.02,49.91,True,288.9,131.9,False
pano2pano,20240326,highland plaza apt,20240326/highland plaza apt/indoor/1224_living/R0012258.JPG,indoor,2024-03-26T16:23:05Z,2024:03:26 12:23:45,40.457014,-79.925328,155.65,49.62,True,300.4,144.8,False
pano2pano,20240326,highland plaza apt,20240326/highland plaza apt/indoor/1224_living/R0012259.JPG,indoor,2024-03-26T16:23:05Z,2024:03:26 12:23:52,40.457014,-79.925328,155.65,49.62,True,297.1,141.5,False
pano2pano,20240326,highland plaza apt,20240326/highland plaza apt/indoor/1224_living/R0012257.JPG,indoor,2024-03-26T16:23:05Z,2024:03:26 12:23:38,40.457014,-79.925328,155.65,49.62,True,294.3,138.7,False
pano2pano,20240326,highland plaza apt,20240326/highland plaza apt/indoor/1224_living/R0012261.JPG,indoor,2024-03-26T16:23:05Z,2024:03:26 12:24:04,40.457014,-79.925328,155.65,49.62,True,299.2,143.6,False
pano2pano,20240326,highland plaza apt,20240326/highland plaza apt/indoor/1224_living/R0012260.JPG,indoor,2024-03-26T16:23:05Z,2024:03:26 12:23:58,40.457014,-79.925328,155.65,49.62,True,296.2,140.6,False
pano2pano,20240326,highland plaza apt,20240326/highland plaza apt/indoor/1224_living/R0012256.JPG,indoor,2024-03-26T16:23:05Z,2024:03:26 12:23:32,40.457014,-79.925328,155.65,49.62,True,298.6,143.0,False
pano2pano,20240326,highland plaza apt,20240326/highland plaza apt/indoor/1224_living/R0012262.JPG,indoor,2024-03-26T16:23:05Z,2024:03:26 12:24:10,40.457014,-79.925328,155.65,49.62,True,298.6,143.0,False
pano2pano,20240326,highland plaza apt,20240326/highland plaza apt/indoor/1224_living/R0012263.JPG,indoor,2024-03-26T16:23:05Z,2024:03:26 12:24:16,40.457014,-79.925328,155.65,49.62,True,303.7,148.1,False
pano2pano,20240326,highland plaza apt,20240326/highland plaza apt/indoor/1224_living/R0012255.JPG,indoor,2024-03-26T16:23:05Z,2024:03:26 12:23:24,40.457014,-79.925328,155.65,49.62,True,294.1,138.5,False
pano2pano,20240326,highland plaza apt,20240326/highland plaza apt/outdoor/1248_entry/R0012350.JPG,outdoor,2024-03-26T16:48:02Z,2024:03:26 12:48:45,40.457092,-79.925064,165.1,51.22,True,85.5,79.6,True
pano2pano,20240326,highland plaza apt,20240326/highland plaza apt/outdoor/1248_entry/R0012345.JPG,outdoor,2024-03-26T16:48:02Z,2024:03:26 12:48:13,40.457092,-79.925064,165.1,51.22,True,90.8,74.3,True
pano2pano,20240326,highland plaza apt,20240326/highland plaza apt/outdoor/1248_entry/R0012351.JPG,outdoor,2024-03-26T16:48:02Z,2024:03:26 12:48:52,40.457092,-79.925064,165.1,51.22,True,77.5,87.6,True
pano2pano,20240326,highland plaza apt,20240326/highland plaza apt/outdoor/1248_entry/R0012346.JPG,outdoor,2024-03-26T16:48:02Z,2024:03:26 12:48:20,40.457092,-79.925064,165.1,51.22,True,91.2,73.9,True
pano2pano,20240326,highland plaza apt,20240326/highland plaza apt/outdoor/1248_entry/R0012353.JPG,outdoor,2024-03-26T16:48:02Z,2024:03:26 12:49:04,40.457092,-79.925064,165.1,51.22,True,81.6,83.5,True
pano2pano,20240326,highland plaza apt,20240326/highland plaza apt/outdoor/1248_entry/R0012347.JPG,outdoor,2024-03-26T16:48:02Z,2024:03:26 12:48:26,40.457092,-79.925064,165.1,51.22,True,90.8,74.3,True
pano2pano,20240326,highland plaza apt,20240326/highland plaza apt/outdoor/1248_entry/R0012352.JPG,outdoor,2024-03-26T16:48:02Z,2024:03:26 12:48:58,40.457092,-79.925064,165.1,51.22,True,96.3,68.8,True
pano2pano,20240326,highland plaza apt,20240326/highland plaza apt/outdoor/1248_entry/R0012349.JPG,outdoor,2024-03-26T16:48:02Z,2024:03:26 12:48:39,40.457092,-79.925064,165.1,51.22,True,91.0,74.1,True
pano2pano,20240326,highland plaza apt,20240326/highland plaza apt/outdoor/1248_entry/R0012348.JPG,outdoor,2024-03-26T16:48:02Z,2024:03:26 12:48:33,40.457092,-79.925064,165.1,51.22,True,82.8,82.3,True
pano2pano,20240331,6311 Darlington Rd,20240331/6311 Darlington Rd/outdoor/1357_living/R0012878.JPG,outdoor,2024-03-31T17:57:32Z,2024:03:31 13:58:01,40.437258,-79.918503,194.25,53.32,True,56.5,137.8,False
pano2pano,20240331,6311 Darlington Rd,20240331/6311 Darlington Rd/outdoor/1357_living/R0012879.JPG,outdoor,2024-03-31T17:57:32Z,2024:03:31 13:58:08,40.437258,-79.918503,194.25,53.32,True,36.0,158.3,False
pano2pano,20240331,6311 Darlington Rd,20240331/6311 Darlington Rd/outdoor/1357_living/R0012884.JPG,outdoor,2024-03-31T17:57:32Z,2024:03:31 13:58:40,40.437258,-79.918503,194.25,53.32,True,51.8,142.5,False
pano2pano,20240331,6311 Darlington Rd,20240331/6311 Darlington Rd/outdoor/1357_living/R0012880.JPG,outdoor,2024-03-31T17:57:32Z,2024:03:31 13:58:14,40.437258,-79.918503,194.25,53.32,True,50.4,143.9,False
pano2pano,20240331,6311 Darlington Rd,20240331/6311 Darlington Rd/outdoor/1357_living/R0012881.JPG,outdoor,2024-03-31T17:57:32Z,2024:03:31 13:58:20,40.437258,-79.918503,194.25,53.32,True,42.6,151.7,False
pano2pano,20240331,6311 Darlington Rd,20240331/6311 Darlington Rd/outdoor/1357_living/R0012883.JPG,outdoor,2024-03-31T17:57:32Z,2024:03:31 13:58:33,40.437258,-79.918503,194.25,53.32,True,55.5,138.8,False
pano2pano,20240331,6311 Darlington Rd,20240331/6311 Darlington Rd/outdoor/1357_living/R0012877.JPG,outdoor,2024-03-31T17:57:32Z,2024:03:31 13:57:55,40.437258,-79.918503,194.25,53.32,True,40.3,154.0,False
pano2pano,20240331,6311 Darlington Rd,20240331/6311 Darlington Rd/outdoor/1357_living/R0012876.JPG,outdoor,2024-03-31T17:57:32Z,2024:03:31 13:57:47,40.437258,-79.918503,194.25,53.32,True,52.3,142.0,False
pano2pano,20240331,6311 Darlington Rd,20240331/6311 Darlington Rd/outdoor/1357_living/R0012882.JPG,outdoor,2024-03-31T17:57:32Z,2024:03:31 13:58:27,40.437258,-79.918503,194.25,53.32,True,41.4,152.9,False
pano2pano,20240331,6236 5th ave,20240331/6236 5th ave/indoor/1231_bedroom-E+lit/R0012820.JPG,indoor,2024-03-31T16:31:31Z,2024:03:31 12:33:13,40.452414,-79.921117,158.49,52.22,True,83.8,74.7,True
pano2pano,20240331,6236 5th ave,20240331/6236 5th ave/indoor/1231_bedroom-E+lit/R0012816.JPG,indoor,2024-03-31T16:31:31Z,2024:03:31 12:32:48,40.452414,-79.921117,158.49,52.22,True,79.2,79.3,True
pano2pano,20240331,6236 5th ave,20240331/6236 5th ave/indoor/1231_bedroom-E+lit/R0012817.JPG,indoor,2024-03-31T16:31:31Z,2024:03:31 12:32:54,40.452414,-79.921117,158.49,52.22,True,85.8,72.7,True
pano2pano,20240331,6236 5th ave,20240331/6236 5th ave/indoor/1231_bedroom-E+lit/R0012821.JPG,indoor,2024-03-31T16:31:31Z,2024:03:31 12:33:18,40.452414,-79.921117,158.49,52.22,True,87.5,71.0,True
pano2pano,20240331,6236 5th ave,20240331/6236 5th ave/indoor/1231_bedroom-E+lit/R0012815.JPG,indoor,2024-03-31T16:31:31Z,2024:03:31 12:32:42,40.452414,-79.921117,158.49,52.22,True,80.4,78.1,True
pano2pano,20240331,6236 5th ave,20240331/6236 5th ave/indoor/1231_bedroom-E+lit/R0012814.JPG,indoor,2024-03-31T16:31:31Z,2024:03:31 12:32:35,40.452414,-79.921117,158.49,52.22,True,79.3,79.2,True
pano2pano,20240331,6236 5th ave,20240331/6236 5th ave/indoor/1231_bedroom-E+lit/R0012819.JPG,indoor,2024-03-31T16:31:31Z,2024:03:31 12:33:07,40.452414,-79.921117,158.49,52.22,True,79.2,79.3,True
pano2pano,20240331,6236 5th ave,20240331/6236 5th ave/indoor/1231_bedroom-E+lit/R0012818.JPG,indoor,2024-03-31T16:31:31Z,2024:03:31 12:33:00,40.452414,-79.921117,158.49,52.22,True,78.9,79.6,True
pano2pano,20240331,6236 5th ave,20240331/6236 5th ave/indoor/1231_bedroom-E+lit/R0012813.JPG,indoor,2024-03-31T16:31:31Z,2024:03:31 12:32:28,40.452414,-79.921117,158.49,52.22,True,86.4,72.1,True
pano2pano,20240331,6236 5th ave,20240331/6236 5th ave/indoor/1223_bedroom-W+lit/R0012789.JPG,indoor,2024-03-31T16:22:33Z,2024:03:31 12:23:55,40.452344,-79.921503,155.04,51.55,True,270.1,115.1,False
pano2pano,20240331,6236 5th ave,20240331/6236 5th ave/indoor/1223_bedroom-W+lit/R0012794.JPG,indoor,2024-03-31T16:22:33Z,2024:03:31 12:24:25,40.452344,-79.921503,155.04,51.55,True,276.4,121.4,False
pano2pano,20240331,6236 5th ave,20240331/6236 5th ave/indoor/1223_bedroom-W+lit/R0012788.JPG,indoor,2024-03-31T16:22:33Z,2024:03:31 12:23:48,40.452344,-79.921503,155.04,51.55,True,267.9,112.9,False
pano2pano,20240331,6236 5th ave,20240331/6236 5th ave/indoor/1223_bedroom-W+lit/R0012786.JPG,indoor,2024-03-31T16:22:33Z,2024:03:31 12:23:34,40.452344,-79.921503,155.04,51.55,True,270.9,115.9,False
pano2pano,20240331,6236 5th ave,20240331/6236 5th ave/indoor/1223_bedroom-W+lit/R0012793.JPG,indoor,2024-03-31T16:22:33Z,2024:03:31 12:24:20,40.452344,-79.921503,155.04,51.55,True,263.8,108.8,False
pano2pano,20240331,6236 5th ave,20240331/6236 5th ave/indoor/1223_bedroom-W+lit/R0012787.JPG,indoor,2024-03-31T16:22:33Z,2024:03:31 12:23:42,40.452344,-79.921503,155.04,51.55,True,274.1,119.1,False
pano2pano,20240331,6236 5th ave,20240331/6236 5th ave/indoor/1223_bedroom-W+lit/R0012792.JPG,indoor,2024-03-31T16:22:33Z,2024:03:31 12:24:14,40.452344,-79.921503,155.04,51.55,True,270.9,115.9,False
pano2pano,20240331,6236 5th ave,20240331/6236 5th ave/indoor/1223_bedroom-W+lit/R0012790.JPG,indoor,2024-03-31T16:22:33Z,2024:03:31 12:24:01,40.452344,-79.921503,155.04,51.55,True,268.0,113.0,False
pano2pano,20240331,6236 5th ave,20240331/6236 5th ave/indoor/1223_bedroom-W+lit/R0012791.JPG,indoor,2024-03-31T16:22:33Z,2024:03:31 12:24:08,40.452344,-79.921503,155.04,51.55,True,268.7,113.7,False
pano2pano,20240324,6311 Darlington Rd,20240324/6311 Darlington Rd/Indoor/1225_Kitchen/R0012238.JPG,indoor,2024-03-24T16:24:18Z,2024:03:24 12:25:32,40.437433,-79.918733,156.24,48.94,True,,,
pano2pano,20240324,6311 Darlington Rd,20240324/6311 Darlington Rd/Indoor/1225_Kitchen/R0012241.JPG,indoor,2024-03-24T16:24:18Z,2024:03:24 12:25:51,40.437433,-79.918733,156.24,48.94,True,,,
pano2pano,20240324,6311 Darlington Rd,20240324/6311 Darlington Rd/Indoor/1225_Kitchen/R0012240.JPG,indoor,2024-03-24T16:24:18Z,2024:03:24 12:25:45,40.437433,-79.918733,156.24,48.94,True,,,
pano2pano,20240324,6311 Darlington Rd,20240324/6311 Darlington Rd/Indoor/1225_Kitchen/R0012239.JPG,indoor,2024-03-24T16:24:18Z,2024:03:24 12:25:39,40.437433,-79.918733,156.24,48.94,True,,,
pano2pano,20240324,6311 Darlington Rd,20240324/6311 Darlington Rd/Indoor/1225_Kitchen/R0012242.JPG,indoor,2024-03-24T16:24:18Z,2024:03:24 12:25:58,40.437433,-79.918733,156.24,48.94,True,,,
pano2pano,20240324,6311 Darlington Rd,20240324/6311 Darlington Rd/Indoor/1225_Kitchen/R0012243.JPG,indoor,2024-03-24T16:24:18Z,2024:03:24 12:26:04,40.437433,-79.918733,156.24,48.94,True,,,
pano2pano,20240324,6311 Darlington Rd,20240324/6311 Darlington Rd/Indoor/1225_Kitchen/R0012237.JPG,indoor,2024-03-24T16:24:18Z,2024:03:24 12:25:25,40.437433,-79.918733,156.24,48.94,True,,,
pano2pano,20240324,6311 Darlington Rd,20240324/6311 Darlington Rd/Indoor/1225_Kitchen/R0012244.JPG,indoor,2024-03-24T16:24:18Z,2024:03:24 12:26:09,40.437433,-79.918733,156.24,48.94,True,,,
pano2pano,20240324,6311 Darlington Rd,20240324/6311 Darlington Rd/Indoor/1225_Kitchen/R0012245.JPG,indoor,2024-03-24T16:24:18Z,2024:03:24 12:26:15,40.437433,-79.918733,156.24,48.94,True,,,
pano2pano,20240324,6311 Darlington Rd,20240324/6311 Darlington Rd/Indoor/1227_Kitchen/R0012249.JPG,indoor,2024-03-24T16:26:21Z,2024:03:24 12:27:47,40.437353,-79.918842,156.99,49.1,True,,,
pano2pano,20240324,6311 Darlington Rd,20240324/6311 Darlington Rd/Indoor/1227_Kitchen/R0012248.JPG,indoor,2024-03-24T16:26:21Z,2024:03:24 12:27:40,40.437353,-79.918842,156.99,49.1,True,,,
pano2pano,20240324,6311 Darlington Rd,20240324/6311 Darlington Rd/Indoor/1227_Kitchen/R0012254.JPG,indoor,2024-03-24T16:26:21Z,2024:03:24 12:28:19,40.437353,-79.918842,156.99,49.1,True,,,
pano2pano,20240324,6311 Darlington Rd,20240324/6311 Darlington Rd/Indoor/1227_Kitchen/R0012246.JPG,indoor,2024-03-24T16:26:21Z,2024:03:24 12:27:26,40.437353,-79.918842,156.99,49.1,True,,,
pano2pano,20240324,6311 Darlington Rd,20240324/6311 Darlington Rd/Indoor/1227_Kitchen/R0012253.JPG,indoor,2024-03-24T16:26:21Z,2024:03:24 12:28:12,40.437353,-79.918842,156.99,49.1,True,,,
pano2pano,20240324,6311 Darlington Rd,20240324/6311 Darlington Rd/Indoor/1227_Kitchen/R0012247.JPG,indoor,2024-03-24T16:26:21Z,2024:03:24 12:27:33,40.437353,-79.918842,156.99,49.1,True,,,
pano2pano,20240324,6311 Darlington Rd,20240324/6311 Darlington Rd/Indoor/1227_Kitchen/R0012252.JPG,indoor,2024-03-24T16:26:21Z,2024:03:24 12:28:06,40.437353,-79.918842,156.99,49.1,True,,,
pano2pano,20240324,6311 Darlington Rd,20240324/6311 Darlington Rd/Indoor/1227_Kitchen/R0012250.JPG,indoor,2024-03-24T16:26:21Z,2024:03:24 12:27:53,40.437353,-79.918842,156.99,49.1,True,,,
pano2pano,20240324,6311 Darlington Rd,20240324/6311 Darlington Rd/Indoor/1227_Kitchen/R0012251.JPG,indoor,2024-03-24T16:26:21Z,2024:03:24 12:28:00,40.437353,-79.918842,156.99,49.1,True,,,
pano2pano,20240324,6311 Darlington Rd,20240324/6311 Darlington Rd/Indoor/1223_Kitchen/R0012233.JPG,indoor,2024-03-24T16:21:49Z,2024:03:24 12:23:54,40.437214,-79.918858,155.35,48.75,True,,,
pano2pano,20240324,6311 Darlington Rd,20240324/6311 Darlington Rd/Indoor/1223_Kitchen/R0012232.JPG,indoor,2024-03-24T16:21:49Z,2024:03:24 12:23:48,40.437214,-79.918858,155.35,48.75,True,,,
pano2pano,20240324,6311 Darlington Rd,20240324/6311 Darlington Rd/Indoor/1223_Kitchen/R0012230.JPG,indoor,2024-03-24T16:21:49Z,2024:03:24 12:23:34,40.437214,-79.918858,155.35,48.75,True,,,
pano2pano,20240324,6311 Darlington Rd,20240324/6311 Darlington Rd/Indoor/1223_Kitchen/R0012231.JPG,indoor,2024-03-24T16:21:49Z,2024:03:24 12:23:41,40.437214,-79.918858,155.35,48.75,True,,,
pano2pano,20240324,6311 Darlington Rd,20240324/6311 Darlington Rd/Indoor/1223_Kitchen/R0012229.JPG,indoor,2024-03-24T16:21:49Z,2024:03:24 12:23:27,40.437214,-79.918858,155.35,48.75,True,,,
pano2pano,20240324,6311 Darlington Rd,20240324/6311 Darlington Rd/Indoor/1223_Kitchen/R0012235.JPG,indoor,2024-03-24T16:21:49Z,2024:03:24 12:24:07,40.437214,-79.918858,155.35,48.75,True,,,
pano2pano,20240324,6311 Darlington Rd,20240324/6311 Darlington Rd/Indoor/1223_Kitchen/R0012234.JPG,indoor,2024-03-24T16:21:49Z,2024:03:24 12:24:01,40.437214,-79.918858,155.35,48.75,True,,,
pano2pano,20240324,6311 Darlington Rd,20240324/6311 Darlington Rd/Indoor/1223_Kitchen/R0012228.JPG,indoor,2024-03-24T16:21:49Z,2024:03:24 12:23:20,40.437214,-79.918858,155.35,48.75,True,,,
pano2pano,20240324,6311 Darlington Rd,20240324/6311 Darlington Rd/Indoor/1223_Kitchen/R0012236.JPG,indoor,2024-03-24T16:21:49Z,2024:03:24 12:24:13,40.437214,-79.918858,155.35,48.75,True,,,
pano2pano,20240326,highland plaza apt,20240326/highland plaza apt/indoor/1300_bedroom/R0012374.JPG,indoor,2024-03-26T16:58:28Z,2024:03:26 12:59:46,40.457072,-79.924944,169.22,51.67,True,180.1,10.9,True
pano2pano,20240326,highland plaza apt,20240326/highland plaza apt/indoor/1300_bedroom/R0012380.JPG,indoor,2024-03-26T16:58:28Z,2024:03:26 13:00:23,40.457072,-79.924944,169.22,51.67,True,193.4,24.2,True
pano2pano,20240326,highland plaza apt,20240326/highland plaza apt/indoor/1300_bedroom/R0012375.JPG,indoor,2024-03-26T16:58:28Z,2024:03:26 12:59:52,40.457072,-79.924944,169.22,51.67,True,186.3,17.1,True
pano2pano,20240326,highland plaza apt,20240326/highland plaza apt/indoor/1300_bedroom/R0012377.JPG,indoor,2024-03-26T16:58:28Z,2024:03:26 13:00:05,40.457072,-79.924944,169.22,51.67,True,188.3,19.1,True
pano2pano,20240326,highland plaza apt,20240326/highland plaza apt/indoor/1300_bedroom/R0012376.JPG,indoor,2024-03-26T16:58:28Z,2024:03:26 12:59:59,40.457072,-79.924944,169.22,51.67,True,188.2,19.0,True
pano2pano,20240326,highland plaza apt,20240326/highland plaza apt/indoor/1300_bedroom/R0012372.JPG,indoor,2024-03-26T16:58:28Z,2024:03:26 12:59:31,40.457072,-79.924944,169.22,51.67,True,188.6,19.4,True
pano2pano,20240326,highland plaza apt,20240326/highland plaza apt/indoor/1300_bedroom/R0012373.JPG,indoor,2024-03-26T16:58:28Z,2024:03:26 12:59:39,40.457072,-79.924944,169.22,51.67,True,201.6,32.4,True
pano2pano,20240326,highland plaza apt,20240326/highland plaza apt/indoor/1300_bedroom/R0012378.JPG,indoor,2024-03-26T16:58:28Z,2024:03:26 13:00:11,40.457072,-79.924944,169.22,51.67,True,194.5,25.3,True
pano2pano,20240326,highland plaza apt,20240326/highland plaza apt/indoor/1300_bedroom/R0012379.JPG,indoor,2024-03-26T16:58:28Z,2024:03:26 13:00:16,40.457072,-79.924944,169.22,51.67,True,190.2,21.0,True
pano2pano,20240326,highland plaza apt,20240326/highland plaza apt/indoor/1233_kitchen/R0012294.JPG,indoor,2024-03-26T16:33:26Z,2024:03:26 12:34:01,40.4571,-79.925017,159.49,50.37,True,294.4,134.9,False
pano2pano,20240326,highland plaza apt,20240326/highland plaza apt/indoor/1233_kitchen/R0012295.JPG,indoor,2024-03-26T16:33:26Z,2024:03:26 12:34:07,40.4571,-79.925017,159.49,50.37,True,297.3,137.8,False
pano2pano,20240326,highland plaza apt,20240326/highland plaza apt/indoor/1233_kitchen/R0012297.JPG,indoor,2024-03-26T16:33:26Z,2024:03:26 12:34:19,40.4571,-79.925017,159.49,50.37,True,299.0,139.5,False
pano2pano,20240326,highland plaza apt,20240326/highland plaza apt/indoor/1233_kitchen/R0012296.JPG,indoor,2024-03-26T16:33:26Z,2024:03:26 12:34:13,40.4571,-79.925017,159.49,50.37,True,303.4,143.9,False
pano2pano,20240326,highland plaza apt,20240326/highland plaza apt/indoor/1233_kitchen/R0012292.JPG,indoor,2024-03-26T16:33:26Z,2024:03:26 12:33:47,40.4571,-79.925017,159.49,50.37,True,301.1,141.6,False
pano2pano,20240326,highland plaza apt,20240326/highland plaza apt/indoor/1233_kitchen/R0012293.JPG,indoor,2024-03-26T16:33:26Z,2024:03:26 12:33:54,40.4571,-79.925017,159.49,50.37,True,293.0,133.5,False
pano2pano,20240326,highland plaza apt,20240326/highland plaza apt/indoor/1233_kitchen/R0012291.JPG,indoor,2024-03-26T16:33:26Z,2024:03:26 12:33:38,40.4571,-79.925017,159.49,50.37,True,297.9,138.4,False
pano2pano,20240326,highland plaza apt,20240326/highland plaza apt/indoor/1233_kitchen/R0012298.JPG,indoor,2024-03-26T16:33:26Z,2024:03:26 12:34:25,40.4571,-79.925017,159.49,50.37,True,299.8,140.3,False
pano2pano,20240326,highland plaza apt,20240326/highland plaza apt/indoor/1233_kitchen/R0012299.JPG,indoor,2024-03-26T16:33:26Z,2024:03:26 12:34:30,40.4571,-79.925017,159.49,50.37,True,295.2,135.7,False
pano2pano,20240326,highland plaza apt,20240326/highland plaza apt/indoor/1237_kitchen/R0012314.JPG,indoor,2024-03-26T16:38:02Z,2024:03:26 12:38:45,40.457086,-79.925056,161.24,50.67,True,286.4,125.2,False
pano2pano,20240326,highland plaza apt,20240326/highland plaza apt/indoor/1237_kitchen/R0012315.JPG,indoor,2024-03-26T16:38:02Z,2024:03:26 12:38:50,40.457086,-79.925056,161.24,50.67,True,289.9,128.7,False
pano2pano,20240326,highland plaza apt,20240326/highland plaza apt/indoor/1237_kitchen/R0012309.JPG,indoor,2024-03-26T16:38:02Z,2024:03:26 12:38:12,40.457086,-79.925056,161.24,50.67,True,282.3,121.1,False
pano2pano,20240326,highland plaza apt,20240326/highland plaza apt/indoor/1237_kitchen/R0012317.JPG,indoor,2024-03-26T16:38:02Z,2024:03:26 12:39:02,40.457086,-79.925056,161.24,50.67,True,296.9,135.7,False
pano2pano,20240326,highland plaza apt,20240326/highland plaza apt/indoor/1237_kitchen/R0012316.JPG,indoor,2024-03-26T16:38:02Z,2024:03:26 12:38:56,40.457086,-79.925056,161.24,50.67,True,294.8,133.6,False
pano2pano,20240326,highland plaza apt,20240326/highland plaza apt/indoor/1237_kitchen/R0012312.JPG,indoor,2024-03-26T16:38:02Z,2024:03:26 12:38:33,40.457086,-79.925056,161.24,50.67,True,290.6,129.4,False
pano2pano,20240326,highland plaza apt,20240326/highland plaza apt/indoor/1237_kitchen/R0012313.JPG,indoor,2024-03-26T16:38:02Z,2024:03:26 12:38:39,40.457086,-79.925056,161.24,50.67,True,298.9,137.7,False
pano2pano,20240326,highland plaza apt,20240326/highland plaza apt/indoor/1237_kitchen/R0012311.JPG,indoor,2024-03-26T16:38:02Z,2024:03:26 12:38:27,40.457086,-79.925056,161.24,50.67,True,289.6,128.4,False
pano2pano,20240326,highland plaza apt,20240326/highland plaza apt/indoor/1237_kitchen/R0012310.JPG,indoor,2024-03-26T16:38:02Z,2024:03:26 12:38:20,40.457086,-79.925056,161.24,50.67,True,291.7,130.5,False
pano2pano,20240326,highland plaza apt,20240326/highland plaza apt/indoor/1255_bedroom/R0012354.JPG,indoor,2024-03-26T16:54:36Z,2024:03:26 12:54:47,40.457006,-79.924894,167.69,51.52,True,200.2,32.5,True
pano2pano,20240326,highland plaza apt,20240326/highland plaza apt/indoor/1255_bedroom/R0012362.JPG,indoor,2024-03-26T16:54:36Z,2024:03:26 12:55:38,40.457006,-79.924894,167.69,51.52,True,197.8,30.1,True
pano2pano,20240326,highland plaza apt,20240326/highland plaza apt/indoor/1255_bedroom/R0012355.JPG,indoor,2024-03-26T16:54:36Z,2024:03:26 12:54:55,40.457006,-79.924894,167.69,51.52,True,200.5,32.8,True
pano2pano,20240326,highland plaza apt,20240326/highland plaza apt/indoor/1255_bedroom/R0012357.JPG,indoor,2024-03-26T16:54:36Z,2024:03:26 12:55:08,40.457006,-79.924894,167.69,51.52,True,191.2,23.5,True
pano2pano,20240326,highland plaza apt,20240326/highland plaza apt/indoor/1255_bedroom/R0012361.JPG,indoor,2024-03-26T16:54:36Z,2024:03:26 12:55:33,40.457006,-79.924894,167.69,51.52,True,198.9,31.2,True
pano2pano,20240326,highland plaza apt,20240326/highland plaza apt/indoor/1255_bedroom/R0012360.JPG,indoor,2024-03-26T16:54:36Z,2024:03:26 12:55:27,40.457006,-79.924894,167.69,51.52,True,191.6,23.9,True
pano2pano,20240326,highland plaza apt,20240326/highland plaza apt/indoor/1255_bedroom/R0012356.JPG,indoor,2024-03-26T16:54:36Z,2024:03:26 12:55:02,40.457006,-79.924894,167.69,51.52,True,194.8,27.1,True
pano2pano,20240326,highland plaza apt,20240326/highland plaza apt/indoor/1255_bedroom/R0012358.JPG,indoor,2024-03-26T16:54:36Z,2024:03:26 12:55:15,40.457006,-79.924894,167.69,51.52,True,192.9,25.2,True
pano2pano,20240326,highland plaza apt,20240326/highland plaza apt/indoor/1255_bedroom/R0012359.JPG,indoor,2024-03-26T16:54:36Z,2024:03:26 12:55:21,40.457006,-79.924894,167.69,51.52,True,191.9,24.2,True
pano2pano,20240326,highland plaza apt,20240326/highland plaza apt/indoor/1235_kitchen/R0012300.JPG,indoor,2024-03-26T16:35:29Z,2024:03:26 12:35:56,40.456967,-79.924867,160.27,50.51,True,282.7,122.4,False
pano2pano,20240326,highland plaza apt,20240326/highland plaza apt/indoor/1235_kitchen/R0012301.JPG,indoor,2024-03-26T16:35:29Z,2024:03:26 12:36:04,40.456967,-79.924867,160.27,50.51,True,281.9,121.6,False
pano2pano,20240326,highland plaza apt,20240326/highland plaza apt/indoor/1235_kitchen/R0012308.JPG,indoor,2024-03-26T16:35:29Z,2024:03:26 12:36:48,40.456967,-79.924867,160.27,50.51,True,282.8,122.5,False
pano2pano,20240326,highland plaza apt,20240326/highland plaza apt/indoor/1235_kitchen/R0012303.JPG,indoor,2024-03-26T16:35:29Z,2024:03:26 12:36:17,40.456967,-79.924867,160.27,50.51,True,277.0,116.7,False
pano2pano,20240326,highland plaza apt,20240326/highland plaza apt/indoor/1235_kitchen/R0012302.JPG,indoor,2024-03-26T16:35:29Z,2024:03:26 12:36:11,40.456967,-79.924867,160.27,50.51,True,278.0,117.7,False
pano2pano,20240326,highland plaza apt,20240326/highland plaza apt/indoor/1235_kitchen/R0012306.JPG,indoor,2024-03-26T16:35:29Z,2024:03:26 12:36:36,40.456967,-79.924867,160.27,50.51,True,283.1,122.8,False
pano2pano,20240326,highland plaza apt,20240326/highland plaza apt/indoor/1235_kitchen/R0012307.JPG,indoor,2024-03-26T16:35:29Z,2024:03:26 12:36:42,40.456967,-79.924867,160.27,50.51,True,287.7,127.4,False
pano2pano,20240326,highland plaza apt,20240326/highland plaza apt/indoor/1235_kitchen/R0012305.JPG,indoor,2024-03-26T16:35:29Z,2024:03:26 12:36:30,40.456967,-79.924867,160.27,50.51,True,283.1,122.8,False
pano2pano,20240326,highland plaza apt,20240326/highland plaza apt/indoor/1235_kitchen/R0012304.JPG,indoor,2024-03-26T16:35:29Z,2024:03:26 12:36:24,40.456967,-79.924867,160.27,50.51,True,282.3,122.0,False
pano2pano,20240326,highland plaza apt,20240326/highland plaza apt/indoor/1258_bedroom/R0012366.JPG,indoor,2024-03-26T16:56:47Z,2024:03:26 12:57:23,40.457117,-79.925089,168.55,51.6,True,183.3,14.7,True
pano2pano,20240326,highland plaza apt,20240326/highland plaza apt/indoor/1258_bedroom/R0012367.JPG,indoor,2024-03-26T16:56:47Z,2024:03:26 12:57:29,40.457117,-79.925089,168.55,51.6,True,183.2,14.6,True
pano2pano,20240326,highland plaza apt,20240326/highland plaza apt/indoor/1258_bedroom/R0012365.JPG,indoor,2024-03-26T16:56:47Z,2024:03:26 12:57:16,40.457117,-79.925089,168.55,51.6,True,177.1,8.5,True
pano2pano,20240326,highland plaza apt,20240326/highland plaza apt/indoor/1258_bedroom/R0012370.JPG,indoor,2024-03-26T16:56:47Z,2024:03:26 12:57:47,40.457117,-79.925089,168.55,51.6,True,186.5,17.9,True
pano2pano,20240326,highland plaza apt,20240326/highland plaza apt/indoor/1258_bedroom/R0012364.JPG,indoor,2024-03-26T16:56:47Z,2024:03:26 12:57:10,40.457117,-79.925089,168.55,51.6,True,190.1,21.5,True
pano2pano,20240326,highland plaza apt,20240326/highland plaza apt/indoor/1258_bedroom/R0012371.JPG,indoor,2024-03-26T16:56:47Z,2024:03:26 12:57:53,40.457117,-79.925089,168.55,51.6,True,185.9,17.3,True
pano2pano,20240326,highland plaza apt,20240326/highland plaza apt/indoor/1258_bedroom/R0012369.JPG,indoor,2024-03-26T16:56:47Z,2024:03:26 12:57:42,40.457117,-79.925089,168.55,51.6,True,188.8,20.2,True
pano2pano,20240326,highland plaza apt,20240326/highland plaza apt/indoor/1258_bedroom/R0012368.JPG,indoor,2024-03-26T16:56:47Z,2024:03:26 12:57:35,40.457117,-79.925089,168.55,51.6,True,183.1,14.5,True
pano2pano,20240326,highland plaza apt,20240326/highland plaza apt/indoor/1258_bedroom/R0012363.JPG,indoor,2024-03-26T16:56:47Z,2024:03:26 12:57:02,40.457117,-79.925089,168.55,51.6,True,183.6,15.0,True
pano2pano,20240326,highland plaza apt,20240326/highland plaza apt/outdoor/1229_living/R0012285.JPG,outdoor,2024-03-26T16:28:58Z,2024:03:26 12:30:12,40.457119,-79.92505,157.82,50.06,True,297.4,139.6,False
pano2pano,20240326,highland plaza apt,20240326/highland plaza apt/outdoor/1229_living/R0012290.JPG,outdoor,2024-03-26T16:28:58Z,2024:03:26 12:30:44,40.457119,-79.92505,157.82,50.06,True,291.5,133.7,False
pano2pano,20240326,highland plaza apt,20240326/highland plaza apt/outdoor/1229_living/R0012284.JPG,outdoor,2024-03-26T16:28:58Z,2024:03:26 12:30:05,40.457119,-79.92505,157.82,50.06,True,291.4,133.6,False
pano2pano,20240326,highland plaza apt,20240326/highland plaza apt/outdoor/1229_living/R0012286.JPG,outdoor,2024-03-26T16:28:58Z,2024:03:26 12:30:18,40.457119,-79.92505,157.82,50.06,True,293.7,135.9,False
pano2pano,20240326,highland plaza apt,20240326/highland plaza apt/outdoor/1229_living/R0012287.JPG,outdoor,2024-03-26T16:28:58Z,2024:03:26 12:30:25,40.457119,-79.92505,157.82,50.06,True,296.1,138.3,False
pano2pano,20240326,highland plaza apt,20240326/highland plaza apt/outdoor/1229_living/R0012283.JPG,outdoor,2024-03-26T16:28:58Z,2024:03:26 12:29:59,40.457119,-79.92505,157.82,50.06,True,290.4,132.6,False
pano2pano,20240326,highland plaza apt,20240326/highland plaza apt/outdoor/1229_living/R0012282.JPG,outdoor,2024-03-26T16:28:58Z,2024:03:26 12:29:52,40.457119,-79.92505,157.82,50.06,True,286.5,128.7,False
pano2pano,20240326,highland plaza apt,20240326/highland plaza apt/outdoor/1229_living/R0012289.JPG,outdoor,2024-03-26T16:28:58Z,2024:03:26 12:30:38,40.457119,-79.92505,157.82,50.06,True,296.0,138.2,False
pano2pano,20240326,highland plaza apt,20240326/highland plaza apt/outdoor/1229_living/R0012288.JPG,outdoor,2024-03-26T16:28:58Z,2024:03:26 12:30:32,40.457119,-79.92505,157.82,50.06,True,285.2,127.4,False
pano2pano,20240324,6311 Darlington Rd,20240324/6311 Darlington Rd/Outdoor/1220_Kitchen/R0012223.JPG,outdoor,2024-03-24T16:15:09Z,2024:03:24 12:21:19,40.436992,-79.918833,152.98,48.19,True,,,
pano2pano,20240324,6311 Darlington Rd,20240324/6311 Darlington Rd/Outdoor/1220_Kitchen/R0012222.JPG,outdoor,2024-03-24T16:15:09Z,2024:03:24 12:21:13,40.436992,-79.918833,152.98,48.19,True,,,
pano2pano,20240324,6311 Darlington Rd,20240324/6311 Darlington Rd/Outdoor/1220_Kitchen/R0012220.JPG,outdoor,2024-03-24T16:15:09Z,2024:03:24 12:21:00,40.436992,-79.918833,152.98,48.19,True,,,
pano2pano,20240324,6311 Darlington Rd,20240324/6311 Darlington Rd/Outdoor/1220_Kitchen/R0012221.JPG,outdoor,2024-03-24T16:15:09Z,2024:03:24 12:21:07,40.436992,-79.918833,152.98,48.19,True,,,
pano2pano,20240324,6311 Darlington Rd,20240324/6311 Darlington Rd/Outdoor/1220_Kitchen/R0012225.JPG,outdoor,2024-03-24T16:15:09Z,2024:03:24 12:21:32,40.436992,-79.918833,152.98,48.19,True,,,
pano2pano,20240324,6311 Darlington Rd,20240324/6311 Darlington Rd/Outdoor/1220_Kitchen/R0012224.JPG,outdoor,2024-03-24T16:15:09Z,2024:03:24 12:21:25,40.436992,-79.918833,152.98,48.19,True,,,
pano2pano,20240324,6311 Darlington Rd,20240324/6311 Darlington Rd/Outdoor/1220_Kitchen/R0012219.JPG,outdoor,2024-03-24T16:15:09Z,2024:03:24 12:20:53,40.436992,-79.918833,152.98,48.19,True,,,
pano2pano,20240324,6311 Darlington Rd,20240324/6311 Darlington Rd/Outdoor/1220_Kitchen/R0012226.JPG,outdoor,2024-03-24T16:15:09Z,2024:03:24 12:21:38,40.436992,-79.918833,152.98,48.19,True,,,
pano2pano,20240324,6311 Darlington Rd,20240324/6311 Darlington Rd/Outdoor/1220_Kitchen/R0012227.JPG,outdoor,2024-03-24T16:15:09Z,2024:03:24 12:21:44,40.436992,-79.918833,152.98,48.19,True,,,
pano2pano,20240326,highland plaza apt,20240326/highland plaza apt/outdoor/1305_bedroom/R0012392.JPG,outdoor,2024-03-26T17:02:54Z,2024:03:26 13:04:52,40.457131,-79.925169,171.0,51.81,True,45.7,125.3,False
pano2pano,20240326,highland plaza apt,20240326/highland plaza apt/outdoor/1305_bedroom/R0012393.JPG,outdoor,2024-03-26T17:02:54Z,2024:03:26 13:04:59,40.457131,-79.925169,171.0,51.81,True,33.3,137.7,False
pano2pano,20240326,highland plaza apt,20240326/highland plaza apt/outdoor/1305_bedroom/R0012398.JPG,outdoor,2024-03-26T17:02:54Z,2024:03:26 13:05:30,40.457131,-79.925169,171.0,51.81,True,48.6,122.4,False
pano2pano,20240326,highland plaza apt,20240326/highland plaza apt/outdoor/1305_bedroom/R0012391.JPG,outdoor,2024-03-26T17:02:54Z,2024:03:26 13:04:45,40.457131,-79.925169,171.0,51.81,True,34.0,137.0,False
pano2pano,20240326,highland plaza apt,20240326/highland plaza apt/outdoor/1305_bedroom/R0012390.JPG,outdoor,2024-03-26T17:02:54Z,2024:03:26 13:04:38,40.457131,-79.925169,171.0,51.81,True,61.3,109.7,False
pano2pano,20240326,highland plaza apt,20240326/highland plaza apt/outdoor/1305_bedroom/R0012394.JPG,outdoor,2024-03-26T17:02:54Z,2024:03:26 13:05:05,40.457131,-79.925169,171.0,51.81,True,20.7,150.3,False
pano2pano,20240326,highland plaza apt,20240326/highland plaza apt/outdoor/1305_bedroom/R0012395.JPG,outdoor,2024-03-26T17:02:54Z,2024:03:26 13:05:11,40.457131,-79.925169,171.0,51.81,True,18.0,153.0,False
pano2pano,20240326,highland plaza apt,20240326/highland plaza apt/outdoor/1305_bedroom/R0012397.JPG,outdoor,2024-03-26T17:02:54Z,2024:03:26 13:05:24,40.457131,-79.925169,171.0,51.81,True,6.5,164.5,False
pano2pano,20240326,highland plaza apt,20240326/highland plaza apt/outdoor/1305_bedroom/R0012396.JPG,outdoor,2024-03-26T17:02:54Z,2024:03:26 13:05:18,40.457131,-79.925169,171.0,51.81,True,58.2,112.8,False
pano2pano,20240331,6311 Darlington Rd,20240331/6311 Darlington Rd/indoor/1421_bedroom-NW/R0012924.JPG,indoor,2024-03-31T18:19:10Z,2024:03:31 14:20:48,40.437294,-79.918631,202.88,52.01,True,9.4,166.5,False
pano2pano,20240331,6311 Darlington Rd,20240331/6311 Darlington Rd/indoor/1421_bedroom-NW/R0012925.JPG,indoor,2024-03-31T18:19:10Z,2024:03:31 14:20:54,40.437294,-79.918631,202.88,52.01,True,2.1,159.2,False
pano2pano,20240331,6311 Darlington Rd,20240331/6311 Darlington Rd/indoor/1421_bedroom-NW/R0012927.JPG,indoor,2024-03-31T18:19:10Z,2024:03:31 14:21:07,40.437294,-79.918631,202.88,52.01,True,9.5,166.6,False
pano2pano,20240331,6311 Darlington Rd,20240331/6311 Darlington Rd/indoor/1421_bedroom-NW/R0012926.JPG,indoor,2024-03-31T18:19:10Z,2024:03:31 14:21:01,40.437294,-79.918631,202.88,52.01,True,8.6,165.7,False
pano2pano,20240331,6311 Darlington Rd,20240331/6311 Darlington Rd/indoor/1421_bedroom-NW/R0012922.JPG,indoor,2024-03-31T18:19:10Z,2024:03:31 14:20:34,40.437294,-79.918631,202.88,52.01,True,5.5,162.6,False
pano2pano,20240331,6311 Darlington Rd,20240331/6311 Darlington Rd/indoor/1421_bedroom-NW/R0012923.JPG,indoor,2024-03-31T18:19:10Z,2024:03:31 14:20:41,40.437294,-79.918631,202.88,52.01,True,6.3,163.4,False
pano2pano,20240331,6311 Darlington Rd,20240331/6311 Darlington Rd/indoor/1421_bedroom-NW/R0012928.JPG,indoor,2024-03-31T18:19:10Z,2024:03:31 14:21:14,40.437294,-79.918631,202.88,52.01,True,3.8,160.9,False
pano2pano,20240331,6311 Darlington Rd,20240331/6311 Darlington Rd/indoor/1421_bedroom-NW/R0012921.JPG,indoor,2024-03-31T18:19:10Z,2024:03:31 14:20:26,40.437294,-79.918631,202.88,52.01,True,3.9,161.0,False
pano2pano,20240331,6311 Darlington Rd,20240331/6311 Darlington Rd/indoor/1421_bedroom-NW/R0012929.JPG,indoor,2024-03-31T18:19:10Z,2024:03:31 14:21:19,40.437294,-79.918631,202.88,52.01,True,10.7,167.8,False
pano2pano,20240331,6311 Darlington Rd,20240331/6311 Darlington Rd/indoor/1425_bedroom-NW/R0012945.JPG,indoor,2024-03-31T18:24:19Z,2024:03:31 14:26:24,40.437322,-79.918656,204.86,51.62,True,0.0,155.1,False
pano2pano,20240331,6311 Darlington Rd,20240331/6311 Darlington Rd/indoor/1425_bedroom-NW/R0012944.JPG,indoor,2024-03-31T18:24:19Z,2024:03:31 14:26:17,40.437322,-79.918656,204.86,51.62,True,0.9,156.0,False
pano2pano,20240331,6311 Darlington Rd,20240331/6311 Darlington Rd/indoor/1425_bedroom-NW/R0012946.JPG,indoor,2024-03-31T18:24:19Z,2024:03:31 14:26:30,40.437322,-79.918656,204.86,51.62,True,3.9,159.0,False
pano2pano,20240331,6311 Darlington Rd,20240331/6311 Darlington Rd/indoor/1425_bedroom-NW/R0012947.JPG,indoor,2024-03-31T18:24:19Z,2024:03:31 14:26:35,40.437322,-79.918656,204.86,51.62,True,4.3,159.4,False
pano2pano,20240331,6311 Darlington Rd,20240331/6311 Darlington Rd/indoor/1425_bedroom-NW/R0012943.JPG,indoor,2024-03-31T18:24:19Z,2024:03:31 14:26:11,40.437322,-79.918656,204.86,51.62,True,358.7,153.8,False
pano2pano,20240331,6311 Darlington Rd,20240331/6311 Darlington Rd/indoor/1425_bedroom-NW/R0012942.JPG,indoor,2024-03-31T18:24:19Z,2024:03:31 14:26:05,40.437322,-79.918656,204.86,51.62,True,359.3,154.4,False
pano2pano,20240331,6311 Darlington Rd,20240331/6311 Darlington Rd/indoor/1425_bedroom-NW/R0012939.JPG,indoor,2024-03-31T18:24:19Z,2024:03:31 14:25:44,40.437322,-79.918656,204.86,51.62,True,0.6,155.7,False
pano2pano,20240331,6311 Darlington Rd,20240331/6311 Darlington Rd/indoor/1425_bedroom-NW/R0012940.JPG,indoor,2024-03-31T18:24:19Z,2024:03:31 14:25:51,40.437322,-79.918656,204.86,51.62,True,358.2,153.3,False
pano2pano,20240331,6311 Darlington Rd,20240331/6311 Darlington Rd/indoor/1425_bedroom-NW/R0012941.JPG,indoor,2024-03-31T18:24:19Z,2024:03:31 14:25:59,40.437322,-79.918656,204.86,51.62,True,0.7,155.8,False
pano2pano,20240331,6311 Darlington Rd,20240331/6311 Darlington Rd/indoor/1423_bedroom-NW/R0012937.JPG,indoor,2024-03-31T18:21:26Z,2024:03:31 14:23:58,40.437294,-79.918631,203.75,51.84,True,3.8,160.0,False
pano2pano,20240331,6311 Darlington Rd,20240331/6311 Darlington Rd/indoor/1423_bedroom-NW/R0012936.JPG,indoor,2024-03-31T18:21:26Z,2024:03:31 14:23:52,40.437294,-79.918631,203.75,51.84,True,0.6,156.8,False
pano2pano,20240331,6311 Darlington Rd,20240331/6311 Darlington Rd/indoor/1423_bedroom-NW/R0012934.JPG,indoor,2024-03-31T18:21:26Z,2024:03:31 14:23:40,40.437294,-79.918631,203.75,51.84,True,359.9,156.1,False
pano2pano,20240331,6311 Darlington Rd,20240331/6311 Darlington Rd/indoor/1423_bedroom-NW/R0012935.JPG,indoor,2024-03-31T18:21:26Z,2024:03:31 14:23:46,40.437294,-79.918631,203.75,51.84,True,3.7,159.9,False
pano2pano,20240331,6311 Darlington Rd,20240331/6311 Darlington Rd/indoor/1423_bedroom-NW/R0012931.JPG,indoor,2024-03-31T18:21:26Z,2024:03:31 14:23:20,40.437294,-79.918631,203.75,51.84,True,359.5,155.7,False
pano2pano,20240331,6311 Darlington Rd,20240331/6311 Darlington Rd/indoor/1423_bedroom-NW/R0012938.JPG,indoor,2024-03-31T18:21:26Z,2024:03:31 14:24:04,40.437294,-79.918631,203.75,51.84,True,359.6,155.8,False
pano2pano,20240331,6311 Darlington Rd,20240331/6311 Darlington Rd/indoor/1423_bedroom-NW/R0012930.JPG,indoor,2024-03-31T18:21:26Z,2024:03:31 14:23:13,40.437294,-79.918631,203.75,51.84,True,1.7,157.9,False
pano2pano,20240331,6311 Darlington Rd,20240331/6311 Darlington Rd/indoor/1423_bedroom-NW/R0012932.JPG,indoor,2024-03-31T18:21:26Z,2024:03:31 14:23:27,40.437294,-79.918631,203.75,51.84,True,3.3,159.5,False
pano2pano,20240331,6311 Darlington Rd,20240331/6311 Darlington Rd/indoor/1423_bedroom-NW/R0012933.JPG,indoor,2024-03-31T18:21:26Z,2024:03:31 14:23:34,40.437294,-79.918631,203.75,51.84,True,358.0,154.2,False
pano2pano,20240326,highland plaza apt,20240326/highland plaza apt/indoor/1243_living+lit/R0012329.JPG,indoor,2024-03-26T16:41:15Z,2024:03:26 12:43:28,40.457125,-79.9251,162.47,50.86,True,86.4,76.1,True
pano2pano,20240326,highland plaza apt,20240326/highland plaza apt/indoor/1243_living+lit/R0012335.JPG,indoor,2024-03-26T16:41:15Z,2024:03:26 12:44:06,40.457125,-79.9251,162.47,50.86,True,80.5,82.0,True
pano2pano,20240326,highland plaza apt,20240326/highland plaza apt/indoor/1243_living+lit/R0012334.JPG,indoor,2024-03-26T16:41:15Z,2024:03:26 12:44:00,40.457125,-79.9251,162.47,50.86,True,91.9,70.6,True
pano2pano,20240326,highland plaza apt,20240326/highland plaza apt/indoor/1243_living+lit/R0012328.JPG,indoor,2024-03-26T16:41:15Z,2024:03:26 12:43:22,40.457125,-79.9251,162.47,50.86,True,93.2,69.3,True
pano2pano,20240326,highland plaza apt,20240326/highland plaza apt/indoor/1243_living+lit/R0012330.JPG,indoor,2024-03-26T16:41:15Z,2024:03:26 12:43:35,40.457125,-79.9251,162.47,50.86,True,92.2,70.3,True
pano2pano,20240326,highland plaza apt,20240326/highland plaza apt/indoor/1243_living+lit/R0012331.JPG,indoor,2024-03-26T16:41:15Z,2024:03:26 12:43:41,40.457125,-79.9251,162.47,50.86,True,92.6,69.9,True
pano2pano,20240326,highland plaza apt,20240326/highland plaza apt/indoor/1243_living+lit/R0012333.JPG,indoor,2024-03-26T16:41:15Z,2024:03:26 12:43:54,40.457125,-79.9251,162.47,50.86,True,88.1,74.4,True
pano2pano,20240326,highland plaza apt,20240326/highland plaza apt/indoor/1243_living+lit/R0012327.JPG,indoor,2024-03-26T16:41:15Z,2024:03:26 12:43:14,40.457125,-79.9251,162.47,50.86,True,92.4,70.1,True
pano2pano,20240326,highland plaza apt,20240326/highland plaza apt/indoor/1243_living+lit/R0012332.JPG,indoor,2024-03-26T16:41:15Z,2024:03:26 12:43:48,40.457125,-79.9251,162.47,50.86,True,92.5,70.0,True
pano2pano,20240331,6311 Darlington Rd,20240331/6311 Darlington Rd/outdoor/1428_bedroom-NW/R0012951.JPG,outdoor,2024-03-31T18:29:22Z,2024:03:31 14:29:55,40.437367,-79.918556,206.76,51.2,True,42.3,164.5,False
pano2pano,20240331,6311 Darlington Rd,20240331/6311 Darlington Rd/outdoor/1428_bedroom-NW/R0012950.JPG,outdoor,2024-03-31T18:29:22Z,2024:03:31 14:29:49,40.437367,-79.918556,206.76,51.2,True,46.2,160.6,False
pano2pano,20240331,6311 Darlington Rd,20240331/6311 Darlington Rd/outdoor/1428_bedroom-NW/R0012952.JPG,outdoor,2024-03-31T18:29:22Z,2024:03:31 14:30:01,40.437367,-79.918556,206.76,51.2,True,47.8,159.0,False
pano2pano,20240331,6311 Darlington Rd,20240331/6311 Darlington Rd/outdoor/1428_bedroom-NW/R0012953.JPG,outdoor,2024-03-31T18:29:22Z,2024:03:31 14:30:08,40.437367,-79.918556,206.76,51.2,True,44.9,161.9,False
pano2pano,20240331,6311 Darlington Rd,20240331/6311 Darlington Rd/outdoor/1428_bedroom-NW/R0012956.JPG,outdoor,2024-03-31T18:29:22Z,2024:03:31 14:30:27,40.437367,-79.918556,206.76,51.2,True,44.3,162.5,False
pano2pano,20240331,6311 Darlington Rd,20240331/6311 Darlington Rd/outdoor/1428_bedroom-NW/R0012954.JPG,outdoor,2024-03-31T18:29:22Z,2024:03:31 14:30:14,40.437367,-79.918556,206.76,51.2,True,41.2,165.6,False
pano2pano,20240331,6311 Darlington Rd,20240331/6311 Darlington Rd/outdoor/1428_bedroom-NW/R0012948.JPG,outdoor,2024-03-31T18:29:22Z,2024:03:31 14:29:35,40.437367,-79.918556,206.76,51.2,True,44.0,162.8,False
pano2pano,20240331,6311 Darlington Rd,20240331/6311 Darlington Rd/outdoor/1428_bedroom-NW/R0012949.JPG,outdoor,2024-03-31T18:29:22Z,2024:03:31 14:29:43,40.437367,-79.918556,206.76,51.2,True,42.9,163.9,False
pano2pano,20240331,6311 Darlington Rd,20240331/6311 Darlington Rd/outdoor/1428_bedroom-NW/R0012955.JPG,outdoor,2024-03-31T18:29:22Z,2024:03:31 14:30:21,40.437367,-79.918556,206.76,51.2,True,46.5,160.3,False
pano2pano,20240326,highland plaza apt,20240326/highland plaza apt/indoor/1303_bedroom+lit/R0012381.JPG,indoor,2024-03-26T17:00:29Z,2024:03:26 13:01:57,40.457169,-79.925156,170.03,51.74,True,198.5,28.5,True
pano2pano,20240326,highland plaza apt,20240326/highland plaza apt/indoor/1303_bedroom+lit/R0012388.JPG,indoor,2024-03-26T17:00:29Z,2024:03:26 13:02:43,40.457169,-79.925156,170.03,51.74,True,181.6,11.6,True
pano2pano,20240326,highland plaza apt,20240326/highland plaza apt/indoor/1303_bedroom+lit/R0012389.JPG,indoor,2024-03-26T17:00:29Z,2024:03:26 13:02:49,40.457169,-79.925156,170.03,51.74,True,192.9,22.9,True
pano2pano,20240326,highland plaza apt,20240326/highland plaza apt/indoor/1303_bedroom+lit/R0012382.JPG,indoor,2024-03-26T17:00:29Z,2024:03:26 13:02:04,40.457169,-79.925156,170.03,51.74,True,196.5,26.5,True
pano2pano,20240326,highland plaza apt,20240326/highland plaza apt/indoor/1303_bedroom+lit/R0012383.JPG,indoor,2024-03-26T17:00:29Z,2024:03:26 13:02:11,40.457169,-79.925156,170.03,51.74,True,190.1,20.1,True
pano2pano,20240326,highland plaza apt,20240326/highland plaza apt/indoor/1303_bedroom+lit/R0012387.JPG,indoor,2024-03-26T17:00:29Z,2024:03:26 13:02:37,40.457169,-79.925156,170.03,51.74,True,186.3,16.3,True
pano2pano,20240326,highland plaza apt,20240326/highland plaza apt/indoor/1303_bedroom+lit/R0012386.JPG,indoor,2024-03-26T17:00:29Z,2024:03:26 13:02:31,40.457169,-79.925156,170.03,51.74,True,193.7,23.7,True
pano2pano,20240326,highland plaza apt,20240326/highland plaza apt/indoor/1303_bedroom+lit/R0012384.JPG,indoor,2024-03-26T17:00:29Z,2024:03:26 13:02:18,40.457169,-79.925156,170.03,51.74,True,207.1,37.1,True
pano2pano,20240326,highland plaza apt,20240326/highland plaza apt/indoor/1303_bedroom+lit/R0012385.JPG,indoor,2024-03-26T17:00:29Z,2024:03:26 13:02:25,40.457169,-79.925156,170.03,51.74,True,183.2,13.2,True
pano2pano,20240326,highland plaza apt,20240326/highland plaza apt/indoor/1239_kitchen+lit/R0012321.JPG,indoor,2024-03-26T16:39:08Z,2024:03:26 12:40:37,40.457136,-79.925072,161.66,50.74,True,291.3,129.6,False
pano2pano,20240326,highland plaza apt,20240326/highland plaza apt/indoor/1239_kitchen+lit/R0012320.JPG,indoor,2024-03-26T16:39:08Z,2024:03:26 12:40:31,40.457136,-79.925072,161.66,50.74,True,285.5,123.8,False
pano2pano,20240326,highland plaza apt,20240326/highland plaza apt/indoor/1239_kitchen+lit/R0012322.JPG,indoor,2024-03-26T16:39:08Z,2024:03:26 12:40:44,40.457136,-79.925072,161.66,50.74,True,285.7,124.0,False
pano2pano,20240326,highland plaza apt,20240326/highland plaza apt/indoor/1239_kitchen+lit/R0012323.JPG,indoor,2024-03-26T16:39:08Z,2024:03:26 12:40:50,40.457136,-79.925072,161.66,50.74,True,294.2,132.5,False
pano2pano,20240326,highland plaza apt,20240326/highland plaza apt/indoor/1239_kitchen+lit/R0012318.JPG,indoor,2024-03-26T16:39:08Z,2024:03:26 12:40:17,40.457136,-79.925072,161.66,50.74,True,286.1,124.4,False
pano2pano,20240326,highland plaza apt,20240326/highland plaza apt/indoor/1239_kitchen+lit/R0012326.JPG,indoor,2024-03-26T16:39:08Z,2024:03:26 12:41:09,40.457136,-79.925072,161.66,50.74,True,288.8,127.1,False
pano2pano,20240326,highland plaza apt,20240326/highland plaza apt/indoor/1239_kitchen+lit/R0012319.JPG,indoor,2024-03-26T16:39:08Z,2024:03:26 12:40:24,40.457136,-79.925072,161.66,50.74,True,282.3,120.6,False
pano2pano,20240326,highland plaza apt,20240326/highland plaza apt/indoor/1239_kitchen+lit/R0012324.JPG,indoor,2024-03-26T16:39:08Z,2024:03:26 12:40:56,40.457136,-79.925072,161.66,50.74,True,290.5,128.8,False
pano2pano,20240326,highland plaza apt,20240326/highland plaza apt/indoor/1239_kitchen+lit/R0012325.JPG,indoor,2024-03-26T16:39:08Z,2024:03:26 12:41:02,40.457136,-79.925072,161.66,50.74,True,285.2,123.5,False
pano2pano,20240331,6311 Darlington Rd,20240331/6311 Darlington Rd/indoor/1418_bedroom-NW+lit/R0012912.JPG,indoor,2024-03-31T18:18:02Z,2024:03:31 14:18:13,40.437369,-79.918556,202.44,52.1,True,11.4,169.0,False
pano2pano,20240331,6311 Darlington Rd,20240331/6311 Darlington Rd/indoor/1418_bedroom-NW+lit/R0012913.JPG,indoor,2024-03-31T18:18:02Z,2024:03:31 14:18:21,40.437369,-79.918556,202.44,52.1,True,10.2,167.8,False
pano2pano,20240331,6311 Darlington Rd,20240331/6311 Darlington Rd/indoor/1418_bedroom-NW+lit/R0012918.JPG,indoor,2024-03-31T18:18:02Z,2024:03:31 14:18:53,40.437369,-79.918556,202.44,52.1,True,5.4,163.0,False
pano2pano,20240331,6311 Darlington Rd,20240331/6311 Darlington Rd/indoor/1418_bedroom-NW+lit/R0012919.JPG,indoor,2024-03-31T18:18:02Z,2024:03:31 14:19:00,40.437369,-79.918556,202.44,52.1,True,8.1,165.7,False
pano2pano,20240331,6311 Darlington Rd,20240331/6311 Darlington Rd/indoor/1418_bedroom-NW+lit/R0012914.JPG,indoor,2024-03-31T18:18:02Z,2024:03:31 14:18:28,40.437369,-79.918556,202.44,52.1,True,3.4,161.0,False
pano2pano,20240331,6311 Darlington Rd,20240331/6311 Darlington Rd/indoor/1418_bedroom-NW+lit/R0012915.JPG,indoor,2024-03-31T18:18:02Z,2024:03:31 14:18:34,40.437369,-79.918556,202.44,52.1,True,3.8,161.4,False
pano2pano,20240331,6311 Darlington Rd,20240331/6311 Darlington Rd/indoor/1418_bedroom-NW+lit/R0012917.JPG,indoor,2024-03-31T18:18:02Z,2024:03:31 14:18:47,40.437369,-79.918556,202.44,52.1,True,6.2,163.8,False
pano2pano,20240331,6311 Darlington Rd,20240331/6311 Darlington Rd/indoor/1418_bedroom-NW+lit/R0012916.JPG,indoor,2024-03-31T18:18:02Z,2024:03:31 14:18:41,40.437369,-79.918556,202.44,52.1,True,8.4,166.0,False
pano2pano,20240331,6311 Darlington Rd,20240331/6311 Darlington Rd/indoor/1418_bedroom-NW+lit/R0012920.JPG,indoor,2024-03-31T18:18:02Z,2024:03:31 14:19:05,40.437369,-79.918556,202.44,52.1,True,1.7,159.3,False
